customer_id,company_name,tier,industry,country,signup_date
CUST-10000,Apex Logic 100,Mid-Market,Healthcare,United States,2024-01-01
CUST-10001,Cloud Hub 100,SMB,E-Commerce,United States,2024-01-01
CUST-10002,Data Pay 100,SMB,Logistics & Supply Chain,United States,2024-01-01
CUST-10003,Nova Works 100,SMB,Healthcare,United Kingdom,2024-01-01
CUST-10004,Pulse Security 100,Mid-Market,Logistics & Supply Chain,United States,2024-01-01
CUST-10005,Stratum Analytics 100,Mid-Market,Fintech,Germany,2024-01-01
CUST-10006,Sync Tech 100,Enterprise,SaaS / Tech,United States,2024-01-01
CUST-10007,Vanguard Sphere 100,SMB,Logistics & Supply Chain,United Kingdom,2024-01-01
CUST-10008,Omni Labs 100,SMB,Fintech,Canada,2024-01-01
CUST-10009,Hyper Flow 100,SMB,Healthcare,Canada,2024-01-02
CUST-10010,Zenith Corp 100,Enterprise,Fintech,India,2024-01-02
CUST-10011,Quantum Stack 100,SMB,SaaS / Tech,Canada,2024-01-03
CUST-10012,Nexus AI 100,SMB,E-Commerce,India,2024-01-03
CUST-10013,Vertex Scale 100,Mid-Market,E-Commerce,United States,2024-01-03
CUST-10014,Blue Systems 100,Mid-Market,Fintech,United Kingdom,2024-01-03
CUST-10015,Apex Logic 101,Mid-Market,Fintech,United States,2024-01-03
CUST-10016,Cloud Hub 101,Mid-Market,Fintech,United States,2024-01-03
CUST-10017,Data Pay 101,SMB,Healthcare,United States,2024-01-03
CUST-10018,Nova Works 101,Mid-Market,E-Commerce,United States,2024-01-03
CUST-10019,Pulse Security 101,Mid-Market,Logistics & Supply Chain,United States,2024-01-04
CUST-10020,Stratum Analytics 101,SMB,SaaS / Tech,United States,2024-01-04
CUST-10021,Sync Tech 101,Enterprise,Healthcare,United States,2024-01-04
CUST-10022,Vanguard Sphere 101,Mid-Market,Cybersecurity,India,2024-01-04
CUST-10023,Omni Labs 101,Mid-Market,SaaS / Tech,United States,2024-01-04
CUST-10024,Hyper Flow 101,Mid-Market,Cybersecurity,Canada,2024-01-05
CUST-10025,Zenith Corp 101,SMB,E-Commerce,United States,2024-01-05
CUST-10026,Quantum Stack 101,Mid-Market,Healthcare,India,2024-01-05
CUST-10027,Nexus AI 101,SMB,Fintech,India,2024-01-05
CUST-10028,Vertex Scale 101,SMB,SaaS / Tech,United Kingdom,2024-01-05
CUST-10029,Blue Systems 101,Enterprise,Fintech,United Kingdom,2024-01-06
CUST-10030,Apex Logic 102,SMB,Healthcare,United States,2024-01-06
CUST-10031,Cloud Hub 102,Mid-Market,E-Commerce,Australia,2024-01-06
CUST-10032,Data Pay 102,Enterprise,E-Commerce,Germany,2024-01-06
CUST-10033,Nova Works 102,SMB,E-Commerce,India,2024-01-06
CUST-10034,Pulse Security 102,SMB,Fintech,United Kingdom,2024-01-06
CUST-10035,Stratum Analytics 102,SMB,Healthcare,United States,2024-01-06
CUST-10036,Sync Tech 102,Mid-Market,E-Commerce,India,2024-01-06
CUST-10037,Vanguard Sphere 102,Enterprise,Cybersecurity,United States,2024-01-07
CUST-10038,Omni Labs 102,SMB,SaaS / Tech,United Kingdom,2024-01-07
CUST-10039,Hyper Flow 102,Mid-Market,Cybersecurity,United States,2024-01-07
CUST-10040,Zenith Corp 102,Enterprise,SaaS / Tech,India,2024-01-07
CUST-10041,Quantum Stack 102,Mid-Market,E-Commerce,United States,2024-01-07
CUST-10042,Nexus AI 102,Enterprise,Fintech,United States,2024-01-07
CUST-10043,Vertex Scale 102,SMB,SaaS / Tech,United Kingdom,2024-01-07
CUST-10044,Blue Systems 102,Mid-Market,E-Commerce,Canada,2024-01-07
CUST-10045,Apex Logic 103,SMB,E-Commerce,United Kingdom,2024-01-07
CUST-10046,Cloud Hub 103,Mid-Market,E-Commerce,United States,2024-01-08
CUST-10047,Data Pay 103,SMB,E-Commerce,United States,2024-01-08
CUST-10048,Nova Works 103,SMB,Healthcare,Canada,2024-01-08
CUST-10049,Pulse Security 103,Mid-Market,E-Commerce,Australia,2024-01-08
CUST-10050,Stratum Analytics 103,SMB,Fintech,Germany,2024-01-08
CUST-10051,Sync Tech 103,SMB,Logistics & Supply Chain,United States,2024-01-08
CUST-10052,Vanguard Sphere 103,SMB,Fintech,India,2024-01-08
CUST-10053,Omni Labs 103,SMB,Fintech,United States,2024-01-08
CUST-10054,Hyper Flow 103,SMB,Healthcare,United Kingdom,2024-01-09
CUST-10055,Zenith Corp 103,SMB,SaaS / Tech,United States,2024-01-09
CUST-10056,Quantum Stack 103,Enterprise,Healthcare,United States,2024-01-09
CUST-10057,Nexus AI 103,Mid-Market,Healthcare,Canada,2024-01-09
CUST-10058,Vertex Scale 103,Enterprise,E-Commerce,United Kingdom,2024-01-09
CUST-10059,Blue Systems 103,Mid-Market,Healthcare,United States,2024-01-09
CUST-10060,Apex Logic 104,Mid-Market,Cybersecurity,United States,2024-01-10
CUST-10061,Cloud Hub 104,Mid-Market,Cybersecurity,United States,2024-01-10
CUST-10062,Data Pay 104,SMB,E-Commerce,United Kingdom,2024-01-10
CUST-10063,Nova Works 104,Mid-Market,Healthcare,United States,2024-01-10
CUST-10064,Pulse Security 104,Mid-Market,SaaS / Tech,United States,2024-01-10
CUST-10065,Stratum Analytics 104,SMB,Fintech,United Kingdom,2024-01-10
CUST-10066,Sync Tech 104,Enterprise,E-Commerce,Canada,2024-01-11
CUST-10067,Vanguard Sphere 104,SMB,Healthcare,Canada,2024-01-11
CUST-10068,Omni Labs 104,Enterprise,Cybersecurity,United Kingdom,2024-01-11
CUST-10069,Hyper Flow 104,SMB,Fintech,India,2024-01-11
CUST-10070,Zenith Corp 104,SMB,E-Commerce,India,2024-01-11
CUST-10071,Quantum Stack 104,Mid-Market,SaaS / Tech,Germany,2024-01-12
CUST-10072,Nexus AI 104,Enterprise,E-Commerce,United Kingdom,2024-01-12
CUST-10073,Vertex Scale 104,SMB,Fintech,United States,2024-01-12
CUST-10074,Blue Systems 104,SMB,Cybersecurity,Australia,2024-01-12
CUST-10075,Apex Logic 105,SMB,E-Commerce,United States,2024-01-12
CUST-10076,Cloud Hub 105,SMB,E-Commerce,United States,2024-01-12
CUST-10077,Data Pay 105,Enterprise,Fintech,United States,2024-01-12
CUST-10078,Nova Works 105,Mid-Market,E-Commerce,United States,2024-01-13
CUST-10079,Pulse Security 105,Enterprise,Healthcare,Australia,2024-01-13
CUST-10080,Stratum Analytics 105,SMB,Fintech,United Kingdom,2024-01-13
CUST-10081,Sync Tech 105,SMB,Fintech,United Kingdom,2024-01-13
CUST-10082,Vanguard Sphere 105,Mid-Market,Logistics & Supply Chain,United Kingdom,2024-01-13
CUST-10083,Omni Labs 105,Enterprise,Fintech,United States,2024-01-13
CUST-10084,Hyper Flow 105,Mid-Market,Fintech,United States,2024-01-13
CUST-10085,Zenith Corp 105,Mid-Market,E-Commerce,United Kingdom,2024-01-13
CUST-10086,Quantum Stack 105,SMB,SaaS / Tech,Canada,2024-01-13
CUST-10087,Nexus AI 105,SMB,Fintech,United States,2024-01-13
CUST-10088,Vertex Scale 105,SMB,E-Commerce,Canada,2024-01-13
CUST-10089,Blue Systems 105,Mid-Market,Fintech,United States,2024-01-14
CUST-10090,Apex Logic 106,Enterprise,Fintech,United States,2024-01-14
CUST-10091,Cloud Hub 106,SMB,Fintech,United States,2024-01-14
CUST-10092,Data Pay 106,SMB,Logistics & Supply Chain,United States,2024-01-14
CUST-10093,Nova Works 106,SMB,Fintech,Germany,2024-01-14
CUST-10094,Pulse Security 106,SMB,Fintech,Germany,2024-01-14
CUST-10095,Stratum Analytics 106,Mid-Market,Healthcare,United States,2024-01-14
CUST-10096,Sync Tech 106,SMB,Logistics & Supply Chain,United Kingdom,2024-01-15
CUST-10097,Vanguard Sphere 106,Mid-Market,Healthcare,Canada,2024-01-15
CUST-10098,Omni Labs 106,Enterprise,Healthcare,United States,2024-01-15
CUST-10099,Hyper Flow 106,Enterprise,Fintech,United States,2024-01-15
CUST-10100,Zenith Corp 106,Enterprise,Healthcare,Australia,2024-01-15
CUST-10101,Quantum Stack 106,SMB,E-Commerce,United Kingdom,2024-01-15
CUST-10102,Nexus AI 106,Mid-Market,E-Commerce,Australia,2024-01-15
CUST-10103,Vertex Scale 106,SMB,Healthcare,United States,2024-01-15
CUST-10104,Blue Systems 106,SMB,Healthcare,Canada,2024-01-16
CUST-10105,Apex Logic 107,Mid-Market,Fintech,United States,2024-01-16
CUST-10106,Cloud Hub 107,Mid-Market,Healthcare,United States,2024-01-16
CUST-10107,Data Pay 107,SMB,Fintech,United Kingdom,2024-01-16
CUST-10108,Nova Works 107,Mid-Market,SaaS / Tech,United States,2024-01-16
CUST-10109,Pulse Security 107,Enterprise,Cybersecurity,United States,2024-01-16
CUST-10110,Stratum Analytics 107,Mid-Market,Cybersecurity,United States,2024-01-16
CUST-10111,Sync Tech 107,Mid-Market,Logistics & Supply Chain,United States,2024-01-16
CUST-10112,Vanguard Sphere 107,SMB,E-Commerce,Canada,2024-01-16
CUST-10113,Omni Labs 107,SMB,SaaS / Tech,United States,2024-01-17
CUST-10114,Hyper Flow 107,SMB,Healthcare,United States,2024-01-17
CUST-10115,Zenith Corp 107,SMB,E-Commerce,United States,2024-01-17
CUST-10116,Quantum Stack 107,SMB,E-Commerce,United States,2024-01-17
CUST-10117,Nexus AI 107,Mid-Market,E-Commerce,United Kingdom,2024-01-17
CUST-10118,Vertex Scale 107,SMB,SaaS / Tech,United States,2024-01-17
CUST-10119,Blue Systems 107,SMB,Healthcare,Canada,2024-01-18
CUST-10120,Apex Logic 108,SMB,Healthcare,United States,2024-01-18
CUST-10121,Cloud Hub 108,SMB,Cybersecurity,United States,2024-01-18
CUST-10122,Data Pay 108,Mid-Market,Fintech,India,2024-01-18
CUST-10123,Nova Works 108,Enterprise,E-Commerce,Canada,2024-01-18
CUST-10124,Pulse Security 108,Mid-Market,Cybersecurity,United States,2024-01-18
CUST-10125,Stratum Analytics 108,Mid-Market,E-Commerce,Germany,2024-01-19
CUST-10126,Sync Tech 108,SMB,E-Commerce,United States,2024-01-19
CUST-10127,Vanguard Sphere 108,SMB,Fintech,Germany,2024-01-19
CUST-10128,Omni Labs 108,Enterprise,Healthcare,United Kingdom,2024-01-19
CUST-10129,Hyper Flow 108,SMB,Logistics & Supply Chain,Canada,2024-01-19
CUST-10130,Zenith Corp 108,Mid-Market,E-Commerce,Australia,2024-01-19
CUST-10131,Quantum Stack 108,Mid-Market,E-Commerce,United States,2024-01-19
CUST-10132,Nexus AI 108,Enterprise,Fintech,United Kingdom,2024-01-19
CUST-10133,Vertex Scale 108,Mid-Market,Fintech,United States,2024-01-19
CUST-10134,Blue Systems 108,SMB,Cybersecurity,United States,2024-01-20
CUST-10135,Apex Logic 109,Mid-Market,Healthcare,United States,2024-01-20
CUST-10136,Cloud Hub 109,SMB,E-Commerce,United States,2024-01-20
CUST-10137,Data Pay 109,SMB,Fintech,United Kingdom,2024-01-20
CUST-10138,Nova Works 109,Mid-Market,SaaS / Tech,United Kingdom,2024-01-20
CUST-10139,Pulse Security 109,SMB,Cybersecurity,United Kingdom,2024-01-21
CUST-10140,Stratum Analytics 109,SMB,E-Commerce,United States,2024-01-21
CUST-10141,Sync Tech 109,Mid-Market,Fintech,United States,2024-01-21
CUST-10142,Vanguard Sphere 109,Mid-Market,E-Commerce,India,2024-01-21
CUST-10143,Omni Labs 109,Mid-Market,SaaS / Tech,United States,2024-01-21
CUST-10144,Hyper Flow 109,Mid-Market,Healthcare,United Kingdom,2024-01-21
CUST-10145,Zenith Corp 109,Enterprise,Logistics & Supply Chain,Canada,2024-01-21
CUST-10146,Quantum Stack 109,SMB,E-Commerce,Canada,2024-01-21
CUST-10147,Nexus AI 109,SMB,Logistics & Supply Chain,United Kingdom,2024-01-22
CUST-10148,Vertex Scale 109,Enterprise,E-Commerce,Germany,2024-01-22
CUST-10149,Blue Systems 109,Mid-Market,Fintech,United States,2024-01-22
CUST-10150,Apex Logic 110,SMB,Healthcare,India,2024-01-22
CUST-10151,Cloud Hub 110,Mid-Market,Fintech,United States,2024-01-23
CUST-10152,Data Pay 110,Enterprise,Cybersecurity,United States,2024-01-23
CUST-10153,Nova Works 110,Mid-Market,SaaS / Tech,United States,2024-01-23
CUST-10154,Pulse Security 110,SMB,SaaS / Tech,Canada,2024-01-23
CUST-10155,Stratum Analytics 110,Mid-Market,Healthcare,United States,2024-01-23
CUST-10156,Sync Tech 110,SMB,Fintech,United States,2024-01-23
CUST-10157,Vanguard Sphere 110,SMB,SaaS / Tech,United States,2024-01-23
CUST-10158,Omni Labs 110,Mid-Market,E-Commerce,India,2024-01-23
CUST-10159,Hyper Flow 110,SMB,Fintech,Germany,2024-01-24
CUST-10160,Zenith Corp 110,Mid-Market,E-Commerce,United Kingdom,2024-01-24
CUST-10161,Quantum Stack 110,SMB,Fintech,United Kingdom,2024-01-24
CUST-10162,Nexus AI 110,SMB,Healthcare,United States,2024-01-24
CUST-10163,Vertex Scale 110,SMB,E-Commerce,United States,2024-01-24
CUST-10164,Blue Systems 110,Enterprise,Fintech,India,2024-01-24
CUST-10165,Apex Logic 111,SMB,Cybersecurity,United States,2024-01-24
CUST-10166,Cloud Hub 111,Mid-Market,Fintech,United States,2024-01-24
CUST-10167,Data Pay 111,Mid-Market,Fintech,United States,2024-01-24
CUST-10168,Nova Works 111,Enterprise,Fintech,United States,2024-01-24
CUST-10169,Pulse Security 111,SMB,SaaS / Tech,United States,2024-01-24
CUST-10170,Stratum Analytics 111,SMB,Healthcare,United Kingdom,2024-01-24
CUST-10171,Sync Tech 111,Enterprise,E-Commerce,United States,2024-01-25
CUST-10172,Vanguard Sphere 111,SMB,Fintech,United Kingdom,2024-01-25
CUST-10173,Omni Labs 111,Mid-Market,Fintech,United States,2024-01-26
CUST-10174,Hyper Flow 111,SMB,Healthcare,United States,2024-01-26
CUST-10175,Zenith Corp 111,Mid-Market,Logistics & Supply Chain,United States,2024-01-26
CUST-10176,Quantum Stack 111,SMB,Logistics & Supply Chain,Canada,2024-01-26
CUST-10177,Nexus AI 111,Mid-Market,Fintech,United States,2024-01-26
CUST-10178,Vertex Scale 111,SMB,E-Commerce,United Kingdom,2024-01-26
CUST-10179,Blue Systems 111,Enterprise,Cybersecurity,Canada,2024-01-26
CUST-10180,Apex Logic 112,Mid-Market,Healthcare,United Kingdom,2024-01-26
CUST-10181,Cloud Hub 112,Enterprise,Logistics & Supply Chain,United States,2024-01-26
CUST-10182,Data Pay 112,SMB,Fintech,United States,2024-01-27
CUST-10183,Nova Works 112,SMB,Cybersecurity,United States,2024-01-27
CUST-10184,Pulse Security 112,Mid-Market,SaaS / Tech,United Kingdom,2024-01-27
CUST-10185,Stratum Analytics 112,SMB,Cybersecurity,United States,2024-01-27
CUST-10186,Sync Tech 112,SMB,SaaS / Tech,Germany,2024-01-28
CUST-10187,Vanguard Sphere 112,SMB,Healthcare,Germany,2024-01-28
CUST-10188,Omni Labs 112,SMB,Cybersecurity,United States,2024-01-28
CUST-10189,Hyper Flow 112,Mid-Market,Healthcare,United States,2024-01-28
CUST-10190,Zenith Corp 112,Enterprise,Healthcare,United Kingdom,2024-01-28
CUST-10191,Quantum Stack 112,SMB,SaaS / Tech,United States,2024-01-29
CUST-10192,Nexus AI 112,SMB,SaaS / Tech,United States,2024-01-29
CUST-10193,Vertex Scale 112,SMB,Cybersecurity,India,2024-01-29
CUST-10194,Blue Systems 112,Mid-Market,Fintech,United States,2024-01-29
CUST-10195,Apex Logic 113,Mid-Market,SaaS / Tech,India,2024-01-29
CUST-10196,Cloud Hub 113,SMB,SaaS / Tech,Canada,2024-01-30
CUST-10197,Data Pay 113,SMB,Fintech,Canada,2024-01-30
CUST-10198,Nova Works 113,SMB,Healthcare,United States,2024-01-30
CUST-10199,Pulse Security 113,SMB,Healthcare,United States,2024-01-30
CUST-10200,Stratum Analytics 113,SMB,Healthcare,United Kingdom,2024-01-30
CUST-10201,Sync Tech 113,Enterprise,Cybersecurity,United States,2024-01-31
CUST-10202,Vanguard Sphere 113,Mid-Market,E-Commerce,United States,2024-01-31
CUST-10203,Omni Labs 113,SMB,SaaS / Tech,United States,2024-01-31
CUST-10204,Hyper Flow 113,SMB,Cybersecurity,United States,2024-01-31
CUST-10205,Zenith Corp 113,Enterprise,Healthcare,United States,2024-02-01
CUST-10206,Quantum Stack 113,Enterprise,Logistics & Supply Chain,Canada,2024-02-01
CUST-10207,Nexus AI 113,SMB,Healthcare,United States,2024-02-01
CUST-10208,Vertex Scale 113,Enterprise,Logistics & Supply Chain,United States,2024-02-01
CUST-10209,Blue Systems 113,Mid-Market,Fintech,United Kingdom,2024-02-01
CUST-10210,Apex Logic 114,SMB,Cybersecurity,Australia,2024-02-01
CUST-10211,Cloud Hub 114,SMB,Fintech,United States,2024-02-01
CUST-10212,Data Pay 114,SMB,Healthcare,United States,2024-02-01
CUST-10213,Nova Works 114,Mid-Market,SaaS / Tech,United Kingdom,2024-02-01
CUST-10214,Pulse Security 114,SMB,Healthcare,India,2024-02-02
CUST-10215,Stratum Analytics 114,Mid-Market,E-Commerce,Canada,2024-02-02
CUST-10216,Sync Tech 114,Mid-Market,Healthcare,United Kingdom,2024-02-02
CUST-10217,Vanguard Sphere 114,SMB,SaaS / Tech,United States,2024-02-02
CUST-10218,Omni Labs 114,SMB,Fintech,United Kingdom,2024-02-02
CUST-10219,Hyper Flow 114,SMB,Fintech,United States,2024-02-02
CUST-10220,Zenith Corp 114,SMB,Healthcare,United Kingdom,2024-02-02
CUST-10221,Quantum Stack 114,SMB,E-Commerce,Canada,2024-02-02
CUST-10222,Nexus AI 114,Enterprise,Fintech,Australia,2024-02-02
CUST-10223,Vertex Scale 114,Mid-Market,Healthcare,United States,2024-02-02
CUST-10224,Blue Systems 114,Mid-Market,Healthcare,United States,2024-02-02
CUST-10225,Apex Logic 115,Mid-Market,Fintech,United Kingdom,2024-02-02
CUST-10226,Cloud Hub 115,SMB,E-Commerce,Canada,2024-02-03
CUST-10227,Data Pay 115,Mid-Market,Logistics & Supply Chain,Canada,2024-02-03
CUST-10228,Nova Works 115,SMB,Fintech,United States,2024-02-03
CUST-10229,Pulse Security 115,SMB,E-Commerce,United States,2024-02-03
CUST-10230,Stratum Analytics 115,SMB,SaaS / Tech,United Kingdom,2024-02-03
CUST-10231,Sync Tech 115,SMB,Healthcare,United States,2024-02-03
CUST-10232,Vanguard Sphere 115,SMB,SaaS / Tech,Germany,2024-02-03
CUST-10233,Omni Labs 115,Mid-Market,Healthcare,United States,2024-02-04
CUST-10234,Hyper Flow 115,Mid-Market,E-Commerce,Canada,2024-02-04
CUST-10235,Zenith Corp 115,SMB,Fintech,United Kingdom,2024-02-04
CUST-10236,Quantum Stack 115,Mid-Market,SaaS / Tech,Canada,2024-02-04
CUST-10237,Nexus AI 115,Enterprise,SaaS / Tech,United States,2024-02-04
CUST-10238,Vertex Scale 115,SMB,Fintech,Germany,2024-02-04
CUST-10239,Blue Systems 115,Mid-Market,Healthcare,United States,2024-02-04
CUST-10240,Apex Logic 116,SMB,Cybersecurity,United Kingdom,2024-02-04
CUST-10241,Cloud Hub 116,SMB,Healthcare,United States,2024-02-05
CUST-10242,Data Pay 116,SMB,E-Commerce,United States,2024-02-05
CUST-10243,Nova Works 116,Mid-Market,Cybersecurity,United States,2024-02-05
CUST-10244,Pulse Security 116,Enterprise,SaaS / Tech,United States,2024-02-06
CUST-10245,Stratum Analytics 116,SMB,E-Commerce,Australia,2024-02-06
CUST-10246,Sync Tech 116,Mid-Market,SaaS / Tech,United States,2024-02-06
CUST-10247,Vanguard Sphere 116,SMB,Logistics & Supply Chain,Canada,2024-02-06
CUST-10248,Omni Labs 116,SMB,E-Commerce,Australia,2024-02-06
CUST-10249,Hyper Flow 116,SMB,E-Commerce,United States,2024-02-06
CUST-10250,Zenith Corp 116,Mid-Market,Healthcare,Canada,2024-02-06
CUST-10251,Quantum Stack 116,Mid-Market,Cybersecurity,United States,2024-02-06
CUST-10252,Nexus AI 116,SMB,SaaS / Tech,United States,2024-02-07
CUST-10253,Vertex Scale 116,Mid-Market,Fintech,United States,2024-02-07
CUST-10254,Blue Systems 116,Mid-Market,Logistics & Supply Chain,India,2024-02-07
CUST-10255,Apex Logic 117,SMB,E-Commerce,United States,2024-02-07
CUST-10256,Cloud Hub 117,SMB,Fintech,United Kingdom,2024-02-08
CUST-10257,Data Pay 117,SMB,E-Commerce,United Kingdom,2024-02-08
CUST-10258,Nova Works 117,SMB,Healthcare,Germany,2024-02-08
CUST-10259,Pulse Security 117,Enterprise,Logistics & Supply Chain,United States,2024-02-08
CUST-10260,Stratum Analytics 117,SMB,Fintech,Canada,2024-02-08
CUST-10261,Sync Tech 117,SMB,Logistics & Supply Chain,Canada,2024-02-08
CUST-10262,Vanguard Sphere 117,Enterprise,E-Commerce,United Kingdom,2024-02-08
CUST-10263,Omni Labs 117,SMB,Fintech,India,2024-02-08
CUST-10264,Hyper Flow 117,SMB,Cybersecurity,Germany,2024-02-08
CUST-10265,Zenith Corp 117,SMB,E-Commerce,United States,2024-02-08
CUST-10266,Quantum Stack 117,SMB,Healthcare,United States,2024-02-09
CUST-10267,Nexus AI 117,SMB,E-Commerce,United States,2024-02-09
CUST-10268,Vertex Scale 117,Mid-Market,Logistics & Supply Chain,United States,2024-02-09
CUST-10269,Blue Systems 117,Mid-Market,Healthcare,United States,2024-02-09
CUST-10270,Apex Logic 118,SMB,Fintech,United States,2024-02-09
CUST-10271,Cloud Hub 118,SMB,Fintech,United States,2024-02-09
CUST-10272,Data Pay 118,SMB,Healthcare,Australia,2024-02-09
CUST-10273,Nova Works 118,SMB,SaaS / Tech,United States,2024-02-10
CUST-10274,Pulse Security 118,SMB,E-Commerce,India,2024-02-10
CUST-10275,Stratum Analytics 118,SMB,Fintech,United States,2024-02-10
CUST-10276,Sync Tech 118,SMB,Fintech,United Kingdom,2024-02-10
CUST-10277,Vanguard Sphere 118,SMB,Healthcare,Germany,2024-02-10
CUST-10278,Omni Labs 118,SMB,Cybersecurity,United States,2024-02-10
CUST-10279,Hyper Flow 118,SMB,Healthcare,United States,2024-02-10
CUST-10280,Zenith Corp 118,SMB,Cybersecurity,United States,2024-02-11
CUST-10281,Quantum Stack 118,Mid-Market,E-Commerce,United States,2024-02-11
CUST-10282,Nexus AI 118,Mid-Market,Fintech,India,2024-02-11
CUST-10283,Vertex Scale 118,Enterprise,Logistics & Supply Chain,Germany,2024-02-11
CUST-10284,Blue Systems 118,SMB,E-Commerce,United States,2024-02-11
CUST-10285,Apex Logic 119,Enterprise,SaaS / Tech,United States,2024-02-11
CUST-10286,Cloud Hub 119,Mid-Market,Cybersecurity,United States,2024-02-11
CUST-10287,Data Pay 119,SMB,Fintech,United States,2024-02-11
CUST-10288,Nova Works 119,Mid-Market,Fintech,United Kingdom,2024-02-11
CUST-10289,Pulse Security 119,SMB,SaaS / Tech,United States,2024-02-11
CUST-10290,Stratum Analytics 119,Enterprise,Healthcare,United Kingdom,2024-02-11
CUST-10291,Sync Tech 119,Enterprise,Fintech,United States,2024-02-12
CUST-10292,Vanguard Sphere 119,SMB,Fintech,United States,2024-02-12
CUST-10293,Omni Labs 119,Mid-Market,Fintech,United Kingdom,2024-02-12
CUST-10294,Hyper Flow 119,Enterprise,SaaS / Tech,United States,2024-02-12
CUST-10295,Zenith Corp 119,SMB,Fintech,Australia,2024-02-12
CUST-10296,Quantum Stack 119,SMB,E-Commerce,Germany,2024-02-12
CUST-10297,Nexus AI 119,Mid-Market,E-Commerce,United States,2024-02-12
CUST-10298,Vertex Scale 119,SMB,Healthcare,United States,2024-02-13
CUST-10299,Blue Systems 119,Enterprise,Fintech,Germany,2024-02-13
CUST-10300,Apex Logic 120,Enterprise,SaaS / Tech,India,2024-02-13
CUST-10301,Cloud Hub 120,SMB,Fintech,Germany,2024-02-13
CUST-10302,Data Pay 120,SMB,SaaS / Tech,United States,2024-02-13
CUST-10303,Nova Works 120,SMB,Logistics & Supply Chain,Australia,2024-02-14
CUST-10304,Pulse Security 120,SMB,Healthcare,United States,2024-02-14
CUST-10305,Stratum Analytics 120,SMB,E-Commerce,Canada,2024-02-14
CUST-10306,Sync Tech 120,SMB,E-Commerce,India,2024-02-14
CUST-10307,Vanguard Sphere 120,Mid-Market,Healthcare,United States,2024-02-14
CUST-10308,Omni Labs 120,SMB,Logistics & Supply Chain,India,2024-02-14
CUST-10309,Hyper Flow 120,Mid-Market,Logistics & Supply Chain,United States,2024-02-14
CUST-10310,Zenith Corp 120,Mid-Market,Healthcare,Australia,2024-02-14
CUST-10311,Quantum Stack 120,Enterprise,E-Commerce,United States,2024-02-14
CUST-10312,Nexus AI 120,Enterprise,Cybersecurity,Australia,2024-02-14
CUST-10313,Vertex Scale 120,SMB,Cybersecurity,United States,2024-02-15
CUST-10314,Blue Systems 120,SMB,E-Commerce,Canada,2024-02-15
CUST-10315,Apex Logic 121,SMB,E-Commerce,United Kingdom,2024-02-15
CUST-10316,Cloud Hub 121,Mid-Market,Healthcare,United States,2024-02-15
CUST-10317,Data Pay 121,Mid-Market,Cybersecurity,United States,2024-02-15
CUST-10318,Nova Works 121,Mid-Market,Fintech,Canada,2024-02-15
CUST-10319,Pulse Security 121,Mid-Market,E-Commerce,United States,2024-02-15
CUST-10320,Stratum Analytics 121,SMB,Healthcare,United Kingdom,2024-02-15
CUST-10321,Sync Tech 121,SMB,Healthcare,United States,2024-02-15
CUST-10322,Vanguard Sphere 121,SMB,Healthcare,Australia,2024-02-15
CUST-10323,Omni Labs 121,Mid-Market,Cybersecurity,United States,2024-02-15
CUST-10324,Hyper Flow 121,SMB,Fintech,United States,2024-02-16
CUST-10325,Zenith Corp 121,SMB,E-Commerce,United States,2024-02-16
CUST-10326,Quantum Stack 121,SMB,Fintech,United States,2024-02-16
CUST-10327,Nexus AI 121,SMB,Fintech,United States,2024-02-16
CUST-10328,Vertex Scale 121,Mid-Market,Healthcare,United States,2024-02-16
CUST-10329,Blue Systems 121,Mid-Market,E-Commerce,Germany,2024-02-16
CUST-10330,Apex Logic 122,Mid-Market,Healthcare,Canada,2024-02-16
CUST-10331,Cloud Hub 122,SMB,Healthcare,United Kingdom,2024-02-17
CUST-10332,Data Pay 122,Enterprise,Fintech,United States,2024-02-17
CUST-10333,Nova Works 122,Enterprise,Healthcare,Canada,2024-02-17
CUST-10334,Pulse Security 122,Enterprise,Cybersecurity,United States,2024-02-17
CUST-10335,Stratum Analytics 122,Enterprise,Cybersecurity,Canada,2024-02-18
CUST-10336,Sync Tech 122,SMB,Healthcare,United States,2024-02-18
CUST-10337,Vanguard Sphere 122,SMB,E-Commerce,United States,2024-02-18
CUST-10338,Omni Labs 122,Mid-Market,Cybersecurity,United States,2024-02-18
CUST-10339,Hyper Flow 122,Enterprise,Fintech,Germany,2024-02-18
CUST-10340,Zenith Corp 122,Mid-Market,Logistics & Supply Chain,United States,2024-02-18
CUST-10341,Quantum Stack 122,Mid-Market,Cybersecurity,United Kingdom,2024-02-18
CUST-10342,Nexus AI 122,Mid-Market,Fintech,United States,2024-02-18
CUST-10343,Vertex Scale 122,Mid-Market,Fintech,Canada,2024-02-19
CUST-10344,Blue Systems 122,Mid-Market,Cybersecurity,India,2024-02-19
CUST-10345,Apex Logic 123,SMB,E-Commerce,United States,2024-02-19
CUST-10346,Cloud Hub 123,SMB,Fintech,United States,2024-02-19
CUST-10347,Data Pay 123,Enterprise,Healthcare,India,2024-02-19
CUST-10348,Nova Works 123,Mid-Market,Healthcare,United Kingdom,2024-02-19
CUST-10349,Pulse Security 123,SMB,SaaS / Tech,United States,2024-02-19
CUST-10350,Stratum Analytics 123,SMB,SaaS / Tech,United Kingdom,2024-02-20
CUST-10351,Sync Tech 123,SMB,Cybersecurity,Canada,2024-02-20
CUST-10352,Vanguard Sphere 123,SMB,Healthcare,United States,2024-02-20
CUST-10353,Omni Labs 123,Mid-Market,E-Commerce,Germany,2024-02-20
CUST-10354,Hyper Flow 123,Enterprise,E-Commerce,United States,2024-02-20
CUST-10355,Zenith Corp 123,SMB,Healthcare,United States,2024-02-21
CUST-10356,Quantum Stack 123,Enterprise,Fintech,Canada,2024-02-21
CUST-10357,Nexus AI 123,SMB,Cybersecurity,United States,2024-02-21
CUST-10358,Vertex Scale 123,SMB,Logistics & Supply Chain,United States,2024-02-21
CUST-10359,Blue Systems 123,SMB,E-Commerce,United Kingdom,2024-02-21
CUST-10360,Apex Logic 124,Mid-Market,E-Commerce,India,2024-02-21
CUST-10361,Cloud Hub 124,SMB,Fintech,India,2024-02-21
CUST-10362,Data Pay 124,Mid-Market,E-Commerce,Australia,2024-02-21
CUST-10363,Nova Works 124,SMB,SaaS / Tech,Germany,2024-02-22
CUST-10364,Pulse Security 124,SMB,E-Commerce,United States,2024-02-22
CUST-10365,Stratum Analytics 124,Mid-Market,Cybersecurity,United States,2024-02-22
CUST-10366,Sync Tech 124,SMB,E-Commerce,Germany,2024-02-22
CUST-10367,Vanguard Sphere 124,SMB,Healthcare,United States,2024-02-22
CUST-10368,Omni Labs 124,Mid-Market,SaaS / Tech,United Kingdom,2024-02-22
CUST-10369,Hyper Flow 124,Enterprise,Fintech,United Kingdom,2024-02-23
CUST-10370,Zenith Corp 124,Enterprise,Healthcare,United States,2024-02-23
CUST-10371,Quantum Stack 124,Enterprise,Healthcare,India,2024-02-23
CUST-10372,Nexus AI 124,Enterprise,Healthcare,United Kingdom,2024-02-23
CUST-10373,Vertex Scale 124,SMB,SaaS / Tech,United States,2024-02-23
CUST-10374,Blue Systems 124,Enterprise,E-Commerce,Australia,2024-02-24
CUST-10375,Apex Logic 125,Mid-Market,SaaS / Tech,United States,2024-02-24
CUST-10376,Cloud Hub 125,SMB,E-Commerce,United States,2024-02-24
CUST-10377,Data Pay 125,Enterprise,Healthcare,United Kingdom,2024-02-24
CUST-10378,Nova Works 125,SMB,Logistics & Supply Chain,Germany,2024-02-24
CUST-10379,Pulse Security 125,Mid-Market,Fintech,Canada,2024-02-24
CUST-10380,Stratum Analytics 125,Enterprise,Fintech,Canada,2024-02-24
CUST-10381,Sync Tech 125,SMB,E-Commerce,Canada,2024-02-24
CUST-10382,Vanguard Sphere 125,SMB,Healthcare,United States,2024-02-25
CUST-10383,Omni Labs 125,SMB,Fintech,Germany,2024-02-25
CUST-10384,Hyper Flow 125,SMB,E-Commerce,India,2024-02-25
CUST-10385,Zenith Corp 125,SMB,E-Commerce,United States,2024-02-25
CUST-10386,Quantum Stack 125,Mid-Market,Healthcare,United States,2024-02-25
CUST-10387,Nexus AI 125,Mid-Market,Cybersecurity,Australia,2024-02-25
CUST-10388,Vertex Scale 125,SMB,E-Commerce,Germany,2024-02-25
CUST-10389,Blue Systems 125,SMB,Logistics & Supply Chain,India,2024-02-25
CUST-10390,Apex Logic 126,SMB,Fintech,India,2024-02-25
CUST-10391,Cloud Hub 126,Mid-Market,E-Commerce,United Kingdom,2024-02-25
CUST-10392,Data Pay 126,Mid-Market,Logistics & Supply Chain,United Kingdom,2024-02-25
CUST-10393,Nova Works 126,SMB,E-Commerce,United Kingdom,2024-02-25
CUST-10394,Pulse Security 126,Mid-Market,SaaS / Tech,United States,2024-02-25
CUST-10395,Stratum Analytics 126,SMB,Healthcare,Canada,2024-02-25
CUST-10396,Sync Tech 126,SMB,Fintech,United Kingdom,2024-02-26
CUST-10397,Vanguard Sphere 126,Mid-Market,E-Commerce,United Kingdom,2024-02-26
CUST-10398,Omni Labs 126,SMB,Healthcare,United Kingdom,2024-02-26
CUST-10399,Hyper Flow 126,SMB,Logistics & Supply Chain,United States,2024-02-26
CUST-10400,Zenith Corp 126,Enterprise,Fintech,United States,2024-02-26
CUST-10401,Quantum Stack 126,SMB,Cybersecurity,United States,2024-02-26
CUST-10402,Nexus AI 126,SMB,Cybersecurity,United States,2024-02-26
CUST-10403,Vertex Scale 126,SMB,Fintech,United States,2024-02-26
CUST-10404,Blue Systems 126,Mid-Market,Healthcare,Australia,2024-02-26
CUST-10405,Apex Logic 127,SMB,Logistics & Supply Chain,United States,2024-02-27
CUST-10406,Cloud Hub 127,Mid-Market,Cybersecurity,United States,2024-02-27
CUST-10407,Data Pay 127,Enterprise,Healthcare,United Kingdom,2024-02-27
CUST-10408,Nova Works 127,SMB,Healthcare,United Kingdom,2024-02-27
CUST-10409,Pulse Security 127,Enterprise,E-Commerce,United States,2024-02-27
CUST-10410,Stratum Analytics 127,Mid-Market,SaaS / Tech,Canada,2024-02-27
CUST-10411,Sync Tech 127,SMB,Healthcare,Canada,2024-02-28
CUST-10412,Vanguard Sphere 127,SMB,SaaS / Tech,United States,2024-02-28
CUST-10413,Omni Labs 127,SMB,Fintech,United States,2024-02-28
CUST-10414,Hyper Flow 127,SMB,Fintech,India,2024-02-29
CUST-10415,Zenith Corp 127,Mid-Market,Healthcare,Germany,2024-02-29
CUST-10416,Quantum Stack 127,Mid-Market,Healthcare,Canada,2024-02-29
CUST-10417,Nexus AI 127,Mid-Market,Healthcare,United States,2024-02-29
CUST-10418,Vertex Scale 127,SMB,E-Commerce,United States,2024-02-29
CUST-10419,Blue Systems 127,SMB,Healthcare,United Kingdom,2024-02-29
CUST-10420,Apex Logic 128,SMB,Fintech,United States,2024-02-29
CUST-10421,Cloud Hub 128,SMB,Healthcare,United States,2024-02-29
CUST-10422,Data Pay 128,Enterprise,Cybersecurity,United Kingdom,2024-02-29
CUST-10423,Nova Works 128,Mid-Market,Healthcare,United States,2024-02-29
CUST-10424,Pulse Security 128,Enterprise,Healthcare,Canada,2024-03-01
CUST-10425,Stratum Analytics 128,SMB,E-Commerce,Germany,2024-03-01
CUST-10426,Sync Tech 128,Mid-Market,Cybersecurity,United States,2024-03-01
CUST-10427,Vanguard Sphere 128,SMB,Fintech,Germany,2024-03-01
CUST-10428,Omni Labs 128,Mid-Market,SaaS / Tech,United States,2024-03-01
CUST-10429,Hyper Flow 128,Enterprise,SaaS / Tech,Germany,2024-03-01
CUST-10430,Zenith Corp 128,Enterprise,E-Commerce,United States,2024-03-01
CUST-10431,Quantum Stack 128,SMB,Fintech,United States,2024-03-01
CUST-10432,Nexus AI 128,SMB,SaaS / Tech,United Kingdom,2024-03-01
CUST-10433,Vertex Scale 128,Enterprise,Fintech,United States,2024-03-02
CUST-10434,Blue Systems 128,Enterprise,E-Commerce,India,2024-03-02
CUST-10435,Apex Logic 129,SMB,SaaS / Tech,United States,2024-03-02
CUST-10436,Cloud Hub 129,Enterprise,Fintech,United States,2024-03-02
CUST-10437,Data Pay 129,SMB,Logistics & Supply Chain,United Kingdom,2024-03-02
CUST-10438,Nova Works 129,SMB,Fintech,United States,2024-03-02
CUST-10439,Pulse Security 129,Enterprise,Logistics & Supply Chain,United States,2024-03-02
CUST-10440,Stratum Analytics 129,Enterprise,E-Commerce,Canada,2024-03-03
CUST-10441,Sync Tech 129,SMB,Fintech,Canada,2024-03-03
CUST-10442,Vanguard Sphere 129,Mid-Market,Fintech,Germany,2024-03-03
CUST-10443,Omni Labs 129,Mid-Market,Cybersecurity,Australia,2024-03-03
CUST-10444,Hyper Flow 129,SMB,Fintech,United States,2024-03-03
CUST-10445,Zenith Corp 129,SMB,Fintech,Canada,2024-03-04
CUST-10446,Quantum Stack 129,SMB,Healthcare,United States,2024-03-04
CUST-10447,Nexus AI 129,SMB,E-Commerce,United Kingdom,2024-03-04
CUST-10448,Vertex Scale 129,Mid-Market,E-Commerce,United States,2024-03-04
CUST-10449,Blue Systems 129,Enterprise,Fintech,Australia,2024-03-04
CUST-10450,Apex Logic 130,SMB,Healthcare,Canada,2024-03-04
CUST-10451,Cloud Hub 130,SMB,Fintech,Australia,2024-03-04
CUST-10452,Data Pay 130,Mid-Market,Fintech,Germany,2024-03-04
CUST-10453,Nova Works 130,SMB,Healthcare,India,2024-03-05
CUST-10454,Pulse Security 130,Enterprise,SaaS / Tech,Germany,2024-03-05
CUST-10455,Stratum Analytics 130,Mid-Market,Fintech,United States,2024-03-05
CUST-10456,Sync Tech 130,Enterprise,Healthcare,United States,2024-03-05
CUST-10457,Vanguard Sphere 130,Mid-Market,Healthcare,United States,2024-03-05
CUST-10458,Omni Labs 130,Enterprise,Cybersecurity,United States,2024-03-05
CUST-10459,Hyper Flow 130,Enterprise,Cybersecurity,United Kingdom,2024-03-05
CUST-10460,Zenith Corp 130,Enterprise,Logistics & Supply Chain,United Kingdom,2024-03-06
CUST-10461,Quantum Stack 130,SMB,Fintech,United Kingdom,2024-03-06
CUST-10462,Nexus AI 130,SMB,Fintech,Australia,2024-03-06
CUST-10463,Vertex Scale 130,SMB,Healthcare,India,2024-03-06
CUST-10464,Blue Systems 130,SMB,Healthcare,United States,2024-03-06
CUST-10465,Apex Logic 131,Mid-Market,E-Commerce,United States,2024-03-06
CUST-10466,Cloud Hub 131,Mid-Market,SaaS / Tech,United States,2024-03-06
CUST-10467,Data Pay 131,SMB,Logistics & Supply Chain,United States,2024-03-07
CUST-10468,Nova Works 131,Mid-Market,Logistics & Supply Chain,Canada,2024-03-07
CUST-10469,Pulse Security 131,SMB,Healthcare,United Kingdom,2024-03-07
CUST-10470,Stratum Analytics 131,Enterprise,SaaS / Tech,United Kingdom,2024-03-07
CUST-10471,Sync Tech 131,SMB,Healthcare,Germany,2024-03-07
CUST-10472,Vanguard Sphere 131,Enterprise,Fintech,Germany,2024-03-08
CUST-10473,Omni Labs 131,SMB,SaaS / Tech,United States,2024-03-08
CUST-10474,Hyper Flow 131,SMB,Fintech,Canada,2024-03-08
CUST-10475,Zenith Corp 131,SMB,Healthcare,United States,2024-03-08
CUST-10476,Quantum Stack 131,Enterprise,Healthcare,United States,2024-03-08
CUST-10477,Nexus AI 131,SMB,SaaS / Tech,United States,2024-03-08
CUST-10478,Vertex Scale 131,SMB,SaaS / Tech,United States,2024-03-09
CUST-10479,Blue Systems 131,SMB,Healthcare,United States,2024-03-09
CUST-10480,Apex Logic 132,SMB,Logistics & Supply Chain,United States,2024-03-09
CUST-10481,Cloud Hub 132,SMB,Healthcare,Canada,2024-03-10
CUST-10482,Data Pay 132,Mid-Market,Healthcare,Canada,2024-03-10
CUST-10483,Nova Works 132,SMB,SaaS / Tech,United States,2024-03-10
CUST-10484,Pulse Security 132,SMB,SaaS / Tech,United States,2024-03-10
CUST-10485,Stratum Analytics 132,SMB,Cybersecurity,Germany,2024-03-10
CUST-10486,Sync Tech 132,Enterprise,Fintech,United States,2024-03-10
CUST-10487,Vanguard Sphere 132,Mid-Market,SaaS / Tech,India,2024-03-10
CUST-10488,Omni Labs 132,SMB,E-Commerce,United Kingdom,2024-03-11
CUST-10489,Hyper Flow 132,SMB,Cybersecurity,United States,2024-03-11
CUST-10490,Zenith Corp 132,Mid-Market,Fintech,United States,2024-03-11
CUST-10491,Quantum Stack 132,SMB,SaaS / Tech,United States,2024-03-11
CUST-10492,Nexus AI 132,Mid-Market,E-Commerce,United States,2024-03-11
CUST-10493,Vertex Scale 132,Mid-Market,Healthcare,United States,2024-03-11
CUST-10494,Blue Systems 132,Mid-Market,E-Commerce,United Kingdom,2024-03-11
CUST-10495,Apex Logic 133,Mid-Market,Healthcare,United States,2024-03-12
CUST-10496,Cloud Hub 133,SMB,E-Commerce,United Kingdom,2024-03-12
CUST-10497,Data Pay 133,Enterprise,Logistics & Supply Chain,United Kingdom,2024-03-12
CUST-10498,Nova Works 133,SMB,E-Commerce,United States,2024-03-12
CUST-10499,Pulse Security 133,SMB,E-Commerce,United States,2024-03-12
CUST-10500,Stratum Analytics 133,SMB,E-Commerce,United States,2024-03-12
CUST-10501,Sync Tech 133,SMB,Fintech,United States,2024-03-12
CUST-10502,Vanguard Sphere 133,Mid-Market,Fintech,Canada,2024-03-12
CUST-10503,Omni Labs 133,SMB,E-Commerce,United States,2024-03-12
CUST-10504,Hyper Flow 133,SMB,Healthcare,Canada,2024-03-13
CUST-10505,Zenith Corp 133,Mid-Market,Fintech,United States,2024-03-13
CUST-10506,Quantum Stack 133,SMB,E-Commerce,United States,2024-03-13
CUST-10507,Nexus AI 133,SMB,Healthcare,United Kingdom,2024-03-13
CUST-10508,Vertex Scale 133,SMB,Healthcare,Canada,2024-03-13
CUST-10509,Blue Systems 133,SMB,E-Commerce,United States,2024-03-14
CUST-10510,Apex Logic 134,SMB,Fintech,United States,2024-03-14
CUST-10511,Cloud Hub 134,Mid-Market,Cybersecurity,United Kingdom,2024-03-14
CUST-10512,Data Pay 134,SMB,Logistics & Supply Chain,United States,2024-03-14
CUST-10513,Nova Works 134,SMB,SaaS / Tech,United States,2024-03-15
CUST-10514,Pulse Security 134,Enterprise,Fintech,United Kingdom,2024-03-15
CUST-10515,Stratum Analytics 134,Enterprise,SaaS / Tech,United States,2024-03-15
CUST-10516,Sync Tech 134,Mid-Market,Logistics & Supply Chain,United Kingdom,2024-03-15
CUST-10517,Vanguard Sphere 134,SMB,SaaS / Tech,United Kingdom,2024-03-16
CUST-10518,Omni Labs 134,SMB,Fintech,Canada,2024-03-16
CUST-10519,Hyper Flow 134,Mid-Market,E-Commerce,Canada,2024-03-16
CUST-10520,Zenith Corp 134,SMB,Logistics & Supply Chain,United Kingdom,2024-03-16
CUST-10521,Quantum Stack 134,Mid-Market,E-Commerce,United Kingdom,2024-03-16
CUST-10522,Nexus AI 134,SMB,E-Commerce,Germany,2024-03-16
CUST-10523,Vertex Scale 134,SMB,E-Commerce,United States,2024-03-16
CUST-10524,Blue Systems 134,SMB,E-Commerce,United States,2024-03-16
CUST-10525,Apex Logic 135,Mid-Market,Fintech,Canada,2024-03-16
CUST-10526,Cloud Hub 135,Mid-Market,E-Commerce,United Kingdom,2024-03-16
CUST-10527,Data Pay 135,Mid-Market,Fintech,United States,2024-03-17
CUST-10528,Nova Works 135,Enterprise,Healthcare,India,2024-03-17
CUST-10529,Pulse Security 135,SMB,Healthcare,United States,2024-03-17
CUST-10530,Stratum Analytics 135,SMB,E-Commerce,Canada,2024-03-17
CUST-10531,Sync Tech 135,SMB,Fintech,Canada,2024-03-17
CUST-10532,Vanguard Sphere 135,SMB,SaaS / Tech,Australia,2024-03-17
CUST-10533,Omni Labs 135,SMB,SaaS / Tech,United States,2024-03-17
CUST-10534,Hyper Flow 135,SMB,Fintech,United Kingdom,2024-03-17
CUST-10535,Zenith Corp 135,SMB,Fintech,United States,2024-03-18
CUST-10536,Quantum Stack 135,SMB,Fintech,United States,2024-03-18
CUST-10537,Nexus AI 135,Mid-Market,Logistics & Supply Chain,United States,2024-03-18
CUST-10538,Vertex Scale 135,Mid-Market,E-Commerce,United Kingdom,2024-03-18
CUST-10539,Blue Systems 135,Enterprise,E-Commerce,United States,2024-03-18
CUST-10540,Apex Logic 136,SMB,Fintech,United States,2024-03-18
CUST-10541,Cloud Hub 136,SMB,E-Commerce,United Kingdom,2024-03-19
CUST-10542,Data Pay 136,Mid-Market,Logistics & Supply Chain,Canada,2024-03-19
CUST-10543,Nova Works 136,SMB,Logistics & Supply Chain,Canada,2024-03-19
CUST-10544,Pulse Security 136,SMB,E-Commerce,India,2024-03-19
CUST-10545,Stratum Analytics 136,Mid-Market,Fintech,United States,2024-03-19
CUST-10546,Sync Tech 136,Enterprise,Fintech,Australia,2024-03-19
CUST-10547,Vanguard Sphere 136,SMB,Fintech,Germany,2024-03-19
CUST-10548,Omni Labs 136,SMB,Healthcare,United States,2024-03-19
CUST-10549,Hyper Flow 136,SMB,Fintech,United States,2024-03-19
CUST-10550,Zenith Corp 136,SMB,Healthcare,United States,2024-03-19
CUST-10551,Quantum Stack 136,SMB,Healthcare,United States,2024-03-20
CUST-10552,Nexus AI 136,SMB,Cybersecurity,United Kingdom,2024-03-20
CUST-10553,Vertex Scale 136,SMB,E-Commerce,United Kingdom,2024-03-20
CUST-10554,Blue Systems 136,SMB,Logistics & Supply Chain,Canada,2024-03-20
CUST-10555,Apex Logic 137,Mid-Market,SaaS / Tech,United Kingdom,2024-03-20
CUST-10556,Cloud Hub 137,Enterprise,Fintech,United States,2024-03-20
CUST-10557,Data Pay 137,Enterprise,SaaS / Tech,Germany,2024-03-20
CUST-10558,Nova Works 137,SMB,Healthcare,United States,2024-03-21
CUST-10559,Pulse Security 137,SMB,E-Commerce,Australia,2024-03-21
CUST-10560,Stratum Analytics 137,SMB,Healthcare,United States,2024-03-21
CUST-10561,Sync Tech 137,Mid-Market,Cybersecurity,Australia,2024-03-21
CUST-10562,Vanguard Sphere 137,Enterprise,Healthcare,United States,2024-03-21
CUST-10563,Omni Labs 137,Enterprise,Healthcare,United States,2024-03-21
CUST-10564,Hyper Flow 137,Mid-Market,Cybersecurity,United States,2024-03-21
CUST-10565,Zenith Corp 137,SMB,Fintech,Canada,2024-03-21
CUST-10566,Quantum Stack 137,Mid-Market,SaaS / Tech,Germany,2024-03-21
CUST-10567,Nexus AI 137,Mid-Market,SaaS / Tech,United States,2024-03-21
CUST-10568,Vertex Scale 137,SMB,Logistics & Supply Chain,India,2024-03-22
CUST-10569,Blue Systems 137,Mid-Market,Cybersecurity,United Kingdom,2024-03-22
CUST-10570,Apex Logic 138,SMB,Cybersecurity,United Kingdom,2024-03-22
CUST-10571,Cloud Hub 138,SMB,Fintech,Germany,2024-03-22
CUST-10572,Data Pay 138,Mid-Market,Logistics & Supply Chain,United States,2024-03-22
CUST-10573,Nova Works 138,SMB,E-Commerce,United States,2024-03-22
CUST-10574,Pulse Security 138,SMB,E-Commerce,India,2024-03-23
CUST-10575,Stratum Analytics 138,SMB,Fintech,India,2024-03-23
CUST-10576,Sync Tech 138,Enterprise,SaaS / Tech,Australia,2024-03-23
CUST-10577,Vanguard Sphere 138,SMB,Cybersecurity,India,2024-03-23
CUST-10578,Omni Labs 138,Mid-Market,Cybersecurity,United States,2024-03-23
CUST-10579,Hyper Flow 138,Mid-Market,Healthcare,Germany,2024-03-24
CUST-10580,Zenith Corp 138,Mid-Market,Fintech,United States,2024-03-24
CUST-10581,Quantum Stack 138,SMB,Healthcare,Australia,2024-03-24
CUST-10582,Nexus AI 138,Mid-Market,Logistics & Supply Chain,United States,2024-03-24
CUST-10583,Vertex Scale 138,Mid-Market,SaaS / Tech,United Kingdom,2024-03-24
CUST-10584,Blue Systems 138,SMB,E-Commerce,United Kingdom,2024-03-24
CUST-10585,Apex Logic 139,Mid-Market,Fintech,United States,2024-03-24
CUST-10586,Cloud Hub 139,Enterprise,Healthcare,United States,2024-03-24
CUST-10587,Data Pay 139,Enterprise,E-Commerce,India,2024-03-25
CUST-10588,Nova Works 139,Enterprise,Cybersecurity,Germany,2024-03-25
CUST-10589,Pulse Security 139,Mid-Market,E-Commerce,United States,2024-03-25
CUST-10590,Stratum Analytics 139,Enterprise,Healthcare,Canada,2024-03-25
CUST-10591,Sync Tech 139,SMB,E-Commerce,United Kingdom,2024-03-25
CUST-10592,Vanguard Sphere 139,Mid-Market,Fintech,United States,2024-03-25
CUST-10593,Omni Labs 139,Mid-Market,Cybersecurity,United States,2024-03-26
CUST-10594,Hyper Flow 139,SMB,Healthcare,Germany,2024-03-26
CUST-10595,Zenith Corp 139,Mid-Market,E-Commerce,Canada,2024-03-26
CUST-10596,Quantum Stack 139,SMB,Healthcare,United Kingdom,2024-03-26
CUST-10597,Nexus AI 139,Mid-Market,SaaS / Tech,United Kingdom,2024-03-26
CUST-10598,Vertex Scale 139,Mid-Market,SaaS / Tech,United States,2024-03-27
CUST-10599,Blue Systems 139,Enterprise,SaaS / Tech,United States,2024-03-27
CUST-10600,Apex Logic 140,Mid-Market,Healthcare,United States,2024-03-27
CUST-10601,Cloud Hub 140,Mid-Market,Healthcare,United States,2024-03-27
CUST-10602,Data Pay 140,Mid-Market,Fintech,United Kingdom,2024-03-28
CUST-10603,Nova Works 140,Enterprise,SaaS / Tech,India,2024-03-28
CUST-10604,Pulse Security 140,Enterprise,Fintech,United States,2024-03-28
CUST-10605,Stratum Analytics 140,Mid-Market,E-Commerce,United States,2024-03-28
CUST-10606,Sync Tech 140,Mid-Market,Logistics & Supply Chain,United Kingdom,2024-03-29
CUST-10607,Vanguard Sphere 140,Mid-Market,Logistics & Supply Chain,Germany,2024-03-29
CUST-10608,Omni Labs 140,SMB,Healthcare,Canada,2024-03-29
CUST-10609,Hyper Flow 140,SMB,E-Commerce,Germany,2024-03-29
CUST-10610,Zenith Corp 140,Enterprise,Fintech,United Kingdom,2024-03-29
CUST-10611,Quantum Stack 140,SMB,SaaS / Tech,Canada,2024-03-29
CUST-10612,Nexus AI 140,SMB,Logistics & Supply Chain,United States,2024-03-30
CUST-10613,Vertex Scale 140,Enterprise,Fintech,United States,2024-03-30
CUST-10614,Blue Systems 140,SMB,Healthcare,United States,2024-03-30
CUST-10615,Apex Logic 141,SMB,Logistics & Supply Chain,United Kingdom,2024-03-30
CUST-10616,Cloud Hub 141,Enterprise,Logistics & Supply Chain,India,2024-03-30
CUST-10617,Data Pay 141,Mid-Market,Fintech,Germany,2024-03-30
CUST-10618,Nova Works 141,SMB,E-Commerce,United States,2024-03-31
CUST-10619,Pulse Security 141,SMB,Fintech,United States,2024-03-31
CUST-10620,Stratum Analytics 141,Mid-Market,Fintech,United States,2024-03-31
CUST-10621,Sync Tech 141,Mid-Market,Cybersecurity,United States,2024-04-01
CUST-10622,Vanguard Sphere 141,Mid-Market,Logistics & Supply Chain,United Kingdom,2024-04-01
CUST-10623,Omni Labs 141,Mid-Market,SaaS / Tech,India,2024-04-01
CUST-10624,Hyper Flow 141,SMB,Fintech,Australia,2024-04-01
CUST-10625,Zenith Corp 141,Mid-Market,Logistics & Supply Chain,United Kingdom,2024-04-01
CUST-10626,Quantum Stack 141,Mid-Market,Healthcare,Germany,2024-04-02
CUST-10627,Nexus AI 141,SMB,Healthcare,United Kingdom,2024-04-02
CUST-10628,Vertex Scale 141,Enterprise,E-Commerce,United States,2024-04-02
CUST-10629,Blue Systems 141,Mid-Market,Fintech,United Kingdom,2024-04-02
CUST-10630,Apex Logic 142,SMB,SaaS / Tech,United Kingdom,2024-04-02
CUST-10631,Cloud Hub 142,SMB,E-Commerce,Canada,2024-04-02
CUST-10632,Data Pay 142,SMB,Fintech,United States,2024-04-03
CUST-10633,Nova Works 142,SMB,Fintech,United States,2024-04-03
CUST-10634,Pulse Security 142,Enterprise,Fintech,United States,2024-04-03
CUST-10635,Stratum Analytics 142,Mid-Market,Fintech,Australia,2024-04-03
CUST-10636,Sync Tech 142,SMB,E-Commerce,United States,2024-04-03
CUST-10637,Vanguard Sphere 142,Mid-Market,Logistics & Supply Chain,Canada,2024-04-03
CUST-10638,Omni Labs 142,Mid-Market,Fintech,Canada,2024-04-03
CUST-10639,Hyper Flow 142,Mid-Market,Fintech,United States,2024-04-03
CUST-10640,Zenith Corp 142,Enterprise,E-Commerce,United Kingdom,2024-04-03
CUST-10641,Quantum Stack 142,Mid-Market,Logistics & Supply Chain,India,2024-04-04
CUST-10642,Nexus AI 142,Mid-Market,Healthcare,United States,2024-04-04
CUST-10643,Vertex Scale 142,Mid-Market,Healthcare,India,2024-04-04
CUST-10644,Blue Systems 142,Enterprise,E-Commerce,United States,2024-04-04
CUST-10645,Apex Logic 143,SMB,Healthcare,United States,2024-04-04
CUST-10646,Cloud Hub 143,SMB,Fintech,India,2024-04-04
CUST-10647,Data Pay 143,SMB,SaaS / Tech,Germany,2024-04-05
CUST-10648,Nova Works 143,SMB,E-Commerce,Australia,2024-04-05
CUST-10649,Pulse Security 143,Mid-Market,E-Commerce,United Kingdom,2024-04-05
CUST-10650,Stratum Analytics 143,Enterprise,SaaS / Tech,India,2024-04-06
CUST-10651,Sync Tech 143,SMB,SaaS / Tech,Germany,2024-04-06
CUST-10652,Vanguard Sphere 143,SMB,Fintech,Germany,2024-04-07
CUST-10653,Omni Labs 143,SMB,Healthcare,United Kingdom,2024-04-07
CUST-10654,Hyper Flow 143,Mid-Market,Fintech,United States,2024-04-07
CUST-10655,Zenith Corp 143,Enterprise,Fintech,India,2024-04-07
CUST-10656,Quantum Stack 143,Mid-Market,SaaS / Tech,United States,2024-04-08
CUST-10657,Nexus AI 143,Mid-Market,Logistics & Supply Chain,United Kingdom,2024-04-08
CUST-10658,Vertex Scale 143,SMB,Cybersecurity,United States,2024-04-08
CUST-10659,Blue Systems 143,SMB,E-Commerce,United Kingdom,2024-04-08
CUST-10660,Apex Logic 144,Mid-Market,Fintech,United States,2024-04-08
CUST-10661,Cloud Hub 144,SMB,Fintech,United States,2024-04-08
CUST-10662,Data Pay 144,SMB,Logistics & Supply Chain,India,2024-04-08
CUST-10663,Nova Works 144,Mid-Market,E-Commerce,United States,2024-04-09
CUST-10664,Pulse Security 144,Enterprise,E-Commerce,United Kingdom,2024-04-09
CUST-10665,Stratum Analytics 144,Mid-Market,SaaS / Tech,United States,2024-04-09
CUST-10666,Sync Tech 144,Mid-Market,SaaS / Tech,United States,2024-04-09
CUST-10667,Vanguard Sphere 144,Mid-Market,Logistics & Supply Chain,United States,2024-04-09
CUST-10668,Omni Labs 144,Mid-Market,Fintech,Canada,2024-04-09
CUST-10669,Hyper Flow 144,Mid-Market,SaaS / Tech,United States,2024-04-10
CUST-10670,Zenith Corp 144,Mid-Market,Logistics & Supply Chain,India,2024-04-10
CUST-10671,Quantum Stack 144,SMB,Healthcare,United States,2024-04-10
CUST-10672,Nexus AI 144,Enterprise,E-Commerce,United States,2024-04-10
CUST-10673,Vertex Scale 144,SMB,Healthcare,United States,2024-04-10
CUST-10674,Blue Systems 144,Mid-Market,Cybersecurity,United States,2024-04-10
CUST-10675,Apex Logic 145,SMB,Fintech,Canada,2024-04-10
CUST-10676,Cloud Hub 145,Enterprise,E-Commerce,Germany,2024-04-11
CUST-10677,Data Pay 145,Mid-Market,Fintech,United Kingdom,2024-04-11
CUST-10678,Nova Works 145,SMB,SaaS / Tech,United States,2024-04-11
CUST-10679,Pulse Security 145,SMB,Fintech,United States,2024-04-11
CUST-10680,Stratum Analytics 145,SMB,Fintech,United States,2024-04-11
CUST-10681,Sync Tech 145,Mid-Market,E-Commerce,Australia,2024-04-11
CUST-10682,Vanguard Sphere 145,Mid-Market,Cybersecurity,United States,2024-04-11
CUST-10683,Omni Labs 145,SMB,Fintech,Canada,2024-04-12
CUST-10684,Hyper Flow 145,SMB,Fintech,United States,2024-04-12
CUST-10685,Zenith Corp 145,SMB,SaaS / Tech,United States,2024-04-12
CUST-10686,Quantum Stack 145,SMB,E-Commerce,United States,2024-04-12
CUST-10687,Nexus AI 145,Mid-Market,Cybersecurity,United States,2024-04-13
CUST-10688,Vertex Scale 145,SMB,Fintech,Canada,2024-04-13
CUST-10689,Blue Systems 145,Mid-Market,E-Commerce,United States,2024-04-13
CUST-10690,Apex Logic 146,Mid-Market,Fintech,Canada,2024-04-13
CUST-10691,Cloud Hub 146,Mid-Market,Fintech,United States,2024-04-13
CUST-10692,Data Pay 146,SMB,SaaS / Tech,Australia,2024-04-13
CUST-10693,Nova Works 146,Mid-Market,E-Commerce,United States,2024-04-13
CUST-10694,Pulse Security 146,Enterprise,SaaS / Tech,India,2024-04-13
CUST-10695,Stratum Analytics 146,SMB,Healthcare,Germany,2024-04-13
CUST-10696,Sync Tech 146,Mid-Market,Healthcare,Australia,2024-04-13
CUST-10697,Vanguard Sphere 146,SMB,Healthcare,United States,2024-04-14
CUST-10698,Omni Labs 146,Mid-Market,Cybersecurity,Canada,2024-04-14
CUST-10699,Hyper Flow 146,Mid-Market,Healthcare,United States,2024-04-14
CUST-10700,Zenith Corp 146,SMB,Healthcare,United States,2024-04-14
CUST-10701,Quantum Stack 146,Enterprise,Healthcare,United States,2024-04-14
CUST-10702,Nexus AI 146,Mid-Market,E-Commerce,United States,2024-04-14
CUST-10703,Vertex Scale 146,Enterprise,Healthcare,Australia,2024-04-14
CUST-10704,Blue Systems 146,Enterprise,Cybersecurity,United States,2024-04-15
CUST-10705,Apex Logic 147,SMB,Healthcare,United Kingdom,2024-04-15
CUST-10706,Cloud Hub 147,Mid-Market,Logistics & Supply Chain,United Kingdom,2024-04-15
CUST-10707,Data Pay 147,SMB,Fintech,United Kingdom,2024-04-15
CUST-10708,Nova Works 147,Mid-Market,SaaS / Tech,United Kingdom,2024-04-15
CUST-10709,Pulse Security 147,SMB,Cybersecurity,United States,2024-04-15
CUST-10710,Stratum Analytics 147,SMB,Fintech,United Kingdom,2024-04-15
CUST-10711,Sync Tech 147,SMB,Cybersecurity,United States,2024-04-16
CUST-10712,Vanguard Sphere 147,Mid-Market,E-Commerce,India,2024-04-16
CUST-10713,Omni Labs 147,Mid-Market,Cybersecurity,Canada,2024-04-16
CUST-10714,Hyper Flow 147,Mid-Market,SaaS / Tech,Australia,2024-04-16
CUST-10715,Zenith Corp 147,SMB,Healthcare,United States,2024-04-16
CUST-10716,Quantum Stack 147,SMB,Fintech,United States,2024-04-16
CUST-10717,Nexus AI 147,SMB,Healthcare,United States,2024-04-16
CUST-10718,Vertex Scale 147,Enterprise,Fintech,United States,2024-04-16
CUST-10719,Blue Systems 147,SMB,Fintech,United States,2024-04-16
CUST-10720,Apex Logic 148,SMB,Fintech,United Kingdom,2024-04-16
CUST-10721,Cloud Hub 148,Mid-Market,Healthcare,United States,2024-04-16
CUST-10722,Data Pay 148,Enterprise,SaaS / Tech,United Kingdom,2024-04-17
CUST-10723,Nova Works 148,SMB,Fintech,India,2024-04-17
CUST-10724,Pulse Security 148,SMB,Fintech,Canada,2024-04-17
CUST-10725,Stratum Analytics 148,SMB,E-Commerce,United States,2024-04-17
CUST-10726,Sync Tech 148,Enterprise,Fintech,United States,2024-04-17
CUST-10727,Vanguard Sphere 148,SMB,Fintech,United States,2024-04-17
CUST-10728,Omni Labs 148,Mid-Market,Fintech,United States,2024-04-17
CUST-10729,Hyper Flow 148,Mid-Market,Cybersecurity,United Kingdom,2024-04-17
CUST-10730,Zenith Corp 148,Mid-Market,Logistics & Supply Chain,United States,2024-04-17
CUST-10731,Quantum Stack 148,SMB,Healthcare,Germany,2024-04-17
CUST-10732,Nexus AI 148,SMB,SaaS / Tech,Canada,2024-04-18
CUST-10733,Vertex Scale 148,SMB,E-Commerce,United Kingdom,2024-04-18
CUST-10734,Blue Systems 148,Mid-Market,SaaS / Tech,United States,2024-04-18
CUST-10735,Apex Logic 149,SMB,SaaS / Tech,United States,2024-04-19
CUST-10736,Cloud Hub 149,Mid-Market,E-Commerce,Canada,2024-04-19
CUST-10737,Data Pay 149,SMB,Healthcare,United States,2024-04-19
CUST-10738,Nova Works 149,Mid-Market,Fintech,United States,2024-04-19
CUST-10739,Pulse Security 149,Mid-Market,E-Commerce,United States,2024-04-19
CUST-10740,Stratum Analytics 149,Mid-Market,Logistics & Supply Chain,United States,2024-04-19
CUST-10741,Sync Tech 149,Mid-Market,E-Commerce,Canada,2024-04-20
CUST-10742,Vanguard Sphere 149,SMB,Logistics & Supply Chain,United States,2024-04-20
CUST-10743,Omni Labs 149,SMB,Cybersecurity,United Kingdom,2024-04-20
CUST-10744,Hyper Flow 149,Mid-Market,Fintech,United States,2024-04-20
CUST-10745,Zenith Corp 149,SMB,SaaS / Tech,United Kingdom,2024-04-20
CUST-10746,Quantum Stack 149,Mid-Market,SaaS / Tech,Germany,2024-04-21
CUST-10747,Nexus AI 149,SMB,Cybersecurity,Germany,2024-04-21
CUST-10748,Vertex Scale 149,SMB,Cybersecurity,United States,2024-04-21
CUST-10749,Blue Systems 149,SMB,SaaS / Tech,United States,2024-04-21
CUST-10750,Apex Logic 150,Enterprise,Fintech,United States,2024-04-21
CUST-10751,Cloud Hub 150,SMB,SaaS / Tech,United Kingdom,2024-04-21
CUST-10752,Data Pay 150,SMB,Fintech,United Kingdom,2024-04-22
CUST-10753,Nova Works 150,Mid-Market,SaaS / Tech,United Kingdom,2024-04-22
CUST-10754,Pulse Security 150,Enterprise,Cybersecurity,United States,2024-04-22
CUST-10755,Stratum Analytics 150,SMB,Healthcare,United Kingdom,2024-04-22
CUST-10756,Sync Tech 150,SMB,E-Commerce,United States,2024-04-22
CUST-10757,Vanguard Sphere 150,SMB,Healthcare,Canada,2024-04-22
CUST-10758,Omni Labs 150,SMB,Healthcare,United States,2024-04-23
CUST-10759,Hyper Flow 150,SMB,Healthcare,Canada,2024-04-23
CUST-10760,Zenith Corp 150,Mid-Market,SaaS / Tech,United States,2024-04-23
CUST-10761,Quantum Stack 150,Mid-Market,Cybersecurity,United States,2024-04-23
CUST-10762,Nexus AI 150,Mid-Market,Cybersecurity,Canada,2024-04-23
CUST-10763,Vertex Scale 150,SMB,Fintech,United States,2024-04-23
CUST-10764,Blue Systems 150,Enterprise,Logistics & Supply Chain,Canada,2024-04-23
CUST-10765,Apex Logic 151,SMB,SaaS / Tech,United Kingdom,2024-04-23
CUST-10766,Cloud Hub 151,SMB,Healthcare,United Kingdom,2024-04-23
CUST-10767,Data Pay 151,SMB,Fintech,United States,2024-04-23
CUST-10768,Nova Works 151,Mid-Market,Healthcare,United States,2024-04-23
CUST-10769,Pulse Security 151,SMB,Cybersecurity,United Kingdom,2024-04-24
CUST-10770,Stratum Analytics 151,Enterprise,E-Commerce,United States,2024-04-24
CUST-10771,Sync Tech 151,SMB,SaaS / Tech,Canada,2024-04-24
CUST-10772,Vanguard Sphere 151,Enterprise,Healthcare,United States,2024-04-24
CUST-10773,Omni Labs 151,Mid-Market,SaaS / Tech,United States,2024-04-24
CUST-10774,Hyper Flow 151,SMB,Fintech,United States,2024-04-24
CUST-10775,Zenith Corp 151,Enterprise,Healthcare,United States,2024-04-24
CUST-10776,Quantum Stack 151,Mid-Market,E-Commerce,United States,2024-04-24
CUST-10777,Nexus AI 151,SMB,Fintech,Canada,2024-04-25
CUST-10778,Vertex Scale 151,SMB,Logistics & Supply Chain,Canada,2024-04-25
CUST-10779,Blue Systems 151,SMB,Fintech,United States,2024-04-25
CUST-10780,Apex Logic 152,SMB,SaaS / Tech,Australia,2024-04-25
CUST-10781,Cloud Hub 152,SMB,Healthcare,United Kingdom,2024-04-25
CUST-10782,Data Pay 152,Mid-Market,E-Commerce,India,2024-04-25
CUST-10783,Nova Works 152,Mid-Market,Fintech,Canada,2024-04-25
CUST-10784,Pulse Security 152,Mid-Market,Fintech,Canada,2024-04-25
CUST-10785,Stratum Analytics 152,SMB,Cybersecurity,United States,2024-04-25
CUST-10786,Sync Tech 152,SMB,Healthcare,United States,2024-04-25
CUST-10787,Vanguard Sphere 152,Mid-Market,Logistics & Supply Chain,United States,2024-04-26
CUST-10788,Omni Labs 152,Mid-Market,Cybersecurity,Canada,2024-04-26
CUST-10789,Hyper Flow 152,SMB,Fintech,United States,2024-04-27
CUST-10790,Zenith Corp 152,Mid-Market,Healthcare,Canada,2024-04-27
CUST-10791,Quantum Stack 152,SMB,SaaS / Tech,United States,2024-04-27
CUST-10792,Nexus AI 152,SMB,Cybersecurity,Germany,2024-04-27
CUST-10793,Vertex Scale 152,SMB,Cybersecurity,United States,2024-04-27
CUST-10794,Blue Systems 152,Enterprise,E-Commerce,United States,2024-04-27
CUST-10795,Apex Logic 153,SMB,SaaS / Tech,United States,2024-04-27
CUST-10796,Cloud Hub 153,SMB,Fintech,United States,2024-04-27
CUST-10797,Data Pay 153,SMB,Cybersecurity,United States,2024-04-27
CUST-10798,Nova Works 153,SMB,Cybersecurity,Canada,2024-04-28
CUST-10799,Pulse Security 153,SMB,Fintech,United States,2024-04-28
CUST-10800,Stratum Analytics 153,SMB,Healthcare,United States,2024-04-28
CUST-10801,Sync Tech 153,Mid-Market,Fintech,Germany,2024-04-28
CUST-10802,Vanguard Sphere 153,SMB,Healthcare,United States,2024-04-29
CUST-10803,Omni Labs 153,SMB,Logistics & Supply Chain,India,2024-04-29
CUST-10804,Hyper Flow 153,Mid-Market,Healthcare,Australia,2024-04-29
CUST-10805,Zenith Corp 153,SMB,Fintech,United States,2024-04-29
CUST-10806,Quantum Stack 153,SMB,Healthcare,United States,2024-04-29
CUST-10807,Nexus AI 153,SMB,Cybersecurity,United States,2024-04-29
CUST-10808,Vertex Scale 153,Mid-Market,E-Commerce,Canada,2024-04-29
CUST-10809,Blue Systems 153,Enterprise,Healthcare,United Kingdom,2024-04-29
CUST-10810,Apex Logic 154,SMB,Fintech,United Kingdom,2024-04-30
CUST-10811,Cloud Hub 154,SMB,Cybersecurity,Canada,2024-04-30
CUST-10812,Data Pay 154,Enterprise,Logistics & Supply Chain,United States,2024-04-30
CUST-10813,Nova Works 154,SMB,Healthcare,Germany,2024-04-30
CUST-10814,Pulse Security 154,SMB,Fintech,Canada,2024-04-30
CUST-10815,Stratum Analytics 154,SMB,Fintech,United Kingdom,2024-04-30
CUST-10816,Sync Tech 154,SMB,Fintech,India,2024-04-30
CUST-10817,Vanguard Sphere 154,Mid-Market,E-Commerce,Canada,2024-05-01
CUST-10818,Omni Labs 154,Enterprise,Cybersecurity,United States,2024-05-01
CUST-10819,Hyper Flow 154,Mid-Market,E-Commerce,United States,2024-05-01
CUST-10820,Zenith Corp 154,SMB,Logistics & Supply Chain,United States,2024-05-01
CUST-10821,Quantum Stack 154,Enterprise,Healthcare,United States,2024-05-01
CUST-10822,Nexus AI 154,Mid-Market,SaaS / Tech,Australia,2024-05-01
CUST-10823,Vertex Scale 154,Mid-Market,SaaS / Tech,United States,2024-05-01
CUST-10824,Blue Systems 154,SMB,Fintech,Canada,2024-05-02
CUST-10825,Apex Logic 155,SMB,Healthcare,United Kingdom,2024-05-02
CUST-10826,Cloud Hub 155,Mid-Market,E-Commerce,United States,2024-05-02
CUST-10827,Data Pay 155,Mid-Market,Fintech,India,2024-05-02
CUST-10828,Nova Works 155,SMB,Healthcare,Germany,2024-05-02
CUST-10829,Pulse Security 155,Mid-Market,E-Commerce,United Kingdom,2024-05-02
CUST-10830,Stratum Analytics 155,Mid-Market,Cybersecurity,United States,2024-05-02
CUST-10831,Sync Tech 155,Mid-Market,E-Commerce,United States,2024-05-02
CUST-10832,Vanguard Sphere 155,Enterprise,Logistics & Supply Chain,United States,2024-05-02
CUST-10833,Omni Labs 155,Mid-Market,Healthcare,United States,2024-05-03
CUST-10834,Hyper Flow 155,Mid-Market,SaaS / Tech,United Kingdom,2024-05-03
CUST-10835,Zenith Corp 155,Mid-Market,E-Commerce,Australia,2024-05-03
CUST-10836,Quantum Stack 155,SMB,Logistics & Supply Chain,United Kingdom,2024-05-03
CUST-10837,Nexus AI 155,Mid-Market,Healthcare,India,2024-05-03
CUST-10838,Vertex Scale 155,SMB,E-Commerce,United Kingdom,2024-05-03
CUST-10839,Blue Systems 155,SMB,E-Commerce,United States,2024-05-03
CUST-10840,Apex Logic 156,Enterprise,Healthcare,Germany,2024-05-04
CUST-10841,Cloud Hub 156,SMB,Fintech,United States,2024-05-04
CUST-10842,Data Pay 156,Mid-Market,Fintech,Germany,2024-05-04
CUST-10843,Nova Works 156,SMB,Fintech,United States,2024-05-04
CUST-10844,Pulse Security 156,Enterprise,Logistics & Supply Chain,United States,2024-05-04
CUST-10845,Stratum Analytics 156,Mid-Market,Fintech,Germany,2024-05-04
CUST-10846,Sync Tech 156,Enterprise,Fintech,United Kingdom,2024-05-04
CUST-10847,Vanguard Sphere 156,SMB,SaaS / Tech,India,2024-05-04
CUST-10848,Omni Labs 156,SMB,Healthcare,India,2024-05-04
CUST-10849,Hyper Flow 156,SMB,E-Commerce,United States,2024-05-05
CUST-10850,Zenith Corp 156,Enterprise,Fintech,United Kingdom,2024-05-05
CUST-10851,Quantum Stack 156,SMB,Cybersecurity,United States,2024-05-06
CUST-10852,Nexus AI 156,Mid-Market,Logistics & Supply Chain,United Kingdom,2024-05-06
CUST-10853,Vertex Scale 156,SMB,Logistics & Supply Chain,Canada,2024-05-06
CUST-10854,Blue Systems 156,Mid-Market,Healthcare,United States,2024-05-07
CUST-10855,Apex Logic 157,Mid-Market,SaaS / Tech,United Kingdom,2024-05-07
CUST-10856,Cloud Hub 157,Enterprise,Fintech,Canada,2024-05-07
CUST-10857,Data Pay 157,Mid-Market,Fintech,United States,2024-05-07
CUST-10858,Nova Works 157,SMB,Fintech,Germany,2024-05-07
CUST-10859,Pulse Security 157,Enterprise,E-Commerce,United Kingdom,2024-05-07
CUST-10860,Stratum Analytics 157,SMB,E-Commerce,India,2024-05-07
CUST-10861,Sync Tech 157,Mid-Market,E-Commerce,United States,2024-05-07
CUST-10862,Vanguard Sphere 157,SMB,Fintech,United States,2024-05-07
CUST-10863,Omni Labs 157,Mid-Market,Healthcare,United Kingdom,2024-05-07
CUST-10864,Hyper Flow 157,Mid-Market,SaaS / Tech,United States,2024-05-08
CUST-10865,Zenith Corp 157,SMB,Healthcare,Australia,2024-05-08
CUST-10866,Quantum Stack 157,Mid-Market,SaaS / Tech,United States,2024-05-08
CUST-10867,Nexus AI 157,Mid-Market,Fintech,Canada,2024-05-08
CUST-10868,Vertex Scale 157,SMB,Logistics & Supply Chain,United Kingdom,2024-05-09
CUST-10869,Blue Systems 157,SMB,E-Commerce,United States,2024-05-09
CUST-10870,Apex Logic 158,Mid-Market,Fintech,United States,2024-05-09
CUST-10871,Cloud Hub 158,Mid-Market,Fintech,United Kingdom,2024-05-09
CUST-10872,Data Pay 158,SMB,E-Commerce,United Kingdom,2024-05-09
CUST-10873,Nova Works 158,Mid-Market,Logistics & Supply Chain,United States,2024-05-09
CUST-10874,Pulse Security 158,Enterprise,Healthcare,India,2024-05-10
CUST-10875,Stratum Analytics 158,Mid-Market,Healthcare,United States,2024-05-10
CUST-10876,Sync Tech 158,SMB,Logistics & Supply Chain,United States,2024-05-10
CUST-10877,Vanguard Sphere 158,SMB,SaaS / Tech,United Kingdom,2024-05-10
CUST-10878,Omni Labs 158,Enterprise,Healthcare,United States,2024-05-10
CUST-10879,Hyper Flow 158,Mid-Market,E-Commerce,India,2024-05-10
CUST-10880,Zenith Corp 158,Mid-Market,Fintech,United States,2024-05-11
CUST-10881,Quantum Stack 158,SMB,E-Commerce,United States,2024-05-11
CUST-10882,Nexus AI 158,Enterprise,Healthcare,United States,2024-05-11
CUST-10883,Vertex Scale 158,Enterprise,Cybersecurity,United Kingdom,2024-05-11
CUST-10884,Blue Systems 158,SMB,E-Commerce,United Kingdom,2024-05-11
CUST-10885,Apex Logic 159,Mid-Market,E-Commerce,Canada,2024-05-11
CUST-10886,Cloud Hub 159,SMB,E-Commerce,United States,2024-05-12
CUST-10887,Data Pay 159,Mid-Market,Cybersecurity,United States,2024-05-12
CUST-10888,Nova Works 159,Enterprise,Logistics & Supply Chain,Germany,2024-05-12
CUST-10889,Pulse Security 159,Mid-Market,E-Commerce,United States,2024-05-12
CUST-10890,Stratum Analytics 159,SMB,SaaS / Tech,Germany,2024-05-13
CUST-10891,Sync Tech 159,SMB,E-Commerce,United States,2024-05-13
CUST-10892,Vanguard Sphere 159,SMB,E-Commerce,Germany,2024-05-13
CUST-10893,Omni Labs 159,Mid-Market,Fintech,United States,2024-05-13
CUST-10894,Hyper Flow 159,SMB,E-Commerce,United Kingdom,2024-05-13
CUST-10895,Zenith Corp 159,Mid-Market,Fintech,United States,2024-05-13
CUST-10896,Quantum Stack 159,Mid-Market,Cybersecurity,United States,2024-05-13
CUST-10897,Nexus AI 159,SMB,Healthcare,United States,2024-05-13
CUST-10898,Vertex Scale 159,Enterprise,Cybersecurity,United States,2024-05-14
CUST-10899,Blue Systems 159,Enterprise,E-Commerce,United States,2024-05-14
CUST-10900,Apex Logic 160,Mid-Market,E-Commerce,United Kingdom,2024-05-14
CUST-10901,Cloud Hub 160,Enterprise,E-Commerce,United Kingdom,2024-05-14
CUST-10902,Data Pay 160,Mid-Market,Fintech,Canada,2024-05-14
CUST-10903,Nova Works 160,SMB,Healthcare,United Kingdom,2024-05-14
CUST-10904,Pulse Security 160,Mid-Market,Fintech,United Kingdom,2024-05-14
CUST-10905,Stratum Analytics 160,SMB,E-Commerce,United States,2024-05-14
CUST-10906,Sync Tech 160,SMB,Healthcare,United States,2024-05-14
CUST-10907,Vanguard Sphere 160,Mid-Market,SaaS / Tech,United States,2024-05-14
CUST-10908,Omni Labs 160,Mid-Market,Fintech,Germany,2024-05-14
CUST-10909,Hyper Flow 160,Mid-Market,Fintech,United States,2024-05-14
CUST-10910,Zenith Corp 160,SMB,Healthcare,United States,2024-05-15
CUST-10911,Quantum Stack 160,Mid-Market,Cybersecurity,United Kingdom,2024-05-15
CUST-10912,Nexus AI 160,SMB,SaaS / Tech,United States,2024-05-15
CUST-10913,Vertex Scale 160,Mid-Market,Healthcare,India,2024-05-15
CUST-10914,Blue Systems 160,SMB,E-Commerce,Germany,2024-05-15
CUST-10915,Apex Logic 161,Mid-Market,Fintech,United States,2024-05-16
CUST-10916,Cloud Hub 161,Mid-Market,Cybersecurity,United States,2024-05-16
CUST-10917,Data Pay 161,SMB,SaaS / Tech,United States,2024-05-16
CUST-10918,Nova Works 161,SMB,Healthcare,United Kingdom,2024-05-16
CUST-10919,Pulse Security 161,Enterprise,E-Commerce,United States,2024-05-16
CUST-10920,Stratum Analytics 161,SMB,Fintech,Canada,2024-05-17
CUST-10921,Sync Tech 161,Mid-Market,Cybersecurity,United Kingdom,2024-05-17
CUST-10922,Vanguard Sphere 161,SMB,Fintech,United States,2024-05-17
CUST-10923,Omni Labs 161,SMB,E-Commerce,United States,2024-05-17
CUST-10924,Hyper Flow 161,Mid-Market,Fintech,Canada,2024-05-17
CUST-10925,Zenith Corp 161,Enterprise,SaaS / Tech,United States,2024-05-17
CUST-10926,Quantum Stack 161,Mid-Market,SaaS / Tech,Germany,2024-05-17
CUST-10927,Nexus AI 161,SMB,SaaS / Tech,United States,2024-05-18
CUST-10928,Vertex Scale 161,SMB,E-Commerce,United Kingdom,2024-05-18
CUST-10929,Blue Systems 161,Mid-Market,Logistics & Supply Chain,Germany,2024-05-18
CUST-10930,Apex Logic 162,Enterprise,Fintech,Germany,2024-05-18
CUST-10931,Cloud Hub 162,SMB,Healthcare,United States,2024-05-18
CUST-10932,Data Pay 162,SMB,Fintech,United States,2024-05-18
CUST-10933,Nova Works 162,SMB,Cybersecurity,Canada,2024-05-18
CUST-10934,Pulse Security 162,Mid-Market,Healthcare,United States,2024-05-18
CUST-10935,Stratum Analytics 162,Mid-Market,SaaS / Tech,United States,2024-05-18
CUST-10936,Sync Tech 162,Enterprise,SaaS / Tech,India,2024-05-18
CUST-10937,Vanguard Sphere 162,SMB,Fintech,United States,2024-05-18
CUST-10938,Omni Labs 162,Enterprise,Fintech,United States,2024-05-18
CUST-10939,Hyper Flow 162,SMB,Healthcare,United States,2024-05-19
CUST-10940,Zenith Corp 162,Mid-Market,Healthcare,United Kingdom,2024-05-19
CUST-10941,Quantum Stack 162,SMB,Fintech,United Kingdom,2024-05-19
CUST-10942,Nexus AI 162,SMB,Fintech,United States,2024-05-19
CUST-10943,Vertex Scale 162,SMB,Logistics & Supply Chain,United States,2024-05-20
CUST-10944,Blue Systems 162,Mid-Market,Cybersecurity,United States,2024-05-20
CUST-10945,Apex Logic 163,Enterprise,Healthcare,Canada,2024-05-20
CUST-10946,Cloud Hub 163,Enterprise,Healthcare,United States,2024-05-20
CUST-10947,Data Pay 163,SMB,Fintech,India,2024-05-20
CUST-10948,Nova Works 163,SMB,SaaS / Tech,United States,2024-05-21
CUST-10949,Pulse Security 163,SMB,Logistics & Supply Chain,Australia,2024-05-21
CUST-10950,Stratum Analytics 163,SMB,Fintech,United States,2024-05-21
CUST-10951,Sync Tech 163,SMB,Fintech,Canada,2024-05-21
CUST-10952,Vanguard Sphere 163,Mid-Market,SaaS / Tech,United States,2024-05-21
CUST-10953,Omni Labs 163,SMB,E-Commerce,United States,2024-05-22
CUST-10954,Hyper Flow 163,Mid-Market,Fintech,Germany,2024-05-22
CUST-10955,Zenith Corp 163,Mid-Market,E-Commerce,Germany,2024-05-22
CUST-10956,Quantum Stack 163,SMB,Healthcare,United States,2024-05-22
CUST-10957,Nexus AI 163,Enterprise,Healthcare,Canada,2024-05-22
CUST-10958,Vertex Scale 163,Mid-Market,SaaS / Tech,United Kingdom,2024-05-23
CUST-10959,Blue Systems 163,SMB,Logistics & Supply Chain,Germany,2024-05-23
CUST-10960,Apex Logic 164,Enterprise,Healthcare,United States,2024-05-23
CUST-10961,Cloud Hub 164,SMB,Cybersecurity,United Kingdom,2024-05-23
CUST-10962,Data Pay 164,Mid-Market,Healthcare,United States,2024-05-23
CUST-10963,Nova Works 164,Mid-Market,SaaS / Tech,United States,2024-05-24
CUST-10964,Pulse Security 164,Mid-Market,E-Commerce,India,2024-05-24
CUST-10965,Stratum Analytics 164,Mid-Market,Logistics & Supply Chain,United States,2024-05-24
CUST-10966,Sync Tech 164,SMB,Cybersecurity,United States,2024-05-24
CUST-10967,Vanguard Sphere 164,Mid-Market,Fintech,United Kingdom,2024-05-25
CUST-10968,Omni Labs 164,SMB,Cybersecurity,United Kingdom,2024-05-25
CUST-10969,Hyper Flow 164,Mid-Market,Logistics & Supply Chain,United States,2024-05-25
CUST-10970,Zenith Corp 164,SMB,SaaS / Tech,United States,2024-05-25
CUST-10971,Quantum Stack 164,SMB,Fintech,India,2024-05-25
CUST-10972,Nexus AI 164,SMB,Logistics & Supply Chain,United States,2024-05-25
CUST-10973,Vertex Scale 164,Mid-Market,Logistics & Supply Chain,United Kingdom,2024-05-25
CUST-10974,Blue Systems 164,Enterprise,Healthcare,Canada,2024-05-26
CUST-10975,Apex Logic 165,Mid-Market,Cybersecurity,United States,2024-05-26
CUST-10976,Cloud Hub 165,SMB,Fintech,India,2024-05-26
CUST-10977,Data Pay 165,Enterprise,Fintech,Canada,2024-05-26
CUST-10978,Nova Works 165,Mid-Market,E-Commerce,United States,2024-05-26
CUST-10979,Pulse Security 165,SMB,E-Commerce,United Kingdom,2024-05-26
CUST-10980,Stratum Analytics 165,Mid-Market,E-Commerce,Canada,2024-05-26
CUST-10981,Sync Tech 165,SMB,Fintech,United Kingdom,2024-05-26
CUST-10982,Vanguard Sphere 165,Enterprise,Cybersecurity,Germany,2024-05-27
CUST-10983,Omni Labs 165,Enterprise,Fintech,United States,2024-05-27
CUST-10984,Hyper Flow 165,SMB,Fintech,United States,2024-05-27
CUST-10985,Zenith Corp 165,Mid-Market,Fintech,United States,2024-05-27
CUST-10986,Quantum Stack 165,SMB,E-Commerce,United States,2024-05-27
CUST-10987,Nexus AI 165,Mid-Market,Cybersecurity,United States,2024-05-27
CUST-10988,Vertex Scale 165,Mid-Market,SaaS / Tech,Germany,2024-05-28
CUST-10989,Blue Systems 165,SMB,Logistics & Supply Chain,United Kingdom,2024-05-28
CUST-10990,Apex Logic 166,SMB,Fintech,United Kingdom,2024-05-28
CUST-10991,Cloud Hub 166,SMB,E-Commerce,United Kingdom,2024-05-28
CUST-10992,Data Pay 166,Mid-Market,E-Commerce,Germany,2024-05-28
CUST-10993,Nova Works 166,SMB,E-Commerce,United States,2024-05-29
CUST-10994,Pulse Security 166,Mid-Market,Fintech,Germany,2024-05-29
CUST-10995,Stratum Analytics 166,Enterprise,SaaS / Tech,United States,2024-05-29
CUST-10996,Sync Tech 166,SMB,E-Commerce,India,2024-05-29
CUST-10997,Vanguard Sphere 166,Enterprise,SaaS / Tech,Canada,2024-05-29
CUST-10998,Omni Labs 166,SMB,E-Commerce,United States,2024-05-29
CUST-10999,Hyper Flow 166,Mid-Market,Fintech,United Kingdom,2024-05-29
CUST-11000,Zenith Corp 166,Mid-Market,E-Commerce,United Kingdom,2024-05-29
CUST-11001,Quantum Stack 166,SMB,Fintech,United States,2024-05-30
CUST-11002,Nexus AI 166,SMB,Logistics & Supply Chain,United Kingdom,2024-05-30
CUST-11003,Vertex Scale 166,SMB,E-Commerce,United States,2024-05-31
CUST-11004,Blue Systems 166,SMB,Fintech,United States,2024-05-31
CUST-11005,Apex Logic 167,SMB,Cybersecurity,India,2024-05-31
CUST-11006,Cloud Hub 167,SMB,E-Commerce,United Kingdom,2024-05-31
CUST-11007,Data Pay 167,SMB,Fintech,Germany,2024-05-31
CUST-11008,Nova Works 167,Mid-Market,E-Commerce,United Kingdom,2024-05-31
CUST-11009,Pulse Security 167,Mid-Market,Healthcare,United States,2024-06-01
CUST-11010,Stratum Analytics 167,Mid-Market,Logistics & Supply Chain,United Kingdom,2024-06-01
CUST-11011,Sync Tech 167,SMB,Logistics & Supply Chain,United Kingdom,2024-06-01
CUST-11012,Vanguard Sphere 167,SMB,Cybersecurity,Australia,2024-06-01
CUST-11013,Omni Labs 167,Enterprise,E-Commerce,United States,2024-06-01
CUST-11014,Hyper Flow 167,SMB,E-Commerce,Germany,2024-06-01
CUST-11015,Zenith Corp 167,SMB,SaaS / Tech,India,2024-06-02
CUST-11016,Quantum Stack 167,Mid-Market,Fintech,United Kingdom,2024-06-02
CUST-11017,Nexus AI 167,SMB,E-Commerce,India,2024-06-02
CUST-11018,Vertex Scale 167,SMB,E-Commerce,United States,2024-06-02
CUST-11019,Blue Systems 167,Enterprise,Fintech,Australia,2024-06-03
CUST-11020,Apex Logic 168,SMB,Healthcare,Canada,2024-06-03
CUST-11021,Cloud Hub 168,Mid-Market,Logistics & Supply Chain,United States,2024-06-03
CUST-11022,Data Pay 168,SMB,Logistics & Supply Chain,India,2024-06-03
CUST-11023,Nova Works 168,SMB,Fintech,United States,2024-06-03
CUST-11024,Pulse Security 168,SMB,Fintech,United States,2024-06-04
CUST-11025,Stratum Analytics 168,Mid-Market,Healthcare,United Kingdom,2024-06-04
CUST-11026,Sync Tech 168,SMB,Logistics & Supply Chain,United States,2024-06-04
CUST-11027,Vanguard Sphere 168,SMB,Fintech,United States,2024-06-04
CUST-11028,Omni Labs 168,Mid-Market,SaaS / Tech,Germany,2024-06-04
CUST-11029,Hyper Flow 168,SMB,Fintech,United States,2024-06-04
CUST-11030,Zenith Corp 168,Enterprise,E-Commerce,United States,2024-06-05
CUST-11031,Quantum Stack 168,SMB,Healthcare,United States,2024-06-05
CUST-11032,Nexus AI 168,Mid-Market,SaaS / Tech,United States,2024-06-05
CUST-11033,Vertex Scale 168,Enterprise,Fintech,Canada,2024-06-05
CUST-11034,Blue Systems 168,Enterprise,E-Commerce,Canada,2024-06-05
CUST-11035,Apex Logic 169,SMB,Fintech,India,2024-06-05
CUST-11036,Cloud Hub 169,Mid-Market,SaaS / Tech,United Kingdom,2024-06-05
CUST-11037,Data Pay 169,SMB,Logistics & Supply Chain,United States,2024-06-05
CUST-11038,Nova Works 169,Enterprise,Fintech,India,2024-06-06
CUST-11039,Pulse Security 169,Mid-Market,Logistics & Supply Chain,Canada,2024-06-06
CUST-11040,Stratum Analytics 169,SMB,E-Commerce,United Kingdom,2024-06-06
CUST-11041,Sync Tech 169,SMB,Fintech,Canada,2024-06-06
CUST-11042,Vanguard Sphere 169,Mid-Market,Healthcare,India,2024-06-06
CUST-11043,Omni Labs 169,SMB,Fintech,Canada,2024-06-06
CUST-11044,Hyper Flow 169,SMB,SaaS / Tech,United States,2024-06-06
CUST-11045,Zenith Corp 169,SMB,SaaS / Tech,Canada,2024-06-06
CUST-11046,Quantum Stack 169,Mid-Market,Fintech,United States,2024-06-07
CUST-11047,Nexus AI 169,Enterprise,E-Commerce,United States,2024-06-07
CUST-11048,Vertex Scale 169,SMB,Logistics & Supply Chain,United States,2024-06-07
CUST-11049,Blue Systems 169,Enterprise,Cybersecurity,United States,2024-06-07
CUST-11050,Apex Logic 170,SMB,E-Commerce,United States,2024-06-07
CUST-11051,Cloud Hub 170,SMB,Cybersecurity,United States,2024-06-08
CUST-11052,Data Pay 170,SMB,E-Commerce,United Kingdom,2024-06-08
CUST-11053,Nova Works 170,SMB,Healthcare,Germany,2024-06-08
CUST-11054,Pulse Security 170,SMB,Logistics & Supply Chain,Australia,2024-06-08
CUST-11055,Stratum Analytics 170,Mid-Market,E-Commerce,United States,2024-06-08
CUST-11056,Sync Tech 170,SMB,E-Commerce,United Kingdom,2024-06-08
CUST-11057,Vanguard Sphere 170,Mid-Market,E-Commerce,India,2024-06-09
CUST-11058,Omni Labs 170,Mid-Market,Logistics & Supply Chain,United States,2024-06-09
CUST-11059,Hyper Flow 170,SMB,Logistics & Supply Chain,Canada,2024-06-09
CUST-11060,Zenith Corp 170,SMB,Healthcare,Canada,2024-06-09
CUST-11061,Quantum Stack 170,SMB,Healthcare,United States,2024-06-10
CUST-11062,Nexus AI 170,SMB,E-Commerce,Germany,2024-06-10
CUST-11063,Vertex Scale 170,Mid-Market,E-Commerce,Germany,2024-06-10
CUST-11064,Blue Systems 170,Mid-Market,Fintech,United States,2024-06-10
CUST-11065,Apex Logic 171,SMB,SaaS / Tech,United States,2024-06-10
CUST-11066,Cloud Hub 171,Mid-Market,E-Commerce,United States,2024-06-10
CUST-11067,Data Pay 171,Enterprise,Healthcare,United States,2024-06-11
CUST-11068,Nova Works 171,Mid-Market,Fintech,United Kingdom,2024-06-11
CUST-11069,Pulse Security 171,Mid-Market,Fintech,United Kingdom,2024-06-11
CUST-11070,Stratum Analytics 171,Mid-Market,Cybersecurity,United States,2024-06-11
CUST-11071,Sync Tech 171,Mid-Market,Healthcare,India,2024-06-11
CUST-11072,Vanguard Sphere 171,Enterprise,Fintech,United States,2024-06-11
CUST-11073,Omni Labs 171,Enterprise,E-Commerce,United States,2024-06-11
CUST-11074,Hyper Flow 171,SMB,Healthcare,United States,2024-06-11
CUST-11075,Zenith Corp 171,Mid-Market,Fintech,United Kingdom,2024-06-11
CUST-11076,Quantum Stack 171,Mid-Market,Healthcare,United States,2024-06-12
CUST-11077,Nexus AI 171,SMB,E-Commerce,United States,2024-06-12
CUST-11078,Vertex Scale 171,Mid-Market,E-Commerce,United States,2024-06-12
CUST-11079,Blue Systems 171,SMB,Healthcare,Germany,2024-06-12
CUST-11080,Apex Logic 172,SMB,Healthcare,Australia,2024-06-12
CUST-11081,Cloud Hub 172,Enterprise,Cybersecurity,United States,2024-06-12
CUST-11082,Data Pay 172,Mid-Market,Healthcare,United States,2024-06-12
CUST-11083,Nova Works 172,SMB,Healthcare,United Kingdom,2024-06-13
CUST-11084,Pulse Security 172,SMB,Fintech,Canada,2024-06-13
CUST-11085,Stratum Analytics 172,Mid-Market,E-Commerce,United States,2024-06-13
CUST-11086,Sync Tech 172,SMB,SaaS / Tech,India,2024-06-13
CUST-11087,Vanguard Sphere 172,Mid-Market,Fintech,United Kingdom,2024-06-14
CUST-11088,Omni Labs 172,SMB,SaaS / Tech,United States,2024-06-14
CUST-11089,Hyper Flow 172,Mid-Market,Fintech,United Kingdom,2024-06-14
CUST-11090,Zenith Corp 172,SMB,Healthcare,Australia,2024-06-14
CUST-11091,Quantum Stack 172,SMB,SaaS / Tech,Canada,2024-06-14
CUST-11092,Nexus AI 172,SMB,Healthcare,United States,2024-06-14
CUST-11093,Vertex Scale 172,SMB,E-Commerce,United States,2024-06-14
CUST-11094,Blue Systems 172,Mid-Market,Fintech,United States,2024-06-14
CUST-11095,Apex Logic 173,Mid-Market,SaaS / Tech,United States,2024-06-14
CUST-11096,Cloud Hub 173,Mid-Market,Fintech,Canada,2024-06-15
CUST-11097,Data Pay 173,Mid-Market,Logistics & Supply Chain,Germany,2024-06-15
CUST-11098,Nova Works 173,SMB,Fintech,Canada,2024-06-15
CUST-11099,Pulse Security 173,Mid-Market,Logistics & Supply Chain,Australia,2024-06-16
CUST-11100,Stratum Analytics 173,Enterprise,Healthcare,United States,2024-06-16
CUST-11101,Sync Tech 173,SMB,SaaS / Tech,Germany,2024-06-16
CUST-11102,Vanguard Sphere 173,SMB,Healthcare,Canada,2024-06-16
CUST-11103,Omni Labs 173,SMB,Cybersecurity,United States,2024-06-16
CUST-11104,Hyper Flow 173,SMB,Fintech,Canada,2024-06-16
CUST-11105,Zenith Corp 173,Mid-Market,Fintech,United States,2024-06-16
CUST-11106,Quantum Stack 173,Mid-Market,E-Commerce,Canada,2024-06-16
CUST-11107,Nexus AI 173,SMB,Fintech,United Kingdom,2024-06-16
CUST-11108,Vertex Scale 173,SMB,Fintech,United States,2024-06-16
CUST-11109,Blue Systems 173,Mid-Market,Cybersecurity,United Kingdom,2024-06-17
CUST-11110,Apex Logic 174,SMB,Cybersecurity,United Kingdom,2024-06-17
CUST-11111,Cloud Hub 174,Mid-Market,Healthcare,United States,2024-06-17
CUST-11112,Data Pay 174,Mid-Market,Cybersecurity,United States,2024-06-17
CUST-11113,Nova Works 174,SMB,E-Commerce,United States,2024-06-17
CUST-11114,Pulse Security 174,SMB,Healthcare,United Kingdom,2024-06-17
CUST-11115,Stratum Analytics 174,SMB,SaaS / Tech,Germany,2024-06-17
CUST-11116,Sync Tech 174,Enterprise,SaaS / Tech,India,2024-06-17
CUST-11117,Vanguard Sphere 174,SMB,Cybersecurity,United Kingdom,2024-06-18
CUST-11118,Omni Labs 174,Mid-Market,Healthcare,Canada,2024-06-18
CUST-11119,Hyper Flow 174,Enterprise,SaaS / Tech,United States,2024-06-18
CUST-11120,Zenith Corp 174,SMB,Fintech,Canada,2024-06-18
CUST-11121,Quantum Stack 174,SMB,Fintech,United States,2024-06-18
CUST-11122,Nexus AI 174,SMB,Fintech,United States,2024-06-18
CUST-11123,Vertex Scale 174,SMB,Cybersecurity,United Kingdom,2024-06-19
CUST-11124,Blue Systems 174,SMB,Logistics & Supply Chain,United States,2024-06-19
CUST-11125,Apex Logic 175,SMB,SaaS / Tech,Canada,2024-06-19
CUST-11126,Cloud Hub 175,Enterprise,E-Commerce,Germany,2024-06-19
CUST-11127,Data Pay 175,Mid-Market,Healthcare,United States,2024-06-19
CUST-11128,Nova Works 175,Mid-Market,Fintech,United States,2024-06-19
CUST-11129,Pulse Security 175,Mid-Market,Healthcare,Germany,2024-06-19
CUST-11130,Stratum Analytics 175,SMB,Healthcare,Canada,2024-06-19
CUST-11131,Sync Tech 175,Mid-Market,SaaS / Tech,United States,2024-06-19
CUST-11132,Vanguard Sphere 175,Enterprise,E-Commerce,United States,2024-06-19
CUST-11133,Omni Labs 175,Mid-Market,Fintech,United Kingdom,2024-06-19
CUST-11134,Hyper Flow 175,SMB,Fintech,United Kingdom,2024-06-19
CUST-11135,Zenith Corp 175,Enterprise,Fintech,United States,2024-06-20
CUST-11136,Quantum Stack 175,SMB,Healthcare,United States,2024-06-20
CUST-11137,Nexus AI 175,Mid-Market,Cybersecurity,India,2024-06-20
CUST-11138,Vertex Scale 175,Mid-Market,E-Commerce,Canada,2024-06-20
CUST-11139,Blue Systems 175,SMB,Logistics & Supply Chain,Australia,2024-06-20
CUST-11140,Apex Logic 176,SMB,E-Commerce,Canada,2024-06-20
CUST-11141,Cloud Hub 176,Mid-Market,Healthcare,India,2024-06-20
CUST-11142,Data Pay 176,SMB,Fintech,United States,2024-06-20
CUST-11143,Nova Works 176,SMB,Logistics & Supply Chain,Canada,2024-06-21
CUST-11144,Pulse Security 176,Mid-Market,SaaS / Tech,United States,2024-06-21
CUST-11145,Stratum Analytics 176,SMB,Fintech,United Kingdom,2024-06-21
CUST-11146,Sync Tech 176,SMB,E-Commerce,United States,2024-06-21
CUST-11147,Vanguard Sphere 176,SMB,E-Commerce,United States,2024-06-21
CUST-11148,Omni Labs 176,SMB,E-Commerce,Germany,2024-06-21
CUST-11149,Hyper Flow 176,SMB,Cybersecurity,Germany,2024-06-22
CUST-11150,Zenith Corp 176,SMB,E-Commerce,United States,2024-06-22
CUST-11151,Quantum Stack 176,SMB,E-Commerce,United Kingdom,2024-06-22
CUST-11152,Nexus AI 176,SMB,Fintech,United States,2024-06-22
CUST-11153,Vertex Scale 176,SMB,Fintech,United States,2024-06-22
CUST-11154,Blue Systems 176,SMB,Fintech,Germany,2024-06-22
CUST-11155,Apex Logic 177,SMB,Fintech,United States,2024-06-23
CUST-11156,Cloud Hub 177,Mid-Market,SaaS / Tech,India,2024-06-23
CUST-11157,Data Pay 177,SMB,SaaS / Tech,United States,2024-06-23
CUST-11158,Nova Works 177,SMB,Fintech,United Kingdom,2024-06-23
CUST-11159,Pulse Security 177,Enterprise,Logistics & Supply Chain,United Kingdom,2024-06-23
CUST-11160,Stratum Analytics 177,SMB,Fintech,United States,2024-06-23
CUST-11161,Sync Tech 177,Enterprise,Healthcare,United States,2024-06-23
CUST-11162,Vanguard Sphere 177,Mid-Market,Fintech,Germany,2024-06-23
CUST-11163,Omni Labs 177,SMB,Healthcare,Canada,2024-06-23
CUST-11164,Hyper Flow 177,Mid-Market,Healthcare,United States,2024-06-23
CUST-11165,Zenith Corp 177,SMB,E-Commerce,United Kingdom,2024-06-23
CUST-11166,Quantum Stack 177,SMB,Healthcare,United States,2024-06-24
CUST-11167,Nexus AI 177,SMB,Cybersecurity,United States,2024-06-24
CUST-11168,Vertex Scale 177,Enterprise,Fintech,United States,2024-06-24
CUST-11169,Blue Systems 177,Mid-Market,Fintech,United States,2024-06-24
CUST-11170,Apex Logic 178,SMB,Fintech,Germany,2024-06-24
CUST-11171,Cloud Hub 178,SMB,E-Commerce,Canada,2024-06-24
CUST-11172,Data Pay 178,SMB,Fintech,India,2024-06-24
CUST-11173,Nova Works 178,Mid-Market,Logistics & Supply Chain,Canada,2024-06-24
CUST-11174,Pulse Security 178,SMB,E-Commerce,India,2024-06-24
CUST-11175,Stratum Analytics 178,SMB,E-Commerce,United Kingdom,2024-06-24
CUST-11176,Sync Tech 178,SMB,E-Commerce,United Kingdom,2024-06-25
CUST-11177,Vanguard Sphere 178,Enterprise,Fintech,Australia,2024-06-25
CUST-11178,Omni Labs 178,SMB,Fintech,United Kingdom,2024-06-25
CUST-11179,Hyper Flow 178,SMB,Healthcare,United States,2024-06-25
CUST-11180,Zenith Corp 178,SMB,E-Commerce,Canada,2024-06-25
CUST-11181,Quantum Stack 178,Mid-Market,Fintech,India,2024-06-26
CUST-11182,Nexus AI 178,SMB,Fintech,Canada,2024-06-26
CUST-11183,Vertex Scale 178,SMB,Cybersecurity,United Kingdom,2024-06-26
CUST-11184,Blue Systems 178,Enterprise,Fintech,United Kingdom,2024-06-26
CUST-11185,Apex Logic 179,SMB,Logistics & Supply Chain,Australia,2024-06-26
CUST-11186,Cloud Hub 179,SMB,SaaS / Tech,United States,2024-06-27
CUST-11187,Data Pay 179,Enterprise,Healthcare,United Kingdom,2024-06-27
CUST-11188,Nova Works 179,Mid-Market,Fintech,United States,2024-06-27
CUST-11189,Pulse Security 179,SMB,Fintech,United Kingdom,2024-06-27
CUST-11190,Stratum Analytics 179,Enterprise,SaaS / Tech,United Kingdom,2024-06-27
CUST-11191,Sync Tech 179,SMB,E-Commerce,United States,2024-06-27
CUST-11192,Vanguard Sphere 179,Mid-Market,SaaS / Tech,United States,2024-06-27
CUST-11193,Omni Labs 179,SMB,Cybersecurity,United Kingdom,2024-06-28
CUST-11194,Hyper Flow 179,Enterprise,SaaS / Tech,United States,2024-06-28
CUST-11195,Zenith Corp 179,SMB,Fintech,United States,2024-06-28
CUST-11196,Quantum Stack 179,SMB,Fintech,Germany,2024-06-28
CUST-11197,Nexus AI 179,SMB,Logistics & Supply Chain,United States,2024-06-29
CUST-11198,Vertex Scale 179,SMB,Fintech,United States,2024-06-29
CUST-11199,Blue Systems 179,Enterprise,Fintech,India,2024-06-29
CUST-11200,Apex Logic 180,SMB,SaaS / Tech,United States,2024-06-29
CUST-11201,Cloud Hub 180,Enterprise,Healthcare,United States,2024-06-29
CUST-11202,Data Pay 180,Enterprise,Cybersecurity,United Kingdom,2024-06-29
CUST-11203,Nova Works 180,Mid-Market,SaaS / Tech,Canada,2024-06-29
CUST-11204,Pulse Security 180,Mid-Market,Fintech,India,2024-06-30
CUST-11205,Stratum Analytics 180,SMB,Cybersecurity,India,2024-06-30
CUST-11206,Sync Tech 180,SMB,Healthcare,Canada,2024-06-30
CUST-11207,Vanguard Sphere 180,Mid-Market,Healthcare,United States,2024-06-30
CUST-11208,Omni Labs 180,Mid-Market,Healthcare,United States,2024-06-30
CUST-11209,Hyper Flow 180,SMB,Fintech,United States,2024-06-30
CUST-11210,Zenith Corp 180,Mid-Market,E-Commerce,United States,2024-06-30
CUST-11211,Quantum Stack 180,Mid-Market,Fintech,Canada,2024-07-01
CUST-11212,Nexus AI 180,Mid-Market,Healthcare,United Kingdom,2024-07-01
CUST-11213,Vertex Scale 180,SMB,Healthcare,United States,2024-07-01
CUST-11214,Blue Systems 180,SMB,SaaS / Tech,Germany,2024-07-01
CUST-11215,Apex Logic 181,Mid-Market,Logistics & Supply Chain,United States,2024-07-01
CUST-11216,Cloud Hub 181,Enterprise,Fintech,United States,2024-07-02
CUST-11217,Data Pay 181,SMB,Healthcare,United Kingdom,2024-07-02
CUST-11218,Nova Works 181,SMB,Healthcare,United States,2024-07-02
CUST-11219,Pulse Security 181,Mid-Market,Fintech,United States,2024-07-02
CUST-11220,Stratum Analytics 181,SMB,SaaS / Tech,United States,2024-07-02
CUST-11221,Sync Tech 181,Mid-Market,SaaS / Tech,United States,2024-07-03
CUST-11222,Vanguard Sphere 181,Mid-Market,Fintech,Canada,2024-07-03
CUST-11223,Omni Labs 181,SMB,Healthcare,India,2024-07-03
CUST-11224,Hyper Flow 181,Mid-Market,Fintech,United States,2024-07-03
CUST-11225,Zenith Corp 181,SMB,E-Commerce,United States,2024-07-04
CUST-11226,Quantum Stack 181,Mid-Market,Fintech,Canada,2024-07-04
CUST-11227,Nexus AI 181,Mid-Market,Cybersecurity,India,2024-07-04
CUST-11228,Vertex Scale 181,SMB,SaaS / Tech,United States,2024-07-04
CUST-11229,Blue Systems 181,Mid-Market,Healthcare,United States,2024-07-04
CUST-11230,Apex Logic 182,SMB,E-Commerce,Canada,2024-07-04
CUST-11231,Cloud Hub 182,Mid-Market,Cybersecurity,United Kingdom,2024-07-05
CUST-11232,Data Pay 182,Mid-Market,E-Commerce,United States,2024-07-05
CUST-11233,Nova Works 182,Enterprise,Fintech,United Kingdom,2024-07-05
CUST-11234,Pulse Security 182,SMB,Healthcare,United States,2024-07-05
CUST-11235,Stratum Analytics 182,Mid-Market,Logistics & Supply Chain,United Kingdom,2024-07-05
CUST-11236,Sync Tech 182,SMB,E-Commerce,United Kingdom,2024-07-05
CUST-11237,Vanguard Sphere 182,Mid-Market,SaaS / Tech,Germany,2024-07-05
CUST-11238,Omni Labs 182,SMB,Logistics & Supply Chain,United States,2024-07-06
CUST-11239,Hyper Flow 182,Mid-Market,Logistics & Supply Chain,United States,2024-07-06
CUST-11240,Zenith Corp 182,SMB,Cybersecurity,United States,2024-07-06
CUST-11241,Quantum Stack 182,SMB,Fintech,Germany,2024-07-06
CUST-11242,Nexus AI 182,SMB,E-Commerce,United States,2024-07-06
CUST-11243,Vertex Scale 182,SMB,SaaS / Tech,United States,2024-07-06
CUST-11244,Blue Systems 182,SMB,SaaS / Tech,United States,2024-07-07
CUST-11245,Apex Logic 183,SMB,E-Commerce,Canada,2024-07-07
CUST-11246,Cloud Hub 183,Enterprise,Fintech,United States,2024-07-07
CUST-11247,Data Pay 183,Enterprise,SaaS / Tech,United States,2024-07-07
CUST-11248,Nova Works 183,SMB,SaaS / Tech,United States,2024-07-07
CUST-11249,Pulse Security 183,SMB,Fintech,Germany,2024-07-07
CUST-11250,Stratum Analytics 183,SMB,E-Commerce,United Kingdom,2024-07-08
CUST-11251,Sync Tech 183,Mid-Market,Fintech,Canada,2024-07-08
CUST-11252,Vanguard Sphere 183,Enterprise,Healthcare,India,2024-07-08
CUST-11253,Omni Labs 183,Enterprise,Fintech,India,2024-07-08
CUST-11254,Hyper Flow 183,SMB,Healthcare,United States,2024-07-08
CUST-11255,Zenith Corp 183,Mid-Market,E-Commerce,Australia,2024-07-09
CUST-11256,Quantum Stack 183,Mid-Market,E-Commerce,United States,2024-07-09
CUST-11257,Nexus AI 183,Mid-Market,SaaS / Tech,United States,2024-07-09
CUST-11258,Vertex Scale 183,Enterprise,Logistics & Supply Chain,India,2024-07-09
CUST-11259,Blue Systems 183,SMB,Fintech,United States,2024-07-09
CUST-11260,Apex Logic 184,Mid-Market,Fintech,United States,2024-07-10
CUST-11261,Cloud Hub 184,SMB,Logistics & Supply Chain,United States,2024-07-10
CUST-11262,Data Pay 184,Mid-Market,Fintech,United Kingdom,2024-07-10
CUST-11263,Nova Works 184,Mid-Market,Cybersecurity,United States,2024-07-10
CUST-11264,Pulse Security 184,Enterprise,Logistics & Supply Chain,Canada,2024-07-10
CUST-11265,Stratum Analytics 184,Enterprise,E-Commerce,India,2024-07-10
CUST-11266,Sync Tech 184,Mid-Market,Cybersecurity,United Kingdom,2024-07-10
CUST-11267,Vanguard Sphere 184,Mid-Market,Fintech,United States,2024-07-10
CUST-11268,Omni Labs 184,SMB,Healthcare,India,2024-07-11
CUST-11269,Hyper Flow 184,Mid-Market,E-Commerce,United States,2024-07-11
CUST-11270,Zenith Corp 184,SMB,Healthcare,United States,2024-07-11
CUST-11271,Quantum Stack 184,SMB,Cybersecurity,United States,2024-07-11
CUST-11272,Nexus AI 184,SMB,Fintech,United Kingdom,2024-07-11
CUST-11273,Vertex Scale 184,Enterprise,E-Commerce,United States,2024-07-11
CUST-11274,Blue Systems 184,Mid-Market,E-Commerce,United States,2024-07-11
CUST-11275,Apex Logic 185,Enterprise,SaaS / Tech,United States,2024-07-12
CUST-11276,Cloud Hub 185,Mid-Market,Healthcare,United States,2024-07-12
CUST-11277,Data Pay 185,SMB,Healthcare,United Kingdom,2024-07-12
CUST-11278,Nova Works 185,Enterprise,Logistics & Supply Chain,Germany,2024-07-12
CUST-11279,Pulse Security 185,Mid-Market,Fintech,Canada,2024-07-12
CUST-11280,Stratum Analytics 185,SMB,Logistics & Supply Chain,United States,2024-07-12
CUST-11281,Sync Tech 185,SMB,E-Commerce,United States,2024-07-12
CUST-11282,Vanguard Sphere 185,SMB,SaaS / Tech,Australia,2024-07-12
CUST-11283,Omni Labs 185,Enterprise,SaaS / Tech,United States,2024-07-12
CUST-11284,Hyper Flow 185,Mid-Market,Fintech,Germany,2024-07-12
CUST-11285,Zenith Corp 185,SMB,E-Commerce,United States,2024-07-12
CUST-11286,Quantum Stack 185,Enterprise,Logistics & Supply Chain,India,2024-07-12
CUST-11287,Nexus AI 185,Mid-Market,Healthcare,United States,2024-07-13
CUST-11288,Vertex Scale 185,Enterprise,Cybersecurity,United States,2024-07-13
CUST-11289,Blue Systems 185,Enterprise,E-Commerce,Canada,2024-07-13
CUST-11290,Apex Logic 186,Mid-Market,Fintech,United Kingdom,2024-07-13
CUST-11291,Cloud Hub 186,Enterprise,Healthcare,United States,2024-07-13
CUST-11292,Data Pay 186,SMB,Cybersecurity,United Kingdom,2024-07-13
CUST-11293,Nova Works 186,SMB,Healthcare,Canada,2024-07-14
CUST-11294,Pulse Security 186,SMB,Logistics & Supply Chain,United States,2024-07-14
CUST-11295,Stratum Analytics 186,Mid-Market,Logistics & Supply Chain,United States,2024-07-14
CUST-11296,Sync Tech 186,Mid-Market,Healthcare,United States,2024-07-14
CUST-11297,Vanguard Sphere 186,Enterprise,Fintech,United States,2024-07-14
CUST-11298,Omni Labs 186,SMB,SaaS / Tech,United Kingdom,2024-07-14
CUST-11299,Hyper Flow 186,SMB,Healthcare,United States,2024-07-14
CUST-11300,Zenith Corp 186,Enterprise,SaaS / Tech,United States,2024-07-14
CUST-11301,Quantum Stack 186,SMB,Healthcare,United States,2024-07-14
CUST-11302,Nexus AI 186,Enterprise,E-Commerce,United Kingdom,2024-07-15
CUST-11303,Vertex Scale 186,SMB,SaaS / Tech,United States,2024-07-15
CUST-11304,Blue Systems 186,SMB,Healthcare,United States,2024-07-15
CUST-11305,Apex Logic 187,SMB,Healthcare,United States,2024-07-15
CUST-11306,Cloud Hub 187,SMB,Healthcare,Australia,2024-07-15
CUST-11307,Data Pay 187,SMB,Healthcare,United States,2024-07-15
CUST-11308,Nova Works 187,Mid-Market,E-Commerce,Canada,2024-07-16
CUST-11309,Pulse Security 187,SMB,Logistics & Supply Chain,United States,2024-07-16
CUST-11310,Stratum Analytics 187,Enterprise,Healthcare,United States,2024-07-16
CUST-11311,Sync Tech 187,SMB,E-Commerce,United Kingdom,2024-07-16
CUST-11312,Vanguard Sphere 187,SMB,SaaS / Tech,United States,2024-07-17
CUST-11313,Omni Labs 187,SMB,Healthcare,Australia,2024-07-17
CUST-11314,Hyper Flow 187,Mid-Market,Healthcare,India,2024-07-17
CUST-11315,Zenith Corp 187,SMB,Cybersecurity,Canada,2024-07-17
CUST-11316,Quantum Stack 187,SMB,SaaS / Tech,United Kingdom,2024-07-17
CUST-11317,Nexus AI 187,SMB,E-Commerce,United States,2024-07-17
CUST-11318,Vertex Scale 187,Enterprise,E-Commerce,United States,2024-07-17
CUST-11319,Blue Systems 187,Enterprise,Fintech,India,2024-07-18
CUST-11320,Apex Logic 188,Mid-Market,E-Commerce,United Kingdom,2024-07-18
CUST-11321,Cloud Hub 188,Mid-Market,E-Commerce,United Kingdom,2024-07-18
CUST-11322,Data Pay 188,SMB,E-Commerce,United States,2024-07-18
CUST-11323,Nova Works 188,Mid-Market,Healthcare,United States,2024-07-18
CUST-11324,Pulse Security 188,SMB,Fintech,India,2024-07-18
CUST-11325,Stratum Analytics 188,Mid-Market,Fintech,United States,2024-07-19
CUST-11326,Sync Tech 188,Mid-Market,Cybersecurity,United States,2024-07-19
CUST-11327,Vanguard Sphere 188,SMB,Healthcare,United States,2024-07-19
CUST-11328,Omni Labs 188,SMB,E-Commerce,Germany,2024-07-19
CUST-11329,Hyper Flow 188,Mid-Market,Fintech,United States,2024-07-20
CUST-11330,Zenith Corp 188,SMB,Fintech,Germany,2024-07-20
CUST-11331,Quantum Stack 188,SMB,SaaS / Tech,United States,2024-07-20
CUST-11332,Nexus AI 188,Mid-Market,E-Commerce,India,2024-07-20
CUST-11333,Vertex Scale 188,SMB,E-Commerce,Canada,2024-07-20
CUST-11334,Blue Systems 188,SMB,Fintech,United States,2024-07-20
CUST-11335,Apex Logic 189,SMB,SaaS / Tech,United Kingdom,2024-07-20
CUST-11336,Cloud Hub 189,Mid-Market,Fintech,United States,2024-07-21
CUST-11337,Data Pay 189,SMB,Fintech,United States,2024-07-21
CUST-11338,Nova Works 189,Enterprise,E-Commerce,Germany,2024-07-21
CUST-11339,Pulse Security 189,Enterprise,Healthcare,United States,2024-07-21
CUST-11340,Stratum Analytics 189,Mid-Market,Fintech,United States,2024-07-21
CUST-11341,Sync Tech 189,Mid-Market,E-Commerce,United States,2024-07-22
CUST-11342,Vanguard Sphere 189,SMB,SaaS / Tech,United States,2024-07-22
CUST-11343,Omni Labs 189,SMB,Logistics & Supply Chain,Germany,2024-07-22
CUST-11344,Hyper Flow 189,SMB,Healthcare,United States,2024-07-22
CUST-11345,Zenith Corp 189,Mid-Market,Fintech,Australia,2024-07-22
CUST-11346,Quantum Stack 189,Mid-Market,Healthcare,India,2024-07-23
CUST-11347,Nexus AI 189,Mid-Market,Cybersecurity,United States,2024-07-23
CUST-11348,Vertex Scale 189,SMB,E-Commerce,United States,2024-07-23
CUST-11349,Blue Systems 189,Enterprise,SaaS / Tech,Germany,2024-07-23
CUST-11350,Apex Logic 190,SMB,Fintech,United States,2024-07-23
CUST-11351,Cloud Hub 190,SMB,E-Commerce,United States,2024-07-23
CUST-11352,Data Pay 190,Mid-Market,Fintech,United States,2024-07-23
CUST-11353,Nova Works 190,SMB,E-Commerce,United Kingdom,2024-07-24
CUST-11354,Pulse Security 190,Mid-Market,Cybersecurity,Canada,2024-07-24
CUST-11355,Stratum Analytics 190,SMB,Cybersecurity,United States,2024-07-24
CUST-11356,Sync Tech 190,SMB,E-Commerce,United States,2024-07-24
CUST-11357,Vanguard Sphere 190,Mid-Market,E-Commerce,India,2024-07-24
CUST-11358,Omni Labs 190,Mid-Market,Cybersecurity,Canada,2024-07-24
CUST-11359,Hyper Flow 190,SMB,SaaS / Tech,United Kingdom,2024-07-24
CUST-11360,Zenith Corp 190,SMB,Fintech,Canada,2024-07-24
CUST-11361,Quantum Stack 190,Mid-Market,E-Commerce,United States,2024-07-25
CUST-11362,Nexus AI 190,SMB,Fintech,Canada,2024-07-25
CUST-11363,Vertex Scale 190,SMB,E-Commerce,United States,2024-07-25
CUST-11364,Blue Systems 190,SMB,E-Commerce,United States,2024-07-25
CUST-11365,Apex Logic 191,Enterprise,E-Commerce,Canada,2024-07-26
CUST-11366,Cloud Hub 191,SMB,Healthcare,United States,2024-07-26
CUST-11367,Data Pay 191,SMB,Fintech,Australia,2024-07-26
CUST-11368,Nova Works 191,Mid-Market,E-Commerce,United States,2024-07-26
CUST-11369,Pulse Security 191,Mid-Market,Logistics & Supply Chain,India,2024-07-26
CUST-11370,Stratum Analytics 191,SMB,SaaS / Tech,India,2024-07-26
CUST-11371,Sync Tech 191,Mid-Market,Healthcare,United States,2024-07-27
CUST-11372,Vanguard Sphere 191,SMB,Cybersecurity,Canada,2024-07-27
CUST-11373,Omni Labs 191,Mid-Market,Cybersecurity,United States,2024-07-27
CUST-11374,Hyper Flow 191,Mid-Market,Fintech,India,2024-07-27
CUST-11375,Zenith Corp 191,SMB,Fintech,United States,2024-07-27
CUST-11376,Quantum Stack 191,Mid-Market,SaaS / Tech,Canada,2024-07-27
CUST-11377,Nexus AI 191,SMB,Logistics & Supply Chain,United States,2024-07-28
CUST-11378,Vertex Scale 191,Mid-Market,Cybersecurity,United States,2024-07-28
CUST-11379,Blue Systems 191,SMB,Logistics & Supply Chain,United States,2024-07-28
CUST-11380,Apex Logic 192,Mid-Market,E-Commerce,United States,2024-07-28
CUST-11381,Cloud Hub 192,Mid-Market,E-Commerce,Canada,2024-07-28
CUST-11382,Data Pay 192,SMB,Fintech,United Kingdom,2024-07-28
CUST-11383,Nova Works 192,Mid-Market,Fintech,Canada,2024-07-28
CUST-11384,Pulse Security 192,SMB,E-Commerce,United States,2024-07-28
CUST-11385,Stratum Analytics 192,Mid-Market,E-Commerce,United States,2024-07-28
CUST-11386,Sync Tech 192,SMB,E-Commerce,United States,2024-07-28
CUST-11387,Vanguard Sphere 192,Enterprise,SaaS / Tech,Germany,2024-07-28
CUST-11388,Omni Labs 192,SMB,Healthcare,Australia,2024-07-29
CUST-11389,Hyper Flow 192,Mid-Market,E-Commerce,United States,2024-07-29
CUST-11390,Zenith Corp 192,Mid-Market,Fintech,United States,2024-07-29
CUST-11391,Quantum Stack 192,Enterprise,Healthcare,United States,2024-07-29
CUST-11392,Nexus AI 192,Mid-Market,SaaS / Tech,United Kingdom,2024-07-29
CUST-11393,Vertex Scale 192,SMB,SaaS / Tech,United Kingdom,2024-07-29
CUST-11394,Blue Systems 192,Mid-Market,Cybersecurity,Canada,2024-07-29
CUST-11395,Apex Logic 193,SMB,Healthcare,United States,2024-07-29
CUST-11396,Cloud Hub 193,Mid-Market,E-Commerce,Canada,2024-07-29
CUST-11397,Data Pay 193,Mid-Market,Healthcare,Canada,2024-07-29
CUST-11398,Nova Works 193,SMB,Healthcare,United States,2024-07-30
CUST-11399,Pulse Security 193,SMB,Logistics & Supply Chain,United Kingdom,2024-07-30
CUST-11400,Stratum Analytics 193,Mid-Market,SaaS / Tech,United States,2024-07-30
CUST-11401,Sync Tech 193,Mid-Market,Logistics & Supply Chain,United States,2024-07-30
CUST-11402,Vanguard Sphere 193,Enterprise,Fintech,India,2024-07-31
CUST-11403,Omni Labs 193,SMB,Logistics & Supply Chain,United States,2024-07-31
CUST-11404,Hyper Flow 193,SMB,Fintech,Germany,2024-07-31
CUST-11405,Zenith Corp 193,Mid-Market,Logistics & Supply Chain,United Kingdom,2024-07-31
CUST-11406,Quantum Stack 193,SMB,Healthcare,United States,2024-07-31
CUST-11407,Nexus AI 193,SMB,Healthcare,United Kingdom,2024-08-01
CUST-11408,Vertex Scale 193,SMB,E-Commerce,United Kingdom,2024-08-01
CUST-11409,Blue Systems 193,SMB,Cybersecurity,United States,2024-08-01
CUST-11410,Apex Logic 194,Mid-Market,Fintech,United States,2024-08-01
CUST-11411,Cloud Hub 194,Enterprise,Healthcare,United States,2024-08-01
CUST-11412,Data Pay 194,Mid-Market,Logistics & Supply Chain,United States,2024-08-01
CUST-11413,Nova Works 194,Enterprise,Healthcare,United States,2024-08-01
CUST-11414,Pulse Security 194,SMB,Fintech,United States,2024-08-01
CUST-11415,Stratum Analytics 194,SMB,Healthcare,United States,2024-08-01
CUST-11416,Sync Tech 194,Enterprise,Healthcare,India,2024-08-01
CUST-11417,Vanguard Sphere 194,Enterprise,Cybersecurity,United States,2024-08-02
CUST-11418,Omni Labs 194,Mid-Market,SaaS / Tech,Canada,2024-08-02
CUST-11419,Hyper Flow 194,SMB,E-Commerce,United Kingdom,2024-08-02
CUST-11420,Zenith Corp 194,Mid-Market,Cybersecurity,Canada,2024-08-02
CUST-11421,Quantum Stack 194,SMB,E-Commerce,United States,2024-08-02
CUST-11422,Nexus AI 194,Enterprise,Fintech,India,2024-08-02
CUST-11423,Vertex Scale 194,Enterprise,Healthcare,United Kingdom,2024-08-02
CUST-11424,Blue Systems 194,SMB,Healthcare,Germany,2024-08-02
CUST-11425,Apex Logic 195,SMB,Fintech,United States,2024-08-03
CUST-11426,Cloud Hub 195,Enterprise,Cybersecurity,United States,2024-08-03
CUST-11427,Data Pay 195,SMB,SaaS / Tech,United Kingdom,2024-08-03
CUST-11428,Nova Works 195,SMB,Healthcare,United States,2024-08-03
CUST-11429,Pulse Security 195,SMB,E-Commerce,United States,2024-08-03
CUST-11430,Stratum Analytics 195,Mid-Market,SaaS / Tech,United States,2024-08-04
CUST-11431,Sync Tech 195,SMB,Cybersecurity,United Kingdom,2024-08-04
CUST-11432,Vanguard Sphere 195,Mid-Market,Logistics & Supply Chain,Australia,2024-08-04
CUST-11433,Omni Labs 195,SMB,E-Commerce,United States,2024-08-04
CUST-11434,Hyper Flow 195,Enterprise,SaaS / Tech,Germany,2024-08-05
CUST-11435,Zenith Corp 195,Enterprise,E-Commerce,United Kingdom,2024-08-05
CUST-11436,Quantum Stack 195,Mid-Market,E-Commerce,United States,2024-08-05
CUST-11437,Nexus AI 195,SMB,Fintech,India,2024-08-05
CUST-11438,Vertex Scale 195,Mid-Market,Fintech,India,2024-08-05
CUST-11439,Blue Systems 195,SMB,E-Commerce,Canada,2024-08-05
CUST-11440,Apex Logic 196,SMB,Healthcare,United States,2024-08-05
CUST-11441,Cloud Hub 196,Enterprise,Fintech,United Kingdom,2024-08-06
CUST-11442,Data Pay 196,SMB,SaaS / Tech,United States,2024-08-06
CUST-11443,Nova Works 196,Mid-Market,Fintech,United States,2024-08-06
CUST-11444,Pulse Security 196,SMB,E-Commerce,United States,2024-08-06
CUST-11445,Stratum Analytics 196,Mid-Market,E-Commerce,Germany,2024-08-07
CUST-11446,Sync Tech 196,SMB,Cybersecurity,India,2024-08-07
CUST-11447,Vanguard Sphere 196,SMB,E-Commerce,United States,2024-08-07
CUST-11448,Omni Labs 196,SMB,Fintech,United States,2024-08-07
CUST-11449,Hyper Flow 196,SMB,E-Commerce,Germany,2024-08-07
CUST-11450,Zenith Corp 196,Mid-Market,Logistics & Supply Chain,United States,2024-08-07
CUST-11451,Quantum Stack 196,SMB,Cybersecurity,United Kingdom,2024-08-08
CUST-11452,Nexus AI 196,SMB,Healthcare,United States,2024-08-08
CUST-11453,Vertex Scale 196,SMB,Healthcare,United States,2024-08-08
CUST-11454,Blue Systems 196,Enterprise,Cybersecurity,Australia,2024-08-08
CUST-11455,Apex Logic 197,SMB,Fintech,United States,2024-08-08
CUST-11456,Cloud Hub 197,SMB,E-Commerce,United States,2024-08-08
CUST-11457,Data Pay 197,SMB,Healthcare,United States,2024-08-08
CUST-11458,Nova Works 197,Mid-Market,Fintech,India,2024-08-09
CUST-11459,Pulse Security 197,SMB,Healthcare,Germany,2024-08-09
CUST-11460,Stratum Analytics 197,Mid-Market,Healthcare,United States,2024-08-09
CUST-11461,Sync Tech 197,SMB,SaaS / Tech,United States,2024-08-10
CUST-11462,Vanguard Sphere 197,Enterprise,Cybersecurity,United Kingdom,2024-08-10
CUST-11463,Omni Labs 197,SMB,Healthcare,United States,2024-08-10
CUST-11464,Hyper Flow 197,SMB,Logistics & Supply Chain,United Kingdom,2024-08-10
CUST-11465,Zenith Corp 197,Enterprise,Fintech,United States,2024-08-11
CUST-11466,Quantum Stack 197,SMB,E-Commerce,United States,2024-08-11
CUST-11467,Nexus AI 197,Mid-Market,Fintech,Canada,2024-08-12
CUST-11468,Vertex Scale 197,SMB,Cybersecurity,United States,2024-08-12
CUST-11469,Blue Systems 197,SMB,SaaS / Tech,Germany,2024-08-12
CUST-11470,Apex Logic 198,SMB,SaaS / Tech,United States,2024-08-12
CUST-11471,Cloud Hub 198,SMB,Logistics & Supply Chain,United States,2024-08-12
CUST-11472,Data Pay 198,SMB,E-Commerce,Australia,2024-08-13
CUST-11473,Nova Works 198,Mid-Market,Cybersecurity,United States,2024-08-13
CUST-11474,Pulse Security 198,Mid-Market,SaaS / Tech,Canada,2024-08-13
CUST-11475,Stratum Analytics 198,SMB,Cybersecurity,United States,2024-08-13
CUST-11476,Sync Tech 198,SMB,E-Commerce,United Kingdom,2024-08-13
CUST-11477,Vanguard Sphere 198,SMB,Fintech,Canada,2024-08-13
CUST-11478,Omni Labs 198,SMB,E-Commerce,United States,2024-08-14
CUST-11479,Hyper Flow 198,Mid-Market,Fintech,Germany,2024-08-14
CUST-11480,Zenith Corp 198,SMB,E-Commerce,United Kingdom,2024-08-14
CUST-11481,Quantum Stack 198,Enterprise,E-Commerce,United States,2024-08-14
CUST-11482,Nexus AI 198,SMB,E-Commerce,United Kingdom,2024-08-14
CUST-11483,Vertex Scale 198,Enterprise,Fintech,United Kingdom,2024-08-14
CUST-11484,Blue Systems 198,Mid-Market,Fintech,United States,2024-08-14
CUST-11485,Apex Logic 199,Mid-Market,E-Commerce,United States,2024-08-14
CUST-11486,Cloud Hub 199,Mid-Market,Cybersecurity,United States,2024-08-14
CUST-11487,Data Pay 199,SMB,Healthcare,United States,2024-08-15
CUST-11488,Nova Works 199,Mid-Market,Healthcare,Canada,2024-08-15
CUST-11489,Pulse Security 199,Mid-Market,SaaS / Tech,United States,2024-08-15
CUST-11490,Stratum Analytics 199,Mid-Market,E-Commerce,India,2024-08-15
CUST-11491,Sync Tech 199,Mid-Market,Healthcare,United States,2024-08-15
CUST-11492,Vanguard Sphere 199,Mid-Market,Healthcare,United States,2024-08-15
CUST-11493,Omni Labs 199,Enterprise,Fintech,Canada,2024-08-16
CUST-11494,Hyper Flow 199,SMB,Cybersecurity,United Kingdom,2024-08-16
CUST-11495,Zenith Corp 199,SMB,Fintech,United Kingdom,2024-08-16
CUST-11496,Quantum Stack 199,SMB,Healthcare,United States,2024-08-16
CUST-11497,Nexus AI 199,Mid-Market,Fintech,United States,2024-08-16
CUST-11498,Vertex Scale 199,Mid-Market,Fintech,United States,2024-08-17
CUST-11499,Blue Systems 199,SMB,SaaS / Tech,Australia,2024-08-17
CUST-11500,Apex Logic 200,SMB,Fintech,United States,2024-08-17
CUST-11501,Cloud Hub 200,Mid-Market,Fintech,India,2024-08-17
CUST-11502,Data Pay 200,Enterprise,E-Commerce,United Kingdom,2024-08-17
CUST-11503,Nova Works 200,Mid-Market,Fintech,United States,2024-08-17
CUST-11504,Pulse Security 200,Mid-Market,Fintech,United Kingdom,2024-08-17
CUST-11505,Stratum Analytics 200,Mid-Market,Logistics & Supply Chain,Germany,2024-08-17
CUST-11506,Sync Tech 200,SMB,SaaS / Tech,India,2024-08-17
CUST-11507,Vanguard Sphere 200,SMB,Cybersecurity,United States,2024-08-18
CUST-11508,Omni Labs 200,SMB,Logistics & Supply Chain,United States,2024-08-18
CUST-11509,Hyper Flow 200,SMB,SaaS / Tech,United States,2024-08-18
CUST-11510,Zenith Corp 200,SMB,Fintech,United States,2024-08-18
CUST-11511,Quantum Stack 200,SMB,SaaS / Tech,United Kingdom,2024-08-18
CUST-11512,Nexus AI 200,SMB,Logistics & Supply Chain,Germany,2024-08-18
CUST-11513,Vertex Scale 200,Enterprise,SaaS / Tech,United States,2024-08-18
CUST-11514,Blue Systems 200,Mid-Market,E-Commerce,Canada,2024-08-18
CUST-11515,Apex Logic 201,Enterprise,Fintech,United Kingdom,2024-08-18
CUST-11516,Cloud Hub 201,SMB,Logistics & Supply Chain,United States,2024-08-19
CUST-11517,Data Pay 201,SMB,SaaS / Tech,United States,2024-08-19
CUST-11518,Nova Works 201,Mid-Market,Cybersecurity,Canada,2024-08-19
CUST-11519,Pulse Security 201,SMB,Fintech,Germany,2024-08-19
CUST-11520,Stratum Analytics 201,Enterprise,Fintech,Canada,2024-08-19
CUST-11521,Sync Tech 201,SMB,Fintech,United States,2024-08-19
CUST-11522,Vanguard Sphere 201,Mid-Market,SaaS / Tech,United States,2024-08-19
CUST-11523,Omni Labs 201,Enterprise,Fintech,United States,2024-08-19
CUST-11524,Hyper Flow 201,Mid-Market,Fintech,United Kingdom,2024-08-20
CUST-11525,Zenith Corp 201,Mid-Market,Cybersecurity,Canada,2024-08-20
CUST-11526,Quantum Stack 201,Mid-Market,Fintech,United States,2024-08-20
CUST-11527,Nexus AI 201,Mid-Market,Logistics & Supply Chain,Germany,2024-08-20
CUST-11528,Vertex Scale 201,SMB,Healthcare,United Kingdom,2024-08-20
CUST-11529,Blue Systems 201,SMB,Logistics & Supply Chain,Canada,2024-08-21
CUST-11530,Apex Logic 202,Mid-Market,E-Commerce,Australia,2024-08-21
CUST-11531,Cloud Hub 202,SMB,Cybersecurity,United States,2024-08-21
CUST-11532,Data Pay 202,SMB,Cybersecurity,India,2024-08-21
CUST-11533,Nova Works 202,Mid-Market,Fintech,United States,2024-08-21
CUST-11534,Pulse Security 202,Mid-Market,Fintech,United States,2024-08-21
CUST-11535,Stratum Analytics 202,Enterprise,Healthcare,Germany,2024-08-21
CUST-11536,Sync Tech 202,Mid-Market,SaaS / Tech,India,2024-08-21
CUST-11537,Vanguard Sphere 202,SMB,Logistics & Supply Chain,United Kingdom,2024-08-21
CUST-11538,Omni Labs 202,Mid-Market,E-Commerce,United Kingdom,2024-08-21
CUST-11539,Hyper Flow 202,SMB,E-Commerce,Canada,2024-08-22
CUST-11540,Zenith Corp 202,SMB,Fintech,Germany,2024-08-22
CUST-11541,Quantum Stack 202,Enterprise,Logistics & Supply Chain,United States,2024-08-22
CUST-11542,Nexus AI 202,SMB,Cybersecurity,Germany,2024-08-22
CUST-11543,Vertex Scale 202,Mid-Market,Healthcare,United States,2024-08-22
CUST-11544,Blue Systems 202,SMB,E-Commerce,United States,2024-08-22
CUST-11545,Apex Logic 203,Mid-Market,Fintech,United States,2024-08-22
CUST-11546,Cloud Hub 203,SMB,E-Commerce,United Kingdom,2024-08-22
CUST-11547,Data Pay 203,SMB,E-Commerce,India,2024-08-22
CUST-11548,Nova Works 203,Enterprise,Fintech,United Kingdom,2024-08-22
CUST-11549,Pulse Security 203,SMB,Healthcare,Australia,2024-08-23
CUST-11550,Stratum Analytics 203,SMB,Healthcare,United States,2024-08-23
CUST-11551,Sync Tech 203,SMB,E-Commerce,Canada,2024-08-23
CUST-11552,Vanguard Sphere 203,SMB,E-Commerce,Germany,2024-08-23
CUST-11553,Omni Labs 203,SMB,Fintech,United Kingdom,2024-08-23
CUST-11554,Hyper Flow 203,Mid-Market,SaaS / Tech,United Kingdom,2024-08-23
CUST-11555,Zenith Corp 203,Mid-Market,SaaS / Tech,United Kingdom,2024-08-23
CUST-11556,Quantum Stack 203,SMB,Healthcare,Germany,2024-08-23
CUST-11557,Nexus AI 203,Mid-Market,Fintech,Germany,2024-08-23
CUST-11558,Vertex Scale 203,SMB,SaaS / Tech,United States,2024-08-24
CUST-11559,Blue Systems 203,SMB,Cybersecurity,Germany,2024-08-24
CUST-11560,Apex Logic 204,Mid-Market,Fintech,United States,2024-08-24
CUST-11561,Cloud Hub 204,Mid-Market,Healthcare,United States,2024-08-24
CUST-11562,Data Pay 204,SMB,Fintech,Germany,2024-08-24
CUST-11563,Nova Works 204,Mid-Market,E-Commerce,United States,2024-08-24
CUST-11564,Pulse Security 204,SMB,Fintech,Germany,2024-08-24
CUST-11565,Stratum Analytics 204,Mid-Market,Healthcare,United States,2024-08-24
CUST-11566,Sync Tech 204,SMB,SaaS / Tech,United States,2024-08-24
CUST-11567,Vanguard Sphere 204,Enterprise,E-Commerce,United States,2024-08-24
CUST-11568,Omni Labs 204,SMB,Healthcare,United States,2024-08-25
CUST-11569,Hyper Flow 204,Mid-Market,Healthcare,Canada,2024-08-25
CUST-11570,Zenith Corp 204,SMB,E-Commerce,United States,2024-08-25
CUST-11571,Quantum Stack 204,Mid-Market,Fintech,United States,2024-08-25
CUST-11572,Nexus AI 204,SMB,Fintech,United States,2024-08-25
CUST-11573,Vertex Scale 204,SMB,Logistics & Supply Chain,United States,2024-08-25
CUST-11574,Blue Systems 204,Mid-Market,Fintech,Canada,2024-08-25
CUST-11575,Apex Logic 205,Enterprise,SaaS / Tech,United States,2024-08-26
CUST-11576,Cloud Hub 205,Enterprise,Cybersecurity,United Kingdom,2024-08-26
CUST-11577,Data Pay 205,SMB,Healthcare,India,2024-08-26
CUST-11578,Nova Works 205,SMB,Healthcare,United Kingdom,2024-08-26
CUST-11579,Pulse Security 205,SMB,E-Commerce,Germany,2024-08-26
CUST-11580,Stratum Analytics 205,Mid-Market,Logistics & Supply Chain,United States,2024-08-26
CUST-11581,Sync Tech 205,Mid-Market,Cybersecurity,United States,2024-08-27
CUST-11582,Vanguard Sphere 205,SMB,SaaS / Tech,India,2024-08-27
CUST-11583,Omni Labs 205,Mid-Market,Fintech,Canada,2024-08-27
CUST-11584,Hyper Flow 205,SMB,SaaS / Tech,United Kingdom,2024-08-27
CUST-11585,Zenith Corp 205,Enterprise,Healthcare,United Kingdom,2024-08-28
CUST-11586,Quantum Stack 205,SMB,E-Commerce,United States,2024-08-28
CUST-11587,Nexus AI 205,Mid-Market,Fintech,United States,2024-08-28
CUST-11588,Vertex Scale 205,Mid-Market,Fintech,Canada,2024-08-28
CUST-11589,Blue Systems 205,SMB,SaaS / Tech,United Kingdom,2024-08-28
CUST-11590,Apex Logic 206,SMB,E-Commerce,United States,2024-08-28
CUST-11591,Cloud Hub 206,SMB,Healthcare,India,2024-08-28
CUST-11592,Data Pay 206,Enterprise,Healthcare,United States,2024-08-28
CUST-11593,Nova Works 206,Enterprise,Logistics & Supply Chain,United States,2024-08-28
CUST-11594,Pulse Security 206,SMB,SaaS / Tech,Germany,2024-08-29
CUST-11595,Stratum Analytics 206,SMB,Healthcare,Canada,2024-08-29
CUST-11596,Sync Tech 206,Mid-Market,Fintech,United Kingdom,2024-08-29
CUST-11597,Vanguard Sphere 206,Enterprise,Healthcare,United States,2024-08-29
CUST-11598,Omni Labs 206,Enterprise,Cybersecurity,United States,2024-08-29
CUST-11599,Hyper Flow 206,SMB,E-Commerce,United Kingdom,2024-08-29
CUST-11600,Zenith Corp 206,Mid-Market,E-Commerce,United States,2024-08-29
CUST-11601,Quantum Stack 206,Mid-Market,E-Commerce,Germany,2024-08-30
CUST-11602,Nexus AI 206,Mid-Market,Healthcare,India,2024-08-30
CUST-11603,Vertex Scale 206,Mid-Market,Logistics & Supply Chain,Germany,2024-08-30
CUST-11604,Blue Systems 206,Enterprise,E-Commerce,United States,2024-08-30
CUST-11605,Apex Logic 207,SMB,Fintech,Canada,2024-08-31
CUST-11606,Cloud Hub 207,Enterprise,Fintech,United States,2024-08-31
CUST-11607,Data Pay 207,SMB,E-Commerce,United States,2024-08-31
CUST-11608,Nova Works 207,Mid-Market,Cybersecurity,United States,2024-08-31
CUST-11609,Pulse Security 207,SMB,Healthcare,United States,2024-08-31
CUST-11610,Stratum Analytics 207,SMB,Logistics & Supply Chain,India,2024-08-31
CUST-11611,Sync Tech 207,SMB,SaaS / Tech,United States,2024-08-31
CUST-11612,Vanguard Sphere 207,SMB,Fintech,United States,2024-08-31
CUST-11613,Omni Labs 207,Mid-Market,Fintech,Australia,2024-08-31
CUST-11614,Hyper Flow 207,Mid-Market,Fintech,United States,2024-09-01
CUST-11615,Zenith Corp 207,SMB,SaaS / Tech,Canada,2024-09-01
CUST-11616,Quantum Stack 207,SMB,Fintech,United States,2024-09-01
CUST-11617,Nexus AI 207,SMB,Healthcare,United States,2024-09-01
CUST-11618,Vertex Scale 207,SMB,E-Commerce,India,2024-09-01
CUST-11619,Blue Systems 207,SMB,SaaS / Tech,United States,2024-09-01
CUST-11620,Apex Logic 208,Mid-Market,Fintech,United Kingdom,2024-09-01
CUST-11621,Cloud Hub 208,Enterprise,Healthcare,United States,2024-09-02
CUST-11622,Data Pay 208,SMB,E-Commerce,United States,2024-09-02
CUST-11623,Nova Works 208,SMB,E-Commerce,United States,2024-09-02
CUST-11624,Pulse Security 208,Mid-Market,Logistics & Supply Chain,United States,2024-09-02
CUST-11625,Stratum Analytics 208,SMB,Fintech,United States,2024-09-02
CUST-11626,Sync Tech 208,Mid-Market,Logistics & Supply Chain,Canada,2024-09-02
CUST-11627,Vanguard Sphere 208,SMB,SaaS / Tech,United States,2024-09-02
CUST-11628,Omni Labs 208,Enterprise,E-Commerce,United States,2024-09-02
CUST-11629,Hyper Flow 208,Mid-Market,SaaS / Tech,United States,2024-09-03
CUST-11630,Zenith Corp 208,SMB,Healthcare,India,2024-09-03
CUST-11631,Quantum Stack 208,Mid-Market,Fintech,India,2024-09-03
CUST-11632,Nexus AI 208,SMB,SaaS / Tech,Canada,2024-09-03
CUST-11633,Vertex Scale 208,SMB,E-Commerce,India,2024-09-03
CUST-11634,Blue Systems 208,SMB,E-Commerce,United States,2024-09-03
CUST-11635,Apex Logic 209,Mid-Market,Healthcare,United States,2024-09-03
CUST-11636,Cloud Hub 209,Mid-Market,Cybersecurity,United Kingdom,2024-09-03
CUST-11637,Data Pay 209,Mid-Market,E-Commerce,United Kingdom,2024-09-03
CUST-11638,Nova Works 209,SMB,Fintech,United States,2024-09-03
CUST-11639,Pulse Security 209,SMB,Healthcare,United States,2024-09-03
CUST-11640,Stratum Analytics 209,SMB,SaaS / Tech,Australia,2024-09-03
CUST-11641,Sync Tech 209,SMB,SaaS / Tech,Germany,2024-09-04
CUST-11642,Vanguard Sphere 209,SMB,E-Commerce,United States,2024-09-04
CUST-11643,Omni Labs 209,SMB,Logistics & Supply Chain,Canada,2024-09-04
CUST-11644,Hyper Flow 209,Enterprise,Healthcare,United States,2024-09-05
CUST-11645,Zenith Corp 209,SMB,Healthcare,United States,2024-09-05
CUST-11646,Quantum Stack 209,Enterprise,Logistics & Supply Chain,United States,2024-09-05
CUST-11647,Nexus AI 209,SMB,Logistics & Supply Chain,United States,2024-09-05
CUST-11648,Vertex Scale 209,SMB,SaaS / Tech,United States,2024-09-05
CUST-11649,Blue Systems 209,SMB,Logistics & Supply Chain,Germany,2024-09-05
CUST-11650,Apex Logic 210,Enterprise,Fintech,United States,2024-09-06
CUST-11651,Cloud Hub 210,Mid-Market,Logistics & Supply Chain,United Kingdom,2024-09-06
CUST-11652,Data Pay 210,Mid-Market,Healthcare,United States,2024-09-06
CUST-11653,Nova Works 210,Mid-Market,Fintech,United States,2024-09-06
CUST-11654,Pulse Security 210,Enterprise,Fintech,India,2024-09-07
CUST-11655,Stratum Analytics 210,SMB,Healthcare,United Kingdom,2024-09-07
CUST-11656,Sync Tech 210,SMB,Healthcare,Australia,2024-09-07
CUST-11657,Vanguard Sphere 210,Mid-Market,Healthcare,Australia,2024-09-07
CUST-11658,Omni Labs 210,Mid-Market,Fintech,United States,2024-09-07
CUST-11659,Hyper Flow 210,Mid-Market,Healthcare,United States,2024-09-07
CUST-11660,Zenith Corp 210,SMB,E-Commerce,Germany,2024-09-08
CUST-11661,Quantum Stack 210,SMB,Healthcare,Australia,2024-09-08
CUST-11662,Nexus AI 210,SMB,Healthcare,United Kingdom,2024-09-08
CUST-11663,Vertex Scale 210,Mid-Market,SaaS / Tech,Canada,2024-09-08
CUST-11664,Blue Systems 210,SMB,Logistics & Supply Chain,Canada,2024-09-08
CUST-11665,Apex Logic 211,SMB,SaaS / Tech,United States,2024-09-08
CUST-11666,Cloud Hub 211,Mid-Market,Healthcare,United Kingdom,2024-09-08
CUST-11667,Data Pay 211,SMB,SaaS / Tech,Germany,2024-09-08
CUST-11668,Nova Works 211,Enterprise,Fintech,Canada,2024-09-09
CUST-11669,Pulse Security 211,SMB,Fintech,United States,2024-09-09
CUST-11670,Stratum Analytics 211,Mid-Market,Healthcare,United States,2024-09-09
CUST-11671,Sync Tech 211,SMB,Logistics & Supply Chain,United States,2024-09-09
CUST-11672,Vanguard Sphere 211,SMB,Fintech,United States,2024-09-09
CUST-11673,Omni Labs 211,SMB,Fintech,India,2024-09-09
CUST-11674,Hyper Flow 211,SMB,Fintech,United States,2024-09-10
CUST-11675,Zenith Corp 211,Mid-Market,Logistics & Supply Chain,United States,2024-09-10
CUST-11676,Quantum Stack 211,Enterprise,E-Commerce,United States,2024-09-10
CUST-11677,Nexus AI 211,Mid-Market,Healthcare,United Kingdom,2024-09-11
CUST-11678,Vertex Scale 211,Mid-Market,E-Commerce,United Kingdom,2024-09-11
CUST-11679,Blue Systems 211,SMB,E-Commerce,United States,2024-09-11
CUST-11680,Apex Logic 212,Mid-Market,SaaS / Tech,United States,2024-09-11
CUST-11681,Cloud Hub 212,SMB,Fintech,United States,2024-09-11
CUST-11682,Data Pay 212,SMB,Logistics & Supply Chain,United Kingdom,2024-09-11
CUST-11683,Nova Works 212,SMB,Healthcare,United States,2024-09-11
CUST-11684,Pulse Security 212,Enterprise,SaaS / Tech,India,2024-09-12
CUST-11685,Stratum Analytics 212,SMB,Fintech,United States,2024-09-12
CUST-11686,Sync Tech 212,SMB,Healthcare,United States,2024-09-12
CUST-11687,Vanguard Sphere 212,Mid-Market,Healthcare,Canada,2024-09-12
CUST-11688,Omni Labs 212,SMB,E-Commerce,United States,2024-09-12
CUST-11689,Hyper Flow 212,SMB,Fintech,United Kingdom,2024-09-12
CUST-11690,Zenith Corp 212,Mid-Market,SaaS / Tech,United States,2024-09-12
CUST-11691,Quantum Stack 212,SMB,Fintech,United Kingdom,2024-09-12
CUST-11692,Nexus AI 212,Mid-Market,SaaS / Tech,Canada,2024-09-12
CUST-11693,Vertex Scale 212,Enterprise,Logistics & Supply Chain,India,2024-09-12
CUST-11694,Blue Systems 212,Mid-Market,E-Commerce,United States,2024-09-13
CUST-11695,Apex Logic 213,Enterprise,SaaS / Tech,United States,2024-09-13
CUST-11696,Cloud Hub 213,Enterprise,SaaS / Tech,United States,2024-09-13
CUST-11697,Data Pay 213,Enterprise,Healthcare,India,2024-09-13
CUST-11698,Nova Works 213,SMB,Logistics & Supply Chain,India,2024-09-13
CUST-11699,Pulse Security 213,SMB,Healthcare,United States,2024-09-13
CUST-11700,Stratum Analytics 213,SMB,E-Commerce,United States,2024-09-14
CUST-11701,Sync Tech 213,Mid-Market,SaaS / Tech,United States,2024-09-14
CUST-11702,Vanguard Sphere 213,Mid-Market,Healthcare,United States,2024-09-14
CUST-11703,Omni Labs 213,SMB,Healthcare,United States,2024-09-14
CUST-11704,Hyper Flow 213,Mid-Market,E-Commerce,United States,2024-09-14
CUST-11705,Zenith Corp 213,Enterprise,Logistics & Supply Chain,United Kingdom,2024-09-14
CUST-11706,Quantum Stack 213,SMB,Cybersecurity,India,2024-09-15
CUST-11707,Nexus AI 213,Mid-Market,E-Commerce,Australia,2024-09-15
CUST-11708,Vertex Scale 213,SMB,SaaS / Tech,United States,2024-09-15
CUST-11709,Blue Systems 213,SMB,Cybersecurity,United Kingdom,2024-09-15
CUST-11710,Apex Logic 214,Mid-Market,Fintech,Germany,2024-09-15
CUST-11711,Cloud Hub 214,Enterprise,Fintech,United States,2024-09-15
CUST-11712,Data Pay 214,SMB,SaaS / Tech,Canada,2024-09-15
CUST-11713,Nova Works 214,Mid-Market,Logistics & Supply Chain,United States,2024-09-15
CUST-11714,Pulse Security 214,Enterprise,Logistics & Supply Chain,United States,2024-09-15
CUST-11715,Stratum Analytics 214,SMB,Healthcare,United States,2024-09-15
CUST-11716,Sync Tech 214,Enterprise,Fintech,United States,2024-09-16
CUST-11717,Vanguard Sphere 214,SMB,Healthcare,Canada,2024-09-16
CUST-11718,Omni Labs 214,SMB,Fintech,United States,2024-09-16
CUST-11719,Hyper Flow 214,Mid-Market,Healthcare,United States,2024-09-16
CUST-11720,Zenith Corp 214,Enterprise,SaaS / Tech,United States,2024-09-16
CUST-11721,Quantum Stack 214,Enterprise,Fintech,Germany,2024-09-16
CUST-11722,Nexus AI 214,Mid-Market,Logistics & Supply Chain,United States,2024-09-16
CUST-11723,Vertex Scale 214,Enterprise,Healthcare,United Kingdom,2024-09-16
CUST-11724,Blue Systems 214,SMB,E-Commerce,United Kingdom,2024-09-17
CUST-11725,Apex Logic 215,Enterprise,Fintech,United States,2024-09-17
CUST-11726,Cloud Hub 215,SMB,Healthcare,United States,2024-09-17
CUST-11727,Data Pay 215,SMB,Fintech,Canada,2024-09-17
CUST-11728,Nova Works 215,SMB,Cybersecurity,United States,2024-09-17
CUST-11729,Pulse Security 215,SMB,Logistics & Supply Chain,United States,2024-09-17
CUST-11730,Stratum Analytics 215,Mid-Market,E-Commerce,Canada,2024-09-17
CUST-11731,Sync Tech 215,SMB,Fintech,United States,2024-09-17
CUST-11732,Vanguard Sphere 215,SMB,Cybersecurity,United States,2024-09-17
CUST-11733,Omni Labs 215,Mid-Market,Healthcare,United States,2024-09-17
CUST-11734,Hyper Flow 215,Enterprise,Fintech,United States,2024-09-17
CUST-11735,Zenith Corp 215,SMB,E-Commerce,Canada,2024-09-17
CUST-11736,Quantum Stack 215,Mid-Market,Cybersecurity,United Kingdom,2024-09-18
CUST-11737,Nexus AI 215,Mid-Market,Fintech,United Kingdom,2024-09-18
CUST-11738,Vertex Scale 215,Mid-Market,Fintech,Canada,2024-09-18
CUST-11739,Blue Systems 215,Mid-Market,Cybersecurity,United States,2024-09-18
CUST-11740,Apex Logic 216,SMB,Fintech,United States,2024-09-18
CUST-11741,Cloud Hub 216,SMB,Fintech,United States,2024-09-18
CUST-11742,Data Pay 216,SMB,E-Commerce,United States,2024-09-18
CUST-11743,Nova Works 216,Enterprise,Logistics & Supply Chain,Australia,2024-09-19
CUST-11744,Pulse Security 216,Mid-Market,E-Commerce,Germany,2024-09-19
CUST-11745,Stratum Analytics 216,Mid-Market,Cybersecurity,United States,2024-09-19
CUST-11746,Sync Tech 216,Enterprise,SaaS / Tech,United States,2024-09-19
CUST-11747,Vanguard Sphere 216,Mid-Market,Fintech,United States,2024-09-19
CUST-11748,Omni Labs 216,SMB,Cybersecurity,United States,2024-09-19
CUST-11749,Hyper Flow 216,Enterprise,Healthcare,United States,2024-09-20
CUST-11750,Zenith Corp 216,SMB,Healthcare,United Kingdom,2024-09-20
CUST-11751,Quantum Stack 216,Mid-Market,E-Commerce,Germany,2024-09-20
CUST-11752,Nexus AI 216,Enterprise,Healthcare,Canada,2024-09-20
CUST-11753,Vertex Scale 216,Mid-Market,Fintech,United States,2024-09-20
CUST-11754,Blue Systems 216,SMB,Fintech,United States,2024-09-20
CUST-11755,Apex Logic 217,SMB,Healthcare,United Kingdom,2024-09-20
CUST-11756,Cloud Hub 217,SMB,Logistics & Supply Chain,Germany,2024-09-21
CUST-11757,Data Pay 217,Mid-Market,E-Commerce,Germany,2024-09-21
CUST-11758,Nova Works 217,Enterprise,Cybersecurity,India,2024-09-21
CUST-11759,Pulse Security 217,SMB,Healthcare,United Kingdom,2024-09-21
CUST-11760,Stratum Analytics 217,Mid-Market,Healthcare,Canada,2024-09-21
CUST-11761,Sync Tech 217,SMB,Fintech,United States,2024-09-22
CUST-11762,Vanguard Sphere 217,Enterprise,Fintech,United Kingdom,2024-09-22
CUST-11763,Omni Labs 217,Mid-Market,Healthcare,United States,2024-09-22
CUST-11764,Hyper Flow 217,Mid-Market,SaaS / Tech,United States,2024-09-22
CUST-11765,Zenith Corp 217,Mid-Market,Cybersecurity,United Kingdom,2024-09-22
CUST-11766,Quantum Stack 217,SMB,Cybersecurity,United States,2024-09-22
CUST-11767,Nexus AI 217,Mid-Market,Fintech,United States,2024-09-22
CUST-11768,Vertex Scale 217,Mid-Market,Logistics & Supply Chain,United States,2024-09-22
CUST-11769,Blue Systems 217,Mid-Market,Healthcare,United States,2024-09-22
CUST-11770,Apex Logic 218,Mid-Market,Fintech,United States,2024-09-22
CUST-11771,Cloud Hub 218,SMB,Logistics & Supply Chain,United States,2024-09-23
CUST-11772,Data Pay 218,SMB,E-Commerce,United States,2024-09-23
CUST-11773,Nova Works 218,SMB,Fintech,United States,2024-09-23
CUST-11774,Pulse Security 218,SMB,Healthcare,Australia,2024-09-23
CUST-11775,Stratum Analytics 218,Mid-Market,Healthcare,United States,2024-09-24
CUST-11776,Sync Tech 218,SMB,SaaS / Tech,United States,2024-09-24
CUST-11777,Vanguard Sphere 218,Mid-Market,E-Commerce,United Kingdom,2024-09-24
CUST-11778,Omni Labs 218,Mid-Market,Cybersecurity,Germany,2024-09-24
CUST-11779,Hyper Flow 218,SMB,Fintech,United Kingdom,2024-09-24
CUST-11780,Zenith Corp 218,Enterprise,Healthcare,United States,2024-09-24
CUST-11781,Quantum Stack 218,SMB,E-Commerce,United Kingdom,2024-09-24
CUST-11782,Nexus AI 218,Mid-Market,E-Commerce,Canada,2024-09-24
CUST-11783,Vertex Scale 218,SMB,Healthcare,Canada,2024-09-24
CUST-11784,Blue Systems 218,SMB,SaaS / Tech,United Kingdom,2024-09-24
CUST-11785,Apex Logic 219,SMB,Logistics & Supply Chain,Germany,2024-09-25
CUST-11786,Cloud Hub 219,SMB,Cybersecurity,Germany,2024-09-25
CUST-11787,Data Pay 219,SMB,Logistics & Supply Chain,United Kingdom,2024-09-25
CUST-11788,Nova Works 219,Enterprise,Logistics & Supply Chain,United States,2024-09-25
CUST-11789,Pulse Security 219,SMB,E-Commerce,United Kingdom,2024-09-25
CUST-11790,Stratum Analytics 219,Mid-Market,Logistics & Supply Chain,Germany,2024-09-25
CUST-11791,Sync Tech 219,SMB,Healthcare,United States,2024-09-26
CUST-11792,Vanguard Sphere 219,SMB,Healthcare,Australia,2024-09-26
CUST-11793,Omni Labs 219,SMB,Healthcare,United States,2024-09-26
CUST-11794,Hyper Flow 219,Enterprise,E-Commerce,United States,2024-09-26
CUST-11795,Zenith Corp 219,Enterprise,Healthcare,Germany,2024-09-26
CUST-11796,Quantum Stack 219,SMB,Cybersecurity,United States,2024-09-26
CUST-11797,Nexus AI 219,Enterprise,Healthcare,United States,2024-09-26
CUST-11798,Vertex Scale 219,Enterprise,Fintech,United States,2024-09-26
CUST-11799,Blue Systems 219,Enterprise,E-Commerce,United States,2024-09-26
CUST-11800,Apex Logic 220,SMB,Fintech,United States,2024-09-26
CUST-11801,Cloud Hub 220,SMB,Fintech,United States,2024-09-26
CUST-11802,Data Pay 220,Mid-Market,Fintech,United States,2024-09-26
CUST-11803,Nova Works 220,Mid-Market,E-Commerce,Australia,2024-09-27
CUST-11804,Pulse Security 220,Mid-Market,Healthcare,Australia,2024-09-27
CUST-11805,Stratum Analytics 220,SMB,SaaS / Tech,United States,2024-09-27
CUST-11806,Sync Tech 220,SMB,SaaS / Tech,Canada,2024-09-27
CUST-11807,Vanguard Sphere 220,Mid-Market,Healthcare,United States,2024-09-27
CUST-11808,Omni Labs 220,Mid-Market,Healthcare,United States,2024-09-27
CUST-11809,Hyper Flow 220,Enterprise,Healthcare,United States,2024-09-27
CUST-11810,Zenith Corp 220,SMB,SaaS / Tech,Australia,2024-09-28
CUST-11811,Quantum Stack 220,SMB,Fintech,India,2024-09-28
CUST-11812,Nexus AI 220,Mid-Market,Fintech,United States,2024-09-28
CUST-11813,Vertex Scale 220,Enterprise,SaaS / Tech,United States,2024-09-28
CUST-11814,Blue Systems 220,Enterprise,E-Commerce,United States,2024-09-28
CUST-11815,Apex Logic 221,SMB,Fintech,United Kingdom,2024-09-29
CUST-11816,Cloud Hub 221,Mid-Market,Fintech,United Kingdom,2024-09-29
CUST-11817,Data Pay 221,SMB,Cybersecurity,United States,2024-09-29
CUST-11818,Nova Works 221,SMB,Logistics & Supply Chain,Canada,2024-09-29
CUST-11819,Pulse Security 221,Mid-Market,SaaS / Tech,United States,2024-09-29
CUST-11820,Stratum Analytics 221,Mid-Market,E-Commerce,India,2024-09-29
CUST-11821,Sync Tech 221,Enterprise,E-Commerce,United Kingdom,2024-09-29
CUST-11822,Vanguard Sphere 221,SMB,Cybersecurity,United States,2024-09-29
CUST-11823,Omni Labs 221,SMB,Cybersecurity,Canada,2024-09-30
CUST-11824,Hyper Flow 221,SMB,Fintech,Germany,2024-09-30
CUST-11825,Zenith Corp 221,SMB,Logistics & Supply Chain,United States,2024-09-30
CUST-11826,Quantum Stack 221,Enterprise,Fintech,United States,2024-09-30
CUST-11827,Nexus AI 221,SMB,Fintech,India,2024-09-30
CUST-11828,Vertex Scale 221,SMB,SaaS / Tech,United States,2024-09-30
CUST-11829,Blue Systems 221,Mid-Market,Healthcare,United States,2024-09-30
CUST-11830,Apex Logic 222,SMB,Cybersecurity,United States,2024-09-30
CUST-11831,Cloud Hub 222,SMB,Fintech,Germany,2024-10-01
CUST-11832,Data Pay 222,SMB,E-Commerce,Canada,2024-10-01
CUST-11833,Nova Works 222,SMB,Cybersecurity,India,2024-10-01
CUST-11834,Pulse Security 222,SMB,Cybersecurity,United Kingdom,2024-10-01
CUST-11835,Stratum Analytics 222,SMB,Fintech,United States,2024-10-01
CUST-11836,Sync Tech 222,Enterprise,Healthcare,United Kingdom,2024-10-01
CUST-11837,Vanguard Sphere 222,Mid-Market,E-Commerce,Canada,2024-10-01
CUST-11838,Omni Labs 222,SMB,Fintech,United States,2024-10-01
CUST-11839,Hyper Flow 222,Mid-Market,Cybersecurity,United States,2024-10-01
CUST-11840,Zenith Corp 222,Mid-Market,Cybersecurity,United States,2024-10-01
CUST-11841,Quantum Stack 222,Mid-Market,Fintech,United Kingdom,2024-10-01
CUST-11842,Nexus AI 222,Mid-Market,Fintech,India,2024-10-01
CUST-11843,Vertex Scale 222,SMB,Fintech,United Kingdom,2024-10-01
CUST-11844,Blue Systems 222,SMB,Cybersecurity,Australia,2024-10-01
CUST-11845,Apex Logic 223,Mid-Market,Fintech,United States,2024-10-01
CUST-11846,Cloud Hub 223,Enterprise,Healthcare,India,2024-10-01
CUST-11847,Data Pay 223,Mid-Market,Healthcare,Germany,2024-10-02
CUST-11848,Nova Works 223,SMB,E-Commerce,United States,2024-10-02
CUST-11849,Pulse Security 223,SMB,Fintech,Australia,2024-10-02
CUST-11850,Stratum Analytics 223,Mid-Market,Fintech,United States,2024-10-03
CUST-11851,Sync Tech 223,SMB,Cybersecurity,India,2024-10-03
CUST-11852,Vanguard Sphere 223,SMB,Cybersecurity,India,2024-10-03
CUST-11853,Omni Labs 223,SMB,SaaS / Tech,Canada,2024-10-03
CUST-11854,Hyper Flow 223,SMB,Fintech,United Kingdom,2024-10-03
CUST-11855,Zenith Corp 223,Mid-Market,Healthcare,United States,2024-10-03
CUST-11856,Quantum Stack 223,SMB,E-Commerce,United Kingdom,2024-10-03
CUST-11857,Nexus AI 223,Mid-Market,Healthcare,United States,2024-10-03
CUST-11858,Vertex Scale 223,SMB,Cybersecurity,Canada,2024-10-03
CUST-11859,Blue Systems 223,SMB,E-Commerce,Canada,2024-10-04
CUST-11860,Apex Logic 224,SMB,Fintech,India,2024-10-04
CUST-11861,Cloud Hub 224,SMB,Cybersecurity,United States,2024-10-04
CUST-11862,Data Pay 224,Mid-Market,Cybersecurity,Germany,2024-10-04
CUST-11863,Nova Works 224,SMB,Fintech,India,2024-10-04
CUST-11864,Pulse Security 224,SMB,E-Commerce,Canada,2024-10-04
CUST-11865,Stratum Analytics 224,SMB,Healthcare,United States,2024-10-05
CUST-11866,Sync Tech 224,Enterprise,Healthcare,United States,2024-10-05
CUST-11867,Vanguard Sphere 224,Mid-Market,Fintech,United States,2024-10-05
CUST-11868,Omni Labs 224,Enterprise,E-Commerce,United Kingdom,2024-10-06
CUST-11869,Hyper Flow 224,SMB,Cybersecurity,United Kingdom,2024-10-06
CUST-11870,Zenith Corp 224,SMB,E-Commerce,Australia,2024-10-06
CUST-11871,Quantum Stack 224,Mid-Market,Fintech,United States,2024-10-06
CUST-11872,Nexus AI 224,SMB,E-Commerce,United States,2024-10-06
CUST-11873,Vertex Scale 224,SMB,Healthcare,United Kingdom,2024-10-06
CUST-11874,Blue Systems 224,SMB,Logistics & Supply Chain,Germany,2024-10-06
CUST-11875,Apex Logic 225,SMB,Healthcare,India,2024-10-06
CUST-11876,Cloud Hub 225,SMB,Fintech,Germany,2024-10-06
CUST-11877,Data Pay 225,SMB,Fintech,United States,2024-10-07
CUST-11878,Nova Works 225,Mid-Market,SaaS / Tech,United Kingdom,2024-10-07
CUST-11879,Pulse Security 225,SMB,Healthcare,Germany,2024-10-07
CUST-11880,Stratum Analytics 225,SMB,SaaS / Tech,United States,2024-10-07
CUST-11881,Sync Tech 225,SMB,Fintech,United States,2024-10-07
CUST-11882,Vanguard Sphere 225,SMB,Healthcare,United States,2024-10-08
CUST-11883,Omni Labs 225,SMB,E-Commerce,United States,2024-10-08
CUST-11884,Hyper Flow 225,Mid-Market,Cybersecurity,Canada,2024-10-08
CUST-11885,Zenith Corp 225,Mid-Market,Cybersecurity,United States,2024-10-08
CUST-11886,Quantum Stack 225,Enterprise,Fintech,United States,2024-10-08
CUST-11887,Nexus AI 225,Mid-Market,Healthcare,United States,2024-10-08
CUST-11888,Vertex Scale 225,SMB,Fintech,United Kingdom,2024-10-09
CUST-11889,Blue Systems 225,SMB,E-Commerce,United States,2024-10-09
CUST-11890,Apex Logic 226,Enterprise,E-Commerce,United Kingdom,2024-10-09
CUST-11891,Cloud Hub 226,Mid-Market,Cybersecurity,United States,2024-10-09
CUST-11892,Data Pay 226,SMB,Cybersecurity,United States,2024-10-09
CUST-11893,Nova Works 226,Mid-Market,Healthcare,United States,2024-10-09
CUST-11894,Pulse Security 226,SMB,E-Commerce,United States,2024-10-09
CUST-11895,Stratum Analytics 226,SMB,Logistics & Supply Chain,United States,2024-10-09
CUST-11896,Sync Tech 226,SMB,Logistics & Supply Chain,United States,2024-10-09
CUST-11897,Vanguard Sphere 226,Mid-Market,Fintech,India,2024-10-09
CUST-11898,Omni Labs 226,Mid-Market,Healthcare,Canada,2024-10-09
CUST-11899,Hyper Flow 226,SMB,Healthcare,United States,2024-10-10
CUST-11900,Zenith Corp 226,SMB,Fintech,United States,2024-10-10
CUST-11901,Quantum Stack 226,Enterprise,Fintech,Australia,2024-10-10
CUST-11902,Nexus AI 226,SMB,Fintech,Canada,2024-10-10
CUST-11903,Vertex Scale 226,Enterprise,E-Commerce,United States,2024-10-10
CUST-11904,Blue Systems 226,SMB,Healthcare,Canada,2024-10-10
CUST-11905,Apex Logic 227,Mid-Market,Fintech,Canada,2024-10-10
CUST-11906,Cloud Hub 227,SMB,Fintech,Canada,2024-10-10
CUST-11907,Data Pay 227,Mid-Market,Logistics & Supply Chain,United States,2024-10-11
CUST-11908,Nova Works 227,Mid-Market,Logistics & Supply Chain,United States,2024-10-11
CUST-11909,Pulse Security 227,Enterprise,E-Commerce,United States,2024-10-11
CUST-11910,Stratum Analytics 227,Mid-Market,Healthcare,India,2024-10-11
CUST-11911,Sync Tech 227,SMB,Cybersecurity,United Kingdom,2024-10-11
CUST-11912,Vanguard Sphere 227,SMB,Fintech,United States,2024-10-11
CUST-11913,Omni Labs 227,Mid-Market,Fintech,India,2024-10-11
CUST-11914,Hyper Flow 227,Mid-Market,Healthcare,India,2024-10-11
CUST-11915,Zenith Corp 227,SMB,Fintech,Australia,2024-10-11
CUST-11916,Quantum Stack 227,SMB,Healthcare,Germany,2024-10-11
CUST-11917,Nexus AI 227,SMB,Cybersecurity,Australia,2024-10-11
CUST-11918,Vertex Scale 227,Mid-Market,E-Commerce,United States,2024-10-11
CUST-11919,Blue Systems 227,Mid-Market,Healthcare,Germany,2024-10-12
CUST-11920,Apex Logic 228,SMB,Cybersecurity,Germany,2024-10-12
CUST-11921,Cloud Hub 228,Enterprise,Fintech,United States,2024-10-12
CUST-11922,Data Pay 228,SMB,Fintech,United States,2024-10-12
CUST-11923,Nova Works 228,Mid-Market,E-Commerce,Australia,2024-10-12
CUST-11924,Pulse Security 228,SMB,E-Commerce,United States,2024-10-13
CUST-11925,Stratum Analytics 228,Enterprise,Fintech,Germany,2024-10-13
CUST-11926,Sync Tech 228,SMB,Healthcare,United States,2024-10-13
CUST-11927,Vanguard Sphere 228,Mid-Market,E-Commerce,United States,2024-10-13
CUST-11928,Omni Labs 228,SMB,SaaS / Tech,United States,2024-10-13
CUST-11929,Hyper Flow 228,Enterprise,E-Commerce,United States,2024-10-13
CUST-11930,Zenith Corp 228,SMB,Healthcare,Canada,2024-10-13
CUST-11931,Quantum Stack 228,SMB,Fintech,United Kingdom,2024-10-13
CUST-11932,Nexus AI 228,SMB,Healthcare,United States,2024-10-14
CUST-11933,Vertex Scale 228,SMB,Fintech,United States,2024-10-15
CUST-11934,Blue Systems 228,SMB,Cybersecurity,United States,2024-10-15
CUST-11935,Apex Logic 229,SMB,E-Commerce,United States,2024-10-15
CUST-11936,Cloud Hub 229,Mid-Market,Healthcare,Canada,2024-10-15
CUST-11937,Data Pay 229,SMB,SaaS / Tech,United States,2024-10-15
CUST-11938,Nova Works 229,Mid-Market,E-Commerce,United States,2024-10-15
CUST-11939,Pulse Security 229,Enterprise,Healthcare,United States,2024-10-15
CUST-11940,Stratum Analytics 229,Enterprise,Logistics & Supply Chain,United States,2024-10-15
CUST-11941,Sync Tech 229,Mid-Market,Logistics & Supply Chain,United States,2024-10-16
CUST-11942,Vanguard Sphere 229,SMB,SaaS / Tech,United States,2024-10-16
CUST-11943,Omni Labs 229,SMB,Fintech,Germany,2024-10-16
CUST-11944,Hyper Flow 229,SMB,E-Commerce,India,2024-10-16
CUST-11945,Zenith Corp 229,SMB,SaaS / Tech,Germany,2024-10-16
CUST-11946,Quantum Stack 229,Mid-Market,Fintech,United States,2024-10-16
CUST-11947,Nexus AI 229,Enterprise,Fintech,United States,2024-10-16
CUST-11948,Vertex Scale 229,Mid-Market,Logistics & Supply Chain,United Kingdom,2024-10-17
CUST-11949,Blue Systems 229,Mid-Market,Fintech,Canada,2024-10-17
CUST-11950,Apex Logic 230,Enterprise,SaaS / Tech,Australia,2024-10-17
CUST-11951,Cloud Hub 230,Mid-Market,E-Commerce,United States,2024-10-17
CUST-11952,Data Pay 230,SMB,Healthcare,United States,2024-10-17
CUST-11953,Nova Works 230,SMB,Fintech,Canada,2024-10-18
CUST-11954,Pulse Security 230,SMB,Logistics & Supply Chain,Germany,2024-10-18
CUST-11955,Stratum Analytics 230,SMB,Healthcare,Germany,2024-10-18
CUST-11956,Sync Tech 230,SMB,E-Commerce,United Kingdom,2024-10-18
CUST-11957,Vanguard Sphere 230,Mid-Market,SaaS / Tech,Australia,2024-10-18
CUST-11958,Omni Labs 230,SMB,SaaS / Tech,United Kingdom,2024-10-19
CUST-11959,Hyper Flow 230,SMB,Cybersecurity,India,2024-10-19
CUST-11960,Zenith Corp 230,Enterprise,E-Commerce,Australia,2024-10-19
CUST-11961,Quantum Stack 230,Mid-Market,Healthcare,Germany,2024-10-19
CUST-11962,Nexus AI 230,SMB,Cybersecurity,United States,2024-10-19
CUST-11963,Vertex Scale 230,Mid-Market,E-Commerce,United States,2024-10-20
CUST-11964,Blue Systems 230,SMB,Healthcare,United Kingdom,2024-10-20
CUST-11965,Apex Logic 231,SMB,Fintech,United States,2024-10-20
CUST-11966,Cloud Hub 231,Mid-Market,Logistics & Supply Chain,Germany,2024-10-20
CUST-11967,Data Pay 231,Mid-Market,Healthcare,United States,2024-10-20
CUST-11968,Nova Works 231,Mid-Market,SaaS / Tech,United States,2024-10-20
CUST-11969,Pulse Security 231,Enterprise,E-Commerce,Canada,2024-10-20
CUST-11970,Stratum Analytics 231,Enterprise,Fintech,United States,2024-10-20
CUST-11971,Sync Tech 231,SMB,E-Commerce,United States,2024-10-20
CUST-11972,Vanguard Sphere 231,Mid-Market,Fintech,United States,2024-10-20
CUST-11973,Omni Labs 231,SMB,Healthcare,United Kingdom,2024-10-20
CUST-11974,Hyper Flow 231,Mid-Market,E-Commerce,United States,2024-10-21
CUST-11975,Zenith Corp 231,SMB,Healthcare,Germany,2024-10-21
CUST-11976,Quantum Stack 231,Mid-Market,SaaS / Tech,United States,2024-10-21
CUST-11977,Nexus AI 231,Mid-Market,Logistics & Supply Chain,India,2024-10-21
CUST-11978,Vertex Scale 231,SMB,SaaS / Tech,United States,2024-10-21
CUST-11979,Blue Systems 231,SMB,Fintech,United States,2024-10-21
CUST-11980,Apex Logic 232,Mid-Market,Fintech,United States,2024-10-21
CUST-11981,Cloud Hub 232,SMB,E-Commerce,United States,2024-10-21
CUST-11982,Data Pay 232,Mid-Market,Cybersecurity,United Kingdom,2024-10-21
CUST-11983,Nova Works 232,Mid-Market,Logistics & Supply Chain,United States,2024-10-22
CUST-11984,Pulse Security 232,Enterprise,Logistics & Supply Chain,United States,2024-10-22
CUST-11985,Stratum Analytics 232,Enterprise,Healthcare,United Kingdom,2024-10-22
CUST-11986,Sync Tech 232,SMB,Healthcare,United States,2024-10-22
CUST-11987,Vanguard Sphere 232,Mid-Market,E-Commerce,United States,2024-10-22
CUST-11988,Omni Labs 232,Mid-Market,Fintech,Canada,2024-10-22
CUST-11989,Hyper Flow 232,SMB,Fintech,India,2024-10-22
CUST-11990,Zenith Corp 232,SMB,Cybersecurity,United States,2024-10-22
CUST-11991,Quantum Stack 232,Mid-Market,Fintech,United States,2024-10-23
CUST-11992,Nexus AI 232,SMB,Fintech,Australia,2024-10-23
CUST-11993,Vertex Scale 232,Enterprise,Fintech,United States,2024-10-23
CUST-11994,Blue Systems 232,SMB,Cybersecurity,Australia,2024-10-23
CUST-11995,Apex Logic 233,SMB,E-Commerce,United States,2024-10-24
CUST-11996,Cloud Hub 233,SMB,SaaS / Tech,Germany,2024-10-24
CUST-11997,Data Pay 233,Enterprise,Cybersecurity,United States,2024-10-24
CUST-11998,Nova Works 233,Enterprise,Healthcare,India,2024-10-24
CUST-11999,Pulse Security 233,Mid-Market,E-Commerce,United States,2024-10-24
CUST-12000,Stratum Analytics 233,Mid-Market,Fintech,United Kingdom,2024-10-25
CUST-12001,Sync Tech 233,Mid-Market,Fintech,United States,2024-10-25
CUST-12002,Vanguard Sphere 233,SMB,Logistics & Supply Chain,United States,2024-10-25
CUST-12003,Omni Labs 233,Mid-Market,SaaS / Tech,Canada,2024-10-25
CUST-12004,Hyper Flow 233,Mid-Market,Healthcare,United Kingdom,2024-10-26
CUST-12005,Zenith Corp 233,SMB,Healthcare,India,2024-10-26
CUST-12006,Quantum Stack 233,Mid-Market,E-Commerce,United States,2024-10-26
CUST-12007,Nexus AI 233,SMB,Fintech,Germany,2024-10-26
CUST-12008,Vertex Scale 233,Enterprise,Fintech,United States,2024-10-26
CUST-12009,Blue Systems 233,Mid-Market,Fintech,Australia,2024-10-26
CUST-12010,Apex Logic 234,Enterprise,Healthcare,Australia,2024-10-27
CUST-12011,Cloud Hub 234,Enterprise,Logistics & Supply Chain,United States,2024-10-27
CUST-12012,Data Pay 234,SMB,Healthcare,India,2024-10-27
CUST-12013,Nova Works 234,Enterprise,Fintech,Germany,2024-10-27
CUST-12014,Pulse Security 234,SMB,E-Commerce,United States,2024-10-27
CUST-12015,Stratum Analytics 234,Mid-Market,Logistics & Supply Chain,United Kingdom,2024-10-28
CUST-12016,Sync Tech 234,Mid-Market,Fintech,United States,2024-10-28
CUST-12017,Vanguard Sphere 234,SMB,Fintech,Germany,2024-10-28
CUST-12018,Omni Labs 234,Enterprise,Healthcare,United States,2024-10-28
CUST-12019,Hyper Flow 234,SMB,SaaS / Tech,United States,2024-10-28
CUST-12020,Zenith Corp 234,SMB,E-Commerce,United States,2024-10-28
CUST-12021,Quantum Stack 234,SMB,Logistics & Supply Chain,United Kingdom,2024-10-29
CUST-12022,Nexus AI 234,SMB,Cybersecurity,Germany,2024-10-29
CUST-12023,Vertex Scale 234,Enterprise,SaaS / Tech,Australia,2024-10-29
CUST-12024,Blue Systems 234,Mid-Market,E-Commerce,United States,2024-10-29
CUST-12025,Apex Logic 235,Mid-Market,E-Commerce,United States,2024-10-30
CUST-12026,Cloud Hub 235,SMB,Fintech,Canada,2024-10-30
CUST-12027,Data Pay 235,SMB,Cybersecurity,United Kingdom,2024-10-30
CUST-12028,Nova Works 235,Mid-Market,Healthcare,United States,2024-10-30
CUST-12029,Pulse Security 235,SMB,Fintech,United States,2024-10-31
CUST-12030,Stratum Analytics 235,Mid-Market,SaaS / Tech,United Kingdom,2024-10-31
CUST-12031,Sync Tech 235,SMB,Healthcare,United States,2024-10-31
CUST-12032,Vanguard Sphere 235,Mid-Market,E-Commerce,Canada,2024-10-31
CUST-12033,Omni Labs 235,SMB,E-Commerce,United Kingdom,2024-10-31
CUST-12034,Hyper Flow 235,SMB,Healthcare,Germany,2024-10-31
CUST-12035,Zenith Corp 235,Mid-Market,Logistics & Supply Chain,United Kingdom,2024-11-01
CUST-12036,Quantum Stack 235,Enterprise,Healthcare,United States,2024-11-01
CUST-12037,Nexus AI 235,Mid-Market,Healthcare,Germany,2024-11-01
CUST-12038,Vertex Scale 235,Mid-Market,E-Commerce,United Kingdom,2024-11-01
CUST-12039,Blue Systems 235,Mid-Market,SaaS / Tech,United States,2024-11-01
CUST-12040,Apex Logic 236,SMB,SaaS / Tech,United Kingdom,2024-11-02
CUST-12041,Cloud Hub 236,SMB,Healthcare,United States,2024-11-02
CUST-12042,Data Pay 236,SMB,E-Commerce,Germany,2024-11-02
CUST-12043,Nova Works 236,Enterprise,Fintech,United States,2024-11-02
CUST-12044,Pulse Security 236,SMB,Cybersecurity,Canada,2024-11-02
CUST-12045,Stratum Analytics 236,SMB,Healthcare,United States,2024-11-03
CUST-12046,Sync Tech 236,Enterprise,SaaS / Tech,United States,2024-11-03
CUST-12047,Vanguard Sphere 236,SMB,Fintech,Australia,2024-11-03
CUST-12048,Omni Labs 236,SMB,Fintech,Germany,2024-11-03
CUST-12049,Hyper Flow 236,Enterprise,E-Commerce,United States,2024-11-03
CUST-12050,Zenith Corp 236,Mid-Market,Logistics & Supply Chain,United States,2024-11-03
CUST-12051,Quantum Stack 236,Mid-Market,E-Commerce,United States,2024-11-03
CUST-12052,Nexus AI 236,Mid-Market,Cybersecurity,United Kingdom,2024-11-03
CUST-12053,Vertex Scale 236,SMB,E-Commerce,Canada,2024-11-03
CUST-12054,Blue Systems 236,SMB,E-Commerce,Canada,2024-11-03
CUST-12055,Apex Logic 237,SMB,Fintech,United Kingdom,2024-11-04
CUST-12056,Cloud Hub 237,Mid-Market,Logistics & Supply Chain,Germany,2024-11-04
CUST-12057,Data Pay 237,Mid-Market,Fintech,United States,2024-11-04
CUST-12058,Nova Works 237,SMB,Logistics & Supply Chain,United States,2024-11-04
CUST-12059,Pulse Security 237,SMB,Cybersecurity,United Kingdom,2024-11-04
CUST-12060,Stratum Analytics 237,Enterprise,Cybersecurity,Australia,2024-11-04
CUST-12061,Sync Tech 237,SMB,E-Commerce,Canada,2024-11-04
CUST-12062,Vanguard Sphere 237,SMB,SaaS / Tech,United Kingdom,2024-11-04
CUST-12063,Omni Labs 237,Mid-Market,SaaS / Tech,United Kingdom,2024-11-04
CUST-12064,Hyper Flow 237,Enterprise,Fintech,India,2024-11-04
CUST-12065,Zenith Corp 237,SMB,E-Commerce,United States,2024-11-04
CUST-12066,Quantum Stack 237,Mid-Market,Fintech,United States,2024-11-05
CUST-12067,Nexus AI 237,Mid-Market,E-Commerce,Australia,2024-11-05
CUST-12068,Vertex Scale 237,Mid-Market,Fintech,Germany,2024-11-05
CUST-12069,Blue Systems 237,Mid-Market,Fintech,United States,2024-11-05
CUST-12070,Apex Logic 238,SMB,Healthcare,United States,2024-11-05
CUST-12071,Cloud Hub 238,SMB,Healthcare,United States,2024-11-05
CUST-12072,Data Pay 238,Mid-Market,E-Commerce,United States,2024-11-05
CUST-12073,Nova Works 238,SMB,Fintech,Australia,2024-11-05
CUST-12074,Pulse Security 238,SMB,E-Commerce,United States,2024-11-06
CUST-12075,Stratum Analytics 238,SMB,Fintech,Germany,2024-11-06
CUST-12076,Sync Tech 238,Mid-Market,E-Commerce,United States,2024-11-06
CUST-12077,Vanguard Sphere 238,Mid-Market,E-Commerce,United Kingdom,2024-11-06
CUST-12078,Omni Labs 238,SMB,E-Commerce,United States,2024-11-06
CUST-12079,Hyper Flow 238,SMB,SaaS / Tech,Canada,2024-11-06
CUST-12080,Zenith Corp 238,Enterprise,Healthcare,United Kingdom,2024-11-06
CUST-12081,Quantum Stack 238,Enterprise,SaaS / Tech,United Kingdom,2024-11-06
CUST-12082,Nexus AI 238,Mid-Market,Healthcare,United States,2024-11-07
CUST-12083,Vertex Scale 238,SMB,E-Commerce,United States,2024-11-07
CUST-12084,Blue Systems 238,SMB,E-Commerce,United States,2024-11-07
CUST-12085,Apex Logic 239,Mid-Market,Fintech,United States,2024-11-07
CUST-12086,Cloud Hub 239,Enterprise,SaaS / Tech,United Kingdom,2024-11-07
CUST-12087,Data Pay 239,SMB,E-Commerce,United Kingdom,2024-11-07
CUST-12088,Nova Works 239,SMB,Healthcare,United Kingdom,2024-11-07
CUST-12089,Pulse Security 239,Mid-Market,Fintech,United Kingdom,2024-11-07
CUST-12090,Stratum Analytics 239,SMB,Fintech,United States,2024-11-07
CUST-12091,Sync Tech 239,SMB,Cybersecurity,United States,2024-11-07
CUST-12092,Vanguard Sphere 239,Mid-Market,SaaS / Tech,United States,2024-11-08
CUST-12093,Omni Labs 239,SMB,Fintech,Germany,2024-11-08
CUST-12094,Hyper Flow 239,Mid-Market,Healthcare,United Kingdom,2024-11-08
CUST-12095,Zenith Corp 239,SMB,E-Commerce,United States,2024-11-08
CUST-12096,Quantum Stack 239,SMB,Logistics & Supply Chain,United States,2024-11-08
CUST-12097,Nexus AI 239,SMB,Fintech,Germany,2024-11-08
CUST-12098,Vertex Scale 239,SMB,Fintech,Canada,2024-11-09
CUST-12099,Blue Systems 239,Mid-Market,Logistics & Supply Chain,United Kingdom,2024-11-09
CUST-12100,Apex Logic 240,SMB,Fintech,United States,2024-11-09
CUST-12101,Cloud Hub 240,SMB,Fintech,United States,2024-11-09
CUST-12102,Data Pay 240,Mid-Market,Cybersecurity,Australia,2024-11-09
CUST-12103,Nova Works 240,SMB,E-Commerce,Canada,2024-11-09
CUST-12104,Pulse Security 240,SMB,Healthcare,United States,2024-11-09
CUST-12105,Stratum Analytics 240,Mid-Market,Fintech,Germany,2024-11-10
CUST-12106,Sync Tech 240,SMB,Fintech,Canada,2024-11-10
CUST-12107,Vanguard Sphere 240,SMB,Fintech,United States,2024-11-10
CUST-12108,Omni Labs 240,Mid-Market,Logistics & Supply Chain,United States,2024-11-10
CUST-12109,Hyper Flow 240,SMB,Healthcare,United States,2024-11-10
CUST-12110,Zenith Corp 240,Enterprise,SaaS / Tech,United States,2024-11-10
CUST-12111,Quantum Stack 240,Mid-Market,Cybersecurity,Canada,2024-11-11
CUST-12112,Nexus AI 240,Mid-Market,Healthcare,United States,2024-11-11
CUST-12113,Vertex Scale 240,SMB,Fintech,Germany,2024-11-11
CUST-12114,Blue Systems 240,SMB,E-Commerce,Australia,2024-11-11
CUST-12115,Apex Logic 241,Mid-Market,Cybersecurity,United States,2024-11-11
CUST-12116,Cloud Hub 241,Mid-Market,Logistics & Supply Chain,United States,2024-11-11
CUST-12117,Data Pay 241,SMB,Fintech,Germany,2024-11-11
CUST-12118,Nova Works 241,Enterprise,SaaS / Tech,Canada,2024-11-11
CUST-12119,Pulse Security 241,SMB,E-Commerce,Canada,2024-11-12
CUST-12120,Stratum Analytics 241,SMB,Cybersecurity,United States,2024-11-12
CUST-12121,Sync Tech 241,SMB,Fintech,United States,2024-11-12
CUST-12122,Vanguard Sphere 241,SMB,E-Commerce,United Kingdom,2024-11-12
CUST-12123,Omni Labs 241,Mid-Market,Logistics & Supply Chain,Australia,2024-11-12
CUST-12124,Hyper Flow 241,SMB,Healthcare,United States,2024-11-12
CUST-12125,Zenith Corp 241,SMB,E-Commerce,India,2024-11-12
CUST-12126,Quantum Stack 241,SMB,Fintech,United States,2024-11-12
CUST-12127,Nexus AI 241,Mid-Market,Healthcare,Australia,2024-11-12
CUST-12128,Vertex Scale 241,SMB,Healthcare,United Kingdom,2024-11-12
CUST-12129,Blue Systems 241,Mid-Market,Cybersecurity,United States,2024-11-13
CUST-12130,Apex Logic 242,Mid-Market,Healthcare,United Kingdom,2024-11-13
CUST-12131,Cloud Hub 242,Enterprise,E-Commerce,United States,2024-11-13
CUST-12132,Data Pay 242,SMB,SaaS / Tech,United States,2024-11-13
CUST-12133,Nova Works 242,SMB,Fintech,United States,2024-11-13
CUST-12134,Pulse Security 242,SMB,E-Commerce,United States,2024-11-14
CUST-12135,Stratum Analytics 242,SMB,SaaS / Tech,United States,2024-11-14
CUST-12136,Sync Tech 242,Enterprise,Logistics & Supply Chain,Canada,2024-11-14
CUST-12137,Vanguard Sphere 242,SMB,E-Commerce,United Kingdom,2024-11-15
CUST-12138,Omni Labs 242,Mid-Market,SaaS / Tech,United States,2024-11-15
CUST-12139,Hyper Flow 242,SMB,Fintech,Germany,2024-11-15
CUST-12140,Zenith Corp 242,SMB,Cybersecurity,United Kingdom,2024-11-15
CUST-12141,Quantum Stack 242,SMB,Fintech,Australia,2024-11-15
CUST-12142,Nexus AI 242,SMB,SaaS / Tech,United Kingdom,2024-11-15
CUST-12143,Vertex Scale 242,Mid-Market,Healthcare,United States,2024-11-15
CUST-12144,Blue Systems 242,Mid-Market,Cybersecurity,United States,2024-11-15
CUST-12145,Apex Logic 243,SMB,SaaS / Tech,United Kingdom,2024-11-15
CUST-12146,Cloud Hub 243,Mid-Market,SaaS / Tech,United States,2024-11-16
CUST-12147,Data Pay 243,Mid-Market,Fintech,United States,2024-11-16
CUST-12148,Nova Works 243,Mid-Market,Healthcare,United States,2024-11-16
CUST-12149,Pulse Security 243,SMB,E-Commerce,United States,2024-11-16
CUST-12150,Stratum Analytics 243,Mid-Market,SaaS / Tech,United States,2024-11-16
CUST-12151,Sync Tech 243,Mid-Market,Fintech,United States,2024-11-16
CUST-12152,Vanguard Sphere 243,SMB,Cybersecurity,United States,2024-11-16
CUST-12153,Omni Labs 243,SMB,Logistics & Supply Chain,United Kingdom,2024-11-16
CUST-12154,Hyper Flow 243,Enterprise,Healthcare,United Kingdom,2024-11-17
CUST-12155,Zenith Corp 243,Mid-Market,Logistics & Supply Chain,United States,2024-11-17
CUST-12156,Quantum Stack 243,Enterprise,E-Commerce,United States,2024-11-18
CUST-12157,Nexus AI 243,Mid-Market,E-Commerce,United States,2024-11-18
CUST-12158,Vertex Scale 243,Mid-Market,Healthcare,United States,2024-11-18
CUST-12159,Blue Systems 243,SMB,E-Commerce,United States,2024-11-18
CUST-12160,Apex Logic 244,SMB,SaaS / Tech,United States,2024-11-19
CUST-12161,Cloud Hub 244,SMB,Healthcare,United Kingdom,2024-11-19
CUST-12162,Data Pay 244,Mid-Market,E-Commerce,United Kingdom,2024-11-19
CUST-12163,Nova Works 244,SMB,SaaS / Tech,United States,2024-11-19
CUST-12164,Pulse Security 244,Mid-Market,SaaS / Tech,United States,2024-11-19
CUST-12165,Stratum Analytics 244,SMB,Fintech,United Kingdom,2024-11-19
CUST-12166,Sync Tech 244,SMB,Logistics & Supply Chain,Germany,2024-11-19
CUST-12167,Vanguard Sphere 244,Enterprise,E-Commerce,Canada,2024-11-19
CUST-12168,Omni Labs 244,SMB,Healthcare,United Kingdom,2024-11-19
CUST-12169,Hyper Flow 244,Mid-Market,Fintech,United States,2024-11-19
CUST-12170,Zenith Corp 244,SMB,E-Commerce,United States,2024-11-19
CUST-12171,Quantum Stack 244,Enterprise,Logistics & Supply Chain,Germany,2024-11-20
CUST-12172,Nexus AI 244,Mid-Market,Healthcare,United States,2024-11-20
CUST-12173,Vertex Scale 244,SMB,SaaS / Tech,Australia,2024-11-20
CUST-12174,Blue Systems 244,Mid-Market,Fintech,United Kingdom,2024-11-20
CUST-12175,Apex Logic 245,SMB,E-Commerce,Canada,2024-11-20
CUST-12176,Cloud Hub 245,Mid-Market,Cybersecurity,United States,2024-11-20
CUST-12177,Data Pay 245,SMB,SaaS / Tech,United Kingdom,2024-11-20
CUST-12178,Nova Works 245,SMB,Fintech,United States,2024-11-21
CUST-12179,Pulse Security 245,SMB,E-Commerce,United States,2024-11-21
CUST-12180,Stratum Analytics 245,Mid-Market,Fintech,United States,2024-11-21
CUST-12181,Sync Tech 245,Mid-Market,Healthcare,India,2024-11-21
CUST-12182,Vanguard Sphere 245,Enterprise,SaaS / Tech,United Kingdom,2024-11-21
CUST-12183,Omni Labs 245,Mid-Market,SaaS / Tech,United States,2024-11-21
CUST-12184,Hyper Flow 245,SMB,Fintech,United States,2024-11-22
CUST-12185,Zenith Corp 245,SMB,Cybersecurity,Canada,2024-11-22
CUST-12186,Quantum Stack 245,SMB,E-Commerce,Canada,2024-11-22
CUST-12187,Nexus AI 245,SMB,Healthcare,United Kingdom,2024-11-22
CUST-12188,Vertex Scale 245,SMB,E-Commerce,United Kingdom,2024-11-22
CUST-12189,Blue Systems 245,SMB,E-Commerce,United States,2024-11-22
CUST-12190,Apex Logic 246,Mid-Market,E-Commerce,United Kingdom,2024-11-22
CUST-12191,Cloud Hub 246,SMB,E-Commerce,United States,2024-11-22
CUST-12192,Data Pay 246,SMB,E-Commerce,India,2024-11-22
CUST-12193,Nova Works 246,SMB,Fintech,United Kingdom,2024-11-23
CUST-12194,Pulse Security 246,Enterprise,Logistics & Supply Chain,United States,2024-11-23
CUST-12195,Stratum Analytics 246,Mid-Market,E-Commerce,United States,2024-11-23
CUST-12196,Sync Tech 246,Mid-Market,Fintech,Germany,2024-11-23
CUST-12197,Vanguard Sphere 246,SMB,SaaS / Tech,United States,2024-11-24
CUST-12198,Omni Labs 246,SMB,Cybersecurity,United States,2024-11-24
CUST-12199,Hyper Flow 246,Mid-Market,Cybersecurity,United Kingdom,2024-11-24
CUST-12200,Zenith Corp 246,SMB,Healthcare,United States,2024-11-24
CUST-12201,Quantum Stack 246,Enterprise,Fintech,Canada,2024-11-24
CUST-12202,Nexus AI 246,Mid-Market,E-Commerce,United States,2024-11-24
CUST-12203,Vertex Scale 246,Enterprise,Fintech,Canada,2024-11-24
CUST-12204,Blue Systems 246,SMB,Cybersecurity,United States,2024-11-25
CUST-12205,Apex Logic 247,SMB,Fintech,United States,2024-11-25
CUST-12206,Cloud Hub 247,Mid-Market,Healthcare,India,2024-11-25
CUST-12207,Data Pay 247,SMB,Healthcare,United Kingdom,2024-11-25
CUST-12208,Nova Works 247,Mid-Market,Healthcare,United States,2024-11-25
CUST-12209,Pulse Security 247,SMB,SaaS / Tech,United States,2024-11-25
CUST-12210,Stratum Analytics 247,SMB,E-Commerce,United Kingdom,2024-11-25
CUST-12211,Sync Tech 247,SMB,Fintech,United Kingdom,2024-11-25
CUST-12212,Vanguard Sphere 247,Enterprise,Healthcare,Australia,2024-11-25
CUST-12213,Omni Labs 247,SMB,E-Commerce,Australia,2024-11-26
CUST-12214,Hyper Flow 247,SMB,Fintech,United Kingdom,2024-11-26
CUST-12215,Zenith Corp 247,Mid-Market,E-Commerce,United States,2024-11-26
CUST-12216,Quantum Stack 247,SMB,E-Commerce,United States,2024-11-26
CUST-12217,Nexus AI 247,Mid-Market,SaaS / Tech,Canada,2024-11-26
CUST-12218,Vertex Scale 247,SMB,Cybersecurity,United States,2024-11-26
CUST-12219,Blue Systems 247,Enterprise,Cybersecurity,United States,2024-11-26
CUST-12220,Apex Logic 248,SMB,Cybersecurity,United States,2024-11-26
CUST-12221,Cloud Hub 248,SMB,Fintech,United States,2024-11-27
CUST-12222,Data Pay 248,Enterprise,Fintech,United States,2024-11-27
CUST-12223,Nova Works 248,Mid-Market,Healthcare,United States,2024-11-27
CUST-12224,Pulse Security 248,Enterprise,Logistics & Supply Chain,Canada,2024-11-27
CUST-12225,Stratum Analytics 248,Mid-Market,Cybersecurity,United States,2024-11-27
CUST-12226,Sync Tech 248,Mid-Market,Logistics & Supply Chain,United States,2024-11-28
CUST-12227,Vanguard Sphere 248,SMB,Fintech,United States,2024-11-28
CUST-12228,Omni Labs 248,Mid-Market,Cybersecurity,United Kingdom,2024-11-28
CUST-12229,Hyper Flow 248,Mid-Market,Healthcare,United States,2024-11-28
CUST-12230,Zenith Corp 248,SMB,Fintech,United Kingdom,2024-11-28
CUST-12231,Quantum Stack 248,Enterprise,Healthcare,Australia,2024-11-29
CUST-12232,Nexus AI 248,SMB,Fintech,United States,2024-11-29
CUST-12233,Vertex Scale 248,SMB,E-Commerce,United States,2024-11-29
CUST-12234,Blue Systems 248,SMB,Healthcare,United States,2024-11-29
CUST-12235,Apex Logic 249,SMB,E-Commerce,Australia,2024-11-29
CUST-12236,Cloud Hub 249,SMB,E-Commerce,Canada,2024-11-29
CUST-12237,Data Pay 249,Mid-Market,Logistics & Supply Chain,India,2024-11-29
CUST-12238,Nova Works 249,Enterprise,SaaS / Tech,United States,2024-11-29
CUST-12239,Pulse Security 249,Mid-Market,Healthcare,Australia,2024-11-29
CUST-12240,Stratum Analytics 249,SMB,Logistics & Supply Chain,United States,2024-11-29
CUST-12241,Sync Tech 249,Enterprise,Cybersecurity,United States,2024-11-29
CUST-12242,Vanguard Sphere 249,SMB,Fintech,Germany,2024-11-29
CUST-12243,Omni Labs 249,SMB,E-Commerce,India,2024-11-30
CUST-12244,Hyper Flow 249,SMB,Healthcare,United States,2024-11-30
CUST-12245,Zenith Corp 249,SMB,Fintech,United States,2024-11-30
CUST-12246,Quantum Stack 249,Enterprise,SaaS / Tech,United States,2024-11-30
CUST-12247,Nexus AI 249,SMB,Logistics & Supply Chain,United States,2024-11-30
CUST-12248,Vertex Scale 249,SMB,Fintech,United States,2024-11-30
CUST-12249,Blue Systems 249,Enterprise,Logistics & Supply Chain,Australia,2024-11-30
CUST-12250,Apex Logic 250,Enterprise,Logistics & Supply Chain,United Kingdom,2024-11-30
CUST-12251,Cloud Hub 250,SMB,Cybersecurity,Canada,2024-12-01
CUST-12252,Data Pay 250,SMB,Healthcare,Canada,2024-12-01
CUST-12253,Nova Works 250,SMB,Cybersecurity,United Kingdom,2024-12-01
CUST-12254,Pulse Security 250,SMB,Healthcare,Canada,2024-12-01
CUST-12255,Stratum Analytics 250,SMB,E-Commerce,United Kingdom,2024-12-01
CUST-12256,Sync Tech 250,SMB,Fintech,United States,2024-12-01
CUST-12257,Vanguard Sphere 250,Mid-Market,Fintech,United Kingdom,2024-12-02
CUST-12258,Omni Labs 250,Mid-Market,SaaS / Tech,United Kingdom,2024-12-02
CUST-12259,Hyper Flow 250,Mid-Market,Healthcare,Germany,2024-12-02
CUST-12260,Zenith Corp 250,SMB,Healthcare,Australia,2024-12-02
CUST-12261,Quantum Stack 250,SMB,Fintech,United States,2024-12-02
CUST-12262,Nexus AI 250,SMB,SaaS / Tech,Canada,2024-12-02
CUST-12263,Vertex Scale 250,Mid-Market,Fintech,United States,2024-12-02
CUST-12264,Blue Systems 250,SMB,Logistics & Supply Chain,Canada,2024-12-02
CUST-12265,Apex Logic 251,SMB,Fintech,United States,2024-12-02
CUST-12266,Cloud Hub 251,SMB,Fintech,United States,2024-12-02
CUST-12267,Data Pay 251,SMB,Healthcare,United States,2024-12-02
CUST-12268,Nova Works 251,Mid-Market,E-Commerce,United Kingdom,2024-12-03
CUST-12269,Pulse Security 251,SMB,Healthcare,United States,2024-12-03
CUST-12270,Stratum Analytics 251,Enterprise,Healthcare,India,2024-12-03
CUST-12271,Sync Tech 251,Mid-Market,Cybersecurity,United States,2024-12-03
CUST-12272,Vanguard Sphere 251,Mid-Market,E-Commerce,India,2024-12-03
CUST-12273,Omni Labs 251,SMB,Fintech,Canada,2024-12-03
CUST-12274,Hyper Flow 251,SMB,Healthcare,United States,2024-12-03
CUST-12275,Zenith Corp 251,SMB,Logistics & Supply Chain,United States,2024-12-03
CUST-12276,Quantum Stack 251,SMB,Healthcare,Canada,2024-12-03
CUST-12277,Nexus AI 251,SMB,Fintech,United Kingdom,2024-12-04
CUST-12278,Vertex Scale 251,SMB,SaaS / Tech,United Kingdom,2024-12-04
CUST-12279,Blue Systems 251,Enterprise,E-Commerce,United States,2024-12-04
CUST-12280,Apex Logic 252,Mid-Market,E-Commerce,United States,2024-12-05
CUST-12281,Cloud Hub 252,Mid-Market,Fintech,Australia,2024-12-05
CUST-12282,Data Pay 252,Mid-Market,Fintech,United States,2024-12-05
CUST-12283,Nova Works 252,Enterprise,E-Commerce,United States,2024-12-05
CUST-12284,Pulse Security 252,Enterprise,Fintech,United States,2024-12-05
CUST-12285,Stratum Analytics 252,Mid-Market,E-Commerce,Canada,2024-12-05
CUST-12286,Sync Tech 252,SMB,E-Commerce,Canada,2024-12-05
CUST-12287,Vanguard Sphere 252,Mid-Market,Healthcare,United States,2024-12-05
CUST-12288,Omni Labs 252,Mid-Market,Cybersecurity,United States,2024-12-05
CUST-12289,Hyper Flow 252,Mid-Market,Logistics & Supply Chain,United States,2024-12-05
CUST-12290,Zenith Corp 252,SMB,SaaS / Tech,United States,2024-12-05
CUST-12291,Quantum Stack 252,Mid-Market,Fintech,United States,2024-12-05
CUST-12292,Nexus AI 252,Mid-Market,Fintech,Australia,2024-12-06
CUST-12293,Vertex Scale 252,SMB,E-Commerce,United States,2024-12-06
CUST-12294,Blue Systems 252,Enterprise,Fintech,United States,2024-12-06
CUST-12295,Apex Logic 253,Enterprise,Cybersecurity,India,2024-12-06
CUST-12296,Cloud Hub 253,Mid-Market,Fintech,United States,2024-12-06
CUST-12297,Data Pay 253,Enterprise,E-Commerce,United Kingdom,2024-12-06
CUST-12298,Nova Works 253,Enterprise,Healthcare,United States,2024-12-07
CUST-12299,Pulse Security 253,Mid-Market,E-Commerce,United States,2024-12-07
CUST-12300,Stratum Analytics 253,SMB,Fintech,India,2024-12-08
CUST-12301,Sync Tech 253,SMB,Healthcare,United Kingdom,2024-12-08
CUST-12302,Vanguard Sphere 253,SMB,Healthcare,United States,2024-12-08
CUST-12303,Omni Labs 253,Mid-Market,Logistics & Supply Chain,United Kingdom,2024-12-08
CUST-12304,Hyper Flow 253,SMB,Fintech,India,2024-12-08
CUST-12305,Zenith Corp 253,Mid-Market,Cybersecurity,United States,2024-12-08
CUST-12306,Quantum Stack 253,Enterprise,Logistics & Supply Chain,United Kingdom,2024-12-09
CUST-12307,Nexus AI 253,SMB,Healthcare,Australia,2024-12-09
CUST-12308,Vertex Scale 253,Enterprise,SaaS / Tech,United States,2024-12-09
CUST-12309,Blue Systems 253,Mid-Market,Fintech,Canada,2024-12-09
CUST-12310,Apex Logic 254,SMB,Cybersecurity,United Kingdom,2024-12-09
CUST-12311,Cloud Hub 254,SMB,E-Commerce,United Kingdom,2024-12-10
CUST-12312,Data Pay 254,Mid-Market,Healthcare,United States,2024-12-10
CUST-12313,Nova Works 254,SMB,Healthcare,United States,2024-12-10
CUST-12314,Pulse Security 254,SMB,Fintech,Canada,2024-12-10
CUST-12315,Stratum Analytics 254,Enterprise,Cybersecurity,United States,2024-12-11
CUST-12316,Sync Tech 254,Mid-Market,Fintech,United States,2024-12-11
CUST-12317,Vanguard Sphere 254,Mid-Market,SaaS / Tech,United States,2024-12-11
CUST-12318,Omni Labs 254,Mid-Market,Healthcare,United States,2024-12-11
CUST-12319,Hyper Flow 254,Mid-Market,Cybersecurity,Australia,2024-12-11
CUST-12320,Zenith Corp 254,SMB,Fintech,United States,2024-12-11
CUST-12321,Quantum Stack 254,SMB,E-Commerce,Australia,2024-12-11
CUST-12322,Nexus AI 254,SMB,E-Commerce,United States,2024-12-11
CUST-12323,Vertex Scale 254,Mid-Market,SaaS / Tech,United Kingdom,2024-12-11
CUST-12324,Blue Systems 254,SMB,Fintech,United States,2024-12-11
CUST-12325,Apex Logic 255,SMB,Fintech,Canada,2024-12-12
CUST-12326,Cloud Hub 255,SMB,Fintech,Canada,2024-12-12
CUST-12327,Data Pay 255,Enterprise,SaaS / Tech,United States,2024-12-12
CUST-12328,Nova Works 255,SMB,Fintech,India,2024-12-12
CUST-12329,Pulse Security 255,Enterprise,E-Commerce,United States,2024-12-12
CUST-12330,Stratum Analytics 255,Mid-Market,Fintech,United Kingdom,2024-12-12
CUST-12331,Sync Tech 255,Enterprise,Logistics & Supply Chain,Australia,2024-12-12
CUST-12332,Vanguard Sphere 255,SMB,Cybersecurity,India,2024-12-12
CUST-12333,Omni Labs 255,SMB,E-Commerce,Australia,2024-12-12
CUST-12334,Hyper Flow 255,Enterprise,Healthcare,United States,2024-12-12
CUST-12335,Zenith Corp 255,Mid-Market,Fintech,United States,2024-12-12
CUST-12336,Quantum Stack 255,Mid-Market,Fintech,United States,2024-12-12
CUST-12337,Nexus AI 255,Mid-Market,Healthcare,United Kingdom,2024-12-13
CUST-12338,Vertex Scale 255,Enterprise,SaaS / Tech,Canada,2024-12-13
CUST-12339,Blue Systems 255,Mid-Market,E-Commerce,United States,2024-12-13
CUST-12340,Apex Logic 256,SMB,Cybersecurity,United Kingdom,2024-12-13
CUST-12341,Cloud Hub 256,Enterprise,Healthcare,United States,2024-12-13
CUST-12342,Data Pay 256,Enterprise,SaaS / Tech,United States,2024-12-14
CUST-12343,Nova Works 256,Mid-Market,E-Commerce,United Kingdom,2024-12-14
CUST-12344,Pulse Security 256,SMB,E-Commerce,United States,2024-12-14
CUST-12345,Stratum Analytics 256,SMB,Healthcare,Germany,2024-12-14
CUST-12346,Sync Tech 256,SMB,E-Commerce,United States,2024-12-14
CUST-12347,Vanguard Sphere 256,Mid-Market,E-Commerce,Canada,2024-12-14
CUST-12348,Omni Labs 256,SMB,SaaS / Tech,United States,2024-12-14
CUST-12349,Hyper Flow 256,Enterprise,Cybersecurity,United States,2024-12-15
CUST-12350,Zenith Corp 256,SMB,Healthcare,United Kingdom,2024-12-16
CUST-12351,Quantum Stack 256,SMB,Fintech,Germany,2024-12-16
CUST-12352,Nexus AI 256,SMB,E-Commerce,United States,2024-12-16
CUST-12353,Vertex Scale 256,SMB,E-Commerce,United States,2024-12-17
CUST-12354,Blue Systems 256,SMB,Fintech,United Kingdom,2024-12-17
CUST-12355,Apex Logic 257,Enterprise,SaaS / Tech,United States,2024-12-17
CUST-12356,Cloud Hub 257,SMB,Cybersecurity,Germany,2024-12-17
CUST-12357,Data Pay 257,Enterprise,Cybersecurity,Canada,2024-12-17
CUST-12358,Nova Works 257,SMB,Fintech,United States,2024-12-17
CUST-12359,Pulse Security 257,Enterprise,Logistics & Supply Chain,United States,2024-12-17
CUST-12360,Stratum Analytics 257,Enterprise,SaaS / Tech,Canada,2024-12-17
CUST-12361,Sync Tech 257,Mid-Market,E-Commerce,United States,2024-12-17
CUST-12362,Vanguard Sphere 257,Mid-Market,E-Commerce,United Kingdom,2024-12-18
CUST-12363,Omni Labs 257,Mid-Market,Logistics & Supply Chain,United States,2024-12-18
CUST-12364,Hyper Flow 257,SMB,E-Commerce,United Kingdom,2024-12-18
CUST-12365,Zenith Corp 257,Enterprise,Healthcare,United States,2024-12-18
CUST-12366,Quantum Stack 257,Enterprise,E-Commerce,Germany,2024-12-18
CUST-12367,Nexus AI 257,SMB,E-Commerce,United States,2024-12-18
CUST-12368,Vertex Scale 257,Mid-Market,Fintech,United States,2024-12-18
CUST-12369,Blue Systems 257,SMB,Cybersecurity,Germany,2024-12-18
CUST-12370,Apex Logic 258,SMB,SaaS / Tech,United States,2024-12-19
CUST-12371,Cloud Hub 258,SMB,E-Commerce,United States,2024-12-19
CUST-12372,Data Pay 258,SMB,Fintech,United States,2024-12-19
CUST-12373,Nova Works 258,Mid-Market,E-Commerce,United States,2024-12-19
CUST-12374,Pulse Security 258,SMB,Fintech,India,2024-12-19
CUST-12375,Stratum Analytics 258,Mid-Market,Fintech,Canada,2024-12-19
CUST-12376,Sync Tech 258,Mid-Market,E-Commerce,United States,2024-12-19
CUST-12377,Vanguard Sphere 258,SMB,Healthcare,Canada,2024-12-19
CUST-12378,Omni Labs 258,Mid-Market,E-Commerce,United Kingdom,2024-12-19
CUST-12379,Hyper Flow 258,SMB,Fintech,India,2024-12-19
CUST-12380,Zenith Corp 258,SMB,Healthcare,United States,2024-12-19
CUST-12381,Quantum Stack 258,SMB,Fintech,United Kingdom,2024-12-20
CUST-12382,Nexus AI 258,SMB,Cybersecurity,United Kingdom,2024-12-20
CUST-12383,Vertex Scale 258,Mid-Market,E-Commerce,United States,2024-12-20
CUST-12384,Blue Systems 258,Mid-Market,SaaS / Tech,United States,2024-12-20
CUST-12385,Apex Logic 259,SMB,Healthcare,United States,2024-12-21
CUST-12386,Cloud Hub 259,Mid-Market,Fintech,Canada,2024-12-21
CUST-12387,Data Pay 259,SMB,Cybersecurity,United States,2024-12-21
CUST-12388,Nova Works 259,SMB,Healthcare,Australia,2024-12-21
CUST-12389,Pulse Security 259,SMB,Healthcare,United States,2024-12-21
CUST-12390,Stratum Analytics 259,Mid-Market,E-Commerce,Canada,2024-12-21
CUST-12391,Sync Tech 259,Mid-Market,Fintech,India,2024-12-21
CUST-12392,Vanguard Sphere 259,Mid-Market,Logistics & Supply Chain,United Kingdom,2024-12-21
CUST-12393,Omni Labs 259,Enterprise,E-Commerce,Germany,2024-12-21
CUST-12394,Hyper Flow 259,SMB,Healthcare,Germany,2024-12-21
CUST-12395,Zenith Corp 259,Mid-Market,Fintech,United States,2024-12-21
CUST-12396,Quantum Stack 259,Mid-Market,Fintech,United Kingdom,2024-12-22
CUST-12397,Nexus AI 259,Enterprise,Logistics & Supply Chain,United States,2024-12-22
CUST-12398,Vertex Scale 259,SMB,SaaS / Tech,United Kingdom,2024-12-22
CUST-12399,Blue Systems 259,SMB,Fintech,United States,2024-12-22
CUST-12400,Apex Logic 260,Mid-Market,Fintech,Canada,2024-12-22
CUST-12401,Cloud Hub 260,Enterprise,SaaS / Tech,United Kingdom,2024-12-22
CUST-12402,Data Pay 260,Mid-Market,E-Commerce,United States,2024-12-22
CUST-12403,Nova Works 260,Mid-Market,Healthcare,United States,2024-12-22
CUST-12404,Pulse Security 260,SMB,Healthcare,Australia,2024-12-22
CUST-12405,Stratum Analytics 260,SMB,Fintech,United States,2024-12-23
CUST-12406,Sync Tech 260,Mid-Market,SaaS / Tech,United States,2024-12-23
CUST-12407,Vanguard Sphere 260,Mid-Market,Cybersecurity,United States,2024-12-23
CUST-12408,Omni Labs 260,SMB,Fintech,Australia,2024-12-24
CUST-12409,Hyper Flow 260,Mid-Market,E-Commerce,Australia,2024-12-24
CUST-12410,Zenith Corp 260,SMB,Healthcare,United Kingdom,2024-12-24
CUST-12411,Quantum Stack 260,Enterprise,Healthcare,India,2024-12-24
CUST-12412,Nexus AI 260,Mid-Market,Healthcare,United States,2024-12-24
CUST-12413,Vertex Scale 260,Enterprise,Logistics & Supply Chain,Australia,2024-12-24
CUST-12414,Blue Systems 260,SMB,E-Commerce,United States,2024-12-24
CUST-12415,Apex Logic 261,SMB,E-Commerce,United States,2024-12-24
CUST-12416,Cloud Hub 261,Mid-Market,Healthcare,United States,2024-12-24
CUST-12417,Data Pay 261,Enterprise,Fintech,United Kingdom,2024-12-24
CUST-12418,Nova Works 261,Enterprise,Fintech,Canada,2024-12-24
CUST-12419,Pulse Security 261,Mid-Market,SaaS / Tech,United States,2024-12-25
CUST-12420,Stratum Analytics 261,Mid-Market,Fintech,Australia,2024-12-25
CUST-12421,Sync Tech 261,Enterprise,SaaS / Tech,United States,2024-12-25
CUST-12422,Vanguard Sphere 261,SMB,Healthcare,United States,2024-12-25
CUST-12423,Omni Labs 261,Mid-Market,Healthcare,United States,2024-12-25
CUST-12424,Hyper Flow 261,Mid-Market,E-Commerce,United Kingdom,2024-12-25
CUST-12425,Zenith Corp 261,SMB,Healthcare,Germany,2024-12-26
CUST-12426,Quantum Stack 261,Enterprise,Fintech,United States,2024-12-26
CUST-12427,Nexus AI 261,SMB,Healthcare,United Kingdom,2024-12-26
CUST-12428,Vertex Scale 261,Mid-Market,SaaS / Tech,United States,2024-12-26
CUST-12429,Blue Systems 261,SMB,SaaS / Tech,United Kingdom,2024-12-26
CUST-12430,Apex Logic 262,SMB,Healthcare,Australia,2024-12-26
CUST-12431,Cloud Hub 262,SMB,E-Commerce,United States,2024-12-26
CUST-12432,Data Pay 262,SMB,Fintech,India,2024-12-26
CUST-12433,Nova Works 262,Mid-Market,Fintech,United Kingdom,2024-12-26
CUST-12434,Pulse Security 262,SMB,Fintech,United States,2024-12-26
CUST-12435,Stratum Analytics 262,Mid-Market,Logistics & Supply Chain,Australia,2024-12-27
CUST-12436,Sync Tech 262,Mid-Market,Fintech,United States,2024-12-27
CUST-12437,Vanguard Sphere 262,Mid-Market,Fintech,United States,2024-12-27
CUST-12438,Omni Labs 262,SMB,Healthcare,United States,2024-12-27
CUST-12439,Hyper Flow 262,Mid-Market,Fintech,United States,2024-12-27
CUST-12440,Zenith Corp 262,SMB,E-Commerce,Germany,2024-12-28
CUST-12441,Quantum Stack 262,SMB,Fintech,United Kingdom,2024-12-28
CUST-12442,Nexus AI 262,SMB,Fintech,India,2024-12-28
CUST-12443,Vertex Scale 262,SMB,E-Commerce,United States,2024-12-28
CUST-12444,Blue Systems 262,Mid-Market,Healthcare,United States,2024-12-28
CUST-12445,Apex Logic 263,Mid-Market,SaaS / Tech,United States,2024-12-28
CUST-12446,Cloud Hub 263,Mid-Market,E-Commerce,United Kingdom,2024-12-28
CUST-12447,Data Pay 263,Mid-Market,Healthcare,Australia,2024-12-28
CUST-12448,Nova Works 263,Enterprise,SaaS / Tech,Canada,2024-12-28
CUST-12449,Pulse Security 263,Mid-Market,Fintech,United States,2024-12-28
CUST-12450,Stratum Analytics 263,Mid-Market,E-Commerce,Germany,2024-12-28
CUST-12451,Sync Tech 263,SMB,Healthcare,Canada,2024-12-29
CUST-12452,Vanguard Sphere 263,SMB,Healthcare,United States,2024-12-29
CUST-12453,Omni Labs 263,Mid-Market,E-Commerce,Germany,2024-12-29
CUST-12454,Hyper Flow 263,SMB,Logistics & Supply Chain,United States,2024-12-29
CUST-12455,Zenith Corp 263,Enterprise,Cybersecurity,United States,2024-12-29
CUST-12456,Quantum Stack 263,Mid-Market,E-Commerce,United States,2024-12-29
CUST-12457,Nexus AI 263,SMB,Healthcare,United States,2024-12-30
CUST-12458,Vertex Scale 263,Mid-Market,Fintech,United States,2024-12-30
CUST-12459,Blue Systems 263,Mid-Market,Healthcare,United States,2024-12-30
CUST-12460,Apex Logic 264,SMB,E-Commerce,United States,2024-12-30
CUST-12461,Cloud Hub 264,SMB,Healthcare,Canada,2024-12-30
CUST-12462,Data Pay 264,SMB,Cybersecurity,Australia,2024-12-30
CUST-12463,Nova Works 264,SMB,Healthcare,Canada,2024-12-30
CUST-12464,Pulse Security 264,SMB,Healthcare,United States,2024-12-30
CUST-12465,Stratum Analytics 264,Mid-Market,Healthcare,United States,2024-12-30
CUST-12466,Sync Tech 264,Mid-Market,Logistics & Supply Chain,United States,2024-12-30
CUST-12467,Vanguard Sphere 264,Enterprise,SaaS / Tech,United States,2024-12-30
CUST-12468,Omni Labs 264,Mid-Market,E-Commerce,United Kingdom,2024-12-31
CUST-12469,Hyper Flow 264,SMB,Healthcare,United Kingdom,2024-12-31
CUST-12470,Zenith Corp 264,Mid-Market,Logistics & Supply Chain,Canada,2024-12-31
CUST-12471,Quantum Stack 264,SMB,Fintech,Canada,2024-12-31
CUST-12472,Nexus AI 264,SMB,Logistics & Supply Chain,United States,2024-12-31
CUST-12473,Vertex Scale 264,SMB,E-Commerce,United States,2024-12-31
CUST-12474,Blue Systems 264,SMB,Healthcare,Canada,2024-12-31
CUST-12475,Apex Logic 265,SMB,E-Commerce,United States,2024-12-31
CUST-12476,Cloud Hub 265,Enterprise,SaaS / Tech,United States,2024-12-31
CUST-12477,Data Pay 265,SMB,Fintech,United States,2025-01-01
CUST-12478,Nova Works 265,Enterprise,Logistics & Supply Chain,United States,2025-01-01
CUST-12479,Pulse Security 265,SMB,Healthcare,United States,2025-01-01
CUST-12480,Stratum Analytics 265,Mid-Market,Healthcare,Germany,2025-01-01
CUST-12481,Sync Tech 265,SMB,Fintech,Germany,2025-01-02
CUST-12482,Vanguard Sphere 265,SMB,Healthcare,United States,2025-01-02
CUST-12483,Omni Labs 265,Enterprise,E-Commerce,United States,2025-01-02
CUST-12484,Hyper Flow 265,Mid-Market,Healthcare,Canada,2025-01-02
CUST-12485,Zenith Corp 265,SMB,SaaS / Tech,United States,2025-01-02
CUST-12486,Quantum Stack 265,Mid-Market,Healthcare,United States,2025-01-02
CUST-12487,Nexus AI 265,SMB,Cybersecurity,United States,2025-01-02
CUST-12488,Vertex Scale 265,SMB,E-Commerce,United States,2025-01-02
CUST-12489,Blue Systems 265,Mid-Market,Logistics & Supply Chain,Canada,2025-01-02
CUST-12490,Apex Logic 266,Mid-Market,Fintech,Germany,2025-01-02
CUST-12491,Cloud Hub 266,Mid-Market,Healthcare,United States,2025-01-02
CUST-12492,Data Pay 266,SMB,Healthcare,United States,2025-01-03
CUST-12493,Nova Works 266,Mid-Market,E-Commerce,United States,2025-01-03
CUST-12494,Pulse Security 266,SMB,Logistics & Supply Chain,United States,2025-01-03
CUST-12495,Stratum Analytics 266,Mid-Market,Fintech,Australia,2025-01-03
CUST-12496,Sync Tech 266,SMB,Fintech,United Kingdom,2025-01-03
CUST-12497,Vanguard Sphere 266,SMB,Logistics & Supply Chain,United Kingdom,2025-01-03
CUST-12498,Omni Labs 266,SMB,Fintech,Canada,2025-01-03
CUST-12499,Hyper Flow 266,Mid-Market,SaaS / Tech,Germany,2025-01-03
CUST-12500,Zenith Corp 266,SMB,E-Commerce,Germany,2025-01-04
CUST-12501,Quantum Stack 266,SMB,Logistics & Supply Chain,United States,2025-01-04
CUST-12502,Nexus AI 266,SMB,Fintech,United States,2025-01-04
CUST-12503,Vertex Scale 266,SMB,Fintech,United Kingdom,2025-01-04
CUST-12504,Blue Systems 266,Mid-Market,E-Commerce,United States,2025-01-04
CUST-12505,Apex Logic 267,Enterprise,Cybersecurity,Australia,2025-01-05
CUST-12506,Cloud Hub 267,SMB,Healthcare,United Kingdom,2025-01-05
CUST-12507,Data Pay 267,Mid-Market,Healthcare,Australia,2025-01-05
CUST-12508,Nova Works 267,SMB,E-Commerce,United States,2025-01-05
CUST-12509,Pulse Security 267,SMB,Cybersecurity,Germany,2025-01-05
CUST-12510,Stratum Analytics 267,Enterprise,Logistics & Supply Chain,United States,2025-01-05
CUST-12511,Sync Tech 267,SMB,Cybersecurity,Australia,2025-01-05
CUST-12512,Vanguard Sphere 267,Mid-Market,Fintech,United States,2025-01-05
CUST-12513,Omni Labs 267,SMB,Fintech,United Kingdom,2025-01-05
CUST-12514,Hyper Flow 267,SMB,E-Commerce,Canada,2025-01-05
CUST-12515,Zenith Corp 267,SMB,Logistics & Supply Chain,United States,2025-01-05
CUST-12516,Quantum Stack 267,Enterprise,Healthcare,United States,2025-01-05
CUST-12517,Nexus AI 267,Mid-Market,Fintech,Australia,2025-01-06
CUST-12518,Vertex Scale 267,SMB,SaaS / Tech,United States,2025-01-06
CUST-12519,Blue Systems 267,SMB,Fintech,United Kingdom,2025-01-06
CUST-12520,Apex Logic 268,SMB,Healthcare,United States,2025-01-06
CUST-12521,Cloud Hub 268,Enterprise,E-Commerce,Germany,2025-01-06
CUST-12522,Data Pay 268,Mid-Market,E-Commerce,United Kingdom,2025-01-06
CUST-12523,Nova Works 268,Mid-Market,SaaS / Tech,United States,2025-01-07
CUST-12524,Pulse Security 268,SMB,Healthcare,United States,2025-01-07
CUST-12525,Stratum Analytics 268,Mid-Market,E-Commerce,United Kingdom,2025-01-07
CUST-12526,Sync Tech 268,Mid-Market,E-Commerce,United States,2025-01-07
CUST-12527,Vanguard Sphere 268,SMB,E-Commerce,United States,2025-01-07
CUST-12528,Omni Labs 268,Enterprise,E-Commerce,United Kingdom,2025-01-07
CUST-12529,Hyper Flow 268,SMB,Healthcare,United States,2025-01-07
CUST-12530,Zenith Corp 268,SMB,Fintech,United States,2025-01-08
CUST-12531,Quantum Stack 268,SMB,Fintech,United Kingdom,2025-01-08
CUST-12532,Nexus AI 268,Mid-Market,Fintech,United States,2025-01-08
CUST-12533,Vertex Scale 268,Enterprise,E-Commerce,United States,2025-01-08
CUST-12534,Blue Systems 268,SMB,Logistics & Supply Chain,United States,2025-01-09
CUST-12535,Apex Logic 269,SMB,SaaS / Tech,United Kingdom,2025-01-09
CUST-12536,Cloud Hub 269,SMB,SaaS / Tech,United Kingdom,2025-01-09
CUST-12537,Data Pay 269,Enterprise,Healthcare,Canada,2025-01-10
CUST-12538,Nova Works 269,SMB,Healthcare,United States,2025-01-10
CUST-12539,Pulse Security 269,SMB,Healthcare,United States,2025-01-10
CUST-12540,Stratum Analytics 269,SMB,Fintech,United States,2025-01-10
CUST-12541,Sync Tech 269,SMB,Fintech,United States,2025-01-10
CUST-12542,Vanguard Sphere 269,SMB,E-Commerce,India,2025-01-10
CUST-12543,Omni Labs 269,SMB,Cybersecurity,United States,2025-01-10
CUST-12544,Hyper Flow 269,Enterprise,Fintech,United States,2025-01-10
CUST-12545,Zenith Corp 269,Mid-Market,Fintech,United States,2025-01-10
CUST-12546,Quantum Stack 269,Enterprise,SaaS / Tech,United Kingdom,2025-01-11
CUST-12547,Nexus AI 269,Mid-Market,Healthcare,United Kingdom,2025-01-11
CUST-12548,Vertex Scale 269,Mid-Market,Logistics & Supply Chain,United Kingdom,2025-01-11
CUST-12549,Blue Systems 269,Enterprise,SaaS / Tech,Germany,2025-01-11
CUST-12550,Apex Logic 270,Mid-Market,Cybersecurity,United States,2025-01-11
CUST-12551,Cloud Hub 270,Enterprise,Healthcare,United States,2025-01-11
CUST-12552,Data Pay 270,SMB,SaaS / Tech,United States,2025-01-11
CUST-12553,Nova Works 270,SMB,E-Commerce,United Kingdom,2025-01-11
CUST-12554,Pulse Security 270,Enterprise,E-Commerce,United Kingdom,2025-01-11
CUST-12555,Stratum Analytics 270,SMB,Healthcare,United Kingdom,2025-01-12
CUST-12556,Sync Tech 270,SMB,Fintech,Canada,2025-01-12
CUST-12557,Vanguard Sphere 270,Mid-Market,E-Commerce,United Kingdom,2025-01-12
CUST-12558,Omni Labs 270,Enterprise,E-Commerce,India,2025-01-12
CUST-12559,Hyper Flow 270,SMB,Logistics & Supply Chain,United Kingdom,2025-01-12
CUST-12560,Zenith Corp 270,SMB,SaaS / Tech,Canada,2025-01-12
CUST-12561,Quantum Stack 270,SMB,SaaS / Tech,United States,2025-01-13
CUST-12562,Nexus AI 270,Enterprise,Fintech,United Kingdom,2025-01-13
CUST-12563,Vertex Scale 270,Enterprise,SaaS / Tech,India,2025-01-13
CUST-12564,Blue Systems 270,Mid-Market,E-Commerce,United States,2025-01-13
CUST-12565,Apex Logic 271,Mid-Market,Logistics & Supply Chain,Canada,2025-01-13
CUST-12566,Cloud Hub 271,Mid-Market,Cybersecurity,Canada,2025-01-13
CUST-12567,Data Pay 271,Mid-Market,Fintech,United States,2025-01-13
CUST-12568,Nova Works 271,SMB,Logistics & Supply Chain,United Kingdom,2025-01-13
CUST-12569,Pulse Security 271,SMB,Fintech,United States,2025-01-13
CUST-12570,Stratum Analytics 271,Mid-Market,Healthcare,Australia,2025-01-14
CUST-12571,Sync Tech 271,SMB,E-Commerce,Germany,2025-01-14
CUST-12572,Vanguard Sphere 271,Mid-Market,Fintech,United States,2025-01-14
CUST-12573,Omni Labs 271,Mid-Market,SaaS / Tech,United States,2025-01-14
CUST-12574,Hyper Flow 271,Mid-Market,Fintech,United Kingdom,2025-01-14
CUST-12575,Zenith Corp 271,SMB,Fintech,United States,2025-01-14
CUST-12576,Quantum Stack 271,SMB,E-Commerce,United States,2025-01-14
CUST-12577,Nexus AI 271,SMB,SaaS / Tech,United Kingdom,2025-01-14
CUST-12578,Vertex Scale 271,Mid-Market,Cybersecurity,United States,2025-01-14
CUST-12579,Blue Systems 271,SMB,SaaS / Tech,United States,2025-01-14
CUST-12580,Apex Logic 272,Enterprise,SaaS / Tech,Germany,2025-01-15
CUST-12581,Cloud Hub 272,SMB,Healthcare,India,2025-01-15
CUST-12582,Data Pay 272,SMB,Fintech,Canada,2025-01-15
CUST-12583,Nova Works 272,Mid-Market,Fintech,Germany,2025-01-15
CUST-12584,Pulse Security 272,SMB,E-Commerce,United States,2025-01-15
CUST-12585,Stratum Analytics 272,SMB,SaaS / Tech,United States,2025-01-16
CUST-12586,Sync Tech 272,Enterprise,Healthcare,United States,2025-01-16
CUST-12587,Vanguard Sphere 272,SMB,SaaS / Tech,Canada,2025-01-16
CUST-12588,Omni Labs 272,Mid-Market,E-Commerce,India,2025-01-16
CUST-12589,Hyper Flow 272,SMB,Fintech,Canada,2025-01-16
CUST-12590,Zenith Corp 272,SMB,Fintech,India,2025-01-16
CUST-12591,Quantum Stack 272,SMB,Logistics & Supply Chain,United Kingdom,2025-01-16
CUST-12592,Nexus AI 272,SMB,SaaS / Tech,United States,2025-01-16
CUST-12593,Vertex Scale 272,SMB,Logistics & Supply Chain,United States,2025-01-17
CUST-12594,Blue Systems 272,Enterprise,Fintech,United States,2025-01-17
CUST-12595,Apex Logic 273,SMB,Cybersecurity,United States,2025-01-17
CUST-12596,Cloud Hub 273,Mid-Market,Fintech,Canada,2025-01-17
CUST-12597,Data Pay 273,Mid-Market,Fintech,United States,2025-01-18
CUST-12598,Nova Works 273,Mid-Market,Cybersecurity,United Kingdom,2025-01-18
CUST-12599,Pulse Security 273,Enterprise,Healthcare,United Kingdom,2025-01-18
CUST-12600,Stratum Analytics 273,SMB,SaaS / Tech,United States,2025-01-18
CUST-12601,Sync Tech 273,Enterprise,Fintech,United States,2025-01-18
CUST-12602,Vanguard Sphere 273,SMB,E-Commerce,United States,2025-01-19
CUST-12603,Omni Labs 273,Mid-Market,Cybersecurity,United States,2025-01-19
CUST-12604,Hyper Flow 273,Enterprise,Healthcare,Germany,2025-01-19
CUST-12605,Zenith Corp 273,SMB,SaaS / Tech,United States,2025-01-19
CUST-12606,Quantum Stack 273,Enterprise,Fintech,United Kingdom,2025-01-19
CUST-12607,Nexus AI 273,Mid-Market,E-Commerce,India,2025-01-19
CUST-12608,Vertex Scale 273,SMB,Healthcare,Germany,2025-01-20
CUST-12609,Blue Systems 273,Enterprise,Fintech,India,2025-01-20
CUST-12610,Apex Logic 274,SMB,Healthcare,United States,2025-01-20
CUST-12611,Cloud Hub 274,Enterprise,Fintech,United States,2025-01-20
CUST-12612,Data Pay 274,Mid-Market,Cybersecurity,United States,2025-01-20
CUST-12613,Nova Works 274,SMB,Healthcare,United States,2025-01-20
CUST-12614,Pulse Security 274,Mid-Market,Fintech,India,2025-01-20
CUST-12615,Stratum Analytics 274,Enterprise,Healthcare,United Kingdom,2025-01-20
CUST-12616,Sync Tech 274,Mid-Market,Healthcare,United States,2025-01-20
CUST-12617,Vanguard Sphere 274,Mid-Market,SaaS / Tech,United States,2025-01-20
CUST-12618,Omni Labs 274,SMB,Cybersecurity,United States,2025-01-20
CUST-12619,Hyper Flow 274,Mid-Market,Healthcare,United Kingdom,2025-01-20
CUST-12620,Zenith Corp 274,SMB,Logistics & Supply Chain,Canada,2025-01-21
CUST-12621,Quantum Stack 274,SMB,E-Commerce,Germany,2025-01-21
CUST-12622,Nexus AI 274,Mid-Market,Fintech,India,2025-01-21
CUST-12623,Vertex Scale 274,SMB,SaaS / Tech,United States,2025-01-21
CUST-12624,Blue Systems 274,Mid-Market,E-Commerce,United States,2025-01-21
CUST-12625,Apex Logic 275,SMB,SaaS / Tech,United States,2025-01-21
CUST-12626,Cloud Hub 275,Enterprise,Logistics & Supply Chain,United States,2025-01-21
CUST-12627,Data Pay 275,SMB,Healthcare,India,2025-01-21
CUST-12628,Nova Works 275,Mid-Market,Cybersecurity,United Kingdom,2025-01-21
CUST-12629,Pulse Security 275,Mid-Market,SaaS / Tech,Canada,2025-01-21
CUST-12630,Stratum Analytics 275,SMB,E-Commerce,United States,2025-01-22
CUST-12631,Sync Tech 275,SMB,E-Commerce,United States,2025-01-22
CUST-12632,Vanguard Sphere 275,Enterprise,Healthcare,United States,2025-01-22
CUST-12633,Omni Labs 275,Mid-Market,Cybersecurity,United Kingdom,2025-01-23
CUST-12634,Hyper Flow 275,SMB,SaaS / Tech,Canada,2025-01-23
CUST-12635,Zenith Corp 275,SMB,Fintech,United States,2025-01-23
CUST-12636,Quantum Stack 275,SMB,Healthcare,Canada,2025-01-23
CUST-12637,Nexus AI 275,SMB,E-Commerce,Germany,2025-01-23
CUST-12638,Vertex Scale 275,SMB,Fintech,United States,2025-01-23
CUST-12639,Blue Systems 275,SMB,Fintech,Canada,2025-01-23
CUST-12640,Apex Logic 276,Mid-Market,E-Commerce,United States,2025-01-23
CUST-12641,Cloud Hub 276,Enterprise,Healthcare,United Kingdom,2025-01-23
CUST-12642,Data Pay 276,SMB,Healthcare,Canada,2025-01-24
CUST-12643,Nova Works 276,SMB,Healthcare,Australia,2025-01-24
CUST-12644,Pulse Security 276,Enterprise,Fintech,United States,2025-01-24
CUST-12645,Stratum Analytics 276,Mid-Market,SaaS / Tech,United States,2025-01-24
CUST-12646,Sync Tech 276,SMB,E-Commerce,United States,2025-01-24
CUST-12647,Vanguard Sphere 276,SMB,Fintech,United States,2025-01-24
CUST-12648,Omni Labs 276,Mid-Market,Healthcare,Canada,2025-01-24
CUST-12649,Hyper Flow 276,Mid-Market,E-Commerce,India,2025-01-25
CUST-12650,Zenith Corp 276,Mid-Market,Fintech,United States,2025-01-25
CUST-12651,Quantum Stack 276,Mid-Market,Fintech,United States,2025-01-25
CUST-12652,Nexus AI 276,Mid-Market,Fintech,United States,2025-01-25
CUST-12653,Vertex Scale 276,Enterprise,Logistics & Supply Chain,United States,2025-01-25
CUST-12654,Blue Systems 276,SMB,SaaS / Tech,United States,2025-01-25
CUST-12655,Apex Logic 277,Mid-Market,SaaS / Tech,United States,2025-01-25
CUST-12656,Cloud Hub 277,SMB,SaaS / Tech,Canada,2025-01-25
CUST-12657,Data Pay 277,SMB,SaaS / Tech,United States,2025-01-25
CUST-12658,Nova Works 277,Mid-Market,E-Commerce,United Kingdom,2025-01-26
CUST-12659,Pulse Security 277,SMB,E-Commerce,Canada,2025-01-26
CUST-12660,Stratum Analytics 277,Mid-Market,Fintech,United States,2025-01-26
CUST-12661,Sync Tech 277,SMB,E-Commerce,United Kingdom,2025-01-26
CUST-12662,Vanguard Sphere 277,Mid-Market,SaaS / Tech,United Kingdom,2025-01-26
CUST-12663,Omni Labs 277,SMB,E-Commerce,United Kingdom,2025-01-26
CUST-12664,Hyper Flow 277,SMB,Healthcare,United States,2025-01-27
CUST-12665,Zenith Corp 277,Mid-Market,Healthcare,United States,2025-01-27
CUST-12666,Quantum Stack 277,Enterprise,E-Commerce,Germany,2025-01-27
CUST-12667,Nexus AI 277,SMB,SaaS / Tech,Canada,2025-01-27
CUST-12668,Vertex Scale 277,SMB,Logistics & Supply Chain,United States,2025-01-27
CUST-12669,Blue Systems 277,Mid-Market,Healthcare,United States,2025-01-27
CUST-12670,Apex Logic 278,SMB,SaaS / Tech,United States,2025-01-27
CUST-12671,Cloud Hub 278,Mid-Market,E-Commerce,United States,2025-01-27
CUST-12672,Data Pay 278,SMB,Logistics & Supply Chain,United Kingdom,2025-01-27
CUST-12673,Nova Works 278,Mid-Market,E-Commerce,United States,2025-01-27
CUST-12674,Pulse Security 278,SMB,E-Commerce,United States,2025-01-27
CUST-12675,Stratum Analytics 278,Mid-Market,E-Commerce,Canada,2025-01-28
CUST-12676,Sync Tech 278,Mid-Market,SaaS / Tech,United States,2025-01-28
CUST-12677,Vanguard Sphere 278,Enterprise,Cybersecurity,Canada,2025-01-28
CUST-12678,Omni Labs 278,Enterprise,Fintech,Canada,2025-01-28
CUST-12679,Hyper Flow 278,SMB,Fintech,United States,2025-01-28
CUST-12680,Zenith Corp 278,Mid-Market,Cybersecurity,Canada,2025-01-28
CUST-12681,Quantum Stack 278,SMB,E-Commerce,Canada,2025-01-28
CUST-12682,Nexus AI 278,Enterprise,E-Commerce,United States,2025-01-28
CUST-12683,Vertex Scale 278,Mid-Market,E-Commerce,United States,2025-01-28
CUST-12684,Blue Systems 278,Mid-Market,Fintech,United Kingdom,2025-01-28
CUST-12685,Apex Logic 279,Enterprise,SaaS / Tech,India,2025-01-28
CUST-12686,Cloud Hub 279,Enterprise,SaaS / Tech,United Kingdom,2025-01-28
CUST-12687,Data Pay 279,Mid-Market,Healthcare,United States,2025-01-28
CUST-12688,Nova Works 279,Mid-Market,Healthcare,Canada,2025-01-29
CUST-12689,Pulse Security 279,Mid-Market,Logistics & Supply Chain,United States,2025-01-29
CUST-12690,Stratum Analytics 279,SMB,Fintech,United Kingdom,2025-01-29
CUST-12691,Sync Tech 279,SMB,Logistics & Supply Chain,Canada,2025-01-29
CUST-12692,Vanguard Sphere 279,Enterprise,Healthcare,United Kingdom,2025-01-29
CUST-12693,Omni Labs 279,Mid-Market,E-Commerce,Germany,2025-01-29
CUST-12694,Hyper Flow 279,SMB,Cybersecurity,Canada,2025-01-29
CUST-12695,Zenith Corp 279,SMB,SaaS / Tech,United Kingdom,2025-01-30
CUST-12696,Quantum Stack 279,SMB,Healthcare,United States,2025-01-30
CUST-12697,Nexus AI 279,Mid-Market,SaaS / Tech,Germany,2025-01-30
CUST-12698,Vertex Scale 279,SMB,Healthcare,India,2025-01-30
CUST-12699,Blue Systems 279,SMB,Healthcare,United States,2025-01-30
CUST-12700,Apex Logic 280,SMB,Cybersecurity,United States,2025-01-30
CUST-12701,Cloud Hub 280,SMB,SaaS / Tech,United States,2025-01-30
CUST-12702,Data Pay 280,Enterprise,E-Commerce,Canada,2025-01-31
CUST-12703,Nova Works 280,Enterprise,Healthcare,Canada,2025-01-31
CUST-12704,Pulse Security 280,SMB,Fintech,United States,2025-01-31
CUST-12705,Stratum Analytics 280,SMB,Fintech,Germany,2025-01-31
CUST-12706,Sync Tech 280,Enterprise,E-Commerce,United States,2025-01-31
CUST-12707,Vanguard Sphere 280,Mid-Market,SaaS / Tech,Canada,2025-01-31
CUST-12708,Omni Labs 280,Enterprise,E-Commerce,United States,2025-02-01
CUST-12709,Hyper Flow 280,Mid-Market,Logistics & Supply Chain,United States,2025-02-01
CUST-12710,Zenith Corp 280,SMB,Fintech,United States,2025-02-01
CUST-12711,Quantum Stack 280,SMB,Healthcare,United States,2025-02-01
CUST-12712,Nexus AI 280,Mid-Market,Fintech,United Kingdom,2025-02-01
CUST-12713,Vertex Scale 280,Mid-Market,Healthcare,United Kingdom,2025-02-01
CUST-12714,Blue Systems 280,Enterprise,Fintech,United States,2025-02-01
CUST-12715,Apex Logic 281,Mid-Market,Cybersecurity,United States,2025-02-01
CUST-12716,Cloud Hub 281,SMB,Fintech,United States,2025-02-01
CUST-12717,Data Pay 281,SMB,Cybersecurity,Canada,2025-02-01
CUST-12718,Nova Works 281,SMB,Healthcare,Canada,2025-02-02
CUST-12719,Pulse Security 281,Enterprise,Cybersecurity,United States,2025-02-02
CUST-12720,Stratum Analytics 281,SMB,E-Commerce,United Kingdom,2025-02-02
CUST-12721,Sync Tech 281,SMB,Cybersecurity,United States,2025-02-02
CUST-12722,Vanguard Sphere 281,SMB,Fintech,India,2025-02-02
CUST-12723,Omni Labs 281,Mid-Market,SaaS / Tech,India,2025-02-03
CUST-12724,Hyper Flow 281,Mid-Market,Cybersecurity,Canada,2025-02-03
CUST-12725,Zenith Corp 281,Mid-Market,Fintech,India,2025-02-03
CUST-12726,Quantum Stack 281,Enterprise,Fintech,Germany,2025-02-03
CUST-12727,Nexus AI 281,Mid-Market,Healthcare,Germany,2025-02-03
CUST-12728,Vertex Scale 281,Mid-Market,Cybersecurity,United Kingdom,2025-02-03
CUST-12729,Blue Systems 281,Mid-Market,E-Commerce,United States,2025-02-04
CUST-12730,Apex Logic 282,SMB,E-Commerce,United States,2025-02-04
CUST-12731,Cloud Hub 282,Mid-Market,Fintech,United States,2025-02-04
CUST-12732,Data Pay 282,Enterprise,Fintech,United Kingdom,2025-02-04
CUST-12733,Nova Works 282,SMB,Logistics & Supply Chain,United States,2025-02-05
CUST-12734,Pulse Security 282,SMB,Fintech,United States,2025-02-06
CUST-12735,Stratum Analytics 282,SMB,E-Commerce,United States,2025-02-06
CUST-12736,Sync Tech 282,SMB,Cybersecurity,United States,2025-02-06
CUST-12737,Vanguard Sphere 282,SMB,Fintech,United Kingdom,2025-02-06
CUST-12738,Omni Labs 282,SMB,SaaS / Tech,India,2025-02-06
CUST-12739,Hyper Flow 282,Enterprise,Fintech,Canada,2025-02-07
CUST-12740,Zenith Corp 282,Mid-Market,E-Commerce,United Kingdom,2025-02-07
CUST-12741,Quantum Stack 282,Mid-Market,Fintech,United Kingdom,2025-02-07
CUST-12742,Nexus AI 282,Mid-Market,SaaS / Tech,United States,2025-02-07
CUST-12743,Vertex Scale 282,Enterprise,Healthcare,United States,2025-02-07
CUST-12744,Blue Systems 282,SMB,E-Commerce,India,2025-02-07
CUST-12745,Apex Logic 283,SMB,E-Commerce,United States,2025-02-07
CUST-12746,Cloud Hub 283,SMB,Fintech,United States,2025-02-07
CUST-12747,Data Pay 283,Enterprise,SaaS / Tech,Canada,2025-02-08
CUST-12748,Nova Works 283,SMB,Healthcare,United States,2025-02-08
CUST-12749,Pulse Security 283,SMB,SaaS / Tech,United States,2025-02-08
CUST-12750,Stratum Analytics 283,Mid-Market,Fintech,United States,2025-02-08
CUST-12751,Sync Tech 283,SMB,SaaS / Tech,United States,2025-02-08
CUST-12752,Vanguard Sphere 283,Mid-Market,Fintech,United States,2025-02-09
CUST-12753,Omni Labs 283,Mid-Market,Healthcare,United States,2025-02-09
CUST-12754,Hyper Flow 283,SMB,Fintech,United Kingdom,2025-02-09
CUST-12755,Zenith Corp 283,Mid-Market,SaaS / Tech,Germany,2025-02-09
CUST-12756,Quantum Stack 283,Mid-Market,Healthcare,United States,2025-02-09
CUST-12757,Nexus AI 283,SMB,Logistics & Supply Chain,Germany,2025-02-09
CUST-12758,Vertex Scale 283,SMB,Logistics & Supply Chain,United States,2025-02-09
CUST-12759,Blue Systems 283,Enterprise,Fintech,United States,2025-02-09
CUST-12760,Apex Logic 284,Enterprise,E-Commerce,United States,2025-02-10
CUST-12761,Cloud Hub 284,Enterprise,Fintech,United Kingdom,2025-02-10
CUST-12762,Data Pay 284,SMB,Healthcare,United States,2025-02-10
CUST-12763,Nova Works 284,Mid-Market,SaaS / Tech,United Kingdom,2025-02-10
CUST-12764,Pulse Security 284,Enterprise,SaaS / Tech,Canada,2025-02-10
CUST-12765,Stratum Analytics 284,SMB,E-Commerce,United Kingdom,2025-02-10
CUST-12766,Sync Tech 284,SMB,Healthcare,United Kingdom,2025-02-10
CUST-12767,Vanguard Sphere 284,Mid-Market,Healthcare,India,2025-02-11
CUST-12768,Omni Labs 284,SMB,Fintech,United States,2025-02-11
CUST-12769,Hyper Flow 284,SMB,SaaS / Tech,United States,2025-02-11
CUST-12770,Zenith Corp 284,Enterprise,E-Commerce,Canada,2025-02-11
CUST-12771,Quantum Stack 284,Mid-Market,SaaS / Tech,United Kingdom,2025-02-11
CUST-12772,Nexus AI 284,SMB,Fintech,United States,2025-02-11
CUST-12773,Vertex Scale 284,Mid-Market,Healthcare,United States,2025-02-11
CUST-12774,Blue Systems 284,SMB,Healthcare,United States,2025-02-11
CUST-12775,Apex Logic 285,Mid-Market,Fintech,United States,2025-02-11
CUST-12776,Cloud Hub 285,Enterprise,Healthcare,United States,2025-02-11
CUST-12777,Data Pay 285,Mid-Market,Logistics & Supply Chain,India,2025-02-11
CUST-12778,Nova Works 285,Mid-Market,Logistics & Supply Chain,Canada,2025-02-12
CUST-12779,Pulse Security 285,Mid-Market,E-Commerce,United States,2025-02-12
CUST-12780,Stratum Analytics 285,Enterprise,E-Commerce,Canada,2025-02-12
CUST-12781,Sync Tech 285,SMB,Fintech,India,2025-02-12
CUST-12782,Vanguard Sphere 285,SMB,Logistics & Supply Chain,United States,2025-02-13
CUST-12783,Omni Labs 285,SMB,Fintech,United States,2025-02-13
CUST-12784,Hyper Flow 285,SMB,Cybersecurity,United Kingdom,2025-02-13
CUST-12785,Zenith Corp 285,Mid-Market,E-Commerce,Canada,2025-02-13
CUST-12786,Quantum Stack 285,SMB,Healthcare,United States,2025-02-13
CUST-12787,Nexus AI 285,Mid-Market,Cybersecurity,Australia,2025-02-13
CUST-12788,Vertex Scale 285,SMB,Fintech,United States,2025-02-13
CUST-12789,Blue Systems 285,SMB,E-Commerce,United States,2025-02-13
CUST-12790,Apex Logic 286,SMB,E-Commerce,United States,2025-02-13
CUST-12791,Cloud Hub 286,SMB,Fintech,United States,2025-02-14
CUST-12792,Data Pay 286,SMB,Healthcare,Canada,2025-02-14
CUST-12793,Nova Works 286,Mid-Market,SaaS / Tech,Australia,2025-02-14
CUST-12794,Pulse Security 286,Mid-Market,SaaS / Tech,United States,2025-02-14
CUST-12795,Stratum Analytics 286,SMB,Fintech,Australia,2025-02-14
CUST-12796,Sync Tech 286,Enterprise,Cybersecurity,Germany,2025-02-14
CUST-12797,Vanguard Sphere 286,SMB,Fintech,United States,2025-02-15
CUST-12798,Omni Labs 286,SMB,Fintech,United Kingdom,2025-02-15
CUST-12799,Hyper Flow 286,Mid-Market,Healthcare,United States,2025-02-15
CUST-12800,Zenith Corp 286,SMB,Fintech,United Kingdom,2025-02-15
CUST-12801,Quantum Stack 286,SMB,Fintech,United States,2025-02-15
CUST-12802,Nexus AI 286,SMB,Cybersecurity,Canada,2025-02-15
CUST-12803,Vertex Scale 286,SMB,Healthcare,United States,2025-02-15
CUST-12804,Blue Systems 286,SMB,Fintech,Germany,2025-02-15
CUST-12805,Apex Logic 287,SMB,Fintech,Germany,2025-02-15
CUST-12806,Cloud Hub 287,SMB,SaaS / Tech,United States,2025-02-15
CUST-12807,Data Pay 287,Mid-Market,Logistics & Supply Chain,United States,2025-02-16
CUST-12808,Nova Works 287,Mid-Market,Healthcare,United States,2025-02-16
CUST-12809,Pulse Security 287,SMB,Fintech,United Kingdom,2025-02-16
CUST-12810,Stratum Analytics 287,Mid-Market,Fintech,United States,2025-02-16
CUST-12811,Sync Tech 287,SMB,Fintech,United Kingdom,2025-02-16
CUST-12812,Vanguard Sphere 287,SMB,Fintech,United States,2025-02-16
CUST-12813,Omni Labs 287,Mid-Market,Healthcare,United States,2025-02-17
CUST-12814,Hyper Flow 287,SMB,Fintech,United States,2025-02-17
CUST-12815,Zenith Corp 287,SMB,E-Commerce,United States,2025-02-17
CUST-12816,Quantum Stack 287,Mid-Market,Healthcare,Canada,2025-02-17
CUST-12817,Nexus AI 287,Enterprise,Cybersecurity,Australia,2025-02-17
CUST-12818,Vertex Scale 287,Enterprise,Cybersecurity,United States,2025-02-17
CUST-12819,Blue Systems 287,Mid-Market,E-Commerce,United Kingdom,2025-02-17
CUST-12820,Apex Logic 288,SMB,Healthcare,United States,2025-02-17
CUST-12821,Cloud Hub 288,Mid-Market,Healthcare,United Kingdom,2025-02-17
CUST-12822,Data Pay 288,SMB,Healthcare,United States,2025-02-17
CUST-12823,Nova Works 288,Mid-Market,SaaS / Tech,United Kingdom,2025-02-17
CUST-12824,Pulse Security 288,Mid-Market,E-Commerce,India,2025-02-18
CUST-12825,Stratum Analytics 288,SMB,Logistics & Supply Chain,United States,2025-02-18
CUST-12826,Sync Tech 288,SMB,Cybersecurity,Canada,2025-02-18
CUST-12827,Vanguard Sphere 288,Enterprise,Healthcare,United States,2025-02-18
CUST-12828,Omni Labs 288,Mid-Market,E-Commerce,United States,2025-02-18
CUST-12829,Hyper Flow 288,Enterprise,Fintech,United States,2025-02-18
CUST-12830,Zenith Corp 288,Mid-Market,Fintech,United States,2025-02-18
CUST-12831,Quantum Stack 288,SMB,Healthcare,United States,2025-02-18
CUST-12832,Nexus AI 288,Enterprise,Fintech,United States,2025-02-18
CUST-12833,Vertex Scale 288,Mid-Market,Logistics & Supply Chain,United States,2025-02-19
CUST-12834,Blue Systems 288,Mid-Market,Fintech,United States,2025-02-19
CUST-12835,Apex Logic 289,SMB,E-Commerce,United Kingdom,2025-02-19
CUST-12836,Cloud Hub 289,SMB,E-Commerce,India,2025-02-19
CUST-12837,Data Pay 289,Enterprise,SaaS / Tech,United States,2025-02-19
CUST-12838,Nova Works 289,SMB,Healthcare,United States,2025-02-20
CUST-12839,Pulse Security 289,Mid-Market,Logistics & Supply Chain,United States,2025-02-20
CUST-12840,Stratum Analytics 289,Mid-Market,E-Commerce,Germany,2025-02-20
CUST-12841,Sync Tech 289,SMB,Healthcare,United Kingdom,2025-02-20
CUST-12842,Vanguard Sphere 289,SMB,Fintech,United States,2025-02-20
CUST-12843,Omni Labs 289,SMB,E-Commerce,United States,2025-02-20
CUST-12844,Hyper Flow 289,SMB,Logistics & Supply Chain,United States,2025-02-20
CUST-12845,Zenith Corp 289,Mid-Market,E-Commerce,United States,2025-02-21
CUST-12846,Quantum Stack 289,SMB,Logistics & Supply Chain,India,2025-02-21
CUST-12847,Nexus AI 289,Mid-Market,E-Commerce,India,2025-02-21
CUST-12848,Vertex Scale 289,SMB,Fintech,United States,2025-02-21
CUST-12849,Blue Systems 289,Mid-Market,Fintech,United Kingdom,2025-02-22
CUST-12850,Apex Logic 290,SMB,Healthcare,United States,2025-02-22
CUST-12851,Cloud Hub 290,Mid-Market,SaaS / Tech,United States,2025-02-22
CUST-12852,Data Pay 290,Mid-Market,SaaS / Tech,Germany,2025-02-22
CUST-12853,Nova Works 290,SMB,Healthcare,United Kingdom,2025-02-22
CUST-12854,Pulse Security 290,Enterprise,E-Commerce,United States,2025-02-22
CUST-12855,Stratum Analytics 290,SMB,Healthcare,United States,2025-02-22
CUST-12856,Sync Tech 290,Mid-Market,Healthcare,Germany,2025-02-22
CUST-12857,Vanguard Sphere 290,Enterprise,Fintech,United Kingdom,2025-02-22
CUST-12858,Omni Labs 290,Enterprise,Fintech,United States,2025-02-23
CUST-12859,Hyper Flow 290,Mid-Market,Fintech,United States,2025-02-23
CUST-12860,Zenith Corp 290,SMB,Fintech,United States,2025-02-23
CUST-12861,Quantum Stack 290,Mid-Market,Fintech,Australia,2025-02-23
CUST-12862,Nexus AI 290,SMB,Fintech,United Kingdom,2025-02-24
CUST-12863,Vertex Scale 290,SMB,E-Commerce,United States,2025-02-24
CUST-12864,Blue Systems 290,Mid-Market,Healthcare,United Kingdom,2025-02-24
CUST-12865,Apex Logic 291,SMB,Cybersecurity,Canada,2025-02-24
CUST-12866,Cloud Hub 291,SMB,Fintech,United States,2025-02-24
CUST-12867,Data Pay 291,SMB,Healthcare,United States,2025-02-24
CUST-12868,Nova Works 291,Mid-Market,Healthcare,United Kingdom,2025-02-25
CUST-12869,Pulse Security 291,Mid-Market,Fintech,United Kingdom,2025-02-25
CUST-12870,Stratum Analytics 291,SMB,Logistics & Supply Chain,Canada,2025-02-25
CUST-12871,Sync Tech 291,SMB,Fintech,India,2025-02-25
CUST-12872,Vanguard Sphere 291,SMB,Cybersecurity,United States,2025-02-26
CUST-12873,Omni Labs 291,Mid-Market,Logistics & Supply Chain,United States,2025-02-26
CUST-12874,Hyper Flow 291,SMB,E-Commerce,Australia,2025-02-26
CUST-12875,Zenith Corp 291,Mid-Market,E-Commerce,United States,2025-02-26
CUST-12876,Quantum Stack 291,Mid-Market,SaaS / Tech,United Kingdom,2025-02-26
CUST-12877,Nexus AI 291,Mid-Market,Healthcare,United Kingdom,2025-02-27
CUST-12878,Vertex Scale 291,SMB,E-Commerce,United Kingdom,2025-02-27
CUST-12879,Blue Systems 291,Mid-Market,Fintech,United States,2025-02-27
CUST-12880,Apex Logic 292,Mid-Market,Fintech,Canada,2025-02-27
CUST-12881,Cloud Hub 292,SMB,E-Commerce,Germany,2025-02-27
CUST-12882,Data Pay 292,Mid-Market,E-Commerce,United Kingdom,2025-02-27
CUST-12883,Nova Works 292,Enterprise,Logistics & Supply Chain,United States,2025-02-28
CUST-12884,Pulse Security 292,Enterprise,Fintech,United States,2025-02-28
CUST-12885,Stratum Analytics 292,SMB,Logistics & Supply Chain,United States,2025-02-28
CUST-12886,Sync Tech 292,SMB,Fintech,United States,2025-02-28
CUST-12887,Vanguard Sphere 292,Mid-Market,Healthcare,United States,2025-02-28
CUST-12888,Omni Labs 292,SMB,Healthcare,Australia,2025-02-28
CUST-12889,Hyper Flow 292,SMB,Healthcare,Canada,2025-02-28
CUST-12890,Zenith Corp 292,Mid-Market,Fintech,United Kingdom,2025-02-28
CUST-12891,Quantum Stack 292,SMB,E-Commerce,United Kingdom,2025-02-28
CUST-12892,Nexus AI 292,SMB,Logistics & Supply Chain,United States,2025-02-28
CUST-12893,Vertex Scale 292,SMB,Healthcare,Australia,2025-03-01
CUST-12894,Blue Systems 292,Mid-Market,E-Commerce,United States,2025-03-01
CUST-12895,Apex Logic 293,SMB,Logistics & Supply Chain,United States,2025-03-01
CUST-12896,Cloud Hub 293,SMB,SaaS / Tech,United States,2025-03-01
CUST-12897,Data Pay 293,Mid-Market,E-Commerce,Germany,2025-03-01
CUST-12898,Nova Works 293,Mid-Market,Healthcare,India,2025-03-01
CUST-12899,Pulse Security 293,Enterprise,Logistics & Supply Chain,United States,2025-03-01
CUST-12900,Stratum Analytics 293,Enterprise,E-Commerce,India,2025-03-02
CUST-12901,Sync Tech 293,SMB,Fintech,United States,2025-03-02
CUST-12902,Vanguard Sphere 293,Enterprise,Healthcare,United States,2025-03-02
CUST-12903,Omni Labs 293,Mid-Market,Logistics & Supply Chain,Germany,2025-03-02
CUST-12904,Hyper Flow 293,SMB,Fintech,Germany,2025-03-03
CUST-12905,Zenith Corp 293,Enterprise,Cybersecurity,United Kingdom,2025-03-03
CUST-12906,Quantum Stack 293,SMB,Fintech,United Kingdom,2025-03-04
CUST-12907,Nexus AI 293,Mid-Market,SaaS / Tech,Germany,2025-03-04
CUST-12908,Vertex Scale 293,Mid-Market,Healthcare,Canada,2025-03-04
CUST-12909,Blue Systems 293,Mid-Market,E-Commerce,India,2025-03-04
CUST-12910,Apex Logic 294,Mid-Market,Logistics & Supply Chain,United Kingdom,2025-03-04
CUST-12911,Cloud Hub 294,Enterprise,Healthcare,Australia,2025-03-04
CUST-12912,Data Pay 294,SMB,E-Commerce,Australia,2025-03-04
CUST-12913,Nova Works 294,SMB,Fintech,United States,2025-03-04
CUST-12914,Pulse Security 294,Mid-Market,Fintech,Germany,2025-03-04
CUST-12915,Stratum Analytics 294,SMB,Fintech,United States,2025-03-04
CUST-12916,Sync Tech 294,SMB,SaaS / Tech,United States,2025-03-04
CUST-12917,Vanguard Sphere 294,SMB,Fintech,United Kingdom,2025-03-05
CUST-12918,Omni Labs 294,Mid-Market,Fintech,United States,2025-03-05
CUST-12919,Hyper Flow 294,Mid-Market,Healthcare,United Kingdom,2025-03-05
CUST-12920,Zenith Corp 294,Mid-Market,E-Commerce,Germany,2025-03-05
CUST-12921,Quantum Stack 294,SMB,SaaS / Tech,United States,2025-03-05
CUST-12922,Nexus AI 294,SMB,Fintech,United States,2025-03-05
CUST-12923,Vertex Scale 294,Mid-Market,Fintech,India,2025-03-05
CUST-12924,Blue Systems 294,Mid-Market,Cybersecurity,United States,2025-03-05
CUST-12925,Apex Logic 295,SMB,Healthcare,United States,2025-03-05
CUST-12926,Cloud Hub 295,SMB,Logistics & Supply Chain,United States,2025-03-05
CUST-12927,Data Pay 295,SMB,Logistics & Supply Chain,United Kingdom,2025-03-05
CUST-12928,Nova Works 295,SMB,SaaS / Tech,United Kingdom,2025-03-06
CUST-12929,Pulse Security 295,Mid-Market,Fintech,Germany,2025-03-06
CUST-12930,Stratum Analytics 295,SMB,Logistics & Supply Chain,United States,2025-03-06
CUST-12931,Sync Tech 295,SMB,SaaS / Tech,Germany,2025-03-06
CUST-12932,Vanguard Sphere 295,Enterprise,E-Commerce,United Kingdom,2025-03-06
CUST-12933,Omni Labs 295,SMB,Healthcare,United States,2025-03-06
CUST-12934,Hyper Flow 295,SMB,Healthcare,United Kingdom,2025-03-07
CUST-12935,Zenith Corp 295,Mid-Market,Fintech,Canada,2025-03-07
CUST-12936,Quantum Stack 295,SMB,E-Commerce,United Kingdom,2025-03-07
CUST-12937,Nexus AI 295,SMB,E-Commerce,United States,2025-03-07
CUST-12938,Vertex Scale 295,SMB,Healthcare,United States,2025-03-07
CUST-12939,Blue Systems 295,Enterprise,E-Commerce,United States,2025-03-07
CUST-12940,Apex Logic 296,Mid-Market,Healthcare,United States,2025-03-07
CUST-12941,Cloud Hub 296,SMB,E-Commerce,United Kingdom,2025-03-08
CUST-12942,Data Pay 296,Mid-Market,Cybersecurity,United States,2025-03-08
CUST-12943,Nova Works 296,SMB,Fintech,Canada,2025-03-08
CUST-12944,Pulse Security 296,SMB,Healthcare,United States,2025-03-08
CUST-12945,Stratum Analytics 296,Enterprise,Fintech,United States,2025-03-09
CUST-12946,Sync Tech 296,SMB,E-Commerce,United Kingdom,2025-03-09
CUST-12947,Vanguard Sphere 296,SMB,SaaS / Tech,United States,2025-03-09
CUST-12948,Omni Labs 296,Mid-Market,Cybersecurity,India,2025-03-09
CUST-12949,Hyper Flow 296,SMB,Healthcare,United States,2025-03-10
CUST-12950,Zenith Corp 296,SMB,Cybersecurity,United States,2025-03-10
CUST-12951,Quantum Stack 296,SMB,Fintech,Germany,2025-03-10
CUST-12952,Nexus AI 296,SMB,E-Commerce,United Kingdom,2025-03-10
CUST-12953,Vertex Scale 296,Mid-Market,Fintech,United States,2025-03-11
CUST-12954,Blue Systems 296,SMB,Logistics & Supply Chain,United States,2025-03-11
CUST-12955,Apex Logic 297,SMB,E-Commerce,Canada,2025-03-11
CUST-12956,Cloud Hub 297,SMB,SaaS / Tech,Australia,2025-03-12
CUST-12957,Data Pay 297,SMB,Logistics & Supply Chain,India,2025-03-12
CUST-12958,Nova Works 297,Mid-Market,Fintech,United States,2025-03-12
CUST-12959,Pulse Security 297,SMB,Fintech,Australia,2025-03-12
CUST-12960,Stratum Analytics 297,Mid-Market,Logistics & Supply Chain,United States,2025-03-12
CUST-12961,Sync Tech 297,Mid-Market,Healthcare,United States,2025-03-12
CUST-12962,Vanguard Sphere 297,Mid-Market,Fintech,Germany,2025-03-12
CUST-12963,Omni Labs 297,SMB,E-Commerce,United States,2025-03-12
CUST-12964,Hyper Flow 297,SMB,E-Commerce,United States,2025-03-12
CUST-12965,Zenith Corp 297,SMB,Fintech,United States,2025-03-12
CUST-12966,Quantum Stack 297,SMB,Healthcare,United States,2025-03-13
CUST-12967,Nexus AI 297,SMB,Fintech,Canada,2025-03-13
CUST-12968,Vertex Scale 297,SMB,Healthcare,United Kingdom,2025-03-13
CUST-12969,Blue Systems 297,Mid-Market,Logistics & Supply Chain,United States,2025-03-13
CUST-12970,Apex Logic 298,Mid-Market,Cybersecurity,United Kingdom,2025-03-13
CUST-12971,Cloud Hub 298,Mid-Market,E-Commerce,India,2025-03-13
CUST-12972,Data Pay 298,SMB,Fintech,Germany,2025-03-13
CUST-12973,Nova Works 298,SMB,Cybersecurity,United States,2025-03-13
CUST-12974,Pulse Security 298,Mid-Market,E-Commerce,Australia,2025-03-13
CUST-12975,Stratum Analytics 298,Enterprise,Fintech,Canada,2025-03-13
CUST-12976,Sync Tech 298,SMB,Cybersecurity,United States,2025-03-13
CUST-12977,Vanguard Sphere 298,Enterprise,SaaS / Tech,United States,2025-03-14
CUST-12978,Omni Labs 298,SMB,SaaS / Tech,United States,2025-03-14
CUST-12979,Hyper Flow 298,SMB,SaaS / Tech,Canada,2025-03-14
CUST-12980,Zenith Corp 298,Mid-Market,Fintech,United States,2025-03-14
CUST-12981,Quantum Stack 298,Mid-Market,Fintech,United Kingdom,2025-03-14
CUST-12982,Nexus AI 298,SMB,SaaS / Tech,United States,2025-03-14
CUST-12983,Vertex Scale 298,SMB,Fintech,India,2025-03-14
CUST-12984,Blue Systems 298,SMB,Healthcare,United States,2025-03-14
CUST-12985,Apex Logic 299,SMB,SaaS / Tech,India,2025-03-14
CUST-12986,Cloud Hub 299,Enterprise,SaaS / Tech,India,2025-03-14
CUST-12987,Data Pay 299,SMB,E-Commerce,United States,2025-03-14
CUST-12988,Nova Works 299,SMB,SaaS / Tech,United States,2025-03-14
CUST-12989,Pulse Security 299,SMB,Logistics & Supply Chain,United States,2025-03-14
CUST-12990,Stratum Analytics 299,Mid-Market,SaaS / Tech,India,2025-03-14
CUST-12991,Sync Tech 299,SMB,Fintech,United Kingdom,2025-03-15
CUST-12992,Vanguard Sphere 299,SMB,Healthcare,United States,2025-03-15
CUST-12993,Omni Labs 299,Mid-Market,Healthcare,United States,2025-03-15
CUST-12994,Hyper Flow 299,Enterprise,Fintech,United States,2025-03-15
CUST-12995,Zenith Corp 299,SMB,Healthcare,India,2025-03-15
CUST-12996,Quantum Stack 299,Mid-Market,Fintech,Canada,2025-03-15
CUST-12997,Nexus AI 299,Mid-Market,E-Commerce,Germany,2025-03-15
CUST-12998,Vertex Scale 299,Mid-Market,Cybersecurity,United States,2025-03-16
CUST-12999,Blue Systems 299,SMB,Fintech,United States,2025-03-16
CUST-13000,Apex Logic 300,SMB,SaaS / Tech,Australia,2025-03-16
CUST-13001,Cloud Hub 300,SMB,SaaS / Tech,United States,2025-03-16
CUST-13002,Data Pay 300,Mid-Market,Fintech,India,2025-03-16
CUST-13003,Nova Works 300,SMB,Cybersecurity,United States,2025-03-16
CUST-13004,Pulse Security 300,SMB,E-Commerce,United States,2025-03-16
CUST-13005,Stratum Analytics 300,SMB,Healthcare,Canada,2025-03-16
CUST-13006,Sync Tech 300,SMB,SaaS / Tech,Australia,2025-03-16
CUST-13007,Vanguard Sphere 300,Enterprise,Healthcare,Australia,2025-03-16
CUST-13008,Omni Labs 300,SMB,SaaS / Tech,United States,2025-03-17
CUST-13009,Hyper Flow 300,Enterprise,Fintech,United States,2025-03-17
CUST-13010,Zenith Corp 300,SMB,Logistics & Supply Chain,United Kingdom,2025-03-17
CUST-13011,Quantum Stack 300,Mid-Market,Healthcare,United Kingdom,2025-03-17
CUST-13012,Nexus AI 300,Mid-Market,E-Commerce,Canada,2025-03-17
CUST-13013,Vertex Scale 300,Mid-Market,Fintech,United States,2025-03-17
CUST-13014,Blue Systems 300,SMB,SaaS / Tech,Australia,2025-03-17
CUST-13015,Apex Logic 301,Mid-Market,SaaS / Tech,United Kingdom,2025-03-17
CUST-13016,Cloud Hub 301,SMB,E-Commerce,Germany,2025-03-18
CUST-13017,Data Pay 301,Mid-Market,E-Commerce,United Kingdom,2025-03-18
CUST-13018,Nova Works 301,Enterprise,E-Commerce,United States,2025-03-18
CUST-13019,Pulse Security 301,SMB,Logistics & Supply Chain,Australia,2025-03-18
CUST-13020,Stratum Analytics 301,Mid-Market,E-Commerce,United Kingdom,2025-03-18
CUST-13021,Sync Tech 301,Mid-Market,Logistics & Supply Chain,Germany,2025-03-18
CUST-13022,Vanguard Sphere 301,SMB,Logistics & Supply Chain,Australia,2025-03-18
CUST-13023,Omni Labs 301,Mid-Market,Healthcare,United Kingdom,2025-03-19
CUST-13024,Hyper Flow 301,Enterprise,Fintech,United Kingdom,2025-03-19
CUST-13025,Zenith Corp 301,Mid-Market,Healthcare,United States,2025-03-19
CUST-13026,Quantum Stack 301,SMB,Logistics & Supply Chain,United States,2025-03-19
CUST-13027,Nexus AI 301,SMB,Fintech,United States,2025-03-19
CUST-13028,Vertex Scale 301,SMB,E-Commerce,United States,2025-03-19
CUST-13029,Blue Systems 301,SMB,Logistics & Supply Chain,United States,2025-03-19
CUST-13030,Apex Logic 302,Mid-Market,Healthcare,United States,2025-03-19
CUST-13031,Cloud Hub 302,Mid-Market,E-Commerce,United States,2025-03-20
CUST-13032,Data Pay 302,SMB,Fintech,United States,2025-03-20
CUST-13033,Nova Works 302,Enterprise,Fintech,United States,2025-03-20
CUST-13034,Pulse Security 302,Mid-Market,SaaS / Tech,United States,2025-03-20
CUST-13035,Stratum Analytics 302,Mid-Market,Fintech,United Kingdom,2025-03-20
CUST-13036,Sync Tech 302,Mid-Market,Healthcare,United Kingdom,2025-03-20
CUST-13037,Vanguard Sphere 302,SMB,Logistics & Supply Chain,United States,2025-03-20
CUST-13038,Omni Labs 302,Enterprise,Healthcare,United Kingdom,2025-03-20
CUST-13039,Hyper Flow 302,SMB,Cybersecurity,Germany,2025-03-20
CUST-13040,Zenith Corp 302,Mid-Market,Cybersecurity,United States,2025-03-20
CUST-13041,Quantum Stack 302,SMB,Healthcare,United Kingdom,2025-03-21
CUST-13042,Nexus AI 302,Enterprise,Fintech,Australia,2025-03-21
CUST-13043,Vertex Scale 302,Mid-Market,SaaS / Tech,Germany,2025-03-21
CUST-13044,Blue Systems 302,SMB,E-Commerce,United States,2025-03-21
CUST-13045,Apex Logic 303,SMB,Fintech,United Kingdom,2025-03-21
CUST-13046,Cloud Hub 303,Mid-Market,SaaS / Tech,United States,2025-03-22
CUST-13047,Data Pay 303,Mid-Market,Fintech,United Kingdom,2025-03-22
CUST-13048,Nova Works 303,Mid-Market,Logistics & Supply Chain,Australia,2025-03-22
CUST-13049,Pulse Security 303,Mid-Market,Fintech,United Kingdom,2025-03-22
CUST-13050,Stratum Analytics 303,Mid-Market,Fintech,India,2025-03-23
CUST-13051,Sync Tech 303,Mid-Market,Fintech,United States,2025-03-23
CUST-13052,Vanguard Sphere 303,Mid-Market,Cybersecurity,Australia,2025-03-23
CUST-13053,Omni Labs 303,Mid-Market,SaaS / Tech,United Kingdom,2025-03-23
CUST-13054,Hyper Flow 303,SMB,Logistics & Supply Chain,United States,2025-03-23
CUST-13055,Zenith Corp 303,SMB,Healthcare,United Kingdom,2025-03-23
CUST-13056,Quantum Stack 303,SMB,Healthcare,United States,2025-03-23
CUST-13057,Nexus AI 303,Enterprise,Fintech,United States,2025-03-24
CUST-13058,Vertex Scale 303,Enterprise,E-Commerce,Germany,2025-03-24
CUST-13059,Blue Systems 303,SMB,E-Commerce,United States,2025-03-24
CUST-13060,Apex Logic 304,Mid-Market,E-Commerce,Canada,2025-03-24
CUST-13061,Cloud Hub 304,Enterprise,Healthcare,United States,2025-03-24
CUST-13062,Data Pay 304,SMB,Cybersecurity,United States,2025-03-24
CUST-13063,Nova Works 304,SMB,Fintech,Australia,2025-03-24
CUST-13064,Pulse Security 304,SMB,Cybersecurity,United States,2025-03-25
CUST-13065,Stratum Analytics 304,Mid-Market,Fintech,United Kingdom,2025-03-25
CUST-13066,Sync Tech 304,Enterprise,E-Commerce,United Kingdom,2025-03-25
CUST-13067,Vanguard Sphere 304,SMB,Healthcare,United Kingdom,2025-03-25
CUST-13068,Omni Labs 304,Mid-Market,Healthcare,India,2025-03-25
CUST-13069,Hyper Flow 304,SMB,E-Commerce,United Kingdom,2025-03-25
CUST-13070,Zenith Corp 304,SMB,Healthcare,United States,2025-03-25
CUST-13071,Quantum Stack 304,SMB,Healthcare,Germany,2025-03-26
CUST-13072,Nexus AI 304,Mid-Market,SaaS / Tech,United States,2025-03-26
CUST-13073,Vertex Scale 304,Mid-Market,SaaS / Tech,United Kingdom,2025-03-26
CUST-13074,Blue Systems 304,SMB,Logistics & Supply Chain,Australia,2025-03-26
CUST-13075,Apex Logic 305,SMB,Fintech,United Kingdom,2025-03-26
CUST-13076,Cloud Hub 305,SMB,E-Commerce,Germany,2025-03-26
CUST-13077,Data Pay 305,Enterprise,E-Commerce,United Kingdom,2025-03-26
CUST-13078,Nova Works 305,Mid-Market,Healthcare,Germany,2025-03-26
CUST-13079,Pulse Security 305,SMB,E-Commerce,India,2025-03-27
CUST-13080,Stratum Analytics 305,SMB,Healthcare,United States,2025-03-27
CUST-13081,Sync Tech 305,SMB,Fintech,United States,2025-03-27
CUST-13082,Vanguard Sphere 305,Mid-Market,Fintech,United States,2025-03-27
CUST-13083,Omni Labs 305,SMB,Fintech,Canada,2025-03-27
CUST-13084,Hyper Flow 305,SMB,SaaS / Tech,United States,2025-03-27
CUST-13085,Zenith Corp 305,SMB,SaaS / Tech,United States,2025-03-27
CUST-13086,Quantum Stack 305,Mid-Market,Cybersecurity,United States,2025-03-27
CUST-13087,Nexus AI 305,Enterprise,SaaS / Tech,Australia,2025-03-27
CUST-13088,Vertex Scale 305,SMB,Fintech,Canada,2025-03-28
CUST-13089,Blue Systems 305,Mid-Market,Logistics & Supply Chain,United States,2025-03-28
CUST-13090,Apex Logic 306,Mid-Market,Logistics & Supply Chain,United States,2025-03-28
CUST-13091,Cloud Hub 306,SMB,Healthcare,United States,2025-03-28
CUST-13092,Data Pay 306,Mid-Market,E-Commerce,United States,2025-03-28
CUST-13093,Nova Works 306,SMB,Cybersecurity,United States,2025-03-28
CUST-13094,Pulse Security 306,Mid-Market,E-Commerce,India,2025-03-29
CUST-13095,Stratum Analytics 306,SMB,Cybersecurity,Australia,2025-03-29
CUST-13096,Sync Tech 306,SMB,Fintech,United States,2025-03-29
CUST-13097,Vanguard Sphere 306,Enterprise,Fintech,United States,2025-03-29
CUST-13098,Omni Labs 306,Enterprise,Healthcare,United States,2025-03-29
CUST-13099,Hyper Flow 306,Mid-Market,E-Commerce,United States,2025-03-29
CUST-13100,Zenith Corp 306,Enterprise,Logistics & Supply Chain,United States,2025-03-29
CUST-13101,Quantum Stack 306,SMB,Cybersecurity,United States,2025-03-29
CUST-13102,Nexus AI 306,SMB,Healthcare,United States,2025-03-30
CUST-13103,Vertex Scale 306,Mid-Market,Fintech,Canada,2025-03-30
CUST-13104,Blue Systems 306,Mid-Market,Logistics & Supply Chain,Canada,2025-03-30
CUST-13105,Apex Logic 307,Mid-Market,E-Commerce,United Kingdom,2025-03-30
CUST-13106,Cloud Hub 307,SMB,Fintech,United States,2025-03-30
CUST-13107,Data Pay 307,Enterprise,E-Commerce,India,2025-03-30
CUST-13108,Nova Works 307,SMB,SaaS / Tech,Australia,2025-03-30
CUST-13109,Pulse Security 307,SMB,SaaS / Tech,United States,2025-03-31
CUST-13110,Stratum Analytics 307,SMB,E-Commerce,United States,2025-03-31
CUST-13111,Sync Tech 307,Mid-Market,Healthcare,United Kingdom,2025-03-31
CUST-13112,Vanguard Sphere 307,SMB,Cybersecurity,United States,2025-04-01
CUST-13113,Omni Labs 307,Enterprise,SaaS / Tech,United States,2025-04-01
CUST-13114,Hyper Flow 307,Mid-Market,Healthcare,United Kingdom,2025-04-01
CUST-13115,Zenith Corp 307,SMB,Healthcare,United Kingdom,2025-04-01
CUST-13116,Quantum Stack 307,SMB,SaaS / Tech,United States,2025-04-01
CUST-13117,Nexus AI 307,Enterprise,Fintech,United Kingdom,2025-04-01
CUST-13118,Vertex Scale 307,Mid-Market,Fintech,Australia,2025-04-01
CUST-13119,Blue Systems 307,Mid-Market,E-Commerce,United States,2025-04-01
CUST-13120,Apex Logic 308,Mid-Market,Healthcare,United Kingdom,2025-04-02
CUST-13121,Cloud Hub 308,Mid-Market,E-Commerce,United States,2025-04-02
CUST-13122,Data Pay 308,Enterprise,Fintech,United States,2025-04-02
CUST-13123,Nova Works 308,Mid-Market,SaaS / Tech,United Kingdom,2025-04-02
CUST-13124,Pulse Security 308,SMB,Healthcare,United States,2025-04-02
CUST-13125,Stratum Analytics 308,SMB,Fintech,United States,2025-04-02
CUST-13126,Sync Tech 308,SMB,Fintech,United States,2025-04-03
CUST-13127,Vanguard Sphere 308,Enterprise,Cybersecurity,United Kingdom,2025-04-03
CUST-13128,Omni Labs 308,SMB,Logistics & Supply Chain,Canada,2025-04-03
CUST-13129,Hyper Flow 308,SMB,Fintech,United States,2025-04-03
CUST-13130,Zenith Corp 308,SMB,SaaS / Tech,United Kingdom,2025-04-03
CUST-13131,Quantum Stack 308,SMB,E-Commerce,United States,2025-04-03
CUST-13132,Nexus AI 308,SMB,Cybersecurity,United Kingdom,2025-04-04
CUST-13133,Vertex Scale 308,SMB,Healthcare,United States,2025-04-04
CUST-13134,Blue Systems 308,Mid-Market,SaaS / Tech,United Kingdom,2025-04-04
CUST-13135,Apex Logic 309,SMB,Fintech,Australia,2025-04-04
CUST-13136,Cloud Hub 309,SMB,Healthcare,India,2025-04-04
CUST-13137,Data Pay 309,SMB,Cybersecurity,United States,2025-04-04
CUST-13138,Nova Works 309,SMB,E-Commerce,India,2025-04-05
CUST-13139,Pulse Security 309,Enterprise,Healthcare,United States,2025-04-05
CUST-13140,Stratum Analytics 309,Mid-Market,Fintech,Australia,2025-04-05
CUST-13141,Sync Tech 309,SMB,SaaS / Tech,United States,2025-04-05
CUST-13142,Vanguard Sphere 309,SMB,E-Commerce,United States,2025-04-06
CUST-13143,Omni Labs 309,SMB,Healthcare,United States,2025-04-06
CUST-13144,Hyper Flow 309,Mid-Market,Cybersecurity,United States,2025-04-06
CUST-13145,Zenith Corp 309,Mid-Market,Fintech,Canada,2025-04-06
CUST-13146,Quantum Stack 309,SMB,Healthcare,India,2025-04-06
CUST-13147,Nexus AI 309,SMB,Cybersecurity,United Kingdom,2025-04-06
CUST-13148,Vertex Scale 309,SMB,Healthcare,Canada,2025-04-06
CUST-13149,Blue Systems 309,Mid-Market,Healthcare,Canada,2025-04-06
CUST-13150,Apex Logic 310,SMB,E-Commerce,United States,2025-04-06
CUST-13151,Cloud Hub 310,Mid-Market,Logistics & Supply Chain,United States,2025-04-07
CUST-13152,Data Pay 310,SMB,Fintech,United States,2025-04-07
CUST-13153,Nova Works 310,Mid-Market,Cybersecurity,United States,2025-04-07
CUST-13154,Pulse Security 310,Mid-Market,SaaS / Tech,United States,2025-04-07
CUST-13155,Stratum Analytics 310,SMB,Fintech,United States,2025-04-07
CUST-13156,Sync Tech 310,SMB,SaaS / Tech,United States,2025-04-07
CUST-13157,Vanguard Sphere 310,Enterprise,Healthcare,United States,2025-04-07
CUST-13158,Omni Labs 310,SMB,Healthcare,India,2025-04-07
CUST-13159,Hyper Flow 310,Mid-Market,SaaS / Tech,United States,2025-04-07
CUST-13160,Zenith Corp 310,Mid-Market,Cybersecurity,United Kingdom,2025-04-07
CUST-13161,Quantum Stack 310,Enterprise,Fintech,United Kingdom,2025-04-07
CUST-13162,Nexus AI 310,Mid-Market,Healthcare,United Kingdom,2025-04-08
CUST-13163,Vertex Scale 310,SMB,E-Commerce,United States,2025-04-08
CUST-13164,Blue Systems 310,Enterprise,Healthcare,United States,2025-04-08
CUST-13165,Apex Logic 311,Mid-Market,Healthcare,United States,2025-04-08
CUST-13166,Cloud Hub 311,SMB,Fintech,United States,2025-04-08
CUST-13167,Data Pay 311,Enterprise,SaaS / Tech,United States,2025-04-08
CUST-13168,Nova Works 311,SMB,Healthcare,United Kingdom,2025-04-08
CUST-13169,Pulse Security 311,Mid-Market,Fintech,Canada,2025-04-08
CUST-13170,Stratum Analytics 311,SMB,Logistics & Supply Chain,United Kingdom,2025-04-08
CUST-13171,Sync Tech 311,Mid-Market,Logistics & Supply Chain,United States,2025-04-08
CUST-13172,Vanguard Sphere 311,Mid-Market,E-Commerce,United States,2025-04-08
CUST-13173,Omni Labs 311,Mid-Market,Healthcare,Germany,2025-04-09
CUST-13174,Hyper Flow 311,Enterprise,E-Commerce,United States,2025-04-09
CUST-13175,Zenith Corp 311,Mid-Market,Healthcare,Canada,2025-04-09
CUST-13176,Quantum Stack 311,SMB,Fintech,Canada,2025-04-09
CUST-13177,Nexus AI 311,SMB,SaaS / Tech,United States,2025-04-09
CUST-13178,Vertex Scale 311,SMB,Fintech,United States,2025-04-09
CUST-13179,Blue Systems 311,SMB,Fintech,United States,2025-04-09
CUST-13180,Apex Logic 312,Enterprise,Fintech,United States,2025-04-09
CUST-13181,Cloud Hub 312,Mid-Market,Fintech,United States,2025-04-09
CUST-13182,Data Pay 312,Mid-Market,Fintech,United States,2025-04-09
CUST-13183,Nova Works 312,Mid-Market,Cybersecurity,United States,2025-04-09
CUST-13184,Pulse Security 312,SMB,Healthcare,United Kingdom,2025-04-10
CUST-13185,Stratum Analytics 312,SMB,Fintech,Germany,2025-04-10
CUST-13186,Sync Tech 312,Mid-Market,Fintech,United States,2025-04-10
CUST-13187,Vanguard Sphere 312,Mid-Market,Cybersecurity,India,2025-04-10
CUST-13188,Omni Labs 312,SMB,E-Commerce,Australia,2025-04-10
CUST-13189,Hyper Flow 312,SMB,Healthcare,Australia,2025-04-10
CUST-13190,Zenith Corp 312,Mid-Market,Logistics & Supply Chain,Germany,2025-04-11
CUST-13191,Quantum Stack 312,SMB,Healthcare,United States,2025-04-11
CUST-13192,Nexus AI 312,SMB,Healthcare,United States,2025-04-11
CUST-13193,Vertex Scale 312,Mid-Market,Fintech,United Kingdom,2025-04-11
CUST-13194,Blue Systems 312,Mid-Market,Healthcare,United Kingdom,2025-04-11
CUST-13195,Apex Logic 313,SMB,Healthcare,Germany,2025-04-12
CUST-13196,Cloud Hub 313,SMB,SaaS / Tech,Australia,2025-04-12
CUST-13197,Data Pay 313,SMB,Healthcare,United Kingdom,2025-04-12
CUST-13198,Nova Works 313,Enterprise,E-Commerce,United States,2025-04-12
CUST-13199,Pulse Security 313,Mid-Market,Fintech,United States,2025-04-12
CUST-13200,Stratum Analytics 313,SMB,Fintech,United States,2025-04-12
CUST-13201,Sync Tech 313,SMB,Healthcare,United Kingdom,2025-04-12
CUST-13202,Vanguard Sphere 313,Mid-Market,Cybersecurity,United Kingdom,2025-04-13
CUST-13203,Omni Labs 313,SMB,Healthcare,Germany,2025-04-13
CUST-13204,Hyper Flow 313,SMB,SaaS / Tech,United Kingdom,2025-04-13
CUST-13205,Zenith Corp 313,SMB,Healthcare,India,2025-04-13
CUST-13206,Quantum Stack 313,SMB,Fintech,United Kingdom,2025-04-13
CUST-13207,Nexus AI 313,SMB,Fintech,Germany,2025-04-13
CUST-13208,Vertex Scale 313,Mid-Market,Healthcare,United States,2025-04-14
CUST-13209,Blue Systems 313,SMB,Fintech,Germany,2025-04-14
CUST-13210,Apex Logic 314,Mid-Market,Fintech,United Kingdom,2025-04-14
CUST-13211,Cloud Hub 314,SMB,SaaS / Tech,United States,2025-04-14
CUST-13212,Data Pay 314,Mid-Market,Fintech,United States,2025-04-14
CUST-13213,Nova Works 314,SMB,E-Commerce,India,2025-04-14
CUST-13214,Pulse Security 314,Mid-Market,Healthcare,United States,2025-04-14
CUST-13215,Stratum Analytics 314,Enterprise,E-Commerce,United States,2025-04-14
CUST-13216,Sync Tech 314,Mid-Market,E-Commerce,United States,2025-04-15
CUST-13217,Vanguard Sphere 314,Enterprise,Healthcare,United Kingdom,2025-04-15
CUST-13218,Omni Labs 314,SMB,Healthcare,Germany,2025-04-15
CUST-13219,Hyper Flow 314,SMB,SaaS / Tech,United States,2025-04-15
CUST-13220,Zenith Corp 314,SMB,Logistics & Supply Chain,United States,2025-04-15
CUST-13221,Quantum Stack 314,Mid-Market,Fintech,Australia,2025-04-15
CUST-13222,Nexus AI 314,Enterprise,Fintech,Canada,2025-04-16
CUST-13223,Vertex Scale 314,Enterprise,Logistics & Supply Chain,India,2025-04-16
CUST-13224,Blue Systems 314,Mid-Market,Healthcare,United States,2025-04-16
CUST-13225,Apex Logic 315,SMB,E-Commerce,United States,2025-04-16
CUST-13226,Cloud Hub 315,Mid-Market,Healthcare,United States,2025-04-16
CUST-13227,Data Pay 315,Mid-Market,Fintech,Canada,2025-04-17
CUST-13228,Nova Works 315,Enterprise,E-Commerce,United States,2025-04-17
CUST-13229,Pulse Security 315,Mid-Market,E-Commerce,United States,2025-04-17
CUST-13230,Stratum Analytics 315,SMB,Fintech,United States,2025-04-17
CUST-13231,Sync Tech 315,SMB,E-Commerce,United States,2025-04-17
CUST-13232,Vanguard Sphere 315,Mid-Market,SaaS / Tech,Germany,2025-04-17
CUST-13233,Omni Labs 315,Enterprise,E-Commerce,United States,2025-04-17
CUST-13234,Hyper Flow 315,Mid-Market,Fintech,United Kingdom,2025-04-17
CUST-13235,Zenith Corp 315,Mid-Market,E-Commerce,India,2025-04-17
CUST-13236,Quantum Stack 315,Mid-Market,SaaS / Tech,United States,2025-04-17
CUST-13237,Nexus AI 315,SMB,SaaS / Tech,Canada,2025-04-18
CUST-13238,Vertex Scale 315,SMB,E-Commerce,Australia,2025-04-18
CUST-13239,Blue Systems 315,SMB,Fintech,Australia,2025-04-18
CUST-13240,Apex Logic 316,Mid-Market,SaaS / Tech,United States,2025-04-19
CUST-13241,Cloud Hub 316,Mid-Market,SaaS / Tech,United States,2025-04-19
CUST-13242,Data Pay 316,SMB,Fintech,United States,2025-04-19
CUST-13243,Nova Works 316,SMB,Healthcare,Canada,2025-04-19
CUST-13244,Pulse Security 316,SMB,Healthcare,Canada,2025-04-19
CUST-13245,Stratum Analytics 316,Mid-Market,SaaS / Tech,United Kingdom,2025-04-19
CUST-13246,Sync Tech 316,SMB,Fintech,United States,2025-04-20
CUST-13247,Vanguard Sphere 316,Mid-Market,E-Commerce,United States,2025-04-20
CUST-13248,Omni Labs 316,SMB,Cybersecurity,United Kingdom,2025-04-20
CUST-13249,Hyper Flow 316,SMB,SaaS / Tech,United States,2025-04-20
CUST-13250,Zenith Corp 316,SMB,Cybersecurity,Canada,2025-04-21
CUST-13251,Quantum Stack 316,Enterprise,Cybersecurity,United States,2025-04-21
CUST-13252,Nexus AI 316,SMB,Fintech,United States,2025-04-21
CUST-13253,Vertex Scale 316,Enterprise,E-Commerce,United States,2025-04-21
CUST-13254,Blue Systems 316,Mid-Market,Healthcare,United States,2025-04-21
CUST-13255,Apex Logic 317,Enterprise,Logistics & Supply Chain,United States,2025-04-21
CUST-13256,Cloud Hub 317,SMB,Healthcare,United States,2025-04-21
CUST-13257,Data Pay 317,Mid-Market,Cybersecurity,United States,2025-04-21
CUST-13258,Nova Works 317,Mid-Market,E-Commerce,United States,2025-04-21
CUST-13259,Pulse Security 317,SMB,SaaS / Tech,United States,2025-04-21
CUST-13260,Stratum Analytics 317,Mid-Market,Fintech,Canada,2025-04-21
CUST-13261,Sync Tech 317,SMB,Fintech,United States,2025-04-21
CUST-13262,Vanguard Sphere 317,Mid-Market,SaaS / Tech,United Kingdom,2025-04-21
CUST-13263,Omni Labs 317,Enterprise,Fintech,Canada,2025-04-21
CUST-13264,Hyper Flow 317,SMB,Logistics & Supply Chain,United Kingdom,2025-04-21
CUST-13265,Zenith Corp 317,Enterprise,Fintech,Australia,2025-04-22
CUST-13266,Quantum Stack 317,Mid-Market,SaaS / Tech,United States,2025-04-22
CUST-13267,Nexus AI 317,SMB,Healthcare,Canada,2025-04-22
CUST-13268,Vertex Scale 317,SMB,E-Commerce,Australia,2025-04-22
CUST-13269,Blue Systems 317,SMB,SaaS / Tech,Germany,2025-04-22
CUST-13270,Apex Logic 318,Mid-Market,Healthcare,United States,2025-04-22
CUST-13271,Cloud Hub 318,Enterprise,Fintech,United States,2025-04-23
CUST-13272,Data Pay 318,SMB,Fintech,United States,2025-04-23
CUST-13273,Nova Works 318,SMB,E-Commerce,United Kingdom,2025-04-23
CUST-13274,Pulse Security 318,SMB,E-Commerce,Canada,2025-04-24
CUST-13275,Stratum Analytics 318,SMB,SaaS / Tech,United States,2025-04-24
CUST-13276,Sync Tech 318,SMB,E-Commerce,United Kingdom,2025-04-24
CUST-13277,Vanguard Sphere 318,Mid-Market,Healthcare,Canada,2025-04-25
CUST-13278,Omni Labs 318,Mid-Market,Healthcare,United States,2025-04-25
CUST-13279,Hyper Flow 318,SMB,Fintech,Germany,2025-04-25
CUST-13280,Zenith Corp 318,Mid-Market,Healthcare,Canada,2025-04-25
CUST-13281,Quantum Stack 318,Mid-Market,Cybersecurity,United States,2025-04-25
CUST-13282,Nexus AI 318,SMB,Logistics & Supply Chain,United Kingdom,2025-04-25
CUST-13283,Vertex Scale 318,SMB,Healthcare,United States,2025-04-25
CUST-13284,Blue Systems 318,Mid-Market,E-Commerce,United Kingdom,2025-04-25
CUST-13285,Apex Logic 319,Enterprise,Logistics & Supply Chain,Australia,2025-04-26
CUST-13286,Cloud Hub 319,Mid-Market,Healthcare,Germany,2025-04-26
CUST-13287,Data Pay 319,SMB,Fintech,United States,2025-04-26
CUST-13288,Nova Works 319,SMB,Fintech,United States,2025-04-27
CUST-13289,Pulse Security 319,Mid-Market,E-Commerce,United States,2025-04-27
CUST-13290,Stratum Analytics 319,Enterprise,Cybersecurity,United Kingdom,2025-04-27
CUST-13291,Sync Tech 319,SMB,SaaS / Tech,United States,2025-04-27
CUST-13292,Vanguard Sphere 319,Mid-Market,Fintech,United Kingdom,2025-04-27
CUST-13293,Omni Labs 319,SMB,Fintech,United States,2025-04-27
CUST-13294,Hyper Flow 319,SMB,SaaS / Tech,United States,2025-04-27
CUST-13295,Zenith Corp 319,Enterprise,Logistics & Supply Chain,United States,2025-04-27
CUST-13296,Quantum Stack 319,SMB,E-Commerce,Australia,2025-04-27
CUST-13297,Nexus AI 319,Enterprise,E-Commerce,Canada,2025-04-27
CUST-13298,Vertex Scale 319,Mid-Market,Fintech,United States,2025-04-27
CUST-13299,Blue Systems 319,SMB,Logistics & Supply Chain,United States,2025-04-27
CUST-13300,Apex Logic 320,Mid-Market,SaaS / Tech,United Kingdom,2025-04-28
CUST-13301,Cloud Hub 320,SMB,Healthcare,United States,2025-04-28
CUST-13302,Data Pay 320,SMB,SaaS / Tech,United Kingdom,2025-04-28
CUST-13303,Nova Works 320,Mid-Market,Fintech,Germany,2025-04-28
CUST-13304,Pulse Security 320,Mid-Market,Fintech,United Kingdom,2025-04-28
CUST-13305,Stratum Analytics 320,Mid-Market,Fintech,United Kingdom,2025-04-28
CUST-13306,Sync Tech 320,Mid-Market,Fintech,United Kingdom,2025-04-29
CUST-13307,Vanguard Sphere 320,Enterprise,Healthcare,India,2025-04-29
CUST-13308,Omni Labs 320,Mid-Market,Healthcare,India,2025-04-29
CUST-13309,Hyper Flow 320,Mid-Market,E-Commerce,United Kingdom,2025-04-29
CUST-13310,Zenith Corp 320,SMB,E-Commerce,United States,2025-04-29
CUST-13311,Quantum Stack 320,SMB,Healthcare,United States,2025-04-29
CUST-13312,Nexus AI 320,SMB,Fintech,United States,2025-04-30
CUST-13313,Vertex Scale 320,Enterprise,E-Commerce,United Kingdom,2025-04-30
CUST-13314,Blue Systems 320,Mid-Market,Healthcare,United Kingdom,2025-04-30
CUST-13315,Apex Logic 321,SMB,Healthcare,United States,2025-04-30
CUST-13316,Cloud Hub 321,Mid-Market,Logistics & Supply Chain,United States,2025-04-30
CUST-13317,Data Pay 321,Enterprise,SaaS / Tech,United States,2025-04-30
CUST-13318,Nova Works 321,SMB,Logistics & Supply Chain,India,2025-04-30
CUST-13319,Pulse Security 321,SMB,E-Commerce,United Kingdom,2025-05-02
CUST-13320,Stratum Analytics 321,SMB,Fintech,Canada,2025-05-02
CUST-13321,Sync Tech 321,Enterprise,SaaS / Tech,United States,2025-05-02
CUST-13322,Vanguard Sphere 321,SMB,Fintech,United Kingdom,2025-05-02
CUST-13323,Omni Labs 321,SMB,Healthcare,United States,2025-05-02
CUST-13324,Hyper Flow 321,SMB,Fintech,United Kingdom,2025-05-02
CUST-13325,Zenith Corp 321,SMB,Logistics & Supply Chain,United States,2025-05-03
CUST-13326,Quantum Stack 321,SMB,Fintech,United States,2025-05-03
CUST-13327,Nexus AI 321,SMB,Cybersecurity,United States,2025-05-03
CUST-13328,Vertex Scale 321,Enterprise,Logistics & Supply Chain,United States,2025-05-03
CUST-13329,Blue Systems 321,SMB,E-Commerce,Australia,2025-05-03
CUST-13330,Apex Logic 322,SMB,SaaS / Tech,United States,2025-05-03
CUST-13331,Cloud Hub 322,SMB,E-Commerce,United States,2025-05-03
CUST-13332,Data Pay 322,Mid-Market,Logistics & Supply Chain,United Kingdom,2025-05-03
CUST-13333,Nova Works 322,Mid-Market,Healthcare,Germany,2025-05-04
CUST-13334,Pulse Security 322,SMB,SaaS / Tech,United States,2025-05-04
CUST-13335,Stratum Analytics 322,SMB,E-Commerce,Canada,2025-05-04
CUST-13336,Sync Tech 322,SMB,Cybersecurity,Germany,2025-05-04
CUST-13337,Vanguard Sphere 322,SMB,E-Commerce,United States,2025-05-04
CUST-13338,Omni Labs 322,SMB,E-Commerce,United States,2025-05-04
CUST-13339,Hyper Flow 322,SMB,SaaS / Tech,United States,2025-05-04
CUST-13340,Zenith Corp 322,SMB,Logistics & Supply Chain,Germany,2025-05-04
CUST-13341,Quantum Stack 322,SMB,E-Commerce,United States,2025-05-04
CUST-13342,Nexus AI 322,SMB,Fintech,United States,2025-05-05
CUST-13343,Vertex Scale 322,Mid-Market,E-Commerce,United Kingdom,2025-05-05
CUST-13344,Blue Systems 322,Mid-Market,Cybersecurity,United Kingdom,2025-05-05
CUST-13345,Apex Logic 323,SMB,SaaS / Tech,United States,2025-05-05
CUST-13346,Cloud Hub 323,Mid-Market,Logistics & Supply Chain,United Kingdom,2025-05-05
CUST-13347,Data Pay 323,Mid-Market,Fintech,United States,2025-05-05
CUST-13348,Nova Works 323,Mid-Market,E-Commerce,United States,2025-05-05
CUST-13349,Pulse Security 323,Mid-Market,E-Commerce,United Kingdom,2025-05-05
CUST-13350,Stratum Analytics 323,Mid-Market,Logistics & Supply Chain,India,2025-05-05
CUST-13351,Sync Tech 323,Mid-Market,Fintech,United States,2025-05-05
CUST-13352,Vanguard Sphere 323,SMB,Logistics & Supply Chain,Germany,2025-05-06
CUST-13353,Omni Labs 323,SMB,E-Commerce,United Kingdom,2025-05-06
CUST-13354,Hyper Flow 323,Mid-Market,Fintech,United States,2025-05-06
CUST-13355,Zenith Corp 323,Enterprise,Healthcare,Canada,2025-05-06
CUST-13356,Quantum Stack 323,SMB,Healthcare,United States,2025-05-06
CUST-13357,Nexus AI 323,Mid-Market,E-Commerce,Australia,2025-05-06
CUST-13358,Vertex Scale 323,SMB,Fintech,Germany,2025-05-06
CUST-13359,Blue Systems 323,SMB,Fintech,United States,2025-05-06
CUST-13360,Apex Logic 324,SMB,Logistics & Supply Chain,United States,2025-05-06
CUST-13361,Cloud Hub 324,Mid-Market,Fintech,United States,2025-05-06
CUST-13362,Data Pay 324,SMB,Fintech,United States,2025-05-06
CUST-13363,Nova Works 324,Mid-Market,E-Commerce,United States,2025-05-06
CUST-13364,Pulse Security 324,SMB,E-Commerce,United States,2025-05-06
CUST-13365,Stratum Analytics 324,SMB,SaaS / Tech,United Kingdom,2025-05-06
CUST-13366,Sync Tech 324,Mid-Market,Healthcare,United States,2025-05-07
CUST-13367,Vanguard Sphere 324,Mid-Market,SaaS / Tech,Germany,2025-05-07
CUST-13368,Omni Labs 324,Mid-Market,E-Commerce,Germany,2025-05-07
CUST-13369,Hyper Flow 324,SMB,Fintech,United States,2025-05-07
CUST-13370,Zenith Corp 324,Mid-Market,Fintech,Germany,2025-05-07
CUST-13371,Quantum Stack 324,SMB,Healthcare,United States,2025-05-07
CUST-13372,Nexus AI 324,Mid-Market,Healthcare,United States,2025-05-07
CUST-13373,Vertex Scale 324,SMB,SaaS / Tech,United Kingdom,2025-05-08
CUST-13374,Blue Systems 324,SMB,E-Commerce,United States,2025-05-08
CUST-13375,Apex Logic 325,SMB,Healthcare,United Kingdom,2025-05-08
CUST-13376,Cloud Hub 325,SMB,Fintech,India,2025-05-08
CUST-13377,Data Pay 325,Mid-Market,Fintech,Australia,2025-05-08
CUST-13378,Nova Works 325,Enterprise,E-Commerce,United Kingdom,2025-05-08
CUST-13379,Pulse Security 325,SMB,Healthcare,Canada,2025-05-08
CUST-13380,Stratum Analytics 325,Mid-Market,E-Commerce,United States,2025-05-08
CUST-13381,Sync Tech 325,Mid-Market,Fintech,United States,2025-05-08
CUST-13382,Vanguard Sphere 325,Enterprise,SaaS / Tech,Canada,2025-05-09
CUST-13383,Omni Labs 325,Mid-Market,Logistics & Supply Chain,United States,2025-05-09
CUST-13384,Hyper Flow 325,Enterprise,Healthcare,United States,2025-05-09
CUST-13385,Zenith Corp 325,SMB,E-Commerce,United States,2025-05-09
CUST-13386,Quantum Stack 325,Mid-Market,Cybersecurity,United Kingdom,2025-05-09
CUST-13387,Nexus AI 325,SMB,Healthcare,United States,2025-05-09
CUST-13388,Vertex Scale 325,Enterprise,E-Commerce,United Kingdom,2025-05-09
CUST-13389,Blue Systems 325,SMB,Fintech,United States,2025-05-10
CUST-13390,Apex Logic 326,Mid-Market,E-Commerce,United States,2025-05-10
CUST-13391,Cloud Hub 326,SMB,Fintech,United States,2025-05-10
CUST-13392,Data Pay 326,SMB,Cybersecurity,United States,2025-05-10
CUST-13393,Nova Works 326,Mid-Market,SaaS / Tech,India,2025-05-10
CUST-13394,Pulse Security 326,SMB,SaaS / Tech,United States,2025-05-10
CUST-13395,Stratum Analytics 326,SMB,SaaS / Tech,United States,2025-05-10
CUST-13396,Sync Tech 326,SMB,E-Commerce,United Kingdom,2025-05-11
CUST-13397,Vanguard Sphere 326,SMB,Healthcare,United States,2025-05-11
CUST-13398,Omni Labs 326,Mid-Market,Logistics & Supply Chain,United States,2025-05-11
CUST-13399,Hyper Flow 326,SMB,Cybersecurity,United States,2025-05-11
CUST-13400,Zenith Corp 326,Enterprise,E-Commerce,Australia,2025-05-11
CUST-13401,Quantum Stack 326,Enterprise,Cybersecurity,United Kingdom,2025-05-11
CUST-13402,Nexus AI 326,SMB,E-Commerce,United States,2025-05-12
CUST-13403,Vertex Scale 326,Mid-Market,E-Commerce,United States,2025-05-12
CUST-13404,Blue Systems 326,SMB,E-Commerce,United States,2025-05-12
CUST-13405,Apex Logic 327,SMB,Fintech,United States,2025-05-12
CUST-13406,Cloud Hub 327,SMB,Fintech,United Kingdom,2025-05-12
CUST-13407,Data Pay 327,SMB,Fintech,India,2025-05-12
CUST-13408,Nova Works 327,Mid-Market,E-Commerce,United States,2025-05-12
CUST-13409,Pulse Security 327,Enterprise,Healthcare,Germany,2025-05-12
CUST-13410,Stratum Analytics 327,Mid-Market,Healthcare,United States,2025-05-13
CUST-13411,Sync Tech 327,Enterprise,Cybersecurity,United States,2025-05-13
CUST-13412,Vanguard Sphere 327,Enterprise,Healthcare,United States,2025-05-13
CUST-13413,Omni Labs 327,Mid-Market,E-Commerce,United States,2025-05-13
CUST-13414,Hyper Flow 327,SMB,Fintech,India,2025-05-13
CUST-13415,Zenith Corp 327,SMB,Fintech,United States,2025-05-13
CUST-13416,Quantum Stack 327,Mid-Market,SaaS / Tech,United States,2025-05-13
CUST-13417,Nexus AI 327,SMB,E-Commerce,Australia,2025-05-13
CUST-13418,Vertex Scale 327,Mid-Market,SaaS / Tech,Germany,2025-05-14
CUST-13419,Blue Systems 327,Enterprise,Fintech,Canada,2025-05-14
CUST-13420,Apex Logic 328,SMB,E-Commerce,India,2025-05-14
CUST-13421,Cloud Hub 328,SMB,Healthcare,United States,2025-05-14
CUST-13422,Data Pay 328,SMB,Fintech,Germany,2025-05-14
CUST-13423,Nova Works 328,Enterprise,Fintech,Canada,2025-05-14
CUST-13424,Pulse Security 328,SMB,Fintech,Germany,2025-05-14
CUST-13425,Stratum Analytics 328,SMB,Healthcare,Canada,2025-05-14
CUST-13426,Sync Tech 328,SMB,Fintech,United States,2025-05-15
CUST-13427,Vanguard Sphere 328,SMB,Cybersecurity,Canada,2025-05-15
CUST-13428,Omni Labs 328,SMB,Healthcare,United States,2025-05-15
CUST-13429,Hyper Flow 328,SMB,Fintech,United States,2025-05-15
CUST-13430,Zenith Corp 328,SMB,Fintech,United States,2025-05-15
CUST-13431,Quantum Stack 328,SMB,E-Commerce,India,2025-05-16
CUST-13432,Nexus AI 328,SMB,Fintech,United States,2025-05-16
CUST-13433,Vertex Scale 328,Mid-Market,Logistics & Supply Chain,United Kingdom,2025-05-16
CUST-13434,Blue Systems 328,SMB,Cybersecurity,United States,2025-05-16
CUST-13435,Apex Logic 329,Mid-Market,Fintech,Australia,2025-05-16
CUST-13436,Cloud Hub 329,Mid-Market,E-Commerce,United States,2025-05-16
CUST-13437,Data Pay 329,SMB,Fintech,Canada,2025-05-16
CUST-13438,Nova Works 329,SMB,E-Commerce,Germany,2025-05-17
CUST-13439,Pulse Security 329,SMB,Healthcare,United States,2025-05-17
CUST-13440,Stratum Analytics 329,Mid-Market,Healthcare,United States,2025-05-17
CUST-13441,Sync Tech 329,SMB,Fintech,Canada,2025-05-17
CUST-13442,Vanguard Sphere 329,Mid-Market,SaaS / Tech,India,2025-05-18
CUST-13443,Omni Labs 329,SMB,Healthcare,Canada,2025-05-18
CUST-13444,Hyper Flow 329,SMB,Fintech,United States,2025-05-18
CUST-13445,Zenith Corp 329,SMB,SaaS / Tech,India,2025-05-18
CUST-13446,Quantum Stack 329,SMB,E-Commerce,United States,2025-05-18
CUST-13447,Nexus AI 329,SMB,Logistics & Supply Chain,United Kingdom,2025-05-18
CUST-13448,Vertex Scale 329,SMB,Fintech,Germany,2025-05-18
CUST-13449,Blue Systems 329,Enterprise,SaaS / Tech,United States,2025-05-18
CUST-13450,Apex Logic 330,Mid-Market,SaaS / Tech,Canada,2025-05-18
CUST-13451,Cloud Hub 330,SMB,Fintech,United Kingdom,2025-05-18
CUST-13452,Data Pay 330,SMB,SaaS / Tech,India,2025-05-18
CUST-13453,Nova Works 330,Mid-Market,Healthcare,United States,2025-05-19
CUST-13454,Pulse Security 330,SMB,Cybersecurity,United States,2025-05-19
CUST-13455,Stratum Analytics 330,Mid-Market,Fintech,Germany,2025-05-19
CUST-13456,Sync Tech 330,SMB,E-Commerce,United States,2025-05-19
CUST-13457,Vanguard Sphere 330,SMB,Healthcare,United States,2025-05-19
CUST-13458,Omni Labs 330,SMB,Cybersecurity,Australia,2025-05-19
CUST-13459,Hyper Flow 330,SMB,Healthcare,United States,2025-05-19
CUST-13460,Zenith Corp 330,Mid-Market,Cybersecurity,Australia,2025-05-19
CUST-13461,Quantum Stack 330,Mid-Market,Cybersecurity,United States,2025-05-19
CUST-13462,Nexus AI 330,SMB,Healthcare,United States,2025-05-19
CUST-13463,Vertex Scale 330,SMB,Logistics & Supply Chain,Canada,2025-05-19
CUST-13464,Blue Systems 330,Mid-Market,Cybersecurity,United Kingdom,2025-05-20
CUST-13465,Apex Logic 331,SMB,Healthcare,United Kingdom,2025-05-20
CUST-13466,Cloud Hub 331,Mid-Market,Healthcare,United Kingdom,2025-05-20
CUST-13467,Data Pay 331,SMB,E-Commerce,Germany,2025-05-20
CUST-13468,Nova Works 331,SMB,Healthcare,United States,2025-05-20
CUST-13469,Pulse Security 331,Mid-Market,Fintech,United States,2025-05-20
CUST-13470,Stratum Analytics 331,Enterprise,Fintech,United States,2025-05-21
CUST-13471,Sync Tech 331,SMB,Healthcare,United Kingdom,2025-05-21
CUST-13472,Vanguard Sphere 331,SMB,Healthcare,United States,2025-05-21
CUST-13473,Omni Labs 331,SMB,Fintech,United States,2025-05-21
CUST-13474,Hyper Flow 331,SMB,Logistics & Supply Chain,United States,2025-05-22
CUST-13475,Zenith Corp 331,SMB,SaaS / Tech,United States,2025-05-22
CUST-13476,Quantum Stack 331,SMB,Fintech,United States,2025-05-22
CUST-13477,Nexus AI 331,SMB,SaaS / Tech,Canada,2025-05-23
CUST-13478,Vertex Scale 331,Mid-Market,SaaS / Tech,United States,2025-05-23
CUST-13479,Blue Systems 331,Mid-Market,Cybersecurity,Germany,2025-05-23
CUST-13480,Apex Logic 332,Mid-Market,Fintech,Canada,2025-05-23
CUST-13481,Cloud Hub 332,SMB,Fintech,United States,2025-05-23
CUST-13482,Data Pay 332,Mid-Market,Cybersecurity,United Kingdom,2025-05-23
CUST-13483,Nova Works 332,SMB,Cybersecurity,United States,2025-05-23
CUST-13484,Pulse Security 332,SMB,SaaS / Tech,Canada,2025-05-23
CUST-13485,Stratum Analytics 332,SMB,SaaS / Tech,Australia,2025-05-23
CUST-13486,Sync Tech 332,Mid-Market,Fintech,United Kingdom,2025-05-23
CUST-13487,Vanguard Sphere 332,Enterprise,E-Commerce,Canada,2025-05-24
CUST-13488,Omni Labs 332,Enterprise,Fintech,United States,2025-05-24
CUST-13489,Hyper Flow 332,Mid-Market,Fintech,United States,2025-05-24
CUST-13490,Zenith Corp 332,Enterprise,Logistics & Supply Chain,Germany,2025-05-24
CUST-13491,Quantum Stack 332,SMB,Fintech,United States,2025-05-24
CUST-13492,Nexus AI 332,SMB,E-Commerce,United States,2025-05-24
CUST-13493,Vertex Scale 332,SMB,Cybersecurity,United States,2025-05-24
CUST-13494,Blue Systems 332,SMB,Fintech,Canada,2025-05-25
CUST-13495,Apex Logic 333,Mid-Market,Cybersecurity,United States,2025-05-25
CUST-13496,Cloud Hub 333,SMB,Cybersecurity,India,2025-05-25
CUST-13497,Data Pay 333,SMB,E-Commerce,United States,2025-05-25
CUST-13498,Nova Works 333,Mid-Market,Fintech,United States,2025-05-25
CUST-13499,Pulse Security 333,SMB,Healthcare,Canada,2025-05-25
CUST-13500,Stratum Analytics 333,Mid-Market,Healthcare,United States,2025-05-25
CUST-13501,Sync Tech 333,SMB,Healthcare,United Kingdom,2025-05-25
CUST-13502,Vanguard Sphere 333,SMB,Healthcare,United States,2025-05-25
CUST-13503,Omni Labs 333,Enterprise,Cybersecurity,United States,2025-05-26
CUST-13504,Hyper Flow 333,SMB,Fintech,United States,2025-05-26
CUST-13505,Zenith Corp 333,SMB,SaaS / Tech,India,2025-05-26
CUST-13506,Quantum Stack 333,SMB,Fintech,United Kingdom,2025-05-26
CUST-13507,Nexus AI 333,Mid-Market,E-Commerce,Canada,2025-05-26
CUST-13508,Vertex Scale 333,SMB,Cybersecurity,United States,2025-05-26
CUST-13509,Blue Systems 333,Enterprise,Healthcare,United Kingdom,2025-05-26
CUST-13510,Apex Logic 334,Mid-Market,Fintech,United States,2025-05-26
CUST-13511,Cloud Hub 334,Enterprise,SaaS / Tech,India,2025-05-26
CUST-13512,Data Pay 334,SMB,SaaS / Tech,Canada,2025-05-27
CUST-13513,Nova Works 334,SMB,SaaS / Tech,Canada,2025-05-27
CUST-13514,Pulse Security 334,SMB,Healthcare,United States,2025-05-27
CUST-13515,Stratum Analytics 334,SMB,Healthcare,United Kingdom,2025-05-27
CUST-13516,Sync Tech 334,Enterprise,Cybersecurity,United States,2025-05-28
CUST-13517,Vanguard Sphere 334,Mid-Market,Cybersecurity,India,2025-05-28
CUST-13518,Omni Labs 334,Enterprise,E-Commerce,United States,2025-05-28
CUST-13519,Hyper Flow 334,Mid-Market,Logistics & Supply Chain,United States,2025-05-28
CUST-13520,Zenith Corp 334,Mid-Market,E-Commerce,United States,2025-05-28
CUST-13521,Quantum Stack 334,Mid-Market,Healthcare,United States,2025-05-28
CUST-13522,Nexus AI 334,Mid-Market,Fintech,United States,2025-05-28
CUST-13523,Vertex Scale 334,Enterprise,Healthcare,Germany,2025-05-28
CUST-13524,Blue Systems 334,Mid-Market,E-Commerce,United Kingdom,2025-05-29
CUST-13525,Apex Logic 335,Enterprise,Fintech,Germany,2025-05-29
CUST-13526,Cloud Hub 335,SMB,Healthcare,Germany,2025-05-29
CUST-13527,Data Pay 335,SMB,SaaS / Tech,United States,2025-05-29
CUST-13528,Nova Works 335,SMB,SaaS / Tech,United Kingdom,2025-05-29
CUST-13529,Pulse Security 335,Mid-Market,E-Commerce,United States,2025-05-29
CUST-13530,Stratum Analytics 335,Mid-Market,Cybersecurity,India,2025-05-29
CUST-13531,Sync Tech 335,SMB,Fintech,United States,2025-05-29
CUST-13532,Vanguard Sphere 335,Mid-Market,E-Commerce,United States,2025-05-29
CUST-13533,Omni Labs 335,Mid-Market,SaaS / Tech,United States,2025-05-29
CUST-13534,Hyper Flow 335,Mid-Market,E-Commerce,United States,2025-05-29
CUST-13535,Zenith Corp 335,Enterprise,Healthcare,United States,2025-05-29
CUST-13536,Quantum Stack 335,Mid-Market,Fintech,United States,2025-05-29
CUST-13537,Nexus AI 335,Mid-Market,Logistics & Supply Chain,Canada,2025-05-30
CUST-13538,Vertex Scale 335,SMB,E-Commerce,Germany,2025-05-30
CUST-13539,Blue Systems 335,Enterprise,Logistics & Supply Chain,United States,2025-05-30
CUST-13540,Apex Logic 336,Mid-Market,E-Commerce,United States,2025-05-30
CUST-13541,Cloud Hub 336,SMB,SaaS / Tech,Germany,2025-05-30
CUST-13542,Data Pay 336,Enterprise,Logistics & Supply Chain,United States,2025-05-30
CUST-13543,Nova Works 336,Mid-Market,SaaS / Tech,India,2025-05-30
CUST-13544,Pulse Security 336,SMB,Healthcare,United States,2025-05-30
CUST-13545,Stratum Analytics 336,Mid-Market,E-Commerce,United Kingdom,2025-05-30
CUST-13546,Sync Tech 336,Enterprise,Logistics & Supply Chain,United Kingdom,2025-05-30
CUST-13547,Vanguard Sphere 336,Mid-Market,Healthcare,United Kingdom,2025-05-30
CUST-13548,Omni Labs 336,Mid-Market,Healthcare,Germany,2025-05-31
CUST-13549,Hyper Flow 336,SMB,Fintech,United States,2025-05-31
CUST-13550,Zenith Corp 336,SMB,Cybersecurity,United States,2025-05-31
CUST-13551,Quantum Stack 336,Enterprise,Fintech,United Kingdom,2025-05-31
CUST-13552,Nexus AI 336,SMB,E-Commerce,Germany,2025-05-31
CUST-13553,Vertex Scale 336,SMB,Healthcare,United States,2025-05-31
CUST-13554,Blue Systems 336,Enterprise,Healthcare,Germany,2025-05-31
CUST-13555,Apex Logic 337,SMB,SaaS / Tech,United States,2025-05-31
CUST-13556,Cloud Hub 337,Mid-Market,Fintech,United States,2025-05-31
CUST-13557,Data Pay 337,Mid-Market,E-Commerce,Canada,2025-05-31
CUST-13558,Nova Works 337,Enterprise,SaaS / Tech,United States,2025-06-01
CUST-13559,Pulse Security 337,Mid-Market,Logistics & Supply Chain,United Kingdom,2025-06-01
CUST-13560,Stratum Analytics 337,Mid-Market,Fintech,United States,2025-06-01
CUST-13561,Sync Tech 337,SMB,Logistics & Supply Chain,United States,2025-06-01
CUST-13562,Vanguard Sphere 337,Enterprise,SaaS / Tech,United Kingdom,2025-06-01
CUST-13563,Omni Labs 337,Mid-Market,Logistics & Supply Chain,United Kingdom,2025-06-01
CUST-13564,Hyper Flow 337,Mid-Market,E-Commerce,United States,2025-06-01
CUST-13565,Zenith Corp 337,SMB,E-Commerce,United States,2025-06-01
CUST-13566,Quantum Stack 337,SMB,Cybersecurity,United States,2025-06-01
CUST-13567,Nexus AI 337,SMB,Logistics & Supply Chain,United States,2025-06-02
CUST-13568,Vertex Scale 337,SMB,Healthcare,Australia,2025-06-02
CUST-13569,Blue Systems 337,SMB,Healthcare,Germany,2025-06-02
CUST-13570,Apex Logic 338,Mid-Market,Healthcare,United States,2025-06-02
CUST-13571,Cloud Hub 338,SMB,Healthcare,United States,2025-06-02
CUST-13572,Data Pay 338,SMB,Healthcare,India,2025-06-02
CUST-13573,Nova Works 338,SMB,Healthcare,United Kingdom,2025-06-02
CUST-13574,Pulse Security 338,SMB,Logistics & Supply Chain,United Kingdom,2025-06-02
CUST-13575,Stratum Analytics 338,Mid-Market,Fintech,Canada,2025-06-02
CUST-13576,Sync Tech 338,Mid-Market,SaaS / Tech,United States,2025-06-03
CUST-13577,Vanguard Sphere 338,Mid-Market,Fintech,United States,2025-06-03
CUST-13578,Omni Labs 338,SMB,Healthcare,Australia,2025-06-03
CUST-13579,Hyper Flow 338,Mid-Market,Fintech,United Kingdom,2025-06-03
CUST-13580,Zenith Corp 338,Mid-Market,Healthcare,United States,2025-06-03
CUST-13581,Quantum Stack 338,SMB,SaaS / Tech,United States,2025-06-03
CUST-13582,Nexus AI 338,Mid-Market,Logistics & Supply Chain,United States,2025-06-03
CUST-13583,Vertex Scale 338,SMB,Fintech,Canada,2025-06-03
CUST-13584,Blue Systems 338,Mid-Market,E-Commerce,United States,2025-06-03
CUST-13585,Apex Logic 339,Mid-Market,E-Commerce,United States,2025-06-03
CUST-13586,Cloud Hub 339,Mid-Market,Logistics & Supply Chain,India,2025-06-04
CUST-13587,Data Pay 339,SMB,SaaS / Tech,United States,2025-06-04
CUST-13588,Nova Works 339,Enterprise,E-Commerce,United States,2025-06-04
CUST-13589,Pulse Security 339,Mid-Market,SaaS / Tech,United States,2025-06-04
CUST-13590,Stratum Analytics 339,SMB,Logistics & Supply Chain,United States,2025-06-04
CUST-13591,Sync Tech 339,Mid-Market,Fintech,United States,2025-06-04
CUST-13592,Vanguard Sphere 339,SMB,Healthcare,India,2025-06-04
CUST-13593,Omni Labs 339,SMB,Cybersecurity,Germany,2025-06-05
CUST-13594,Hyper Flow 339,Mid-Market,SaaS / Tech,United States,2025-06-05
CUST-13595,Zenith Corp 339,SMB,E-Commerce,United States,2025-06-05
CUST-13596,Quantum Stack 339,Mid-Market,E-Commerce,United Kingdom,2025-06-05
CUST-13597,Nexus AI 339,SMB,Healthcare,United States,2025-06-05
CUST-13598,Vertex Scale 339,Mid-Market,E-Commerce,United States,2025-06-05
CUST-13599,Blue Systems 339,SMB,SaaS / Tech,India,2025-06-05
CUST-13600,Apex Logic 340,Enterprise,Healthcare,United States,2025-06-05
CUST-13601,Cloud Hub 340,SMB,SaaS / Tech,United States,2025-06-05
CUST-13602,Data Pay 340,Mid-Market,Logistics & Supply Chain,United States,2025-06-05
CUST-13603,Nova Works 340,Mid-Market,Fintech,United States,2025-06-05
CUST-13604,Pulse Security 340,Mid-Market,E-Commerce,United States,2025-06-05
CUST-13605,Stratum Analytics 340,Mid-Market,Healthcare,United States,2025-06-06
CUST-13606,Sync Tech 340,SMB,SaaS / Tech,United States,2025-06-06
CUST-13607,Vanguard Sphere 340,Mid-Market,Fintech,Canada,2025-06-06
CUST-13608,Omni Labs 340,SMB,E-Commerce,United States,2025-06-06
CUST-13609,Hyper Flow 340,SMB,Logistics & Supply Chain,United States,2025-06-06
CUST-13610,Zenith Corp 340,SMB,Healthcare,United Kingdom,2025-06-07
CUST-13611,Quantum Stack 340,Enterprise,Cybersecurity,India,2025-06-07
CUST-13612,Nexus AI 340,Mid-Market,Cybersecurity,United States,2025-06-07
CUST-13613,Vertex Scale 340,SMB,Fintech,United States,2025-06-07
CUST-13614,Blue Systems 340,Mid-Market,Fintech,United States,2025-06-07
CUST-13615,Apex Logic 341,Enterprise,Cybersecurity,Canada,2025-06-07
CUST-13616,Cloud Hub 341,SMB,Cybersecurity,United States,2025-06-07
CUST-13617,Data Pay 341,SMB,Fintech,United States,2025-06-07
CUST-13618,Nova Works 341,SMB,Fintech,United States,2025-06-08
CUST-13619,Pulse Security 341,Mid-Market,Fintech,United States,2025-06-08
CUST-13620,Stratum Analytics 341,SMB,Cybersecurity,United States,2025-06-08
CUST-13621,Sync Tech 341,Mid-Market,Fintech,United States,2025-06-08
CUST-13622,Vanguard Sphere 341,Mid-Market,E-Commerce,Germany,2025-06-08
CUST-13623,Omni Labs 341,SMB,Logistics & Supply Chain,United Kingdom,2025-06-09
CUST-13624,Hyper Flow 341,Mid-Market,Fintech,United States,2025-06-09
CUST-13625,Zenith Corp 341,Mid-Market,E-Commerce,United States,2025-06-09
CUST-13626,Quantum Stack 341,Enterprise,Healthcare,United States,2025-06-09
CUST-13627,Nexus AI 341,SMB,Logistics & Supply Chain,United States,2025-06-09
CUST-13628,Vertex Scale 341,SMB,Healthcare,India,2025-06-10
CUST-13629,Blue Systems 341,SMB,SaaS / Tech,Australia,2025-06-10
CUST-13630,Apex Logic 342,SMB,SaaS / Tech,United States,2025-06-10
CUST-13631,Cloud Hub 342,Mid-Market,Fintech,United States,2025-06-10
CUST-13632,Data Pay 342,Mid-Market,Fintech,United States,2025-06-10
CUST-13633,Nova Works 342,Mid-Market,Healthcare,United Kingdom,2025-06-10
CUST-13634,Pulse Security 342,Enterprise,Healthcare,United Kingdom,2025-06-10
CUST-13635,Stratum Analytics 342,Mid-Market,Logistics & Supply Chain,Germany,2025-06-10
CUST-13636,Sync Tech 342,SMB,Logistics & Supply Chain,Canada,2025-06-10
CUST-13637,Vanguard Sphere 342,Enterprise,E-Commerce,United States,2025-06-11
CUST-13638,Omni Labs 342,Mid-Market,E-Commerce,United Kingdom,2025-06-11
CUST-13639,Hyper Flow 342,Mid-Market,E-Commerce,Canada,2025-06-11
CUST-13640,Zenith Corp 342,Mid-Market,Logistics & Supply Chain,United Kingdom,2025-06-11
CUST-13641,Quantum Stack 342,SMB,Healthcare,United States,2025-06-11
CUST-13642,Nexus AI 342,Mid-Market,Healthcare,United Kingdom,2025-06-11
CUST-13643,Vertex Scale 342,Mid-Market,Healthcare,United Kingdom,2025-06-11
CUST-13644,Blue Systems 342,SMB,E-Commerce,United Kingdom,2025-06-11
CUST-13645,Apex Logic 343,Mid-Market,Healthcare,United Kingdom,2025-06-11
CUST-13646,Cloud Hub 343,Mid-Market,Healthcare,Canada,2025-06-11
CUST-13647,Data Pay 343,Mid-Market,Fintech,United Kingdom,2025-06-12
CUST-13648,Nova Works 343,SMB,SaaS / Tech,United Kingdom,2025-06-12
CUST-13649,Pulse Security 343,SMB,Fintech,Canada,2025-06-12
CUST-13650,Stratum Analytics 343,SMB,Fintech,United States,2025-06-12
CUST-13651,Sync Tech 343,Mid-Market,Healthcare,United States,2025-06-12
CUST-13652,Vanguard Sphere 343,SMB,Fintech,United States,2025-06-12
CUST-13653,Omni Labs 343,Mid-Market,E-Commerce,United Kingdom,2025-06-12
CUST-13654,Hyper Flow 343,Enterprise,Healthcare,United Kingdom,2025-06-12
CUST-13655,Zenith Corp 343,Mid-Market,Healthcare,Australia,2025-06-12
CUST-13656,Quantum Stack 343,Mid-Market,E-Commerce,United States,2025-06-12
CUST-13657,Nexus AI 343,SMB,Fintech,United States,2025-06-12
CUST-13658,Vertex Scale 343,SMB,Fintech,United States,2025-06-12
CUST-13659,Blue Systems 343,SMB,Logistics & Supply Chain,United States,2025-06-12
CUST-13660,Apex Logic 344,SMB,Healthcare,Canada,2025-06-12
CUST-13661,Cloud Hub 344,SMB,Healthcare,United States,2025-06-13
CUST-13662,Data Pay 344,Enterprise,Fintech,United Kingdom,2025-06-13
CUST-13663,Nova Works 344,Enterprise,E-Commerce,Canada,2025-06-13
CUST-13664,Pulse Security 344,SMB,E-Commerce,United States,2025-06-13
CUST-13665,Stratum Analytics 344,Mid-Market,E-Commerce,Germany,2025-06-13
CUST-13666,Sync Tech 344,SMB,SaaS / Tech,United States,2025-06-13
CUST-13667,Vanguard Sphere 344,Mid-Market,Fintech,United States,2025-06-14
CUST-13668,Omni Labs 344,Enterprise,Healthcare,India,2025-06-14
CUST-13669,Hyper Flow 344,Mid-Market,Logistics & Supply Chain,Germany,2025-06-14
CUST-13670,Zenith Corp 344,Mid-Market,Cybersecurity,United States,2025-06-14
CUST-13671,Quantum Stack 344,Enterprise,Fintech,United States,2025-06-14
CUST-13672,Nexus AI 344,SMB,E-Commerce,United States,2025-06-14
CUST-13673,Vertex Scale 344,Enterprise,Fintech,United States,2025-06-15
CUST-13674,Blue Systems 344,SMB,Fintech,Australia,2025-06-15
CUST-13675,Apex Logic 345,Mid-Market,Healthcare,United Kingdom,2025-06-15
CUST-13676,Cloud Hub 345,Mid-Market,Fintech,United States,2025-06-15
CUST-13677,Data Pay 345,Mid-Market,SaaS / Tech,India,2025-06-15
CUST-13678,Nova Works 345,SMB,E-Commerce,United States,2025-06-15
CUST-13679,Pulse Security 345,Mid-Market,Fintech,United States,2025-06-15
CUST-13680,Stratum Analytics 345,SMB,Fintech,India,2025-06-16
CUST-13681,Sync Tech 345,Enterprise,Logistics & Supply Chain,Germany,2025-06-16
CUST-13682,Vanguard Sphere 345,SMB,Fintech,Germany,2025-06-16
CUST-13683,Omni Labs 345,Mid-Market,E-Commerce,United Kingdom,2025-06-16
CUST-13684,Hyper Flow 345,SMB,Healthcare,Canada,2025-06-16
CUST-13685,Zenith Corp 345,SMB,E-Commerce,United States,2025-06-16
CUST-13686,Quantum Stack 345,SMB,Healthcare,United Kingdom,2025-06-17
CUST-13687,Nexus AI 345,Mid-Market,Fintech,Australia,2025-06-17
CUST-13688,Vertex Scale 345,Enterprise,Fintech,United States,2025-06-17
CUST-13689,Blue Systems 345,Enterprise,Fintech,Canada,2025-06-17
CUST-13690,Apex Logic 346,SMB,Healthcare,United States,2025-06-17
CUST-13691,Cloud Hub 346,SMB,SaaS / Tech,United States,2025-06-18
CUST-13692,Data Pay 346,SMB,Healthcare,Canada,2025-06-18
CUST-13693,Nova Works 346,Mid-Market,Fintech,United States,2025-06-18
CUST-13694,Pulse Security 346,Mid-Market,E-Commerce,United Kingdom,2025-06-18
CUST-13695,Stratum Analytics 346,Enterprise,E-Commerce,United States,2025-06-18
CUST-13696,Sync Tech 346,SMB,Cybersecurity,India,2025-06-18
CUST-13697,Vanguard Sphere 346,SMB,E-Commerce,United States,2025-06-19
CUST-13698,Omni Labs 346,SMB,E-Commerce,United States,2025-06-19
CUST-13699,Hyper Flow 346,Mid-Market,E-Commerce,United States,2025-06-19
CUST-13700,Zenith Corp 346,SMB,Cybersecurity,India,2025-06-19
CUST-13701,Quantum Stack 346,SMB,Logistics & Supply Chain,Canada,2025-06-19
CUST-13702,Nexus AI 346,Mid-Market,Healthcare,Canada,2025-06-19
CUST-13703,Vertex Scale 346,SMB,Fintech,United States,2025-06-19
CUST-13704,Blue Systems 346,SMB,Healthcare,United States,2025-06-19
CUST-13705,Apex Logic 347,SMB,E-Commerce,United States,2025-06-20
CUST-13706,Cloud Hub 347,SMB,SaaS / Tech,United Kingdom,2025-06-20
CUST-13707,Data Pay 347,Mid-Market,E-Commerce,United States,2025-06-20
CUST-13708,Nova Works 347,Mid-Market,Fintech,Australia,2025-06-20
CUST-13709,Pulse Security 347,SMB,SaaS / Tech,Canada,2025-06-20
CUST-13710,Stratum Analytics 347,Enterprise,Logistics & Supply Chain,United States,2025-06-20
CUST-13711,Sync Tech 347,SMB,Healthcare,United States,2025-06-20
CUST-13712,Vanguard Sphere 347,SMB,SaaS / Tech,Canada,2025-06-20
CUST-13713,Omni Labs 347,SMB,Healthcare,United States,2025-06-20
CUST-13714,Hyper Flow 347,SMB,Logistics & Supply Chain,United States,2025-06-20
CUST-13715,Zenith Corp 347,Mid-Market,Logistics & Supply Chain,United States,2025-06-20
CUST-13716,Quantum Stack 347,Mid-Market,E-Commerce,United Kingdom,2025-06-21
CUST-13717,Nexus AI 347,Enterprise,SaaS / Tech,Canada,2025-06-21
CUST-13718,Vertex Scale 347,Mid-Market,Logistics & Supply Chain,United States,2025-06-21
CUST-13719,Blue Systems 347,Mid-Market,E-Commerce,United States,2025-06-21
CUST-13720,Apex Logic 348,Mid-Market,Healthcare,United States,2025-06-21
CUST-13721,Cloud Hub 348,SMB,SaaS / Tech,Canada,2025-06-21
CUST-13722,Data Pay 348,SMB,Fintech,United States,2025-06-21
CUST-13723,Nova Works 348,Mid-Market,Healthcare,United States,2025-06-21
CUST-13724,Pulse Security 348,Mid-Market,Logistics & Supply Chain,India,2025-06-21
CUST-13725,Stratum Analytics 348,SMB,SaaS / Tech,Australia,2025-06-21
CUST-13726,Sync Tech 348,Enterprise,Healthcare,Australia,2025-06-21
CUST-13727,Vanguard Sphere 348,Enterprise,Fintech,Germany,2025-06-21
CUST-13728,Omni Labs 348,Mid-Market,Healthcare,United States,2025-06-21
CUST-13729,Hyper Flow 348,SMB,Healthcare,United States,2025-06-21
CUST-13730,Zenith Corp 348,Mid-Market,Fintech,United States,2025-06-22
CUST-13731,Quantum Stack 348,SMB,SaaS / Tech,United States,2025-06-22
CUST-13732,Nexus AI 348,Mid-Market,Healthcare,Australia,2025-06-22
CUST-13733,Vertex Scale 348,SMB,E-Commerce,Canada,2025-06-22
CUST-13734,Blue Systems 348,Mid-Market,Healthcare,Canada,2025-06-23
CUST-13735,Apex Logic 349,Mid-Market,Cybersecurity,United States,2025-06-23
CUST-13736,Cloud Hub 349,SMB,Healthcare,India,2025-06-23
CUST-13737,Data Pay 349,SMB,Fintech,Germany,2025-06-23
CUST-13738,Nova Works 349,SMB,Fintech,United States,2025-06-23
CUST-13739,Pulse Security 349,SMB,E-Commerce,Germany,2025-06-23
CUST-13740,Stratum Analytics 349,SMB,E-Commerce,United States,2025-06-23
CUST-13741,Sync Tech 349,SMB,Healthcare,United States,2025-06-24
CUST-13742,Vanguard Sphere 349,SMB,Healthcare,United Kingdom,2025-06-24
CUST-13743,Omni Labs 349,Enterprise,Fintech,United Kingdom,2025-06-24
CUST-13744,Hyper Flow 349,Enterprise,E-Commerce,United States,2025-06-24
CUST-13745,Zenith Corp 349,Mid-Market,E-Commerce,United States,2025-06-24
CUST-13746,Quantum Stack 349,SMB,Fintech,Australia,2025-06-24
CUST-13747,Nexus AI 349,Mid-Market,Fintech,United Kingdom,2025-06-24
CUST-13748,Vertex Scale 349,Mid-Market,Fintech,Canada,2025-06-24
CUST-13749,Blue Systems 349,SMB,Fintech,United States,2025-06-24
CUST-13750,Apex Logic 350,SMB,E-Commerce,United States,2025-06-24
CUST-13751,Cloud Hub 350,SMB,Fintech,United States,2025-06-24
CUST-13752,Data Pay 350,Mid-Market,Healthcare,United States,2025-06-24
CUST-13753,Nova Works 350,SMB,Fintech,United States,2025-06-24
CUST-13754,Pulse Security 350,Mid-Market,Cybersecurity,United States,2025-06-25
CUST-13755,Stratum Analytics 350,Mid-Market,Logistics & Supply Chain,United Kingdom,2025-06-25
CUST-13756,Sync Tech 350,Mid-Market,Fintech,United States,2025-06-25
CUST-13757,Vanguard Sphere 350,Mid-Market,Healthcare,Germany,2025-06-25
CUST-13758,Omni Labs 350,Mid-Market,Fintech,United States,2025-06-25
CUST-13759,Hyper Flow 350,SMB,E-Commerce,United States,2025-06-25
CUST-13760,Zenith Corp 350,Enterprise,Fintech,United States,2025-06-26
CUST-13761,Quantum Stack 350,SMB,SaaS / Tech,United States,2025-06-26
CUST-13762,Nexus AI 350,SMB,E-Commerce,United States,2025-06-26
CUST-13763,Vertex Scale 350,Mid-Market,Logistics & Supply Chain,Australia,2025-06-26
CUST-13764,Blue Systems 350,Mid-Market,Fintech,Canada,2025-06-26
CUST-13765,Apex Logic 351,Mid-Market,Logistics & Supply Chain,United States,2025-06-26
CUST-13766,Cloud Hub 351,SMB,SaaS / Tech,United States,2025-06-26
CUST-13767,Data Pay 351,Mid-Market,Fintech,United Kingdom,2025-06-26
CUST-13768,Nova Works 351,Mid-Market,Healthcare,Canada,2025-06-27
CUST-13769,Pulse Security 351,Enterprise,Fintech,United States,2025-06-27
CUST-13770,Stratum Analytics 351,SMB,Healthcare,United Kingdom,2025-06-27
CUST-13771,Sync Tech 351,SMB,Healthcare,Germany,2025-06-27
CUST-13772,Vanguard Sphere 351,Mid-Market,E-Commerce,Canada,2025-06-27
CUST-13773,Omni Labs 351,SMB,Healthcare,Germany,2025-06-27
CUST-13774,Hyper Flow 351,SMB,Cybersecurity,Germany,2025-06-27
CUST-13775,Zenith Corp 351,SMB,Fintech,India,2025-06-27
CUST-13776,Quantum Stack 351,SMB,Cybersecurity,United States,2025-06-28
CUST-13777,Nexus AI 351,SMB,Fintech,United Kingdom,2025-06-28
CUST-13778,Vertex Scale 351,SMB,SaaS / Tech,Canada,2025-06-28
CUST-13779,Blue Systems 351,SMB,Healthcare,Canada,2025-06-28
CUST-13780,Apex Logic 352,Mid-Market,Fintech,Australia,2025-06-28
CUST-13781,Cloud Hub 352,Mid-Market,Logistics & Supply Chain,United States,2025-06-29
CUST-13782,Data Pay 352,Enterprise,Healthcare,United States,2025-06-29
CUST-13783,Nova Works 352,SMB,SaaS / Tech,United States,2025-06-29
CUST-13784,Pulse Security 352,SMB,E-Commerce,United States,2025-06-29
CUST-13785,Stratum Analytics 352,Enterprise,E-Commerce,United States,2025-06-29
CUST-13786,Sync Tech 352,SMB,E-Commerce,Canada,2025-06-29
CUST-13787,Vanguard Sphere 352,Mid-Market,SaaS / Tech,United States,2025-06-29
CUST-13788,Omni Labs 352,Enterprise,Fintech,Canada,2025-06-29
CUST-13789,Hyper Flow 352,SMB,SaaS / Tech,Canada,2025-06-30
CUST-13790,Zenith Corp 352,Mid-Market,Logistics & Supply Chain,United States,2025-06-30
CUST-13791,Quantum Stack 352,Enterprise,Fintech,United States,2025-06-30
CUST-13792,Nexus AI 352,SMB,Fintech,United Kingdom,2025-06-30
CUST-13793,Vertex Scale 352,SMB,SaaS / Tech,Canada,2025-06-30
CUST-13794,Blue Systems 352,Enterprise,Healthcare,Germany,2025-06-30
CUST-13795,Apex Logic 353,SMB,Healthcare,Germany,2025-07-01
CUST-13796,Cloud Hub 353,SMB,Fintech,Australia,2025-07-01
CUST-13797,Data Pay 353,Enterprise,E-Commerce,United Kingdom,2025-07-01
CUST-13798,Nova Works 353,Mid-Market,Fintech,India,2025-07-01
CUST-13799,Pulse Security 353,SMB,E-Commerce,Germany,2025-07-01
CUST-13800,Stratum Analytics 353,Mid-Market,SaaS / Tech,India,2025-07-01
CUST-13801,Sync Tech 353,SMB,Healthcare,United States,2025-07-01
CUST-13802,Vanguard Sphere 353,SMB,E-Commerce,Australia,2025-07-02
CUST-13803,Omni Labs 353,SMB,Cybersecurity,United States,2025-07-02
CUST-13804,Hyper Flow 353,Mid-Market,SaaS / Tech,Canada,2025-07-02
CUST-13805,Zenith Corp 353,SMB,Logistics & Supply Chain,United States,2025-07-02
CUST-13806,Quantum Stack 353,Mid-Market,Healthcare,United States,2025-07-02
CUST-13807,Nexus AI 353,Mid-Market,SaaS / Tech,United States,2025-07-02
CUST-13808,Vertex Scale 353,Enterprise,Fintech,United States,2025-07-02
CUST-13809,Blue Systems 353,Enterprise,Fintech,United States,2025-07-02
CUST-13810,Apex Logic 354,SMB,Fintech,Germany,2025-07-02
CUST-13811,Cloud Hub 354,Mid-Market,Healthcare,United States,2025-07-03
CUST-13812,Data Pay 354,Mid-Market,Logistics & Supply Chain,United States,2025-07-03
CUST-13813,Nova Works 354,SMB,Healthcare,United States,2025-07-03
CUST-13814,Pulse Security 354,Mid-Market,SaaS / Tech,United Kingdom,2025-07-03
CUST-13815,Stratum Analytics 354,SMB,SaaS / Tech,United States,2025-07-03
CUST-13816,Sync Tech 354,Mid-Market,E-Commerce,United States,2025-07-03
CUST-13817,Vanguard Sphere 354,SMB,Healthcare,United States,2025-07-04
CUST-13818,Omni Labs 354,SMB,E-Commerce,United Kingdom,2025-07-04
CUST-13819,Hyper Flow 354,Mid-Market,Healthcare,United States,2025-07-04
CUST-13820,Zenith Corp 354,Mid-Market,Fintech,United States,2025-07-04
CUST-13821,Quantum Stack 354,Mid-Market,Cybersecurity,United States,2025-07-05
CUST-13822,Nexus AI 354,SMB,Fintech,Australia,2025-07-05
CUST-13823,Vertex Scale 354,Mid-Market,Fintech,United States,2025-07-05
CUST-13824,Blue Systems 354,Mid-Market,Logistics & Supply Chain,United Kingdom,2025-07-05
CUST-13825,Apex Logic 355,Enterprise,Healthcare,United States,2025-07-05
CUST-13826,Cloud Hub 355,Mid-Market,SaaS / Tech,United States,2025-07-05
CUST-13827,Data Pay 355,Mid-Market,Healthcare,United States,2025-07-06
CUST-13828,Nova Works 355,SMB,Healthcare,United States,2025-07-06
CUST-13829,Pulse Security 355,Mid-Market,Healthcare,United States,2025-07-06
CUST-13830,Stratum Analytics 355,Mid-Market,Healthcare,United States,2025-07-06
CUST-13831,Sync Tech 355,SMB,Healthcare,United States,2025-07-07
CUST-13832,Vanguard Sphere 355,SMB,SaaS / Tech,Canada,2025-07-07
CUST-13833,Omni Labs 355,Mid-Market,E-Commerce,Australia,2025-07-07
CUST-13834,Hyper Flow 355,Mid-Market,Cybersecurity,United States,2025-07-07
CUST-13835,Zenith Corp 355,Mid-Market,Fintech,United Kingdom,2025-07-07
CUST-13836,Quantum Stack 355,SMB,E-Commerce,Australia,2025-07-08
CUST-13837,Nexus AI 355,Enterprise,E-Commerce,Germany,2025-07-08
CUST-13838,Vertex Scale 355,SMB,Cybersecurity,United States,2025-07-08
CUST-13839,Blue Systems 355,SMB,Fintech,Canada,2025-07-08
CUST-13840,Apex Logic 356,SMB,E-Commerce,United States,2025-07-08
CUST-13841,Cloud Hub 356,Enterprise,Logistics & Supply Chain,United Kingdom,2025-07-08
CUST-13842,Data Pay 356,Mid-Market,Fintech,United States,2025-07-09
CUST-13843,Nova Works 356,Mid-Market,Logistics & Supply Chain,United States,2025-07-09
CUST-13844,Pulse Security 356,Mid-Market,Fintech,United States,2025-07-09
CUST-13845,Stratum Analytics 356,SMB,SaaS / Tech,United States,2025-07-09
CUST-13846,Sync Tech 356,SMB,Cybersecurity,Canada,2025-07-09
CUST-13847,Vanguard Sphere 356,SMB,SaaS / Tech,United States,2025-07-10
CUST-13848,Omni Labs 356,SMB,Healthcare,United Kingdom,2025-07-10
CUST-13849,Hyper Flow 356,Enterprise,Fintech,United States,2025-07-10
CUST-13850,Zenith Corp 356,Mid-Market,Cybersecurity,United States,2025-07-10
CUST-13851,Quantum Stack 356,Enterprise,E-Commerce,United Kingdom,2025-07-10
CUST-13852,Nexus AI 356,SMB,Fintech,Australia,2025-07-10
CUST-13853,Vertex Scale 356,SMB,SaaS / Tech,United States,2025-07-10
CUST-13854,Blue Systems 356,SMB,E-Commerce,United States,2025-07-10
CUST-13855,Apex Logic 357,Enterprise,Fintech,Germany,2025-07-10
CUST-13856,Cloud Hub 357,Mid-Market,Fintech,United States,2025-07-11
CUST-13857,Data Pay 357,SMB,Fintech,Germany,2025-07-11
CUST-13858,Nova Works 357,Mid-Market,E-Commerce,United Kingdom,2025-07-11
CUST-13859,Pulse Security 357,SMB,E-Commerce,United States,2025-07-11
CUST-13860,Stratum Analytics 357,SMB,E-Commerce,United States,2025-07-11
CUST-13861,Sync Tech 357,SMB,Logistics & Supply Chain,United States,2025-07-11
CUST-13862,Vanguard Sphere 357,Mid-Market,Logistics & Supply Chain,United States,2025-07-11
CUST-13863,Omni Labs 357,Mid-Market,E-Commerce,India,2025-07-11
CUST-13864,Hyper Flow 357,Enterprise,Fintech,Canada,2025-07-11
CUST-13865,Zenith Corp 357,Mid-Market,SaaS / Tech,United Kingdom,2025-07-11
CUST-13866,Quantum Stack 357,Mid-Market,Healthcare,Canada,2025-07-11
CUST-13867,Nexus AI 357,SMB,E-Commerce,United States,2025-07-11
CUST-13868,Vertex Scale 357,SMB,E-Commerce,United Kingdom,2025-07-12
CUST-13869,Blue Systems 357,Enterprise,Healthcare,United States,2025-07-12
CUST-13870,Apex Logic 358,Mid-Market,Cybersecurity,Canada,2025-07-12
CUST-13871,Cloud Hub 358,Mid-Market,Fintech,United States,2025-07-12
CUST-13872,Data Pay 358,Mid-Market,SaaS / Tech,United Kingdom,2025-07-12
CUST-13873,Nova Works 358,SMB,Fintech,India,2025-07-12
CUST-13874,Pulse Security 358,Enterprise,Cybersecurity,United States,2025-07-12
CUST-13875,Stratum Analytics 358,Mid-Market,Fintech,United States,2025-07-13
CUST-13876,Sync Tech 358,Mid-Market,Fintech,United Kingdom,2025-07-13
CUST-13877,Vanguard Sphere 358,SMB,Healthcare,United States,2025-07-13
CUST-13878,Omni Labs 358,SMB,Healthcare,United Kingdom,2025-07-13
CUST-13879,Hyper Flow 358,Mid-Market,Fintech,Australia,2025-07-13
CUST-13880,Zenith Corp 358,SMB,E-Commerce,United States,2025-07-13
CUST-13881,Quantum Stack 358,SMB,Healthcare,United States,2025-07-14
CUST-13882,Nexus AI 358,SMB,Fintech,United Kingdom,2025-07-14
CUST-13883,Vertex Scale 358,Mid-Market,Healthcare,United States,2025-07-14
CUST-13884,Blue Systems 358,SMB,Logistics & Supply Chain,United States,2025-07-14
CUST-13885,Apex Logic 359,SMB,SaaS / Tech,India,2025-07-14
CUST-13886,Cloud Hub 359,SMB,SaaS / Tech,United Kingdom,2025-07-14
CUST-13887,Data Pay 359,SMB,SaaS / Tech,United States,2025-07-14
CUST-13888,Nova Works 359,SMB,Healthcare,United States,2025-07-14
CUST-13889,Pulse Security 359,Mid-Market,Fintech,Canada,2025-07-14
CUST-13890,Stratum Analytics 359,SMB,Healthcare,Canada,2025-07-14
CUST-13891,Sync Tech 359,SMB,Logistics & Supply Chain,Germany,2025-07-14
CUST-13892,Vanguard Sphere 359,SMB,Cybersecurity,United States,2025-07-14
CUST-13893,Omni Labs 359,Mid-Market,E-Commerce,India,2025-07-15
CUST-13894,Hyper Flow 359,SMB,Fintech,United Kingdom,2025-07-15
CUST-13895,Zenith Corp 359,SMB,Fintech,Canada,2025-07-15
CUST-13896,Quantum Stack 359,Enterprise,Healthcare,United Kingdom,2025-07-15
CUST-13897,Nexus AI 359,SMB,E-Commerce,United States,2025-07-15
CUST-13898,Vertex Scale 359,SMB,Fintech,Australia,2025-07-15
CUST-13899,Blue Systems 359,SMB,Cybersecurity,United States,2025-07-15
CUST-13900,Apex Logic 360,Mid-Market,Healthcare,United States,2025-07-15
CUST-13901,Cloud Hub 360,Mid-Market,Cybersecurity,Germany,2025-07-15
CUST-13902,Data Pay 360,SMB,SaaS / Tech,United Kingdom,2025-07-15
CUST-13903,Nova Works 360,Mid-Market,SaaS / Tech,Germany,2025-07-16
CUST-13904,Pulse Security 360,SMB,E-Commerce,United Kingdom,2025-07-16
CUST-13905,Stratum Analytics 360,Mid-Market,E-Commerce,United States,2025-07-16
CUST-13906,Sync Tech 360,SMB,E-Commerce,India,2025-07-17
CUST-13907,Vanguard Sphere 360,Mid-Market,E-Commerce,United States,2025-07-17
CUST-13908,Omni Labs 360,SMB,E-Commerce,Germany,2025-07-17
CUST-13909,Hyper Flow 360,Mid-Market,Cybersecurity,United States,2025-07-17
CUST-13910,Zenith Corp 360,Enterprise,SaaS / Tech,Germany,2025-07-17
CUST-13911,Quantum Stack 360,Mid-Market,SaaS / Tech,United States,2025-07-17
CUST-13912,Nexus AI 360,Enterprise,Logistics & Supply Chain,United Kingdom,2025-07-17
CUST-13913,Vertex Scale 360,SMB,Fintech,India,2025-07-17
CUST-13914,Blue Systems 360,SMB,Fintech,United States,2025-07-17
CUST-13915,Apex Logic 361,Mid-Market,E-Commerce,Canada,2025-07-17
CUST-13916,Cloud Hub 361,SMB,E-Commerce,Germany,2025-07-17
CUST-13917,Data Pay 361,Mid-Market,Logistics & Supply Chain,Canada,2025-07-18
CUST-13918,Nova Works 361,SMB,Healthcare,India,2025-07-18
CUST-13919,Pulse Security 361,SMB,E-Commerce,United States,2025-07-18
CUST-13920,Stratum Analytics 361,SMB,E-Commerce,United States,2025-07-18
CUST-13921,Sync Tech 361,Mid-Market,Fintech,United States,2025-07-18
CUST-13922,Vanguard Sphere 361,SMB,E-Commerce,United States,2025-07-18
CUST-13923,Omni Labs 361,Mid-Market,Logistics & Supply Chain,United States,2025-07-18
CUST-13924,Hyper Flow 361,SMB,Fintech,United Kingdom,2025-07-19
CUST-13925,Zenith Corp 361,Enterprise,E-Commerce,United States,2025-07-19
CUST-13926,Quantum Stack 361,SMB,E-Commerce,United States,2025-07-19
CUST-13927,Nexus AI 361,SMB,Fintech,United States,2025-07-19
CUST-13928,Vertex Scale 361,SMB,Fintech,Germany,2025-07-19
CUST-13929,Blue Systems 361,Enterprise,Cybersecurity,United Kingdom,2025-07-19
CUST-13930,Apex Logic 362,SMB,Healthcare,United States,2025-07-20
CUST-13931,Cloud Hub 362,Mid-Market,Fintech,India,2025-07-20
CUST-13932,Data Pay 362,SMB,Fintech,United States,2025-07-20
CUST-13933,Nova Works 362,Mid-Market,SaaS / Tech,Australia,2025-07-20
CUST-13934,Pulse Security 362,Mid-Market,E-Commerce,United Kingdom,2025-07-20
CUST-13935,Stratum Analytics 362,SMB,E-Commerce,United States,2025-07-20
CUST-13936,Sync Tech 362,Mid-Market,Fintech,United Kingdom,2025-07-20
CUST-13937,Vanguard Sphere 362,Mid-Market,Logistics & Supply Chain,Canada,2025-07-20
CUST-13938,Omni Labs 362,Mid-Market,Healthcare,United States,2025-07-20
CUST-13939,Hyper Flow 362,Mid-Market,Healthcare,Germany,2025-07-21
CUST-13940,Zenith Corp 362,SMB,E-Commerce,United States,2025-07-21
CUST-13941,Quantum Stack 362,SMB,Healthcare,United States,2025-07-21
CUST-13942,Nexus AI 362,Enterprise,Logistics & Supply Chain,United States,2025-07-21
CUST-13943,Vertex Scale 362,Mid-Market,Cybersecurity,United States,2025-07-21
CUST-13944,Blue Systems 362,Enterprise,Healthcare,United States,2025-07-22
CUST-13945,Apex Logic 363,Enterprise,Logistics & Supply Chain,India,2025-07-22
CUST-13946,Cloud Hub 363,SMB,SaaS / Tech,United States,2025-07-22
CUST-13947,Data Pay 363,SMB,Cybersecurity,United States,2025-07-22
CUST-13948,Nova Works 363,Mid-Market,Fintech,United Kingdom,2025-07-22
CUST-13949,Pulse Security 363,Mid-Market,E-Commerce,India,2025-07-22
CUST-13950,Stratum Analytics 363,Enterprise,Healthcare,Australia,2025-07-22
CUST-13951,Sync Tech 363,SMB,Logistics & Supply Chain,Canada,2025-07-22
CUST-13952,Vanguard Sphere 363,SMB,Fintech,Australia,2025-07-23
CUST-13953,Omni Labs 363,Enterprise,E-Commerce,Canada,2025-07-23
CUST-13954,Hyper Flow 363,Mid-Market,Healthcare,Australia,2025-07-23
CUST-13955,Zenith Corp 363,SMB,Healthcare,Canada,2025-07-23
CUST-13956,Quantum Stack 363,SMB,E-Commerce,United States,2025-07-23
CUST-13957,Nexus AI 363,Mid-Market,Logistics & Supply Chain,United States,2025-07-23
CUST-13958,Vertex Scale 363,Enterprise,E-Commerce,United Kingdom,2025-07-24
CUST-13959,Blue Systems 363,Enterprise,Logistics & Supply Chain,United States,2025-07-24
CUST-13960,Apex Logic 364,SMB,Healthcare,United States,2025-07-24
CUST-13961,Cloud Hub 364,Mid-Market,E-Commerce,United Kingdom,2025-07-24
CUST-13962,Data Pay 364,Enterprise,E-Commerce,India,2025-07-24
CUST-13963,Nova Works 364,SMB,Fintech,United States,2025-07-24
CUST-13964,Pulse Security 364,Enterprise,E-Commerce,Canada,2025-07-24
CUST-13965,Stratum Analytics 364,SMB,SaaS / Tech,Canada,2025-07-24
CUST-13966,Sync Tech 364,Mid-Market,E-Commerce,Australia,2025-07-25
CUST-13967,Vanguard Sphere 364,Enterprise,SaaS / Tech,India,2025-07-25
CUST-13968,Omni Labs 364,SMB,E-Commerce,Canada,2025-07-25
CUST-13969,Hyper Flow 364,Mid-Market,Fintech,United Kingdom,2025-07-26
CUST-13970,Zenith Corp 364,SMB,Fintech,United States,2025-07-26
CUST-13971,Quantum Stack 364,SMB,E-Commerce,United Kingdom,2025-07-26
CUST-13972,Nexus AI 364,Mid-Market,Healthcare,Canada,2025-07-26
CUST-13973,Vertex Scale 364,SMB,Fintech,India,2025-07-26
CUST-13974,Blue Systems 364,Mid-Market,Healthcare,Canada,2025-07-26
CUST-13975,Apex Logic 365,SMB,E-Commerce,United States,2025-07-26
CUST-13976,Cloud Hub 365,Mid-Market,Healthcare,United Kingdom,2025-07-26
CUST-13977,Data Pay 365,SMB,SaaS / Tech,United States,2025-07-27
CUST-13978,Nova Works 365,Enterprise,E-Commerce,United States,2025-07-27
CUST-13979,Pulse Security 365,Mid-Market,Healthcare,United States,2025-07-27
CUST-13980,Stratum Analytics 365,SMB,SaaS / Tech,United States,2025-07-27
CUST-13981,Sync Tech 365,SMB,E-Commerce,Germany,2025-07-27
CUST-13982,Vanguard Sphere 365,Mid-Market,E-Commerce,United States,2025-07-27
CUST-13983,Omni Labs 365,Mid-Market,E-Commerce,United States,2025-07-28
CUST-13984,Hyper Flow 365,SMB,Fintech,Australia,2025-07-28
CUST-13985,Zenith Corp 365,SMB,SaaS / Tech,United States,2025-07-28
CUST-13986,Quantum Stack 365,Enterprise,Healthcare,United States,2025-07-28
CUST-13987,Nexus AI 365,Mid-Market,Cybersecurity,United States,2025-07-28
CUST-13988,Vertex Scale 365,Mid-Market,Logistics & Supply Chain,United States,2025-07-28
CUST-13989,Blue Systems 365,SMB,E-Commerce,United States,2025-07-28
CUST-13990,Apex Logic 366,Enterprise,Healthcare,United States,2025-07-28
CUST-13991,Cloud Hub 366,Mid-Market,Fintech,United Kingdom,2025-07-29
CUST-13992,Data Pay 366,SMB,Healthcare,United States,2025-07-29
CUST-13993,Nova Works 366,Enterprise,E-Commerce,United States,2025-07-29
CUST-13994,Pulse Security 366,Mid-Market,Healthcare,Germany,2025-07-29
CUST-13995,Stratum Analytics 366,Mid-Market,E-Commerce,United States,2025-07-29
CUST-13996,Sync Tech 366,Mid-Market,Fintech,India,2025-07-29
CUST-13997,Vanguard Sphere 366,Mid-Market,Cybersecurity,United States,2025-07-29
CUST-13998,Omni Labs 366,SMB,Fintech,United States,2025-07-30
CUST-13999,Hyper Flow 366,Mid-Market,Cybersecurity,Canada,2025-07-30
CUST-14000,Zenith Corp 366,SMB,Cybersecurity,United States,2025-07-30
CUST-14001,Quantum Stack 366,SMB,E-Commerce,United States,2025-07-30
CUST-14002,Nexus AI 366,SMB,SaaS / Tech,United Kingdom,2025-07-30
CUST-14003,Vertex Scale 366,Mid-Market,Healthcare,United States,2025-07-31
CUST-14004,Blue Systems 366,Enterprise,E-Commerce,Canada,2025-07-31
CUST-14005,Apex Logic 367,Mid-Market,Healthcare,India,2025-07-31
CUST-14006,Cloud Hub 367,Mid-Market,Healthcare,United States,2025-07-31
CUST-14007,Data Pay 367,Mid-Market,E-Commerce,United Kingdom,2025-07-31
CUST-14008,Nova Works 367,SMB,E-Commerce,United Kingdom,2025-07-31
CUST-14009,Pulse Security 367,Enterprise,E-Commerce,Australia,2025-07-31
CUST-14010,Stratum Analytics 367,Enterprise,Healthcare,Germany,2025-08-01
CUST-14011,Sync Tech 367,Mid-Market,Healthcare,India,2025-08-01
CUST-14012,Vanguard Sphere 367,SMB,Fintech,United States,2025-08-01
CUST-14013,Omni Labs 367,Mid-Market,Fintech,Canada,2025-08-02
CUST-14014,Hyper Flow 367,SMB,Healthcare,United States,2025-08-02
CUST-14015,Zenith Corp 367,Mid-Market,Fintech,United States,2025-08-02
CUST-14016,Quantum Stack 367,SMB,Fintech,India,2025-08-02
CUST-14017,Nexus AI 367,SMB,Logistics & Supply Chain,United States,2025-08-02
CUST-14018,Vertex Scale 367,Mid-Market,Fintech,Australia,2025-08-02
CUST-14019,Blue Systems 367,Mid-Market,SaaS / Tech,United States,2025-08-02
CUST-14020,Apex Logic 368,Mid-Market,Healthcare,Germany,2025-08-02
CUST-14021,Cloud Hub 368,Mid-Market,Logistics & Supply Chain,United States,2025-08-03
CUST-14022,Data Pay 368,SMB,E-Commerce,United States,2025-08-03
CUST-14023,Nova Works 368,SMB,Healthcare,United States,2025-08-03
CUST-14024,Pulse Security 368,SMB,E-Commerce,United Kingdom,2025-08-03
CUST-14025,Stratum Analytics 368,SMB,Healthcare,United States,2025-08-03
CUST-14026,Sync Tech 368,Mid-Market,E-Commerce,United Kingdom,2025-08-04
CUST-14027,Vanguard Sphere 368,Mid-Market,Fintech,United States,2025-08-04
CUST-14028,Omni Labs 368,SMB,Cybersecurity,United States,2025-08-04
CUST-14029,Hyper Flow 368,Mid-Market,Healthcare,United States,2025-08-04
CUST-14030,Zenith Corp 368,SMB,Healthcare,United States,2025-08-04
CUST-14031,Quantum Stack 368,Mid-Market,SaaS / Tech,Germany,2025-08-04
CUST-14032,Nexus AI 368,Enterprise,Healthcare,India,2025-08-04
CUST-14033,Vertex Scale 368,SMB,Logistics & Supply Chain,United States,2025-08-04
CUST-14034,Blue Systems 368,Mid-Market,E-Commerce,United Kingdom,2025-08-05
CUST-14035,Apex Logic 369,SMB,SaaS / Tech,Canada,2025-08-05
CUST-14036,Cloud Hub 369,SMB,Fintech,United States,2025-08-05
CUST-14037,Data Pay 369,SMB,Logistics & Supply Chain,United States,2025-08-05
CUST-14038,Nova Works 369,SMB,SaaS / Tech,United Kingdom,2025-08-05
CUST-14039,Pulse Security 369,SMB,Fintech,United States,2025-08-05
CUST-14040,Stratum Analytics 369,SMB,Fintech,United States,2025-08-05
CUST-14041,Sync Tech 369,Mid-Market,Healthcare,United States,2025-08-05
CUST-14042,Vanguard Sphere 369,Mid-Market,Cybersecurity,United Kingdom,2025-08-06
CUST-14043,Omni Labs 369,SMB,Healthcare,United States,2025-08-06
CUST-14044,Hyper Flow 369,Mid-Market,E-Commerce,United States,2025-08-06
CUST-14045,Zenith Corp 369,Mid-Market,Fintech,United States,2025-08-06
CUST-14046,Quantum Stack 369,Mid-Market,Healthcare,United States,2025-08-06
CUST-14047,Nexus AI 369,SMB,E-Commerce,United States,2025-08-06
CUST-14048,Vertex Scale 369,SMB,Cybersecurity,India,2025-08-06
CUST-14049,Blue Systems 369,Mid-Market,E-Commerce,United States,2025-08-06
CUST-14050,Apex Logic 370,SMB,Logistics & Supply Chain,United Kingdom,2025-08-06
CUST-14051,Cloud Hub 370,SMB,E-Commerce,United States,2025-08-07
CUST-14052,Data Pay 370,SMB,Fintech,United Kingdom,2025-08-07
CUST-14053,Nova Works 370,SMB,Healthcare,United Kingdom,2025-08-07
CUST-14054,Pulse Security 370,SMB,E-Commerce,United States,2025-08-07
CUST-14055,Stratum Analytics 370,Enterprise,Cybersecurity,Germany,2025-08-07
CUST-14056,Sync Tech 370,SMB,Logistics & Supply Chain,United States,2025-08-08
CUST-14057,Vanguard Sphere 370,Enterprise,Fintech,Germany,2025-08-08
CUST-14058,Omni Labs 370,SMB,Fintech,United States,2025-08-08
CUST-14059,Hyper Flow 370,SMB,Fintech,Australia,2025-08-08
CUST-14060,Zenith Corp 370,Mid-Market,Cybersecurity,Canada,2025-08-08
CUST-14061,Quantum Stack 370,Mid-Market,Logistics & Supply Chain,Australia,2025-08-08
CUST-14062,Nexus AI 370,SMB,SaaS / Tech,United Kingdom,2025-08-08
CUST-14063,Vertex Scale 370,Mid-Market,Healthcare,United States,2025-08-09
CUST-14064,Blue Systems 370,SMB,E-Commerce,Canada,2025-08-09
CUST-14065,Apex Logic 371,Enterprise,E-Commerce,India,2025-08-09
CUST-14066,Cloud Hub 371,Enterprise,Healthcare,Australia,2025-08-09
CUST-14067,Data Pay 371,SMB,E-Commerce,United States,2025-08-09
CUST-14068,Nova Works 371,SMB,Fintech,Canada,2025-08-09
CUST-14069,Pulse Security 371,SMB,Fintech,United States,2025-08-09
CUST-14070,Stratum Analytics 371,Mid-Market,Logistics & Supply Chain,United Kingdom,2025-08-10
CUST-14071,Sync Tech 371,SMB,SaaS / Tech,United States,2025-08-10
CUST-14072,Vanguard Sphere 371,SMB,Healthcare,United States,2025-08-10
CUST-14073,Omni Labs 371,SMB,E-Commerce,India,2025-08-10
CUST-14074,Hyper Flow 371,SMB,Healthcare,United States,2025-08-10
CUST-14075,Zenith Corp 371,SMB,SaaS / Tech,United Kingdom,2025-08-11
CUST-14076,Quantum Stack 371,Mid-Market,SaaS / Tech,United Kingdom,2025-08-11
CUST-14077,Nexus AI 371,Mid-Market,SaaS / Tech,United States,2025-08-11
CUST-14078,Vertex Scale 371,SMB,SaaS / Tech,United States,2025-08-11
CUST-14079,Blue Systems 371,Mid-Market,Fintech,United Kingdom,2025-08-11
CUST-14080,Apex Logic 372,SMB,Healthcare,United States,2025-08-11
CUST-14081,Cloud Hub 372,Mid-Market,E-Commerce,Germany,2025-08-11
CUST-14082,Data Pay 372,SMB,Healthcare,Australia,2025-08-12
CUST-14083,Nova Works 372,SMB,SaaS / Tech,United States,2025-08-12
CUST-14084,Pulse Security 372,Mid-Market,Healthcare,United States,2025-08-12
CUST-14085,Stratum Analytics 372,Enterprise,Fintech,United States,2025-08-12
CUST-14086,Sync Tech 372,Enterprise,Healthcare,Canada,2025-08-12
CUST-14087,Vanguard Sphere 372,SMB,Cybersecurity,United States,2025-08-13
CUST-14088,Omni Labs 372,SMB,Fintech,United States,2025-08-13
CUST-14089,Hyper Flow 372,Enterprise,E-Commerce,United Kingdom,2025-08-13
CUST-14090,Zenith Corp 372,SMB,Healthcare,Australia,2025-08-13
CUST-14091,Quantum Stack 372,Mid-Market,Fintech,United States,2025-08-14
CUST-14092,Nexus AI 372,Mid-Market,E-Commerce,United States,2025-08-14
CUST-14093,Vertex Scale 372,SMB,SaaS / Tech,Australia,2025-08-14
CUST-14094,Blue Systems 372,Mid-Market,E-Commerce,Canada,2025-08-14
CUST-14095,Apex Logic 373,Mid-Market,Logistics & Supply Chain,Canada,2025-08-14
CUST-14096,Cloud Hub 373,Enterprise,Healthcare,United Kingdom,2025-08-14
CUST-14097,Data Pay 373,Enterprise,Fintech,Australia,2025-08-15
CUST-14098,Nova Works 373,Mid-Market,Cybersecurity,Canada,2025-08-15
CUST-14099,Pulse Security 373,Enterprise,Healthcare,India,2025-08-15
CUST-14100,Stratum Analytics 373,SMB,E-Commerce,Canada,2025-08-15
CUST-14101,Sync Tech 373,Mid-Market,SaaS / Tech,Canada,2025-08-15
CUST-14102,Vanguard Sphere 373,SMB,Healthcare,United States,2025-08-15
CUST-14103,Omni Labs 373,Mid-Market,SaaS / Tech,United States,2025-08-15
CUST-14104,Hyper Flow 373,Mid-Market,Fintech,Canada,2025-08-15
CUST-14105,Zenith Corp 373,SMB,Healthcare,United States,2025-08-16
CUST-14106,Quantum Stack 373,SMB,Fintech,United Kingdom,2025-08-16
CUST-14107,Nexus AI 373,Enterprise,Logistics & Supply Chain,United States,2025-08-16
CUST-14108,Vertex Scale 373,SMB,Fintech,Germany,2025-08-16
CUST-14109,Blue Systems 373,SMB,SaaS / Tech,United States,2025-08-17
CUST-14110,Apex Logic 374,SMB,Cybersecurity,Germany,2025-08-17
CUST-14111,Cloud Hub 374,SMB,E-Commerce,United Kingdom,2025-08-17
CUST-14112,Data Pay 374,Enterprise,E-Commerce,United States,2025-08-17
CUST-14113,Nova Works 374,Enterprise,E-Commerce,United Kingdom,2025-08-18
CUST-14114,Pulse Security 374,SMB,Healthcare,United States,2025-08-18
CUST-14115,Stratum Analytics 374,Mid-Market,E-Commerce,United States,2025-08-18
CUST-14116,Sync Tech 374,SMB,E-Commerce,United States,2025-08-18
CUST-14117,Vanguard Sphere 374,Mid-Market,Cybersecurity,United States,2025-08-18
CUST-14118,Omni Labs 374,Enterprise,Cybersecurity,Australia,2025-08-18
CUST-14119,Hyper Flow 374,SMB,Logistics & Supply Chain,United States,2025-08-18
CUST-14120,Zenith Corp 374,Mid-Market,Logistics & Supply Chain,United Kingdom,2025-08-18
CUST-14121,Quantum Stack 374,SMB,E-Commerce,United States,2025-08-19
CUST-14122,Nexus AI 374,SMB,SaaS / Tech,United Kingdom,2025-08-19
CUST-14123,Vertex Scale 374,SMB,Logistics & Supply Chain,United States,2025-08-19
CUST-14124,Blue Systems 374,SMB,Healthcare,United Kingdom,2025-08-19
CUST-14125,Apex Logic 375,SMB,Cybersecurity,Canada,2025-08-19
CUST-14126,Cloud Hub 375,SMB,Healthcare,Canada,2025-08-19
CUST-14127,Data Pay 375,SMB,E-Commerce,United States,2025-08-19
CUST-14128,Nova Works 375,Mid-Market,SaaS / Tech,United Kingdom,2025-08-19
CUST-14129,Pulse Security 375,Enterprise,Cybersecurity,United States,2025-08-19
CUST-14130,Stratum Analytics 375,Mid-Market,Fintech,United States,2025-08-19
CUST-14131,Sync Tech 375,Mid-Market,SaaS / Tech,United States,2025-08-19
CUST-14132,Vanguard Sphere 375,SMB,E-Commerce,United States,2025-08-20
CUST-14133,Omni Labs 375,SMB,Healthcare,United States,2025-08-20
CUST-14134,Hyper Flow 375,SMB,SaaS / Tech,Canada,2025-08-20
CUST-14135,Zenith Corp 375,Enterprise,E-Commerce,United States,2025-08-20
CUST-14136,Quantum Stack 375,SMB,SaaS / Tech,United States,2025-08-20
CUST-14137,Nexus AI 375,Mid-Market,Healthcare,United States,2025-08-21
CUST-14138,Vertex Scale 375,SMB,E-Commerce,Canada,2025-08-21
CUST-14139,Blue Systems 375,SMB,E-Commerce,United Kingdom,2025-08-21
CUST-14140,Apex Logic 376,Mid-Market,Healthcare,United States,2025-08-21
CUST-14141,Cloud Hub 376,Enterprise,Fintech,Canada,2025-08-21
CUST-14142,Data Pay 376,Enterprise,Cybersecurity,United Kingdom,2025-08-21
CUST-14143,Nova Works 376,SMB,E-Commerce,United States,2025-08-21
CUST-14144,Pulse Security 376,SMB,SaaS / Tech,United Kingdom,2025-08-21
CUST-14145,Stratum Analytics 376,SMB,Healthcare,United Kingdom,2025-08-21
CUST-14146,Sync Tech 376,Enterprise,Healthcare,United Kingdom,2025-08-22
CUST-14147,Vanguard Sphere 376,Mid-Market,Healthcare,United States,2025-08-22
CUST-14148,Omni Labs 376,SMB,Healthcare,United States,2025-08-22
CUST-14149,Hyper Flow 376,SMB,E-Commerce,United States,2025-08-22
CUST-14150,Zenith Corp 376,Enterprise,E-Commerce,United Kingdom,2025-08-22
CUST-14151,Quantum Stack 376,Enterprise,E-Commerce,Germany,2025-08-22
CUST-14152,Nexus AI 376,SMB,Fintech,United States,2025-08-22
CUST-14153,Vertex Scale 376,Mid-Market,E-Commerce,United States,2025-08-22
CUST-14154,Blue Systems 376,Mid-Market,Fintech,Canada,2025-08-22
CUST-14155,Apex Logic 377,Enterprise,Fintech,Germany,2025-08-22
CUST-14156,Cloud Hub 377,SMB,Cybersecurity,India,2025-08-23
CUST-14157,Data Pay 377,SMB,E-Commerce,United Kingdom,2025-08-23
CUST-14158,Nova Works 377,SMB,SaaS / Tech,Germany,2025-08-23
CUST-14159,Pulse Security 377,SMB,Healthcare,United States,2025-08-23
CUST-14160,Stratum Analytics 377,SMB,Cybersecurity,United States,2025-08-23
CUST-14161,Sync Tech 377,Enterprise,E-Commerce,United States,2025-08-23
CUST-14162,Vanguard Sphere 377,SMB,SaaS / Tech,Canada,2025-08-23
CUST-14163,Omni Labs 377,Mid-Market,Healthcare,United States,2025-08-24
CUST-14164,Hyper Flow 377,SMB,Cybersecurity,United States,2025-08-24
CUST-14165,Zenith Corp 377,Mid-Market,Logistics & Supply Chain,United States,2025-08-24
CUST-14166,Quantum Stack 377,Mid-Market,Logistics & Supply Chain,United States,2025-08-24
CUST-14167,Nexus AI 377,Enterprise,Fintech,Germany,2025-08-24
CUST-14168,Vertex Scale 377,Mid-Market,Healthcare,United States,2025-08-25
CUST-14169,Blue Systems 377,Enterprise,Healthcare,United States,2025-08-25
CUST-14170,Apex Logic 378,Mid-Market,Healthcare,Canada,2025-08-25
CUST-14171,Cloud Hub 378,SMB,Logistics & Supply Chain,United States,2025-08-25
CUST-14172,Data Pay 378,Mid-Market,Fintech,United Kingdom,2025-08-25
CUST-14173,Nova Works 378,SMB,Fintech,Germany,2025-08-26
CUST-14174,Pulse Security 378,SMB,Healthcare,India,2025-08-26
CUST-14175,Stratum Analytics 378,SMB,Fintech,Germany,2025-08-26
CUST-14176,Sync Tech 378,SMB,Fintech,United States,2025-08-26
CUST-14177,Vanguard Sphere 378,SMB,SaaS / Tech,United Kingdom,2025-08-26
CUST-14178,Omni Labs 378,Mid-Market,E-Commerce,United States,2025-08-26
CUST-14179,Hyper Flow 378,Mid-Market,Fintech,United States,2025-08-27
CUST-14180,Zenith Corp 378,Mid-Market,Healthcare,United States,2025-08-27
CUST-14181,Quantum Stack 378,SMB,Healthcare,United States,2025-08-27
CUST-14182,Nexus AI 378,SMB,Fintech,Germany,2025-08-28
CUST-14183,Vertex Scale 378,Mid-Market,SaaS / Tech,United States,2025-08-28
CUST-14184,Blue Systems 378,Enterprise,SaaS / Tech,United Kingdom,2025-08-28
CUST-14185,Apex Logic 379,SMB,SaaS / Tech,United States,2025-08-29
CUST-14186,Cloud Hub 379,Enterprise,SaaS / Tech,United States,2025-08-29
CUST-14187,Data Pay 379,SMB,Fintech,Australia,2025-08-29
CUST-14188,Nova Works 379,SMB,Cybersecurity,United States,2025-08-29
CUST-14189,Pulse Security 379,SMB,Logistics & Supply Chain,United Kingdom,2025-08-29
CUST-14190,Stratum Analytics 379,SMB,Cybersecurity,United States,2025-08-29
CUST-14191,Sync Tech 379,SMB,Fintech,United States,2025-08-29
CUST-14192,Vanguard Sphere 379,Mid-Market,Cybersecurity,United States,2025-08-29
CUST-14193,Omni Labs 379,SMB,Logistics & Supply Chain,Germany,2025-08-29
CUST-14194,Hyper Flow 379,SMB,Logistics & Supply Chain,United States,2025-08-29
CUST-14195,Zenith Corp 379,Mid-Market,Fintech,United States,2025-08-30
CUST-14196,Quantum Stack 379,Enterprise,SaaS / Tech,United States,2025-08-30
CUST-14197,Nexus AI 379,Mid-Market,Cybersecurity,Canada,2025-08-30
CUST-14198,Vertex Scale 379,Mid-Market,SaaS / Tech,Canada,2025-08-30
CUST-14199,Blue Systems 379,SMB,E-Commerce,United Kingdom,2025-08-30
CUST-14200,Apex Logic 380,SMB,Cybersecurity,United States,2025-08-30
CUST-14201,Cloud Hub 380,Mid-Market,Healthcare,India,2025-08-30
CUST-14202,Data Pay 380,Enterprise,E-Commerce,Canada,2025-08-30
CUST-14203,Nova Works 380,SMB,E-Commerce,Germany,2025-08-31
CUST-14204,Pulse Security 380,Enterprise,Cybersecurity,Germany,2025-08-31
CUST-14205,Stratum Analytics 380,Mid-Market,Fintech,United Kingdom,2025-08-31
CUST-14206,Sync Tech 380,SMB,E-Commerce,United States,2025-08-31
CUST-14207,Vanguard Sphere 380,SMB,SaaS / Tech,Germany,2025-08-31
CUST-14208,Omni Labs 380,Enterprise,SaaS / Tech,India,2025-08-31
CUST-14209,Hyper Flow 380,Enterprise,E-Commerce,United States,2025-08-31
CUST-14210,Zenith Corp 380,Enterprise,Cybersecurity,United States,2025-09-01
CUST-14211,Quantum Stack 380,SMB,Cybersecurity,Australia,2025-09-01
CUST-14212,Nexus AI 380,SMB,Fintech,United States,2025-09-01
CUST-14213,Vertex Scale 380,Mid-Market,Healthcare,Germany,2025-09-01
CUST-14214,Blue Systems 380,SMB,Fintech,United States,2025-09-01
CUST-14215,Apex Logic 381,SMB,Healthcare,United States,2025-09-02
CUST-14216,Cloud Hub 381,Enterprise,E-Commerce,United States,2025-09-02
CUST-14217,Data Pay 381,Mid-Market,Cybersecurity,United States,2025-09-02
CUST-14218,Nova Works 381,SMB,Logistics & Supply Chain,United States,2025-09-02
CUST-14219,Pulse Security 381,Mid-Market,Fintech,United States,2025-09-03
CUST-14220,Stratum Analytics 381,Mid-Market,Fintech,Canada,2025-09-03
CUST-14221,Sync Tech 381,SMB,E-Commerce,Australia,2025-09-03
CUST-14222,Vanguard Sphere 381,SMB,E-Commerce,United States,2025-09-03
CUST-14223,Omni Labs 381,SMB,Healthcare,United Kingdom,2025-09-03
CUST-14224,Hyper Flow 381,SMB,Logistics & Supply Chain,United Kingdom,2025-09-03
CUST-14225,Zenith Corp 381,SMB,Cybersecurity,United Kingdom,2025-09-03
CUST-14226,Quantum Stack 381,Mid-Market,Healthcare,United Kingdom,2025-09-03
CUST-14227,Nexus AI 381,SMB,Logistics & Supply Chain,United States,2025-09-04
CUST-14228,Vertex Scale 381,Mid-Market,Healthcare,United States,2025-09-04
CUST-14229,Blue Systems 381,Mid-Market,SaaS / Tech,United States,2025-09-04
CUST-14230,Apex Logic 382,SMB,E-Commerce,United States,2025-09-04
CUST-14231,Cloud Hub 382,SMB,Fintech,Canada,2025-09-04
CUST-14232,Data Pay 382,Mid-Market,Cybersecurity,United States,2025-09-04
CUST-14233,Nova Works 382,SMB,E-Commerce,India,2025-09-04
CUST-14234,Pulse Security 382,Enterprise,SaaS / Tech,India,2025-09-04
CUST-14235,Stratum Analytics 382,Mid-Market,Healthcare,Australia,2025-09-04
CUST-14236,Sync Tech 382,Enterprise,Fintech,India,2025-09-04
CUST-14237,Vanguard Sphere 382,SMB,Fintech,United States,2025-09-04
CUST-14238,Omni Labs 382,SMB,E-Commerce,United Kingdom,2025-09-04
CUST-14239,Hyper Flow 382,Mid-Market,SaaS / Tech,United States,2025-09-05
CUST-14240,Zenith Corp 382,SMB,Healthcare,Germany,2025-09-05
CUST-14241,Quantum Stack 382,Mid-Market,SaaS / Tech,India,2025-09-05
CUST-14242,Nexus AI 382,SMB,SaaS / Tech,Germany,2025-09-05
CUST-14243,Vertex Scale 382,Mid-Market,SaaS / Tech,United States,2025-09-05
CUST-14244,Blue Systems 382,Mid-Market,E-Commerce,Canada,2025-09-05
CUST-14245,Apex Logic 383,SMB,Cybersecurity,United States,2025-09-05
CUST-14246,Cloud Hub 383,Mid-Market,E-Commerce,United States,2025-09-05
CUST-14247,Data Pay 383,Enterprise,E-Commerce,Canada,2025-09-05
CUST-14248,Nova Works 383,SMB,Fintech,United States,2025-09-05
CUST-14249,Pulse Security 383,SMB,Healthcare,Australia,2025-09-05
CUST-14250,Stratum Analytics 383,Mid-Market,Fintech,United States,2025-09-05
CUST-14251,Sync Tech 383,Enterprise,E-Commerce,Germany,2025-09-06
CUST-14252,Vanguard Sphere 383,Mid-Market,Fintech,United States,2025-09-06
CUST-14253,Omni Labs 383,SMB,Healthcare,Germany,2025-09-06
CUST-14254,Hyper Flow 383,Mid-Market,SaaS / Tech,Germany,2025-09-06
CUST-14255,Zenith Corp 383,SMB,Healthcare,India,2025-09-06
CUST-14256,Quantum Stack 383,SMB,Fintech,United States,2025-09-06
CUST-14257,Nexus AI 383,Mid-Market,Fintech,India,2025-09-07
CUST-14258,Vertex Scale 383,Mid-Market,SaaS / Tech,United States,2025-09-07
CUST-14259,Blue Systems 383,Mid-Market,Fintech,United States,2025-09-07
CUST-14260,Apex Logic 384,Enterprise,E-Commerce,United States,2025-09-07
CUST-14261,Cloud Hub 384,SMB,E-Commerce,Germany,2025-09-07
CUST-14262,Data Pay 384,Mid-Market,SaaS / Tech,United States,2025-09-07
CUST-14263,Nova Works 384,Mid-Market,E-Commerce,Germany,2025-09-08
CUST-14264,Pulse Security 384,SMB,Logistics & Supply Chain,Canada,2025-09-08
CUST-14265,Stratum Analytics 384,Mid-Market,Fintech,United States,2025-09-08
CUST-14266,Sync Tech 384,SMB,Healthcare,India,2025-09-08
CUST-14267,Vanguard Sphere 384,Enterprise,Healthcare,United States,2025-09-08
CUST-14268,Omni Labs 384,SMB,Fintech,India,2025-09-08
CUST-14269,Hyper Flow 384,SMB,Healthcare,United States,2025-09-09
CUST-14270,Zenith Corp 384,SMB,Healthcare,United Kingdom,2025-09-09
CUST-14271,Quantum Stack 384,SMB,E-Commerce,United States,2025-09-09
CUST-14272,Nexus AI 384,Mid-Market,SaaS / Tech,United States,2025-09-09
CUST-14273,Vertex Scale 384,Mid-Market,Healthcare,United States,2025-09-09
CUST-14274,Blue Systems 384,SMB,SaaS / Tech,United States,2025-09-09
CUST-14275,Apex Logic 385,SMB,Healthcare,United States,2025-09-09
CUST-14276,Cloud Hub 385,Mid-Market,Healthcare,United States,2025-09-10
CUST-14277,Data Pay 385,Mid-Market,E-Commerce,United States,2025-09-10
CUST-14278,Nova Works 385,Enterprise,Fintech,Canada,2025-09-10
CUST-14279,Pulse Security 385,Mid-Market,Fintech,United Kingdom,2025-09-10
CUST-14280,Stratum Analytics 385,Mid-Market,Healthcare,India,2025-09-11
CUST-14281,Sync Tech 385,SMB,Cybersecurity,United Kingdom,2025-09-11
CUST-14282,Vanguard Sphere 385,Mid-Market,SaaS / Tech,Canada,2025-09-11
CUST-14283,Omni Labs 385,Enterprise,Fintech,United Kingdom,2025-09-11
CUST-14284,Hyper Flow 385,SMB,Logistics & Supply Chain,United States,2025-09-12
CUST-14285,Zenith Corp 385,SMB,SaaS / Tech,Canada,2025-09-12
CUST-14286,Quantum Stack 385,SMB,E-Commerce,United States,2025-09-12
CUST-14287,Nexus AI 385,SMB,Logistics & Supply Chain,Germany,2025-09-12
CUST-14288,Vertex Scale 385,Mid-Market,Healthcare,Canada,2025-09-12
CUST-14289,Blue Systems 385,SMB,Fintech,United States,2025-09-12
CUST-14290,Apex Logic 386,SMB,E-Commerce,Canada,2025-09-12
CUST-14291,Cloud Hub 386,Enterprise,E-Commerce,United States,2025-09-12
CUST-14292,Data Pay 386,SMB,E-Commerce,United States,2025-09-13
CUST-14293,Nova Works 386,SMB,E-Commerce,United States,2025-09-13
CUST-14294,Pulse Security 386,Mid-Market,Cybersecurity,Canada,2025-09-13
CUST-14295,Stratum Analytics 386,Mid-Market,Cybersecurity,Canada,2025-09-14
CUST-14296,Sync Tech 386,Enterprise,Logistics & Supply Chain,Germany,2025-09-14
CUST-14297,Vanguard Sphere 386,Mid-Market,Logistics & Supply Chain,United States,2025-09-15
CUST-14298,Omni Labs 386,Mid-Market,Cybersecurity,United Kingdom,2025-09-15
CUST-14299,Hyper Flow 386,SMB,Fintech,Canada,2025-09-15
CUST-14300,Zenith Corp 386,Enterprise,Healthcare,United States,2025-09-15
CUST-14301,Quantum Stack 386,SMB,E-Commerce,United Kingdom,2025-09-15
CUST-14302,Nexus AI 386,SMB,Logistics & Supply Chain,United States,2025-09-15
CUST-14303,Vertex Scale 386,SMB,E-Commerce,United States,2025-09-15
CUST-14304,Blue Systems 386,SMB,SaaS / Tech,United States,2025-09-15
CUST-14305,Apex Logic 387,Enterprise,Fintech,United Kingdom,2025-09-15
CUST-14306,Cloud Hub 387,Mid-Market,Healthcare,United States,2025-09-15
CUST-14307,Data Pay 387,SMB,SaaS / Tech,United States,2025-09-16
CUST-14308,Nova Works 387,SMB,Fintech,United States,2025-09-16
CUST-14309,Pulse Security 387,SMB,Healthcare,United States,2025-09-16
CUST-14310,Stratum Analytics 387,Mid-Market,Healthcare,United States,2025-09-16
CUST-14311,Sync Tech 387,SMB,Healthcare,United States,2025-09-17
CUST-14312,Vanguard Sphere 387,Enterprise,SaaS / Tech,United Kingdom,2025-09-17
CUST-14313,Omni Labs 387,SMB,Healthcare,United States,2025-09-17
CUST-14314,Hyper Flow 387,SMB,E-Commerce,Canada,2025-09-17
CUST-14315,Zenith Corp 387,Mid-Market,Fintech,Canada,2025-09-17
CUST-14316,Quantum Stack 387,SMB,Logistics & Supply Chain,United States,2025-09-17
CUST-14317,Nexus AI 387,Enterprise,Healthcare,United States,2025-09-17
CUST-14318,Vertex Scale 387,Mid-Market,E-Commerce,Germany,2025-09-17
CUST-14319,Blue Systems 387,SMB,SaaS / Tech,United States,2025-09-18
CUST-14320,Apex Logic 388,SMB,Fintech,United States,2025-09-18
CUST-14321,Cloud Hub 388,SMB,Logistics & Supply Chain,United States,2025-09-18
CUST-14322,Data Pay 388,SMB,E-Commerce,United Kingdom,2025-09-18
CUST-14323,Nova Works 388,Mid-Market,Healthcare,United Kingdom,2025-09-18
CUST-14324,Pulse Security 388,SMB,Fintech,Australia,2025-09-18
CUST-14325,Stratum Analytics 388,SMB,Cybersecurity,India,2025-09-18
CUST-14326,Sync Tech 388,Enterprise,SaaS / Tech,United States,2025-09-19
CUST-14327,Vanguard Sphere 388,SMB,Fintech,United States,2025-09-19
CUST-14328,Omni Labs 388,Enterprise,Healthcare,United States,2025-09-19
CUST-14329,Hyper Flow 388,SMB,Logistics & Supply Chain,United States,2025-09-19
CUST-14330,Zenith Corp 388,Mid-Market,SaaS / Tech,United States,2025-09-19
CUST-14331,Quantum Stack 388,Enterprise,SaaS / Tech,United States,2025-09-19
CUST-14332,Nexus AI 388,Mid-Market,Healthcare,United States,2025-09-19
CUST-14333,Vertex Scale 388,SMB,SaaS / Tech,United States,2025-09-19
CUST-14334,Blue Systems 388,Mid-Market,Healthcare,United States,2025-09-19
CUST-14335,Apex Logic 389,Enterprise,Fintech,Australia,2025-09-20
CUST-14336,Cloud Hub 389,SMB,E-Commerce,United Kingdom,2025-09-20
CUST-14337,Data Pay 389,SMB,Cybersecurity,Australia,2025-09-21
CUST-14338,Nova Works 389,Mid-Market,Healthcare,United States,2025-09-21
CUST-14339,Pulse Security 389,Mid-Market,E-Commerce,United States,2025-09-21
CUST-14340,Stratum Analytics 389,Mid-Market,SaaS / Tech,United States,2025-09-21
CUST-14341,Sync Tech 389,Enterprise,E-Commerce,United States,2025-09-21
CUST-14342,Vanguard Sphere 389,SMB,Logistics & Supply Chain,United States,2025-09-21
CUST-14343,Omni Labs 389,SMB,SaaS / Tech,India,2025-09-21
CUST-14344,Hyper Flow 389,SMB,Fintech,Australia,2025-09-21
CUST-14345,Zenith Corp 389,Mid-Market,Cybersecurity,United States,2025-09-22
CUST-14346,Quantum Stack 389,SMB,SaaS / Tech,United States,2025-09-22
CUST-14347,Nexus AI 389,SMB,Logistics & Supply Chain,United States,2025-09-22
CUST-14348,Vertex Scale 389,SMB,SaaS / Tech,United States,2025-09-22
CUST-14349,Blue Systems 389,SMB,Logistics & Supply Chain,United States,2025-09-22
CUST-14350,Apex Logic 390,SMB,Fintech,United States,2025-09-22
CUST-14351,Cloud Hub 390,SMB,Healthcare,United States,2025-09-22
CUST-14352,Data Pay 390,Mid-Market,Logistics & Supply Chain,United States,2025-09-22
CUST-14353,Nova Works 390,SMB,Fintech,United States,2025-09-23
CUST-14354,Pulse Security 390,SMB,Fintech,United States,2025-09-23
CUST-14355,Stratum Analytics 390,SMB,SaaS / Tech,United States,2025-09-23
CUST-14356,Sync Tech 390,Mid-Market,Logistics & Supply Chain,Australia,2025-09-23
CUST-14357,Vanguard Sphere 390,SMB,Fintech,United States,2025-09-23
CUST-14358,Omni Labs 390,SMB,Logistics & Supply Chain,Germany,2025-09-23
CUST-14359,Hyper Flow 390,Mid-Market,SaaS / Tech,Germany,2025-09-24
CUST-14360,Zenith Corp 390,Enterprise,E-Commerce,Australia,2025-09-24
CUST-14361,Quantum Stack 390,SMB,Logistics & Supply Chain,Canada,2025-09-24
CUST-14362,Nexus AI 390,SMB,Healthcare,United Kingdom,2025-09-24
CUST-14363,Vertex Scale 390,SMB,Fintech,Germany,2025-09-25
CUST-14364,Blue Systems 390,Mid-Market,Healthcare,United States,2025-09-25
CUST-14365,Apex Logic 391,SMB,E-Commerce,United States,2025-09-25
CUST-14366,Cloud Hub 391,Enterprise,E-Commerce,Australia,2025-09-25
CUST-14367,Data Pay 391,Mid-Market,Logistics & Supply Chain,Canada,2025-09-25
CUST-14368,Nova Works 391,Mid-Market,SaaS / Tech,Australia,2025-09-25
CUST-14369,Pulse Security 391,Mid-Market,E-Commerce,Canada,2025-09-25
CUST-14370,Stratum Analytics 391,Mid-Market,SaaS / Tech,Germany,2025-09-25
CUST-14371,Sync Tech 391,Mid-Market,Fintech,Canada,2025-09-25
CUST-14372,Vanguard Sphere 391,Enterprise,Fintech,Canada,2025-09-25
CUST-14373,Omni Labs 391,Mid-Market,Logistics & Supply Chain,United Kingdom,2025-09-26
CUST-14374,Hyper Flow 391,SMB,Fintech,India,2025-09-26
CUST-14375,Zenith Corp 391,Mid-Market,Fintech,Germany,2025-09-26
CUST-14376,Quantum Stack 391,Mid-Market,SaaS / Tech,Germany,2025-09-26
CUST-14377,Nexus AI 391,SMB,Healthcare,United Kingdom,2025-09-26
CUST-14378,Vertex Scale 391,Enterprise,Logistics & Supply Chain,United States,2025-09-26
CUST-14379,Blue Systems 391,SMB,Healthcare,United States,2025-09-27
CUST-14380,Apex Logic 392,Enterprise,Fintech,India,2025-09-27
CUST-14381,Cloud Hub 392,Enterprise,Healthcare,United Kingdom,2025-09-27
CUST-14382,Data Pay 392,SMB,E-Commerce,United States,2025-09-27
CUST-14383,Nova Works 392,SMB,Healthcare,United States,2025-09-27
CUST-14384,Pulse Security 392,SMB,E-Commerce,Germany,2025-09-27
CUST-14385,Stratum Analytics 392,SMB,Logistics & Supply Chain,Germany,2025-09-27
CUST-14386,Sync Tech 392,SMB,Cybersecurity,Germany,2025-09-27
CUST-14387,Vanguard Sphere 392,Enterprise,Healthcare,United Kingdom,2025-09-27
CUST-14388,Omni Labs 392,Enterprise,E-Commerce,United States,2025-09-27
CUST-14389,Hyper Flow 392,Enterprise,E-Commerce,United States,2025-09-27
CUST-14390,Zenith Corp 392,Mid-Market,Cybersecurity,United States,2025-09-27
CUST-14391,Quantum Stack 392,SMB,Cybersecurity,Germany,2025-09-27
CUST-14392,Nexus AI 392,SMB,Fintech,United States,2025-09-27
CUST-14393,Vertex Scale 392,Enterprise,SaaS / Tech,United Kingdom,2025-09-28
CUST-14394,Blue Systems 392,SMB,Healthcare,United Kingdom,2025-09-28
CUST-14395,Apex Logic 393,SMB,Fintech,United Kingdom,2025-09-28
CUST-14396,Cloud Hub 393,Mid-Market,Fintech,India,2025-09-28
CUST-14397,Data Pay 393,Enterprise,E-Commerce,United States,2025-09-28
CUST-14398,Nova Works 393,Mid-Market,E-Commerce,Canada,2025-09-28
CUST-14399,Pulse Security 393,Enterprise,Fintech,United States,2025-09-29
CUST-14400,Stratum Analytics 393,Enterprise,SaaS / Tech,United States,2025-09-29
CUST-14401,Sync Tech 393,SMB,Healthcare,United States,2025-09-29
CUST-14402,Vanguard Sphere 393,Mid-Market,E-Commerce,United States,2025-09-29
CUST-14403,Omni Labs 393,Mid-Market,Healthcare,Canada,2025-09-29
CUST-14404,Hyper Flow 393,SMB,Fintech,United Kingdom,2025-09-29
CUST-14405,Zenith Corp 393,SMB,Healthcare,United States,2025-09-30
CUST-14406,Quantum Stack 393,SMB,Fintech,United States,2025-09-30
CUST-14407,Nexus AI 393,Enterprise,E-Commerce,United Kingdom,2025-09-30
CUST-14408,Vertex Scale 393,Mid-Market,Fintech,Germany,2025-09-30
CUST-14409,Blue Systems 393,SMB,E-Commerce,United States,2025-09-30
CUST-14410,Apex Logic 394,Enterprise,Fintech,United Kingdom,2025-10-01
CUST-14411,Cloud Hub 394,Enterprise,SaaS / Tech,Canada,2025-10-01
CUST-14412,Data Pay 394,SMB,SaaS / Tech,United Kingdom,2025-10-01
CUST-14413,Nova Works 394,SMB,Fintech,United States,2025-10-01
CUST-14414,Pulse Security 394,Mid-Market,E-Commerce,United Kingdom,2025-10-01
CUST-14415,Stratum Analytics 394,Mid-Market,Fintech,United Kingdom,2025-10-02
CUST-14416,Sync Tech 394,Mid-Market,E-Commerce,Canada,2025-10-02
CUST-14417,Vanguard Sphere 394,Enterprise,Healthcare,United Kingdom,2025-10-02
CUST-14418,Omni Labs 394,Mid-Market,E-Commerce,Australia,2025-10-02
CUST-14419,Hyper Flow 394,Mid-Market,E-Commerce,United States,2025-10-02
CUST-14420,Zenith Corp 394,Enterprise,Cybersecurity,Australia,2025-10-02
CUST-14421,Quantum Stack 394,SMB,E-Commerce,United Kingdom,2025-10-02
CUST-14422,Nexus AI 394,SMB,E-Commerce,United Kingdom,2025-10-02
CUST-14423,Vertex Scale 394,SMB,Healthcare,United States,2025-10-02
CUST-14424,Blue Systems 394,Mid-Market,Cybersecurity,United States,2025-10-02
CUST-14425,Apex Logic 395,Mid-Market,SaaS / Tech,Canada,2025-10-02
CUST-14426,Cloud Hub 395,Mid-Market,Healthcare,Canada,2025-10-02
CUST-14427,Data Pay 395,Enterprise,Logistics & Supply Chain,United States,2025-10-02
CUST-14428,Nova Works 395,Mid-Market,Healthcare,United Kingdom,2025-10-02
CUST-14429,Pulse Security 395,SMB,Logistics & Supply Chain,United States,2025-10-02
CUST-14430,Stratum Analytics 395,SMB,Logistics & Supply Chain,Australia,2025-10-02
CUST-14431,Sync Tech 395,SMB,Fintech,India,2025-10-03
CUST-14432,Vanguard Sphere 395,Mid-Market,SaaS / Tech,United States,2025-10-03
CUST-14433,Omni Labs 395,SMB,Healthcare,Germany,2025-10-03
CUST-14434,Hyper Flow 395,Enterprise,Healthcare,India,2025-10-03
CUST-14435,Zenith Corp 395,Mid-Market,Healthcare,United States,2025-10-03
CUST-14436,Quantum Stack 395,Mid-Market,SaaS / Tech,Canada,2025-10-04
CUST-14437,Nexus AI 395,SMB,Fintech,United States,2025-10-04
CUST-14438,Vertex Scale 395,SMB,Fintech,United Kingdom,2025-10-04
CUST-14439,Blue Systems 395,Mid-Market,SaaS / Tech,United States,2025-10-04
CUST-14440,Apex Logic 396,SMB,Fintech,United States,2025-10-04
CUST-14441,Cloud Hub 396,SMB,Fintech,United States,2025-10-04
CUST-14442,Data Pay 396,Mid-Market,Fintech,United States,2025-10-04
CUST-14443,Nova Works 396,Mid-Market,Healthcare,Germany,2025-10-04
CUST-14444,Pulse Security 396,Mid-Market,E-Commerce,United States,2025-10-05
CUST-14445,Stratum Analytics 396,SMB,Fintech,United States,2025-10-05
CUST-14446,Sync Tech 396,Mid-Market,Cybersecurity,India,2025-10-05
CUST-14447,Vanguard Sphere 396,SMB,SaaS / Tech,United States,2025-10-05
CUST-14448,Omni Labs 396,Mid-Market,Healthcare,United Kingdom,2025-10-05
CUST-14449,Hyper Flow 396,SMB,Healthcare,Australia,2025-10-06
CUST-14450,Zenith Corp 396,Mid-Market,Healthcare,India,2025-10-06
CUST-14451,Quantum Stack 396,SMB,E-Commerce,United States,2025-10-06
CUST-14452,Nexus AI 396,SMB,Fintech,United States,2025-10-06
CUST-14453,Vertex Scale 396,SMB,Fintech,Australia,2025-10-06
CUST-14454,Blue Systems 396,SMB,Logistics & Supply Chain,United States,2025-10-06
CUST-14455,Apex Logic 397,Enterprise,Healthcare,United States,2025-10-06
CUST-14456,Cloud Hub 397,SMB,Healthcare,United States,2025-10-06
CUST-14457,Data Pay 397,Enterprise,Logistics & Supply Chain,United States,2025-10-06
CUST-14458,Nova Works 397,Mid-Market,SaaS / Tech,Canada,2025-10-07
CUST-14459,Pulse Security 397,SMB,Healthcare,Canada,2025-10-07
CUST-14460,Stratum Analytics 397,Mid-Market,SaaS / Tech,Australia,2025-10-07
CUST-14461,Sync Tech 397,SMB,Fintech,Canada,2025-10-07
CUST-14462,Vanguard Sphere 397,SMB,SaaS / Tech,United States,2025-10-07
CUST-14463,Omni Labs 397,Enterprise,E-Commerce,United States,2025-10-07
CUST-14464,Hyper Flow 397,SMB,Logistics & Supply Chain,Australia,2025-10-07
CUST-14465,Zenith Corp 397,Mid-Market,Cybersecurity,United States,2025-10-07
CUST-14466,Quantum Stack 397,Enterprise,Cybersecurity,United States,2025-10-07
CUST-14467,Nexus AI 397,Mid-Market,Cybersecurity,India,2025-10-07
CUST-14468,Vertex Scale 397,SMB,E-Commerce,United Kingdom,2025-10-07
CUST-14469,Blue Systems 397,SMB,Healthcare,United States,2025-10-07
CUST-14470,Apex Logic 398,SMB,E-Commerce,India,2025-10-07
CUST-14471,Cloud Hub 398,SMB,SaaS / Tech,Australia,2025-10-07
CUST-14472,Data Pay 398,Mid-Market,Logistics & Supply Chain,United States,2025-10-08
CUST-14473,Nova Works 398,Mid-Market,Fintech,Germany,2025-10-08
CUST-14474,Pulse Security 398,SMB,Cybersecurity,United States,2025-10-08
CUST-14475,Stratum Analytics 398,Mid-Market,Logistics & Supply Chain,United Kingdom,2025-10-08
CUST-14476,Sync Tech 398,Mid-Market,Cybersecurity,India,2025-10-08
CUST-14477,Vanguard Sphere 398,Mid-Market,Logistics & Supply Chain,Australia,2025-10-08
CUST-14478,Omni Labs 398,SMB,Healthcare,United States,2025-10-08
CUST-14479,Hyper Flow 398,SMB,Fintech,United States,2025-10-08
CUST-14480,Zenith Corp 398,Mid-Market,Fintech,United States,2025-10-08
CUST-14481,Quantum Stack 398,Mid-Market,Healthcare,United Kingdom,2025-10-08
CUST-14482,Nexus AI 398,SMB,E-Commerce,United States,2025-10-09
CUST-14483,Vertex Scale 398,SMB,Logistics & Supply Chain,United States,2025-10-09
CUST-14484,Blue Systems 398,Mid-Market,Logistics & Supply Chain,United States,2025-10-09
CUST-14485,Apex Logic 399,SMB,E-Commerce,United States,2025-10-09
CUST-14486,Cloud Hub 399,Enterprise,Fintech,United States,2025-10-09
CUST-14487,Data Pay 399,Mid-Market,Fintech,Germany,2025-10-09
CUST-14488,Nova Works 399,SMB,Fintech,United States,2025-10-10
CUST-14489,Pulse Security 399,SMB,Healthcare,United States,2025-10-10
CUST-14490,Stratum Analytics 399,Mid-Market,E-Commerce,Germany,2025-10-10
CUST-14491,Sync Tech 399,SMB,Fintech,Canada,2025-10-10
CUST-14492,Vanguard Sphere 399,SMB,Healthcare,United States,2025-10-10
CUST-14493,Omni Labs 399,SMB,Fintech,United States,2025-10-10
CUST-14494,Hyper Flow 399,SMB,E-Commerce,Canada,2025-10-10
CUST-14495,Zenith Corp 399,SMB,E-Commerce,United States,2025-10-10
CUST-14496,Quantum Stack 399,Mid-Market,E-Commerce,Canada,2025-10-11
CUST-14497,Nexus AI 399,Enterprise,Healthcare,United States,2025-10-11
CUST-14498,Vertex Scale 399,Mid-Market,Cybersecurity,United States,2025-10-11
CUST-14499,Blue Systems 399,Mid-Market,Fintech,United States,2025-10-11
CUST-14500,Apex Logic 400,SMB,E-Commerce,Canada,2025-10-11
CUST-14501,Cloud Hub 400,SMB,SaaS / Tech,India,2025-10-11
CUST-14502,Data Pay 400,Mid-Market,E-Commerce,United States,2025-10-11
CUST-14503,Nova Works 400,Enterprise,Cybersecurity,United Kingdom,2025-10-11
CUST-14504,Pulse Security 400,Mid-Market,Healthcare,United States,2025-10-11
CUST-14505,Stratum Analytics 400,Mid-Market,E-Commerce,United States,2025-10-11
CUST-14506,Sync Tech 400,SMB,Fintech,India,2025-10-12
CUST-14507,Vanguard Sphere 400,Enterprise,E-Commerce,United States,2025-10-12
CUST-14508,Omni Labs 400,SMB,Healthcare,India,2025-10-12
CUST-14509,Hyper Flow 400,SMB,Fintech,United Kingdom,2025-10-12
CUST-14510,Zenith Corp 400,Mid-Market,E-Commerce,India,2025-10-12
CUST-14511,Quantum Stack 400,Mid-Market,E-Commerce,Canada,2025-10-12
CUST-14512,Nexus AI 400,Enterprise,Fintech,United States,2025-10-12
CUST-14513,Vertex Scale 400,SMB,SaaS / Tech,United States,2025-10-12
CUST-14514,Blue Systems 400,SMB,E-Commerce,United States,2025-10-12
CUST-14515,Apex Logic 401,Mid-Market,Fintech,United States,2025-10-12
CUST-14516,Cloud Hub 401,SMB,E-Commerce,United States,2025-10-12
CUST-14517,Data Pay 401,SMB,SaaS / Tech,United States,2025-10-12
CUST-14518,Nova Works 401,Mid-Market,E-Commerce,Australia,2025-10-12
CUST-14519,Pulse Security 401,Enterprise,Healthcare,United States,2025-10-12
CUST-14520,Stratum Analytics 401,SMB,Healthcare,Canada,2025-10-13
CUST-14521,Sync Tech 401,SMB,E-Commerce,India,2025-10-13
CUST-14522,Vanguard Sphere 401,SMB,Cybersecurity,Germany,2025-10-13
CUST-14523,Omni Labs 401,SMB,SaaS / Tech,United States,2025-10-13
CUST-14524,Hyper Flow 401,SMB,Fintech,United States,2025-10-13
CUST-14525,Zenith Corp 401,Mid-Market,E-Commerce,United States,2025-10-14
CUST-14526,Quantum Stack 401,SMB,Logistics & Supply Chain,United States,2025-10-14
CUST-14527,Nexus AI 401,SMB,Fintech,United States,2025-10-14
CUST-14528,Vertex Scale 401,SMB,Cybersecurity,Germany,2025-10-14
CUST-14529,Blue Systems 401,Mid-Market,Cybersecurity,United States,2025-10-14
CUST-14530,Apex Logic 402,Mid-Market,Fintech,United Kingdom,2025-10-14
CUST-14531,Cloud Hub 402,Mid-Market,Cybersecurity,Australia,2025-10-14
CUST-14532,Data Pay 402,Mid-Market,Healthcare,United States,2025-10-14
CUST-14533,Nova Works 402,Mid-Market,Logistics & Supply Chain,United States,2025-10-15
CUST-14534,Pulse Security 402,SMB,Healthcare,Canada,2025-10-15
CUST-14535,Stratum Analytics 402,SMB,Healthcare,United States,2025-10-15
CUST-14536,Sync Tech 402,Mid-Market,E-Commerce,United Kingdom,2025-10-15
CUST-14537,Vanguard Sphere 402,SMB,SaaS / Tech,United States,2025-10-15
CUST-14538,Omni Labs 402,Enterprise,Fintech,Germany,2025-10-16
CUST-14539,Hyper Flow 402,Enterprise,E-Commerce,United States,2025-10-16
CUST-14540,Zenith Corp 402,Mid-Market,Fintech,United States,2025-10-16
CUST-14541,Quantum Stack 402,SMB,Healthcare,United Kingdom,2025-10-16
CUST-14542,Nexus AI 402,Mid-Market,Healthcare,United States,2025-10-16
CUST-14543,Vertex Scale 402,Mid-Market,E-Commerce,United States,2025-10-16
CUST-14544,Blue Systems 402,Mid-Market,Healthcare,United States,2025-10-16
CUST-14545,Apex Logic 403,SMB,Fintech,United States,2025-10-16
CUST-14546,Cloud Hub 403,Enterprise,Fintech,United Kingdom,2025-10-16
CUST-14547,Data Pay 403,SMB,Fintech,United Kingdom,2025-10-16
CUST-14548,Nova Works 403,SMB,E-Commerce,United Kingdom,2025-10-16
CUST-14549,Pulse Security 403,SMB,Cybersecurity,United Kingdom,2025-10-17
CUST-14550,Stratum Analytics 403,SMB,Fintech,United States,2025-10-17
CUST-14551,Sync Tech 403,Enterprise,Cybersecurity,United States,2025-10-18
CUST-14552,Vanguard Sphere 403,Mid-Market,SaaS / Tech,Canada,2025-10-18
CUST-14553,Omni Labs 403,SMB,E-Commerce,Germany,2025-10-18
CUST-14554,Hyper Flow 403,Mid-Market,E-Commerce,United States,2025-10-18
CUST-14555,Zenith Corp 403,SMB,Logistics & Supply Chain,United States,2025-10-18
CUST-14556,Quantum Stack 403,SMB,Fintech,United States,2025-10-18
CUST-14557,Nexus AI 403,SMB,E-Commerce,United Kingdom,2025-10-19
CUST-14558,Vertex Scale 403,SMB,SaaS / Tech,United Kingdom,2025-10-19
CUST-14559,Blue Systems 403,SMB,E-Commerce,United States,2025-10-19
CUST-14560,Apex Logic 404,SMB,Logistics & Supply Chain,Canada,2025-10-20
CUST-14561,Cloud Hub 404,Mid-Market,Fintech,United States,2025-10-20
CUST-14562,Data Pay 404,SMB,SaaS / Tech,United States,2025-10-20
CUST-14563,Nova Works 404,Enterprise,E-Commerce,Germany,2025-10-20
CUST-14564,Pulse Security 404,Mid-Market,Healthcare,United States,2025-10-20
CUST-14565,Stratum Analytics 404,SMB,Healthcare,United States,2025-10-20
CUST-14566,Sync Tech 404,Mid-Market,E-Commerce,Australia,2025-10-20
CUST-14567,Vanguard Sphere 404,Mid-Market,Logistics & Supply Chain,India,2025-10-20
CUST-14568,Omni Labs 404,Enterprise,E-Commerce,Canada,2025-10-20
CUST-14569,Hyper Flow 404,SMB,Logistics & Supply Chain,United States,2025-10-20
CUST-14570,Zenith Corp 404,SMB,Healthcare,United States,2025-10-20
CUST-14571,Quantum Stack 404,SMB,Fintech,India,2025-10-21
CUST-14572,Nexus AI 404,Mid-Market,Fintech,United Kingdom,2025-10-21
CUST-14573,Vertex Scale 404,SMB,Fintech,Germany,2025-10-21
CUST-14574,Blue Systems 404,SMB,Healthcare,United States,2025-10-21
CUST-14575,Apex Logic 405,Mid-Market,Healthcare,United States,2025-10-21
CUST-14576,Cloud Hub 405,Mid-Market,SaaS / Tech,Australia,2025-10-21
CUST-14577,Data Pay 405,Mid-Market,SaaS / Tech,United Kingdom,2025-10-22
CUST-14578,Nova Works 405,SMB,Fintech,United States,2025-10-22
CUST-14579,Pulse Security 405,SMB,Fintech,United States,2025-10-22
CUST-14580,Stratum Analytics 405,SMB,Healthcare,United States,2025-10-22
CUST-14581,Sync Tech 405,Mid-Market,E-Commerce,United States,2025-10-22
CUST-14582,Vanguard Sphere 405,SMB,Fintech,United States,2025-10-23
CUST-14583,Omni Labs 405,SMB,Fintech,United States,2025-10-23
CUST-14584,Hyper Flow 405,SMB,Cybersecurity,Canada,2025-10-23
CUST-14585,Zenith Corp 405,SMB,Logistics & Supply Chain,United States,2025-10-23
CUST-14586,Quantum Stack 405,Mid-Market,Fintech,Australia,2025-10-23
CUST-14587,Nexus AI 405,Enterprise,Healthcare,United States,2025-10-23
CUST-14588,Vertex Scale 405,SMB,Healthcare,United Kingdom,2025-10-24
CUST-14589,Blue Systems 405,SMB,SaaS / Tech,United States,2025-10-24
CUST-14590,Apex Logic 406,SMB,E-Commerce,Canada,2025-10-24
CUST-14591,Cloud Hub 406,Mid-Market,Fintech,Australia,2025-10-24
CUST-14592,Data Pay 406,SMB,SaaS / Tech,Germany,2025-10-24
CUST-14593,Nova Works 406,Mid-Market,Healthcare,United Kingdom,2025-10-24
CUST-14594,Pulse Security 406,Mid-Market,Healthcare,United States,2025-10-24
CUST-14595,Stratum Analytics 406,SMB,Healthcare,Germany,2025-10-25
CUST-14596,Sync Tech 406,SMB,E-Commerce,India,2025-10-25
CUST-14597,Vanguard Sphere 406,Mid-Market,Healthcare,Australia,2025-10-25
CUST-14598,Omni Labs 406,Mid-Market,Fintech,United States,2025-10-25
CUST-14599,Hyper Flow 406,Mid-Market,Healthcare,Australia,2025-10-25
CUST-14600,Zenith Corp 406,Mid-Market,Fintech,United States,2025-10-25
CUST-14601,Quantum Stack 406,SMB,SaaS / Tech,United States,2025-10-25
CUST-14602,Nexus AI 406,SMB,Fintech,United States,2025-10-25
CUST-14603,Vertex Scale 406,Mid-Market,Fintech,United States,2025-10-25
CUST-14604,Blue Systems 406,SMB,SaaS / Tech,Canada,2025-10-25
CUST-14605,Apex Logic 407,SMB,SaaS / Tech,Germany,2025-10-25
CUST-14606,Cloud Hub 407,SMB,Logistics & Supply Chain,Canada,2025-10-26
CUST-14607,Data Pay 407,Mid-Market,E-Commerce,United Kingdom,2025-10-26
CUST-14608,Nova Works 407,SMB,Fintech,United Kingdom,2025-10-26
CUST-14609,Pulse Security 407,Mid-Market,SaaS / Tech,Canada,2025-10-26
CUST-14610,Stratum Analytics 407,Mid-Market,SaaS / Tech,United States,2025-10-26
CUST-14611,Sync Tech 407,Enterprise,Fintech,Germany,2025-10-26
CUST-14612,Vanguard Sphere 407,Mid-Market,Cybersecurity,United Kingdom,2025-10-26
CUST-14613,Omni Labs 407,Enterprise,Fintech,Canada,2025-10-26
CUST-14614,Hyper Flow 407,Mid-Market,Cybersecurity,United Kingdom,2025-10-27
CUST-14615,Zenith Corp 407,Mid-Market,Logistics & Supply Chain,India,2025-10-27
CUST-14616,Quantum Stack 407,SMB,SaaS / Tech,United States,2025-10-27
CUST-14617,Nexus AI 407,SMB,Cybersecurity,United States,2025-10-27
CUST-14618,Vertex Scale 407,Mid-Market,SaaS / Tech,Canada,2025-10-27
CUST-14619,Blue Systems 407,SMB,Fintech,United States,2025-10-27
CUST-14620,Apex Logic 408,SMB,Healthcare,India,2025-10-28
CUST-14621,Cloud Hub 408,SMB,Fintech,United States,2025-10-28
CUST-14622,Data Pay 408,Enterprise,Healthcare,United States,2025-10-28
CUST-14623,Nova Works 408,SMB,SaaS / Tech,India,2025-10-28
CUST-14624,Pulse Security 408,SMB,Healthcare,United States,2025-10-28
CUST-14625,Stratum Analytics 408,SMB,Healthcare,United Kingdom,2025-10-28
CUST-14626,Sync Tech 408,Mid-Market,E-Commerce,United States,2025-10-29
CUST-14627,Vanguard Sphere 408,SMB,Logistics & Supply Chain,United States,2025-10-29
CUST-14628,Omni Labs 408,SMB,Fintech,United Kingdom,2025-10-29
CUST-14629,Hyper Flow 408,SMB,Healthcare,United States,2025-10-29
CUST-14630,Zenith Corp 408,Enterprise,Fintech,Germany,2025-10-29
CUST-14631,Quantum Stack 408,Mid-Market,SaaS / Tech,Canada,2025-10-29
CUST-14632,Nexus AI 408,SMB,Fintech,United States,2025-10-29
CUST-14633,Vertex Scale 408,SMB,SaaS / Tech,Canada,2025-10-29
CUST-14634,Blue Systems 408,Enterprise,Healthcare,United Kingdom,2025-10-30
CUST-14635,Apex Logic 409,SMB,Fintech,United States,2025-10-30
CUST-14636,Cloud Hub 409,Mid-Market,Cybersecurity,United States,2025-10-30
CUST-14637,Data Pay 409,SMB,Fintech,United States,2025-10-30
CUST-14638,Nova Works 409,SMB,Healthcare,Canada,2025-10-30
CUST-14639,Pulse Security 409,SMB,Fintech,United Kingdom,2025-10-31
CUST-14640,Stratum Analytics 409,SMB,E-Commerce,United Kingdom,2025-10-31
CUST-14641,Sync Tech 409,Mid-Market,E-Commerce,Canada,2025-10-31
CUST-14642,Vanguard Sphere 409,SMB,Healthcare,Canada,2025-10-31
CUST-14643,Omni Labs 409,Enterprise,Fintech,United Kingdom,2025-10-31
CUST-14644,Hyper Flow 409,SMB,Healthcare,Canada,2025-10-31
CUST-14645,Zenith Corp 409,SMB,SaaS / Tech,United States,2025-11-01
CUST-14646,Quantum Stack 409,SMB,SaaS / Tech,India,2025-11-01
CUST-14647,Nexus AI 409,Mid-Market,E-Commerce,United Kingdom,2025-11-01
CUST-14648,Vertex Scale 409,SMB,E-Commerce,Germany,2025-11-01
CUST-14649,Blue Systems 409,Mid-Market,Fintech,United Kingdom,2025-11-01
CUST-14650,Apex Logic 410,Enterprise,Healthcare,United States,2025-11-01
CUST-14651,Cloud Hub 410,SMB,Fintech,United Kingdom,2025-11-01
CUST-14652,Data Pay 410,Mid-Market,Fintech,United States,2025-11-01
CUST-14653,Nova Works 410,SMB,Fintech,Canada,2025-11-01
CUST-14654,Pulse Security 410,Mid-Market,E-Commerce,United States,2025-11-01
CUST-14655,Stratum Analytics 410,Mid-Market,E-Commerce,Germany,2025-11-01
CUST-14656,Sync Tech 410,SMB,Cybersecurity,United Kingdom,2025-11-02
CUST-14657,Vanguard Sphere 410,SMB,Fintech,Canada,2025-11-02
CUST-14658,Omni Labs 410,Mid-Market,E-Commerce,United States,2025-11-02
CUST-14659,Hyper Flow 410,SMB,Logistics & Supply Chain,Australia,2025-11-02
CUST-14660,Zenith Corp 410,SMB,E-Commerce,Germany,2025-11-02
CUST-14661,Quantum Stack 410,SMB,Healthcare,Canada,2025-11-02
CUST-14662,Nexus AI 410,Mid-Market,Healthcare,United States,2025-11-02
CUST-14663,Vertex Scale 410,SMB,Fintech,United Kingdom,2025-11-02
CUST-14664,Blue Systems 410,SMB,Healthcare,United States,2025-11-02
CUST-14665,Apex Logic 411,SMB,SaaS / Tech,United Kingdom,2025-11-03
CUST-14666,Cloud Hub 411,Enterprise,Fintech,United States,2025-11-03
CUST-14667,Data Pay 411,SMB,Fintech,United Kingdom,2025-11-03
CUST-14668,Nova Works 411,SMB,SaaS / Tech,United Kingdom,2025-11-03
CUST-14669,Pulse Security 411,SMB,SaaS / Tech,United States,2025-11-03
CUST-14670,Stratum Analytics 411,Mid-Market,E-Commerce,United States,2025-11-03
CUST-14671,Sync Tech 411,SMB,SaaS / Tech,Germany,2025-11-03
CUST-14672,Vanguard Sphere 411,SMB,Healthcare,United States,2025-11-03
CUST-14673,Omni Labs 411,Enterprise,Fintech,Canada,2025-11-03
CUST-14674,Hyper Flow 411,Mid-Market,Healthcare,United States,2025-11-03
CUST-14675,Zenith Corp 411,SMB,E-Commerce,United States,2025-11-03
CUST-14676,Quantum Stack 411,Enterprise,Cybersecurity,United States,2025-11-03
CUST-14677,Nexus AI 411,SMB,Fintech,Canada,2025-11-04
CUST-14678,Vertex Scale 411,SMB,E-Commerce,United States,2025-11-04
CUST-14679,Blue Systems 411,SMB,Healthcare,Germany,2025-11-04
CUST-14680,Apex Logic 412,Mid-Market,E-Commerce,United Kingdom,2025-11-04
CUST-14681,Cloud Hub 412,Mid-Market,Fintech,United States,2025-11-05
CUST-14682,Data Pay 412,SMB,Healthcare,Canada,2025-11-05
CUST-14683,Nova Works 412,Mid-Market,Logistics & Supply Chain,United States,2025-11-05
CUST-14684,Pulse Security 412,SMB,E-Commerce,Canada,2025-11-05
CUST-14685,Stratum Analytics 412,Mid-Market,E-Commerce,United States,2025-11-05
CUST-14686,Sync Tech 412,Enterprise,Healthcare,United States,2025-11-05
CUST-14687,Vanguard Sphere 412,Enterprise,Healthcare,Canada,2025-11-05
CUST-14688,Omni Labs 412,SMB,Healthcare,Australia,2025-11-06
CUST-14689,Hyper Flow 412,SMB,Logistics & Supply Chain,United States,2025-11-06
CUST-14690,Zenith Corp 412,Mid-Market,Cybersecurity,Germany,2025-11-06
CUST-14691,Quantum Stack 412,Mid-Market,Healthcare,United States,2025-11-06
CUST-14692,Nexus AI 412,Mid-Market,Healthcare,Germany,2025-11-06
CUST-14693,Vertex Scale 412,SMB,Logistics & Supply Chain,United Kingdom,2025-11-06
CUST-14694,Blue Systems 412,Mid-Market,Healthcare,United States,2025-11-06
CUST-14695,Apex Logic 413,SMB,E-Commerce,United States,2025-11-06
CUST-14696,Cloud Hub 413,SMB,Fintech,United States,2025-11-06
CUST-14697,Data Pay 413,SMB,SaaS / Tech,United States,2025-11-07
CUST-14698,Nova Works 413,Enterprise,E-Commerce,United States,2025-11-07
CUST-14699,Pulse Security 413,SMB,Logistics & Supply Chain,United Kingdom,2025-11-07
CUST-14700,Stratum Analytics 413,Mid-Market,SaaS / Tech,Australia,2025-11-08
CUST-14701,Sync Tech 413,Enterprise,Fintech,United States,2025-11-08
CUST-14702,Vanguard Sphere 413,SMB,SaaS / Tech,United Kingdom,2025-11-08
CUST-14703,Omni Labs 413,SMB,Logistics & Supply Chain,United Kingdom,2025-11-08
CUST-14704,Hyper Flow 413,Mid-Market,Healthcare,India,2025-11-08
CUST-14705,Zenith Corp 413,Mid-Market,Fintech,United Kingdom,2025-11-08
CUST-14706,Quantum Stack 413,SMB,Fintech,United Kingdom,2025-11-08
CUST-14707,Nexus AI 413,Mid-Market,E-Commerce,United States,2025-11-08
CUST-14708,Vertex Scale 413,SMB,Healthcare,United States,2025-11-09
CUST-14709,Blue Systems 413,SMB,E-Commerce,United States,2025-11-09
CUST-14710,Apex Logic 414,Mid-Market,Fintech,United States,2025-11-09
CUST-14711,Cloud Hub 414,Mid-Market,Logistics & Supply Chain,United States,2025-11-09
CUST-14712,Data Pay 414,Mid-Market,Healthcare,United Kingdom,2025-11-09
CUST-14713,Nova Works 414,SMB,Fintech,United States,2025-11-09
CUST-14714,Pulse Security 414,SMB,E-Commerce,United Kingdom,2025-11-09
CUST-14715,Stratum Analytics 414,Mid-Market,E-Commerce,United States,2025-11-10
CUST-14716,Sync Tech 414,SMB,Fintech,India,2025-11-10
CUST-14717,Vanguard Sphere 414,SMB,Healthcare,India,2025-11-10
CUST-14718,Omni Labs 414,Mid-Market,Fintech,United States,2025-11-10
CUST-14719,Hyper Flow 414,SMB,SaaS / Tech,United States,2025-11-11
CUST-14720,Zenith Corp 414,Mid-Market,SaaS / Tech,United Kingdom,2025-11-11
CUST-14721,Quantum Stack 414,Enterprise,E-Commerce,United States,2025-11-11
CUST-14722,Nexus AI 414,Mid-Market,SaaS / Tech,United States,2025-11-11
CUST-14723,Vertex Scale 414,Mid-Market,SaaS / Tech,United States,2025-11-12
CUST-14724,Blue Systems 414,Mid-Market,Fintech,India,2025-11-12
CUST-14725,Apex Logic 415,Enterprise,Cybersecurity,Germany,2025-11-12
CUST-14726,Cloud Hub 415,SMB,Logistics & Supply Chain,United Kingdom,2025-11-12
CUST-14727,Data Pay 415,SMB,Fintech,United Kingdom,2025-11-12
CUST-14728,Nova Works 415,SMB,Fintech,India,2025-11-12
CUST-14729,Pulse Security 415,Mid-Market,Fintech,India,2025-11-12
CUST-14730,Stratum Analytics 415,Enterprise,Fintech,Australia,2025-11-12
CUST-14731,Sync Tech 415,Enterprise,SaaS / Tech,United States,2025-11-13
CUST-14732,Vanguard Sphere 415,SMB,E-Commerce,United States,2025-11-13
CUST-14733,Omni Labs 415,SMB,SaaS / Tech,United Kingdom,2025-11-13
CUST-14734,Hyper Flow 415,Mid-Market,SaaS / Tech,United Kingdom,2025-11-13
CUST-14735,Zenith Corp 415,Enterprise,E-Commerce,United States,2025-11-14
CUST-14736,Quantum Stack 415,SMB,SaaS / Tech,United States,2025-11-14
CUST-14737,Nexus AI 415,Mid-Market,Fintech,India,2025-11-14
CUST-14738,Vertex Scale 415,Mid-Market,Healthcare,Germany,2025-11-14
CUST-14739,Blue Systems 415,SMB,E-Commerce,United States,2025-11-15
CUST-14740,Apex Logic 416,SMB,Fintech,India,2025-11-15
CUST-14741,Cloud Hub 416,Enterprise,Fintech,United Kingdom,2025-11-15
CUST-14742,Data Pay 416,Enterprise,Logistics & Supply Chain,Germany,2025-11-15
CUST-14743,Nova Works 416,SMB,SaaS / Tech,United States,2025-11-15
CUST-14744,Pulse Security 416,Mid-Market,Healthcare,United States,2025-11-15
CUST-14745,Stratum Analytics 416,Enterprise,SaaS / Tech,United States,2025-11-15
CUST-14746,Sync Tech 416,Mid-Market,SaaS / Tech,United States,2025-11-15
CUST-14747,Vanguard Sphere 416,Enterprise,Healthcare,United Kingdom,2025-11-16
CUST-14748,Omni Labs 416,Mid-Market,Fintech,United States,2025-11-16
CUST-14749,Hyper Flow 416,SMB,Cybersecurity,Australia,2025-11-16
CUST-14750,Zenith Corp 416,Mid-Market,Healthcare,United States,2025-11-16
CUST-14751,Quantum Stack 416,Mid-Market,Fintech,United States,2025-11-16
CUST-14752,Nexus AI 416,SMB,E-Commerce,United Kingdom,2025-11-16
CUST-14753,Vertex Scale 416,SMB,SaaS / Tech,United Kingdom,2025-11-17
CUST-14754,Blue Systems 416,SMB,Fintech,United States,2025-11-17
CUST-14755,Apex Logic 417,SMB,Healthcare,Canada,2025-11-17
CUST-14756,Cloud Hub 417,Enterprise,Fintech,United Kingdom,2025-11-17
CUST-14757,Data Pay 417,SMB,Cybersecurity,United Kingdom,2025-11-17
CUST-14758,Nova Works 417,Mid-Market,Fintech,Canada,2025-11-17
CUST-14759,Pulse Security 417,SMB,E-Commerce,United States,2025-11-17
CUST-14760,Stratum Analytics 417,Mid-Market,Cybersecurity,United Kingdom,2025-11-17
CUST-14761,Sync Tech 417,SMB,Fintech,India,2025-11-17
CUST-14762,Vanguard Sphere 417,SMB,Cybersecurity,United States,2025-11-17
CUST-14763,Omni Labs 417,Mid-Market,Cybersecurity,United States,2025-11-17
CUST-14764,Hyper Flow 417,SMB,Logistics & Supply Chain,India,2025-11-18
CUST-14765,Zenith Corp 417,SMB,Fintech,United States,2025-11-18
CUST-14766,Quantum Stack 417,SMB,E-Commerce,United States,2025-11-18
CUST-14767,Nexus AI 417,Enterprise,SaaS / Tech,Australia,2025-11-18
CUST-14768,Vertex Scale 417,SMB,Cybersecurity,United States,2025-11-18
CUST-14769,Blue Systems 417,Mid-Market,Fintech,United States,2025-11-18
CUST-14770,Apex Logic 418,Enterprise,SaaS / Tech,Germany,2025-11-19
CUST-14771,Cloud Hub 418,Mid-Market,Healthcare,Germany,2025-11-19
CUST-14772,Data Pay 418,Mid-Market,Fintech,United States,2025-11-19
CUST-14773,Nova Works 418,SMB,Healthcare,United Kingdom,2025-11-19
CUST-14774,Pulse Security 418,Mid-Market,SaaS / Tech,Germany,2025-11-19
CUST-14775,Stratum Analytics 418,SMB,E-Commerce,Canada,2025-11-20
CUST-14776,Sync Tech 418,Enterprise,E-Commerce,United States,2025-11-20
CUST-14777,Vanguard Sphere 418,Mid-Market,Cybersecurity,United States,2025-11-20
CUST-14778,Omni Labs 418,Mid-Market,Healthcare,United States,2025-11-20
CUST-14779,Hyper Flow 418,Mid-Market,E-Commerce,Germany,2025-11-20
CUST-14780,Zenith Corp 418,Enterprise,Healthcare,India,2025-11-20
CUST-14781,Quantum Stack 418,Mid-Market,Healthcare,Australia,2025-11-20
CUST-14782,Nexus AI 418,SMB,SaaS / Tech,Germany,2025-11-20
CUST-14783,Vertex Scale 418,Mid-Market,Cybersecurity,United Kingdom,2025-11-20
CUST-14784,Blue Systems 418,Mid-Market,E-Commerce,United States,2025-11-21
CUST-14785,Apex Logic 419,Mid-Market,SaaS / Tech,Canada,2025-11-21
CUST-14786,Cloud Hub 419,SMB,Fintech,Canada,2025-11-21
CUST-14787,Data Pay 419,SMB,Fintech,United Kingdom,2025-11-21
CUST-14788,Nova Works 419,Mid-Market,E-Commerce,United States,2025-11-21
CUST-14789,Pulse Security 419,Mid-Market,Fintech,India,2025-11-21
CUST-14790,Stratum Analytics 419,Enterprise,Healthcare,United States,2025-11-21
CUST-14791,Sync Tech 419,SMB,E-Commerce,United States,2025-11-21
CUST-14792,Vanguard Sphere 419,Enterprise,Fintech,United Kingdom,2025-11-22
CUST-14793,Omni Labs 419,Mid-Market,Healthcare,United Kingdom,2025-11-22
CUST-14794,Hyper Flow 419,Mid-Market,E-Commerce,United States,2025-11-22
CUST-14795,Zenith Corp 419,Mid-Market,E-Commerce,Germany,2025-11-22
CUST-14796,Quantum Stack 419,Mid-Market,Cybersecurity,United States,2025-11-23
CUST-14797,Nexus AI 419,SMB,E-Commerce,United States,2025-11-23
CUST-14798,Vertex Scale 419,Enterprise,Healthcare,United States,2025-11-23
CUST-14799,Blue Systems 419,SMB,Cybersecurity,Canada,2025-11-23
CUST-14800,Apex Logic 420,Enterprise,SaaS / Tech,Australia,2025-11-23
CUST-14801,Cloud Hub 420,Enterprise,Fintech,Germany,2025-11-23
CUST-14802,Data Pay 420,SMB,Fintech,India,2025-11-24
CUST-14803,Nova Works 420,Mid-Market,SaaS / Tech,United States,2025-11-24
CUST-14804,Pulse Security 420,SMB,E-Commerce,United States,2025-11-24
CUST-14805,Stratum Analytics 420,SMB,SaaS / Tech,United Kingdom,2025-11-24
CUST-14806,Sync Tech 420,Enterprise,SaaS / Tech,United States,2025-11-24
CUST-14807,Vanguard Sphere 420,SMB,E-Commerce,Germany,2025-11-24
CUST-14808,Omni Labs 420,Mid-Market,Cybersecurity,United Kingdom,2025-11-24
CUST-14809,Hyper Flow 420,SMB,E-Commerce,Australia,2025-11-25
CUST-14810,Zenith Corp 420,Mid-Market,Fintech,United States,2025-11-25
CUST-14811,Quantum Stack 420,SMB,Logistics & Supply Chain,United States,2025-11-25
CUST-14812,Nexus AI 420,Enterprise,Healthcare,United Kingdom,2025-11-25
CUST-14813,Vertex Scale 420,SMB,SaaS / Tech,United States,2025-11-26
CUST-14814,Blue Systems 420,SMB,Cybersecurity,United Kingdom,2025-11-26
CUST-14815,Apex Logic 421,SMB,SaaS / Tech,United States,2025-11-26
CUST-14816,Cloud Hub 421,SMB,E-Commerce,United States,2025-11-26
CUST-14817,Data Pay 421,SMB,E-Commerce,United States,2025-11-26
CUST-14818,Nova Works 421,SMB,Healthcare,United States,2025-11-26
CUST-14819,Pulse Security 421,Mid-Market,Healthcare,United Kingdom,2025-11-26
CUST-14820,Stratum Analytics 421,Mid-Market,E-Commerce,United States,2025-11-26
CUST-14821,Sync Tech 421,Mid-Market,SaaS / Tech,United States,2025-11-26
CUST-14822,Vanguard Sphere 421,Mid-Market,SaaS / Tech,United States,2025-11-27
CUST-14823,Omni Labs 421,Mid-Market,Fintech,United States,2025-11-27
CUST-14824,Hyper Flow 421,SMB,E-Commerce,United States,2025-11-27
CUST-14825,Zenith Corp 421,Mid-Market,SaaS / Tech,United States,2025-11-27
CUST-14826,Quantum Stack 421,SMB,E-Commerce,United Kingdom,2025-11-27
CUST-14827,Nexus AI 421,Mid-Market,E-Commerce,Canada,2025-11-27
CUST-14828,Vertex Scale 421,Mid-Market,SaaS / Tech,United Kingdom,2025-11-27
CUST-14829,Blue Systems 421,SMB,SaaS / Tech,Germany,2025-11-27
CUST-14830,Apex Logic 422,SMB,Healthcare,United States,2025-11-27
CUST-14831,Cloud Hub 422,SMB,Logistics & Supply Chain,United Kingdom,2025-11-28
CUST-14832,Data Pay 422,SMB,Fintech,Germany,2025-11-28
CUST-14833,Nova Works 422,Mid-Market,Cybersecurity,United States,2025-11-28
CUST-14834,Pulse Security 422,SMB,Fintech,Canada,2025-11-28
CUST-14835,Stratum Analytics 422,Enterprise,Fintech,United States,2025-11-28
CUST-14836,Sync Tech 422,Mid-Market,Logistics & Supply Chain,United States,2025-11-29
CUST-14837,Vanguard Sphere 422,Mid-Market,Fintech,Canada,2025-11-29
CUST-14838,Omni Labs 422,Enterprise,SaaS / Tech,United States,2025-11-29
CUST-14839,Hyper Flow 422,Mid-Market,Logistics & Supply Chain,United States,2025-11-29
CUST-14840,Zenith Corp 422,SMB,Logistics & Supply Chain,United States,2025-11-30
CUST-14841,Quantum Stack 422,SMB,Cybersecurity,United States,2025-11-30
CUST-14842,Nexus AI 422,Mid-Market,Healthcare,United States,2025-11-30
CUST-14843,Vertex Scale 422,Enterprise,SaaS / Tech,United Kingdom,2025-11-30
CUST-14844,Blue Systems 422,Mid-Market,Fintech,Canada,2025-11-30
CUST-14845,Apex Logic 423,Mid-Market,Healthcare,Canada,2025-11-30
CUST-14846,Cloud Hub 423,SMB,Logistics & Supply Chain,United States,2025-11-30
CUST-14847,Data Pay 423,Enterprise,Healthcare,Australia,2025-11-30
CUST-14848,Nova Works 423,SMB,E-Commerce,United Kingdom,2025-11-30
CUST-14849,Pulse Security 423,Enterprise,E-Commerce,United States,2025-11-30
CUST-14850,Stratum Analytics 423,SMB,E-Commerce,Germany,2025-11-30
CUST-14851,Sync Tech 423,Mid-Market,Cybersecurity,Canada,2025-11-30
CUST-14852,Vanguard Sphere 423,SMB,Fintech,Canada,2025-12-01
CUST-14853,Omni Labs 423,Mid-Market,E-Commerce,United States,2025-12-01
CUST-14854,Hyper Flow 423,SMB,Logistics & Supply Chain,United States,2025-12-01
CUST-14855,Zenith Corp 423,Mid-Market,E-Commerce,Germany,2025-12-01
CUST-14856,Quantum Stack 423,Enterprise,Fintech,United Kingdom,2025-12-01
CUST-14857,Nexus AI 423,SMB,E-Commerce,Canada,2025-12-01
CUST-14858,Vertex Scale 423,SMB,Healthcare,United Kingdom,2025-12-01
CUST-14859,Blue Systems 423,SMB,Fintech,Germany,2025-12-02
CUST-14860,Apex Logic 424,SMB,Logistics & Supply Chain,United States,2025-12-02
CUST-14861,Cloud Hub 424,SMB,E-Commerce,United Kingdom,2025-12-02
CUST-14862,Data Pay 424,Enterprise,Cybersecurity,United States,2025-12-03
CUST-14863,Nova Works 424,Mid-Market,Logistics & Supply Chain,Canada,2025-12-03
CUST-14864,Pulse Security 424,Mid-Market,SaaS / Tech,Canada,2025-12-03
CUST-14865,Stratum Analytics 424,SMB,Fintech,United States,2025-12-03
CUST-14866,Sync Tech 424,Mid-Market,Healthcare,United Kingdom,2025-12-03
CUST-14867,Vanguard Sphere 424,Enterprise,Fintech,United States,2025-12-03
CUST-14868,Omni Labs 424,SMB,Cybersecurity,United States,2025-12-03
CUST-14869,Hyper Flow 424,SMB,Fintech,United States,2025-12-03
CUST-14870,Zenith Corp 424,Mid-Market,Healthcare,United States,2025-12-03
CUST-14871,Quantum Stack 424,Enterprise,E-Commerce,United States,2025-12-03
CUST-14872,Nexus AI 424,Mid-Market,Healthcare,United States,2025-12-03
CUST-14873,Vertex Scale 424,Mid-Market,Fintech,Canada,2025-12-04
CUST-14874,Blue Systems 424,Mid-Market,E-Commerce,Canada,2025-12-04
CUST-14875,Apex Logic 425,SMB,Fintech,United Kingdom,2025-12-04
CUST-14876,Cloud Hub 425,SMB,Fintech,United States,2025-12-04
CUST-14877,Data Pay 425,SMB,Healthcare,India,2025-12-05
CUST-14878,Nova Works 425,Mid-Market,SaaS / Tech,Canada,2025-12-05
CUST-14879,Pulse Security 425,SMB,E-Commerce,United States,2025-12-05
CUST-14880,Stratum Analytics 425,Mid-Market,Healthcare,Germany,2025-12-05
CUST-14881,Sync Tech 425,Mid-Market,E-Commerce,United States,2025-12-05
CUST-14882,Vanguard Sphere 425,SMB,Healthcare,United Kingdom,2025-12-05
CUST-14883,Omni Labs 425,Mid-Market,Cybersecurity,United States,2025-12-05
CUST-14884,Hyper Flow 425,Enterprise,Fintech,United States,2025-12-06
CUST-14885,Zenith Corp 425,SMB,SaaS / Tech,India,2025-12-06
CUST-14886,Quantum Stack 425,Mid-Market,Logistics & Supply Chain,United States,2025-12-06
CUST-14887,Nexus AI 425,SMB,Logistics & Supply Chain,United States,2025-12-06
CUST-14888,Vertex Scale 425,Enterprise,Fintech,India,2025-12-06
CUST-14889,Blue Systems 425,SMB,Healthcare,India,2025-12-06
CUST-14890,Apex Logic 426,Mid-Market,SaaS / Tech,Canada,2025-12-06
CUST-14891,Cloud Hub 426,Enterprise,Fintech,United States,2025-12-07
CUST-14892,Data Pay 426,SMB,Logistics & Supply Chain,United States,2025-12-07
CUST-14893,Nova Works 426,Mid-Market,SaaS / Tech,Canada,2025-12-07
CUST-14894,Pulse Security 426,Mid-Market,SaaS / Tech,United States,2025-12-07
CUST-14895,Stratum Analytics 426,Enterprise,Fintech,United States,2025-12-07
CUST-14896,Sync Tech 426,Enterprise,SaaS / Tech,United Kingdom,2025-12-07
CUST-14897,Vanguard Sphere 426,Mid-Market,SaaS / Tech,United States,2025-12-07
CUST-14898,Omni Labs 426,Enterprise,Logistics & Supply Chain,United States,2025-12-08
CUST-14899,Hyper Flow 426,SMB,Fintech,United States,2025-12-08
CUST-14900,Zenith Corp 426,Enterprise,Fintech,United States,2025-12-08
CUST-14901,Quantum Stack 426,Mid-Market,Healthcare,United States,2025-12-08
CUST-14902,Nexus AI 426,Enterprise,Fintech,United States,2025-12-08
CUST-14903,Vertex Scale 426,Mid-Market,E-Commerce,United States,2025-12-08
CUST-14904,Blue Systems 426,SMB,Cybersecurity,Canada,2025-12-09
CUST-14905,Apex Logic 427,Mid-Market,Healthcare,Germany,2025-12-09
CUST-14906,Cloud Hub 427,SMB,Logistics & Supply Chain,United States,2025-12-09
CUST-14907,Data Pay 427,Mid-Market,Fintech,United Kingdom,2025-12-09
CUST-14908,Nova Works 427,SMB,Fintech,United States,2025-12-10
CUST-14909,Pulse Security 427,SMB,Fintech,United States,2025-12-10
CUST-14910,Stratum Analytics 427,SMB,Healthcare,United States,2025-12-10
CUST-14911,Sync Tech 427,SMB,Cybersecurity,United Kingdom,2025-12-10
CUST-14912,Vanguard Sphere 427,SMB,Fintech,Canada,2025-12-10
CUST-14913,Omni Labs 427,Mid-Market,E-Commerce,United Kingdom,2025-12-10
CUST-14914,Hyper Flow 427,Mid-Market,E-Commerce,United States,2025-12-10
CUST-14915,Zenith Corp 427,SMB,Cybersecurity,United States,2025-12-10
CUST-14916,Quantum Stack 427,Mid-Market,Fintech,Canada,2025-12-10
CUST-14917,Nexus AI 427,Mid-Market,Fintech,United States,2025-12-11
CUST-14918,Vertex Scale 427,SMB,Fintech,Canada,2025-12-11
CUST-14919,Blue Systems 427,Mid-Market,Healthcare,United Kingdom,2025-12-11
CUST-14920,Apex Logic 428,SMB,Healthcare,Canada,2025-12-12
CUST-14921,Cloud Hub 428,SMB,Logistics & Supply Chain,India,2025-12-12
CUST-14922,Data Pay 428,SMB,E-Commerce,India,2025-12-12
CUST-14923,Nova Works 428,SMB,E-Commerce,United Kingdom,2025-12-12
CUST-14924,Pulse Security 428,Enterprise,E-Commerce,United Kingdom,2025-12-12
CUST-14925,Stratum Analytics 428,Mid-Market,Fintech,United States,2025-12-13
CUST-14926,Sync Tech 428,Mid-Market,Healthcare,India,2025-12-13
CUST-14927,Vanguard Sphere 428,Mid-Market,Cybersecurity,United States,2025-12-13
CUST-14928,Omni Labs 428,SMB,Logistics & Supply Chain,United States,2025-12-13
CUST-14929,Hyper Flow 428,SMB,Logistics & Supply Chain,United States,2025-12-13
CUST-14930,Zenith Corp 428,Mid-Market,Logistics & Supply Chain,United States,2025-12-13
CUST-14931,Quantum Stack 428,Mid-Market,Fintech,United Kingdom,2025-12-13
CUST-14932,Nexus AI 428,SMB,Fintech,United Kingdom,2025-12-13
CUST-14933,Vertex Scale 428,Mid-Market,Fintech,United States,2025-12-13
CUST-14934,Blue Systems 428,Mid-Market,Healthcare,United States,2025-12-13
CUST-14935,Apex Logic 429,Mid-Market,Fintech,India,2025-12-13
CUST-14936,Cloud Hub 429,SMB,E-Commerce,Canada,2025-12-14
CUST-14937,Data Pay 429,SMB,SaaS / Tech,Germany,2025-12-14
CUST-14938,Nova Works 429,SMB,Logistics & Supply Chain,United States,2025-12-14
CUST-14939,Pulse Security 429,SMB,SaaS / Tech,Canada,2025-12-14
CUST-14940,Stratum Analytics 429,Mid-Market,Cybersecurity,United States,2025-12-14
CUST-14941,Sync Tech 429,Mid-Market,Fintech,United States,2025-12-14
CUST-14942,Vanguard Sphere 429,SMB,Fintech,United States,2025-12-14
CUST-14943,Omni Labs 429,Mid-Market,SaaS / Tech,United States,2025-12-14
CUST-14944,Hyper Flow 429,SMB,Healthcare,United States,2025-12-14
CUST-14945,Zenith Corp 429,SMB,Healthcare,Australia,2025-12-15
CUST-14946,Quantum Stack 429,SMB,Healthcare,United States,2025-12-15
CUST-14947,Nexus AI 429,SMB,Healthcare,United States,2025-12-15
CUST-14948,Vertex Scale 429,SMB,E-Commerce,United States,2025-12-15
CUST-14949,Blue Systems 429,SMB,Healthcare,United States,2025-12-15
CUST-14950,Apex Logic 430,Mid-Market,E-Commerce,United Kingdom,2025-12-15
CUST-14951,Cloud Hub 430,Enterprise,SaaS / Tech,United States,2025-12-15
CUST-14952,Data Pay 430,Mid-Market,Healthcare,Canada,2025-12-16
CUST-14953,Nova Works 430,SMB,Healthcare,United States,2025-12-16
CUST-14954,Pulse Security 430,Mid-Market,Fintech,United Kingdom,2025-12-16
CUST-14955,Stratum Analytics 430,SMB,Healthcare,Canada,2025-12-16
CUST-14956,Sync Tech 430,Mid-Market,SaaS / Tech,India,2025-12-16
CUST-14957,Vanguard Sphere 430,SMB,SaaS / Tech,Germany,2025-12-16
CUST-14958,Omni Labs 430,Mid-Market,SaaS / Tech,United Kingdom,2025-12-16
CUST-14959,Hyper Flow 430,SMB,Fintech,United States,2025-12-17
CUST-14960,Zenith Corp 430,SMB,E-Commerce,United Kingdom,2025-12-17
CUST-14961,Quantum Stack 430,Mid-Market,E-Commerce,Canada,2025-12-17
CUST-14962,Nexus AI 430,Mid-Market,E-Commerce,Germany,2025-12-17
CUST-14963,Vertex Scale 430,SMB,E-Commerce,United States,2025-12-17
CUST-14964,Blue Systems 430,Mid-Market,E-Commerce,United States,2025-12-17
CUST-14965,Apex Logic 431,Mid-Market,E-Commerce,Canada,2025-12-17
CUST-14966,Cloud Hub 431,SMB,SaaS / Tech,United States,2025-12-17
CUST-14967,Data Pay 431,SMB,Fintech,United States,2025-12-17
CUST-14968,Nova Works 431,SMB,SaaS / Tech,United States,2025-12-18
CUST-14969,Pulse Security 431,Mid-Market,Fintech,United Kingdom,2025-12-18
CUST-14970,Stratum Analytics 431,Mid-Market,Fintech,Australia,2025-12-18
CUST-14971,Sync Tech 431,SMB,Cybersecurity,United States,2025-12-18
CUST-14972,Vanguard Sphere 431,SMB,Cybersecurity,United States,2025-12-18
CUST-14973,Omni Labs 431,SMB,Fintech,United States,2025-12-18
CUST-14974,Hyper Flow 431,Mid-Market,Healthcare,United States,2025-12-18
CUST-14975,Zenith Corp 431,Mid-Market,Fintech,United Kingdom,2025-12-18
CUST-14976,Quantum Stack 431,Enterprise,E-Commerce,United Kingdom,2025-12-18
CUST-14977,Nexus AI 431,Mid-Market,Logistics & Supply Chain,United States,2025-12-18
CUST-14978,Vertex Scale 431,Enterprise,Cybersecurity,Canada,2025-12-18
CUST-14979,Blue Systems 431,Enterprise,E-Commerce,Canada,2025-12-18
CUST-14980,Apex Logic 432,SMB,Healthcare,United States,2025-12-18
CUST-14981,Cloud Hub 432,Mid-Market,E-Commerce,United States,2025-12-18
CUST-14982,Data Pay 432,SMB,Healthcare,Australia,2025-12-18
CUST-14983,Nova Works 432,SMB,Cybersecurity,United States,2025-12-19
CUST-14984,Pulse Security 432,SMB,Logistics & Supply Chain,Canada,2025-12-19
CUST-14985,Stratum Analytics 432,Mid-Market,E-Commerce,United States,2025-12-19
CUST-14986,Sync Tech 432,SMB,Healthcare,Canada,2025-12-19
CUST-14987,Vanguard Sphere 432,SMB,Healthcare,Canada,2025-12-19
CUST-14988,Omni Labs 432,SMB,Fintech,United Kingdom,2025-12-19
CUST-14989,Hyper Flow 432,SMB,Logistics & Supply Chain,Germany,2025-12-19
CUST-14990,Zenith Corp 432,SMB,E-Commerce,India,2025-12-19
CUST-14991,Quantum Stack 432,SMB,Healthcare,United Kingdom,2025-12-20
CUST-14992,Nexus AI 432,Mid-Market,E-Commerce,United States,2025-12-20
CUST-14993,Vertex Scale 432,SMB,Logistics & Supply Chain,United States,2025-12-20
CUST-14994,Blue Systems 432,Enterprise,Fintech,Canada,2025-12-20
CUST-14995,Apex Logic 433,SMB,Logistics & Supply Chain,United Kingdom,2025-12-20
CUST-14996,Cloud Hub 433,Enterprise,Logistics & Supply Chain,United States,2025-12-20
CUST-14997,Data Pay 433,Mid-Market,Cybersecurity,United States,2025-12-20
CUST-14998,Nova Works 433,SMB,Healthcare,Canada,2025-12-20
CUST-14999,Pulse Security 433,SMB,Fintech,United States,2025-12-20
