customer_id,company_name,tier,industry,country,signup_date,subscription_id,plan_type,billing_cycle,mrr,seats_purchased,start_date,end_date,status,churn_reason,license_utilization_rate,feature_adoption_score,weekly_active_days,api_calls_monthly,last_active_days_ago,total_tickets,avg_resolution_time_hrs,escalated_tickets_count,csat_score,churn_label
CUST-10000,Apex Logic 100,Mid-Market,Healthcare,United States,2024-01-01,SUB-20000,Scale,Annual,1905.26,74,2024-01-01,,Active,,0.575,62,4,6193,1,4,7.1,0,4.4,0
CUST-10001,Cloud Hub 100,SMB,E-Commerce,United States,2024-01-01,SUB-20001,Starter,Monthly,725.56,7,2024-01-01,2024-10-30,Churned,Support / SLA Frustration,0.656,62,1,18311,2,1,119.1,1,3.2,1
CUST-10002,Data Pay 100,SMB,Logistics & Supply Chain,United States,2024-01-01,SUB-20002,Growth,Annual,381.12,5,2024-01-01,,Active,,0.725,85,4,14694,2,3,20.7,0,4.3,0
CUST-10003,Nova Works 100,SMB,Healthcare,United Kingdom,2024-01-01,SUB-20003,Starter,Monthly,335.45,22,2024-01-01,2024-09-22,Churned,Support / SLA Frustration,0.437,76,6,4698,4,7,72.4,3,1.5,1
CUST-10004,Pulse Security 100,Mid-Market,Logistics & Supply Chain,United States,2024-01-01,SUB-20004,Scale,Monthly,2637.31,43,2024-01-01,,Active,,0.506,51,3,15478,11,5,6.3,0,4.9,0
CUST-10005,Stratum Analytics 100,Mid-Market,Fintech,Germany,2024-01-01,SUB-20005,Growth,Annual,1846.83,75,2024-01-01,,Active,,0.947,71,3,22081,3,5,19.8,0,4.6,0
CUST-10006,Sync Tech 100,Enterprise,SaaS / Tech,United States,2024-01-01,SUB-20006,Enterprise Plus,Annual,6512.71,108,2024-01-01,,Active,,0.189,31,7,28070,1,3,13.7,0,4.9,0
CUST-10007,Vanguard Sphere 100,SMB,Logistics & Supply Chain,United Kingdom,2024-01-01,SUB-20007,Starter,Annual,614.83,7,2024-01-01,2024-02-24,Churned,Support / SLA Frustration,0.704,83,2,44570,2,3,87.5,2,2.1,1
CUST-10008,Omni Labs 100,SMB,Fintech,Canada,2024-01-01,SUB-20008,Growth,Monthly,166.23,21,2024-01-01,,Active,,0.52,73,6,39573,0,3,13.3,0,3.8,0
CUST-10009,Hyper Flow 100,SMB,Healthcare,Canada,2024-01-02,SUB-20009,Starter,Annual,683.65,5,2024-01-02,,Active,,0.174,32,3,9849,9,2,82.4,1,2.9,0
CUST-10010,Zenith Corp 100,Enterprise,Fintech,India,2024-01-02,SUB-20010,Scale,Annual,14076.6,215,2024-01-02,,Active,,0.373,90,5,53755,3,5,75.7,2,1.3,0
CUST-10011,Quantum Stack 100,SMB,SaaS / Tech,Canada,2024-01-03,SUB-20011,Starter,Monthly,317.63,8,2024-01-03,,Active,,0.685,73,5,49237,13,7,7.2,0,4.8,0
CUST-10012,Nexus AI 100,SMB,E-Commerce,India,2024-01-03,SUB-20012,Starter,Monthly,147.43,20,2024-01-03,,Active,,0.548,29,5,56387,3,7,110.3,2,2.6,0
CUST-10013,Vertex Scale 100,Mid-Market,E-Commerce,United States,2024-01-03,SUB-20013,Growth,Annual,3057.83,97,2024-01-03,2024-04-27,Churned,Support / SLA Frustration,0.942,61,4,16031,7,5,87.8,3,3.1,1
CUST-10014,Blue Systems 100,Mid-Market,Fintech,United Kingdom,2024-01-03,SUB-20014,Growth,Annual,3547.36,75,2024-01-03,,Active,,0.623,30,5,2060,7,5,3.9,0,4.6,0
CUST-10015,Apex Logic 101,Mid-Market,Fintech,United States,2024-01-03,SUB-20015,Growth,Monthly,3062.28,82,2024-01-03,2024-06-04,Churned,Internal Restructuring,0.544,59,4,48513,4,2,21.3,0,4.2,1
CUST-10016,Cloud Hub 101,Mid-Market,Fintech,United States,2024-01-03,SUB-20016,Scale,Annual,1750.89,72,2024-01-03,,Active,,1.0,81,6,36416,5,5,119.2,2,1.6,0
CUST-10017,Data Pay 101,SMB,Healthcare,United States,2024-01-03,SUB-20017,Starter,Monthly,384.59,8,2024-01-03,,Active,,0.888,41,3,58801,21,5,9.7,0,4.6,0
CUST-10018,Nova Works 101,Mid-Market,E-Commerce,United States,2024-01-03,SUB-20018,Growth,Monthly,3217.92,61,2024-01-03,,Active,,0.519,61,5,5246,9,3,20.8,0,4.0,0
CUST-10019,Pulse Security 101,Mid-Market,Logistics & Supply Chain,United States,2024-01-04,SUB-20019,Growth,Annual,3180.25,55,2024-01-04,,Active,,0.455,61,4,13913,7,7,78.1,4,1.5,0
CUST-10020,Stratum Analytics 101,SMB,SaaS / Tech,United States,2024-01-04,SUB-20020,Starter,Monthly,271.97,20,2024-01-04,,Active,,0.682,46,3,60157,7,5,7.3,0,4.3,0
CUST-10021,Sync Tech 101,Enterprise,Healthcare,United States,2024-01-04,SUB-20021,Scale,Annual,7320.03,126,2024-01-04,,Active,,0.461,81,3,1744,10,7,20.6,0,3.8,0
CUST-10022,Vanguard Sphere 101,Mid-Market,Cybersecurity,India,2024-01-04,SUB-20022,Growth,Annual,2950.01,80,2024-01-04,,Active,,0.812,70,4,53401,10,7,21.2,0,4.4,0
CUST-10023,Omni Labs 101,Mid-Market,SaaS / Tech,United States,2024-01-04,SUB-20023,Scale,Annual,2731.9,68,2024-01-04,2024-06-04,Churned,Support / SLA Frustration,0.427,70,5,7911,0,3,67.8,1,2.6,1
CUST-10024,Hyper Flow 101,Mid-Market,Cybersecurity,Canada,2024-01-05,SUB-20024,Growth,Monthly,3647.02,39,2024-01-05,,Active,,0.853,46,4,52627,3,4,20.8,0,4.8,0
CUST-10025,Zenith Corp 101,SMB,E-Commerce,United States,2024-01-05,SUB-20025,Growth,Annual,314.29,10,2024-01-05,,Active,,0.813,69,1,15097,14,0,4.0,0,4.9,0
CUST-10026,Quantum Stack 101,Mid-Market,Healthcare,India,2024-01-05,SUB-20026,Scale,Annual,3458.81,87,2024-01-05,2024-11-24,Churned,Low Adoption & License Waste,0.311,62,2,7321,0,3,4.0,0,4.8,1
CUST-10027,Nexus AI 101,SMB,Fintech,India,2024-01-05,SUB-20027,Starter,Monthly,707.76,21,2024-01-05,2024-12-29,Churned,Support / SLA Frustration,0.866,67,3,30443,11,8,85.8,4,3.1,1
CUST-10028,Vertex Scale 101,SMB,SaaS / Tech,United Kingdom,2024-01-05,SUB-20028,Starter,Monthly,477.17,16,2024-01-05,,Active,,0.648,43,3,9554,5,4,68.8,2,2.9,0
CUST-10029,Blue Systems 101,Enterprise,Fintech,United Kingdom,2024-01-06,SUB-20029,Enterprise Plus,Annual,5554.64,242,2024-01-06,,Active,,0.511,67,4,5670,20,7,4.2,0,3.8,0
CUST-10030,Apex Logic 102,SMB,Healthcare,United States,2024-01-06,SUB-20030,Starter,Monthly,726.73,16,2024-01-06,2024-06-09,Churned,Competitor Alternative,0.928,72,5,13894,1,5,19.6,0,4.7,1
CUST-10031,Cloud Hub 102,Mid-Market,E-Commerce,Australia,2024-01-06,SUB-20031,Scale,Annual,2916.39,30,2024-01-06,,Active,,0.584,83,5,137845,9,5,13.6,0,4.1,0
CUST-10032,Data Pay 102,Enterprise,E-Commerce,Germany,2024-01-06,SUB-20032,Scale,Annual,8689.19,119,2024-01-06,,Active,,0.605,50,2,39283,4,3,19.9,0,4.0,0
CUST-10033,Nova Works 102,SMB,E-Commerce,India,2024-01-06,SUB-20033,Growth,Monthly,159.76,6,2024-01-06,,Active,,0.67,70,5,19000,0,5,22.6,0,3.9,0
CUST-10034,Pulse Security 102,SMB,Fintech,United Kingdom,2024-01-06,SUB-20034,Starter,Annual,607.81,11,2024-01-06,,Active,,0.731,65,4,42029,5,6,9.0,0,4.6,0
CUST-10035,Stratum Analytics 102,SMB,Healthcare,United States,2024-01-06,SUB-20035,Growth,Annual,430.51,18,2024-01-06,,Active,,0.728,22,6,20006,1,3,13.6,0,4.4,0
CUST-10036,Sync Tech 102,Mid-Market,E-Commerce,India,2024-01-06,SUB-20036,Scale,Monthly,3581.98,42,2024-01-06,2024-02-09,Churned,Competitor Alternative,1.0,67,4,31148,12,2,12.8,0,4.4,1
CUST-10037,Vanguard Sphere 102,Enterprise,Cybersecurity,United States,2024-01-07,SUB-20037,Enterprise Plus,Monthly,5551.57,122,2024-01-07,,Active,,0.632,54,4,15972,0,3,4.0,0,4.2,0
CUST-10038,Omni Labs 102,SMB,SaaS / Tech,United Kingdom,2024-01-07,SUB-20038,Starter,Monthly,283.72,8,2024-01-07,,Active,,0.608,70,3,584,19,4,8.9,0,4.5,0
CUST-10039,Hyper Flow 102,Mid-Market,Cybersecurity,United States,2024-01-07,SUB-20039,Growth,Monthly,1620.82,47,2024-01-07,,Active,,0.653,68,4,7326,14,2,4.4,0,5.0,0
CUST-10040,Zenith Corp 102,Enterprise,SaaS / Tech,India,2024-01-07,SUB-20040,Enterprise Plus,Monthly,13609.01,413,2024-01-07,,Active,,0.527,69,4,10443,6,4,18.0,0,4.8,0
CUST-10041,Quantum Stack 102,Mid-Market,E-Commerce,United States,2024-01-07,SUB-20041,Growth,Annual,2217.38,85,2024-01-07,,Active,,0.925,80,5,24401,1,4,21.7,0,4.6,0
CUST-10042,Nexus AI 102,Enterprise,Fintech,United States,2024-01-07,SUB-20042,Enterprise Plus,Annual,17848.42,128,2024-01-07,,Active,,0.897,49,4,5684,6,8,77.2,4,1.5,0
CUST-10043,Vertex Scale 102,SMB,SaaS / Tech,United Kingdom,2024-01-07,SUB-20043,Starter,Annual,362.15,7,2024-01-07,2024-04-12,Churned,Support / SLA Frustration,0.741,91,1,24350,8,8,92.3,4,2.7,1
CUST-10044,Blue Systems 102,Mid-Market,E-Commerce,Canada,2024-01-07,SUB-20044,Scale,Annual,1815.8,38,2024-01-07,,Active,,0.563,85,2,46631,11,9,3.1,0,3.9,0
CUST-10045,Apex Logic 103,SMB,E-Commerce,United Kingdom,2024-01-07,SUB-20045,Growth,Monthly,694.58,24,2024-01-07,2024-06-12,Churned,Support / SLA Frustration,0.725,51,3,2316,5,4,111.2,1,2.2,1
CUST-10046,Cloud Hub 103,Mid-Market,E-Commerce,United States,2024-01-08,SUB-20046,Growth,Annual,1461.81,41,2024-01-08,2024-06-02,Churned,Support / SLA Frustration,0.76,55,6,52800,2,2,57.7,1,1.5,1
CUST-10047,Data Pay 103,SMB,E-Commerce,United States,2024-01-08,SUB-20047,Growth,Annual,152.36,17,2024-01-08,,Active,,1.0,63,3,23034,0,5,105.2,1,1.9,0
CUST-10048,Nova Works 103,SMB,Healthcare,Canada,2024-01-08,SUB-20048,Starter,Monthly,354.28,21,2024-01-08,,Active,,0.307,80,4,22661,17,2,23.0,0,4.5,0
CUST-10049,Pulse Security 103,Mid-Market,E-Commerce,Australia,2024-01-08,SUB-20049,Growth,Annual,3211.59,96,2024-01-08,,Active,,0.92,60,6,16698,6,6,15.5,0,4.8,0
CUST-10050,Stratum Analytics 103,SMB,Fintech,Germany,2024-01-08,SUB-20050,Starter,Monthly,427.14,7,2024-01-08,,Active,,0.929,53,3,6680,6,8,22.4,0,4.0,0
CUST-10051,Sync Tech 103,SMB,Logistics & Supply Chain,United States,2024-01-08,SUB-20051,Growth,Monthly,613.3,18,2024-01-08,,Active,,0.615,98,6,10213,13,1,22.3,0,4.7,0
CUST-10052,Vanguard Sphere 103,SMB,Fintech,India,2024-01-08,SUB-20052,Starter,Annual,259.04,5,2024-01-08,2024-11-01,Churned,Support / SLA Frustration,0.882,10,5,19995,2,2,102.1,1,1.3,1
CUST-10053,Omni Labs 103,SMB,Fintech,United States,2024-01-08,SUB-20053,Starter,Monthly,644.88,12,2024-01-08,,Active,,0.735,79,1,23724,3,6,9.5,0,4.7,0
CUST-10054,Hyper Flow 103,SMB,Healthcare,United Kingdom,2024-01-09,SUB-20054,Growth,Monthly,614.47,24,2024-01-09,2024-10-24,Churned,Competitor Alternative,0.659,87,6,42056,16,7,17.2,0,4.4,1
CUST-10055,Zenith Corp 103,SMB,SaaS / Tech,United States,2024-01-09,SUB-20055,Starter,Monthly,511.75,21,2024-01-09,,Active,,0.787,88,1,3095,20,1,4.5,0,4.3,0
CUST-10056,Quantum Stack 103,Enterprise,Healthcare,United States,2024-01-09,SUB-20056,Enterprise Plus,Annual,7579.01,128,2024-01-09,,Active,,0.649,10,1,19258,0,7,3.4,0,4.4,0
CUST-10057,Nexus AI 103,Mid-Market,Healthcare,Canada,2024-01-09,SUB-20057,Growth,Monthly,3040.32,49,2024-01-09,2024-02-15,Churned,Support / SLA Frustration,0.58,67,4,66058,7,5,87.7,3,1.2,1
CUST-10058,Vertex Scale 103,Enterprise,E-Commerce,United Kingdom,2024-01-09,SUB-20058,Enterprise Plus,Annual,8302.08,105,2024-01-09,,Active,,0.489,53,4,30343,2,4,12.2,0,4.2,0
CUST-10059,Blue Systems 103,Mid-Market,Healthcare,United States,2024-01-09,SUB-20059,Growth,Monthly,3326.03,47,2024-01-09,,Active,,0.695,82,3,28928,3,3,56.8,0,2.9,0
CUST-10060,Apex Logic 104,Mid-Market,Cybersecurity,United States,2024-01-10,SUB-20060,Growth,Monthly,3619.44,83,2024-01-10,2025-01-01,Churned,Leadership Transition,0.735,75,3,9580,21,1,23.0,0,3.9,1
CUST-10061,Cloud Hub 104,Mid-Market,Cybersecurity,United States,2024-01-10,SUB-20061,Scale,Annual,2424.67,42,2024-01-10,,Active,,0.631,98,4,20657,0,1,5.3,0,4.5,0
CUST-10062,Data Pay 104,SMB,E-Commerce,United Kingdom,2024-01-10,SUB-20062,Growth,Monthly,645.23,12,2024-01-10,,Active,,1.0,68,3,8498,5,4,21.2,0,4.9,0
CUST-10063,Nova Works 104,Mid-Market,Healthcare,United States,2024-01-10,SUB-20063,Scale,Annual,2176.38,71,2024-01-10,,Active,,0.556,77,3,14233,2,6,14.9,0,4.2,0
CUST-10064,Pulse Security 104,Mid-Market,SaaS / Tech,United States,2024-01-10,SUB-20064,Growth,Monthly,2563.46,63,2024-01-10,2024-06-28,Churned,Internal Restructuring,0.706,95,5,11981,11,4,18.6,0,4.1,1
CUST-10065,Stratum Analytics 104,SMB,Fintech,United Kingdom,2024-01-10,SUB-20065,Growth,Monthly,449.02,23,2024-01-10,,Active,,0.635,38,4,24221,2,3,5.7,0,4.7,0
CUST-10066,Sync Tech 104,Enterprise,E-Commerce,Canada,2024-01-11,SUB-20066,Scale,Annual,12556.64,241,2024-01-11,,Active,,0.877,50,4,8372,6,3,6.7,0,5.0,0
CUST-10067,Vanguard Sphere 104,SMB,Healthcare,Canada,2024-01-11,SUB-20067,Starter,Monthly,374.98,21,2024-01-11,2024-05-03,Churned,Support / SLA Frustration,0.73,79,2,55055,0,1,104.6,1,2.3,1
CUST-10068,Omni Labs 104,Enterprise,Cybersecurity,United Kingdom,2024-01-11,SUB-20068,Enterprise Plus,Monthly,15122.87,209,2024-01-11,2024-12-21,Churned,Support / SLA Frustration,0.871,89,3,24292,2,6,86.4,3,2.5,1
CUST-10069,Hyper Flow 104,SMB,Fintech,India,2024-01-11,SUB-20069,Starter,Monthly,651.25,5,2024-01-11,,Active,,0.968,96,5,60611,1,9,20.6,0,4.4,0
CUST-10070,Zenith Corp 104,SMB,E-Commerce,India,2024-01-11,SUB-20070,Starter,Monthly,523.13,9,2024-01-11,,Active,,0.567,100,3,31359,3,4,21.1,0,4.7,0
CUST-10071,Quantum Stack 104,Mid-Market,SaaS / Tech,Germany,2024-01-12,SUB-20071,Growth,Monthly,3491.9,44,2024-01-12,2024-05-31,Churned,Support / SLA Frustration,0.99,100,5,3887,5,4,81.7,1,2.9,1
CUST-10072,Nexus AI 104,Enterprise,E-Commerce,United Kingdom,2024-01-12,SUB-20072,Enterprise Plus,Annual,14908.6,425,2024-01-12,,Active,,0.463,73,6,922,0,4,16.9,0,5.0,0
CUST-10073,Vertex Scale 104,SMB,Fintech,United States,2024-01-12,SUB-20073,Starter,Monthly,325.35,8,2024-01-12,,Active,,0.579,100,3,47305,11,4,11.9,0,4.4,0
CUST-10074,Blue Systems 104,SMB,Cybersecurity,Australia,2024-01-12,SUB-20074,Growth,Monthly,658.39,6,2024-01-12,,Active,,0.678,27,3,73375,3,4,5.9,0,4.8,0
CUST-10075,Apex Logic 105,SMB,E-Commerce,United States,2024-01-12,SUB-20075,Growth,Monthly,532.56,5,2024-01-12,,Active,,0.744,83,4,3647,0,8,14.9,0,4.5,0
CUST-10076,Cloud Hub 105,SMB,E-Commerce,United States,2024-01-12,SUB-20076,Starter,Monthly,352.31,9,2024-01-12,,Active,,0.488,98,2,34139,1,8,13.9,0,4.9,0
CUST-10077,Data Pay 105,Enterprise,Fintech,United States,2024-01-12,SUB-20077,Enterprise Plus,Annual,8867.89,200,2024-01-12,,Active,,0.569,94,4,62242,7,3,10.2,0,3.8,0
CUST-10078,Nova Works 105,Mid-Market,E-Commerce,United States,2024-01-13,SUB-20078,Growth,Monthly,1941.9,25,2024-01-13,,Active,,1.0,32,5,55359,16,0,4.0,0,4.9,0
CUST-10079,Pulse Security 105,Enterprise,Healthcare,Australia,2024-01-13,SUB-20079,Enterprise Plus,Annual,6235.67,493,2024-01-13,,Active,,0.783,60,5,34922,10,3,22.2,0,4.6,0
CUST-10080,Stratum Analytics 105,SMB,Fintech,United Kingdom,2024-01-13,SUB-20080,Starter,Monthly,360.8,22,2024-01-13,,Active,,1.0,70,4,16523,19,7,22.4,0,4.9,0
CUST-10081,Sync Tech 105,SMB,Fintech,United Kingdom,2024-01-13,SUB-20081,Starter,Monthly,197.12,20,2024-01-13,,Active,,0.66,68,4,1967,3,5,60.2,1,3.2,0
CUST-10082,Vanguard Sphere 105,Mid-Market,Logistics & Supply Chain,United Kingdom,2024-01-13,SUB-20082,Growth,Monthly,1533.56,73,2024-01-13,,Active,,0.792,62,5,45488,22,11,11.2,0,4.7,0
CUST-10083,Omni Labs 105,Enterprise,Fintech,United States,2024-01-13,SUB-20083,Enterprise Plus,Annual,15318.19,239,2024-01-13,,Active,,0.724,60,7,73756,3,6,19.6,0,4.0,0
CUST-10084,Hyper Flow 105,Mid-Market,Fintech,United States,2024-01-13,SUB-20084,Scale,Annual,2498.38,97,2024-01-13,,Active,,0.546,27,3,57649,0,4,10.7,0,4.5,0
CUST-10085,Zenith Corp 105,Mid-Market,E-Commerce,United Kingdom,2024-01-13,SUB-20085,Scale,Annual,2180.06,29,2024-01-13,,Active,,0.23,63,6,12310,3,3,17.8,0,4.0,0
CUST-10086,Quantum Stack 105,SMB,SaaS / Tech,Canada,2024-01-13,SUB-20086,Growth,Monthly,362.61,7,2024-01-13,,Active,,1.0,58,4,45204,7,5,20.5,0,3.9,0
CUST-10087,Nexus AI 105,SMB,Fintech,United States,2024-01-13,SUB-20087,Growth,Monthly,298.24,12,2024-01-13,2024-03-25,Churned,Support / SLA Frustration,0.873,86,1,27976,0,3,87.5,1,2.5,1
CUST-10088,Vertex Scale 105,SMB,E-Commerce,Canada,2024-01-13,SUB-20088,Starter,Monthly,705.88,22,2024-01-13,,Active,,0.389,91,3,13339,1,4,9.1,0,4.3,0
CUST-10089,Blue Systems 105,Mid-Market,Fintech,United States,2024-01-14,SUB-20089,Growth,Monthly,2127.01,43,2024-01-14,,Active,,0.552,61,3,23848,0,4,22.9,0,4.6,0
CUST-10090,Apex Logic 106,Enterprise,Fintech,United States,2024-01-14,SUB-20090,Enterprise Plus,Annual,8870.28,495,2024-01-14,,Active,,0.522,55,1,10317,10,4,114.4,1,2.3,0
CUST-10091,Cloud Hub 106,SMB,Fintech,United States,2024-01-14,SUB-20091,Starter,Monthly,709.56,15,2024-01-14,,Active,,1.0,50,4,9266,21,5,95.0,1,1.4,0
CUST-10092,Data Pay 106,SMB,Logistics & Supply Chain,United States,2024-01-14,SUB-20092,Starter,Monthly,190.29,13,2024-01-14,2024-07-12,Churned,Support / SLA Frustration,0.696,42,0,19341,1,2,71.8,0,1.3,1
CUST-10093,Nova Works 106,SMB,Fintech,Germany,2024-01-14,SUB-20093,Growth,Monthly,392.11,16,2024-01-14,2024-03-26,Churned,Switched Tool,0.584,71,2,67927,0,5,11.1,0,4.9,1
CUST-10094,Pulse Security 106,SMB,Fintech,Germany,2024-01-14,SUB-20094,Starter,Monthly,314.26,21,2024-01-14,,Active,,0.582,100,5,15742,5,5,12.6,0,4.3,0
CUST-10095,Stratum Analytics 106,Mid-Market,Healthcare,United States,2024-01-14,SUB-20095,Growth,Annual,1755.87,52,2024-01-14,,Active,,0.601,51,4,23090,3,6,4.2,0,4.6,0
CUST-10096,Sync Tech 106,SMB,Logistics & Supply Chain,United Kingdom,2024-01-15,SUB-20096,Starter,Annual,699.81,16,2024-01-15,,Active,,0.74,52,5,5194,3,4,117.2,2,1.3,0
CUST-10097,Vanguard Sphere 106,Mid-Market,Healthcare,Canada,2024-01-15,SUB-20097,Scale,Annual,1893.57,26,2024-01-15,,Active,,0.732,39,7,24714,3,1,7.0,0,4.1,0
CUST-10098,Omni Labs 106,Enterprise,Healthcare,United States,2024-01-15,SUB-20098,Scale,Monthly,4994.23,274,2024-01-15,,Active,,0.514,83,5,1767,1,3,23.1,0,4.6,0
CUST-10099,Hyper Flow 106,Enterprise,Fintech,United States,2024-01-15,SUB-20099,Scale,Annual,15824.5,349,2024-01-15,,Active,,0.846,82,1,41995,0,7,6.8,0,3.9,0
CUST-10100,Zenith Corp 106,Enterprise,Healthcare,Australia,2024-01-15,SUB-20100,Enterprise Plus,Annual,17249.37,383,2024-01-15,,Active,,0.551,40,4,16752,2,1,17.2,0,4.4,0
CUST-10101,Quantum Stack 106,SMB,E-Commerce,United Kingdom,2024-01-15,SUB-20101,Starter,Monthly,698.77,16,2024-01-15,,Active,,0.409,23,4,11009,1,4,14.1,0,4.0,0
CUST-10102,Nexus AI 106,Mid-Market,E-Commerce,Australia,2024-01-15,SUB-20102,Scale,Annual,1548.71,79,2024-01-15,2024-07-29,Churned,Support / SLA Frustration,0.198,100,2,14137,2,5,118.6,0,2.9,1
CUST-10103,Vertex Scale 106,SMB,Healthcare,United States,2024-01-15,SUB-20103,Starter,Monthly,513.13,9,2024-01-15,2024-08-30,Churned,Switched Tool,0.62,100,4,16815,0,5,3.3,0,4.6,1
CUST-10104,Blue Systems 106,SMB,Healthcare,Canada,2024-01-16,SUB-20104,Growth,Monthly,681.39,11,2024-01-16,,Active,,0.577,66,5,2858,17,2,15.3,0,4.1,0
CUST-10105,Apex Logic 107,Mid-Market,Fintech,United States,2024-01-16,SUB-20105,Growth,Monthly,2625.84,66,2024-01-16,2024-05-01,Churned,Leadership Transition,0.627,72,4,50314,0,4,2.9,0,4.8,1
CUST-10106,Cloud Hub 107,Mid-Market,Healthcare,United States,2024-01-16,SUB-20106,Scale,Annual,2393.32,28,2024-01-16,,Active,,0.628,53,3,7500,6,2,20.5,0,5.0,0
CUST-10107,Data Pay 107,SMB,Fintech,United Kingdom,2024-01-16,SUB-20107,Starter,Annual,695.34,13,2024-01-16,,Active,,0.854,62,3,9254,11,5,3.4,0,4.6,0
CUST-10108,Nova Works 107,Mid-Market,SaaS / Tech,United States,2024-01-16,SUB-20108,Growth,Monthly,2666.81,70,2024-01-16,,Active,,1.0,72,6,77820,4,6,64.9,1,1.3,0
CUST-10109,Pulse Security 107,Enterprise,Cybersecurity,United States,2024-01-16,SUB-20109,Scale,Annual,6738.7,121,2024-01-16,,Active,,0.477,47,4,12868,11,1,8.1,0,4.3,0
CUST-10110,Stratum Analytics 107,Mid-Market,Cybersecurity,United States,2024-01-16,SUB-20110,Growth,Annual,1718.7,75,2024-01-16,,Active,,0.513,100,2,6631,2,4,23.8,0,4.1,0
CUST-10111,Sync Tech 107,Mid-Market,Logistics & Supply Chain,United States,2024-01-16,SUB-20111,Growth,Monthly,1164.28,36,2024-01-16,,Active,,0.734,82,4,11954,4,6,7.5,0,4.1,0
CUST-10112,Vanguard Sphere 107,SMB,E-Commerce,Canada,2024-01-16,SUB-20112,Starter,Monthly,661.53,24,2024-01-16,,Active,,0.811,53,1,74024,13,4,7.1,0,4.5,0
CUST-10113,Omni Labs 107,SMB,SaaS / Tech,United States,2024-01-17,SUB-20113,Starter,Monthly,513.76,17,2024-01-17,2024-12-30,Churned,Competitor Alternative,1.0,80,4,21297,10,1,13.6,0,4.2,1
CUST-10114,Hyper Flow 107,SMB,Healthcare,United States,2024-01-17,SUB-20114,Starter,Monthly,363.22,13,2024-01-17,,Active,,0.524,64,3,10792,2,5,17.6,0,5.0,0
CUST-10115,Zenith Corp 107,SMB,E-Commerce,United States,2024-01-17,SUB-20115,Starter,Annual,346.48,6,2024-01-17,2024-04-02,Churned,Support / SLA Frustration,0.59,85,5,5348,2,4,76.4,2,2.5,1
CUST-10116,Quantum Stack 107,SMB,E-Commerce,United States,2024-01-17,SUB-20116,Growth,Annual,282.87,22,2024-01-17,,Active,,0.611,34,4,68020,15,4,11.0,0,5.0,0
CUST-10117,Nexus AI 107,Mid-Market,E-Commerce,United Kingdom,2024-01-17,SUB-20117,Growth,Annual,2014.27,33,2024-01-17,2024-06-26,Churned,Low Adoption & License Waste,0.908,100,2,7044,27,4,15.3,0,4.8,1
CUST-10118,Vertex Scale 107,SMB,SaaS / Tech,United States,2024-01-17,SUB-20118,Starter,Annual,396.08,21,2024-01-17,,Active,,0.899,53,2,3241,4,1,23.6,0,4.0,0
CUST-10119,Blue Systems 107,SMB,Healthcare,Canada,2024-01-18,SUB-20119,Starter,Monthly,246.37,11,2024-01-18,,Active,,0.452,55,3,6926,1,5,23.2,0,4.2,0
CUST-10120,Apex Logic 108,SMB,Healthcare,United States,2024-01-18,SUB-20120,Growth,Annual,660.5,14,2024-01-18,2025-01-02,Churned,Low Adoption & License Waste,0.166,69,4,39249,5,4,21.1,0,3.9,1
CUST-10121,Cloud Hub 108,SMB,Cybersecurity,United States,2024-01-18,SUB-20121,Growth,Monthly,333.47,20,2024-01-18,2024-06-03,Churned,Support / SLA Frustration,0.525,68,6,18932,4,2,106.8,0,1.4,1
CUST-10122,Data Pay 108,Mid-Market,Fintech,India,2024-01-18,SUB-20122,Scale,Annual,3721.33,31,2024-01-18,,Active,,0.439,44,3,22716,7,1,5.9,0,4.2,0
CUST-10123,Nova Works 108,Enterprise,E-Commerce,Canada,2024-01-18,SUB-20123,Scale,Annual,14257.0,484,2024-01-18,,Active,,0.728,43,3,6500,0,3,15.3,0,3.8,0
CUST-10124,Pulse Security 108,Mid-Market,Cybersecurity,United States,2024-01-18,SUB-20124,Growth,Annual,2648.4,46,2024-01-18,,Active,,0.691,38,4,13245,2,1,5.6,0,4.3,0
CUST-10125,Stratum Analytics 108,Mid-Market,E-Commerce,Germany,2024-01-19,SUB-20125,Growth,Annual,1087.09,61,2024-01-19,2024-12-23,Churned,Leadership Transition,0.439,76,5,110841,1,3,4.5,0,4.2,1
CUST-10126,Sync Tech 108,SMB,E-Commerce,United States,2024-01-19,SUB-20126,Starter,Monthly,526.77,8,2024-01-19,2024-12-22,Churned,Support / SLA Frustration,0.721,87,5,71956,7,4,103.1,1,2.7,1
CUST-10127,Vanguard Sphere 108,SMB,Fintech,Germany,2024-01-19,SUB-20127,Starter,Monthly,232.74,18,2024-01-19,,Active,,0.745,65,1,24366,10,5,19.1,0,4.4,0
CUST-10128,Omni Labs 108,Enterprise,Healthcare,United Kingdom,2024-01-19,SUB-20128,Enterprise Plus,Annual,12690.2,263,2024-01-19,,Active,,0.432,96,3,65013,0,4,110.4,3,2.9,0
CUST-10129,Hyper Flow 108,SMB,Logistics & Supply Chain,Canada,2024-01-19,SUB-20129,Starter,Monthly,730.47,14,2024-01-19,,Active,,0.676,88,4,14155,9,3,4.0,0,4.1,0
CUST-10130,Zenith Corp 108,Mid-Market,E-Commerce,Australia,2024-01-19,SUB-20130,Growth,Monthly,1284.12,82,2024-01-19,,Active,,1.0,52,6,23063,0,1,23.7,0,4.8,0
CUST-10131,Quantum Stack 108,Mid-Market,E-Commerce,United States,2024-01-19,SUB-20131,Scale,Annual,3732.9,98,2024-01-19,,Active,,0.202,59,4,4551,4,2,12.7,0,4.7,0
CUST-10132,Nexus AI 108,Enterprise,Fintech,United Kingdom,2024-01-19,SUB-20132,Enterprise Plus,Annual,7822.0,332,2024-01-19,,Active,,0.454,72,3,63847,2,5,5.0,0,4.8,0
CUST-10133,Vertex Scale 108,Mid-Market,Fintech,United States,2024-01-19,SUB-20133,Growth,Annual,2128.66,74,2024-01-19,2024-07-10,Churned,Support / SLA Frustration,0.995,76,3,21471,2,3,96.8,1,1.8,1
CUST-10134,Blue Systems 108,SMB,Cybersecurity,United States,2024-01-20,SUB-20134,Starter,Monthly,131.21,19,2024-01-20,,Active,,0.485,59,4,17949,13,4,20.8,0,4.8,0
CUST-10135,Apex Logic 109,Mid-Market,Healthcare,United States,2024-01-20,SUB-20135,Scale,Annual,3697.74,26,2024-01-20,,Active,,0.689,65,6,5795,8,3,13.0,0,3.9,0
CUST-10136,Cloud Hub 109,SMB,E-Commerce,United States,2024-01-20,SUB-20136,Starter,Monthly,616.37,5,2024-01-20,,Active,,0.448,51,4,2951,9,2,97.3,1,3.2,0
CUST-10137,Data Pay 109,SMB,Fintech,United Kingdom,2024-01-20,SUB-20137,Growth,Monthly,473.68,14,2024-01-20,,Active,,0.426,17,2,546,10,6,18.1,0,4.2,0
CUST-10138,Nova Works 109,Mid-Market,SaaS / Tech,United Kingdom,2024-01-20,SUB-20138,Growth,Monthly,2087.2,82,2024-01-20,2024-09-29,Churned,Support / SLA Frustration,0.065,61,6,15931,1,3,77.1,2,1.5,1
CUST-10139,Pulse Security 109,SMB,Cybersecurity,United Kingdom,2024-01-21,SUB-20139,Starter,Monthly,183.89,7,2024-01-21,2024-11-26,Churned,Low Adoption & License Waste,0.284,46,2,121116,2,2,10.3,0,4.6,1
CUST-10140,Stratum Analytics 109,SMB,E-Commerce,United States,2024-01-21,SUB-20140,Starter,Annual,461.04,20,2024-01-21,,Active,,0.819,58,2,20401,5,5,11.1,0,4.6,0
CUST-10141,Sync Tech 109,Mid-Market,Fintech,United States,2024-01-21,SUB-20141,Scale,Monthly,2873.81,50,2024-01-21,,Active,,0.241,58,4,43209,1,4,62.8,1,3.1,0
CUST-10142,Vanguard Sphere 109,Mid-Market,E-Commerce,India,2024-01-21,SUB-20142,Growth,Annual,2965.12,37,2024-01-21,,Active,,0.512,57,5,35692,6,2,14.2,0,4.2,0
CUST-10143,Omni Labs 109,Mid-Market,SaaS / Tech,United States,2024-01-21,SUB-20143,Growth,Monthly,3632.91,70,2024-01-21,,Active,,1.0,61,3,18194,2,3,18.0,0,4.7,0
CUST-10144,Hyper Flow 109,Mid-Market,Healthcare,United Kingdom,2024-01-21,SUB-20144,Scale,Monthly,2342.57,78,2024-01-21,,Active,,0.783,61,3,36705,5,4,3.3,0,4.9,0
CUST-10145,Zenith Corp 109,Enterprise,Logistics & Supply Chain,Canada,2024-01-21,SUB-20145,Enterprise Plus,Annual,9037.76,189,2024-01-21,,Active,,0.974,48,3,7745,17,4,11.9,0,4.4,0
CUST-10146,Quantum Stack 109,SMB,E-Commerce,Canada,2024-01-21,SUB-20146,Starter,Monthly,337.48,12,2024-01-21,,Active,,0.965,67,3,55408,4,3,19.9,0,4.1,0
CUST-10147,Nexus AI 109,SMB,Logistics & Supply Chain,United Kingdom,2024-01-22,SUB-20147,Growth,Monthly,457.33,22,2024-01-22,2024-12-01,Churned,Support / SLA Frustration,0.59,64,5,4721,6,3,96.5,2,2.3,1
CUST-10148,Vertex Scale 109,Enterprise,E-Commerce,Germany,2024-01-22,SUB-20148,Enterprise Plus,Annual,5656.2,171,2024-01-22,,Active,,0.507,58,2,17538,9,0,4.0,0,4.7,0
CUST-10149,Blue Systems 109,Mid-Market,Fintech,United States,2024-01-22,SUB-20149,Growth,Annual,3700.63,97,2024-01-22,,Active,,0.587,52,7,3665,18,1,17.3,0,4.6,0
CUST-10150,Apex Logic 110,SMB,Healthcare,India,2024-01-22,SUB-20150,Growth,Monthly,727.34,18,2024-01-22,,Active,,0.495,48,6,104119,20,1,10.3,0,3.8,0
CUST-10151,Cloud Hub 110,Mid-Market,Fintech,United States,2024-01-23,SUB-20151,Growth,Monthly,947.92,35,2024-01-23,,Active,,0.845,65,5,5058,5,5,85.2,3,1.5,0
CUST-10152,Data Pay 110,Enterprise,Cybersecurity,United States,2024-01-23,SUB-20152,Enterprise Plus,Annual,9416.63,300,2024-01-23,,Active,,0.173,56,6,28597,16,4,23.8,0,4.6,0
CUST-10153,Nova Works 110,Mid-Market,SaaS / Tech,United States,2024-01-23,SUB-20153,Scale,Monthly,2054.63,34,2024-01-23,2024-08-22,Churned,Leadership Transition,0.606,34,3,3772,6,7,2.5,0,4.5,1
CUST-10154,Pulse Security 110,SMB,SaaS / Tech,Canada,2024-01-23,SUB-20154,Starter,Monthly,395.54,14,2024-01-23,,Active,,0.62,75,4,4389,6,3,10.2,0,4.9,0
CUST-10155,Stratum Analytics 110,Mid-Market,Healthcare,United States,2024-01-23,SUB-20155,Growth,Monthly,2651.39,77,2024-01-23,,Active,,0.93,58,4,13239,9,5,11.4,0,3.9,0
CUST-10156,Sync Tech 110,SMB,Fintech,United States,2024-01-23,SUB-20156,Starter,Annual,706.51,23,2024-01-23,,Active,,0.319,76,3,56735,4,4,4.0,0,4.7,0
CUST-10157,Vanguard Sphere 110,SMB,SaaS / Tech,United States,2024-01-23,SUB-20157,Growth,Monthly,633.6,18,2024-01-23,2024-09-20,Churned,Support / SLA Frustration,0.417,56,5,39320,8,3,51.4,2,2.0,1
CUST-10158,Omni Labs 110,Mid-Market,E-Commerce,India,2024-01-23,SUB-20158,Scale,Monthly,1289.67,54,2024-01-23,2024-12-12,Churned,Support / SLA Frustration,0.539,45,2,6335,7,2,110.6,0,2.2,1
CUST-10159,Hyper Flow 110,SMB,Fintech,Germany,2024-01-24,SUB-20159,Growth,Monthly,666.73,6,2024-01-24,,Active,,0.874,100,2,28696,33,2,11.3,0,4.6,0
CUST-10160,Zenith Corp 110,Mid-Market,E-Commerce,United Kingdom,2024-01-24,SUB-20160,Growth,Annual,1049.65,33,2024-01-24,,Active,,0.92,98,4,11605,0,4,20.7,0,5.0,0
CUST-10161,Quantum Stack 110,SMB,Fintech,United Kingdom,2024-01-24,SUB-20161,Starter,Monthly,159.94,10,2024-01-24,,Active,,0.531,89,2,53635,0,5,87.6,2,1.4,0
CUST-10162,Nexus AI 110,SMB,Healthcare,United States,2024-01-24,SUB-20162,Starter,Monthly,510.79,17,2024-01-24,2024-07-12,Churned,Support / SLA Frustration,0.295,75,5,65833,0,3,55.2,0,2.5,1
CUST-10163,Vertex Scale 110,SMB,E-Commerce,United States,2024-01-24,SUB-20163,Starter,Annual,573.8,21,2024-01-24,2024-05-15,Churned,Support / SLA Frustration,1.0,40,4,19738,11,6,81.7,2,3.1,1
CUST-10164,Blue Systems 110,Enterprise,Fintech,India,2024-01-24,SUB-20164,Scale,Annual,7857.66,167,2024-01-24,,Active,,0.657,83,3,658,11,3,15.5,0,4.6,0
CUST-10165,Apex Logic 111,SMB,Cybersecurity,United States,2024-01-24,SUB-20165,Growth,Monthly,256.2,11,2024-01-24,2024-10-10,Churned,Support / SLA Frustration,0.887,42,2,2509,10,7,95.6,2,1.8,1
CUST-10166,Cloud Hub 111,Mid-Market,Fintech,United States,2024-01-24,SUB-20166,Scale,Monthly,3451.85,59,2024-01-24,,Active,,0.64,16,4,36889,14,3,19.9,0,4.1,0
CUST-10167,Data Pay 111,Mid-Market,Fintech,United States,2024-01-24,SUB-20167,Scale,Annual,1125.36,55,2024-01-24,2024-03-31,Churned,Low Adoption & License Waste,0.319,66,5,115714,2,7,21.3,0,4.2,1
CUST-10168,Nova Works 111,Enterprise,Fintech,United States,2024-01-24,SUB-20168,Enterprise Plus,Annual,15947.33,160,2024-01-24,2024-12-26,Churned,Support / SLA Frustration,0.745,62,7,36412,7,6,49.6,3,1.8,1
CUST-10169,Pulse Security 111,SMB,SaaS / Tech,United States,2024-01-24,SUB-20169,Starter,Annual,375.04,5,2024-01-24,,Active,,0.787,81,7,16809,33,1,108.3,0,2.4,0
CUST-10170,Stratum Analytics 111,SMB,Healthcare,United Kingdom,2024-01-24,SUB-20170,Starter,Monthly,421.24,15,2024-01-24,,Active,,0.557,62,3,19519,0,2,9.1,0,4.9,0
CUST-10171,Sync Tech 111,Enterprise,E-Commerce,United States,2024-01-25,SUB-20171,Scale,Annual,11371.56,226,2024-01-25,2024-08-11,Churned,Support / SLA Frustration,0.849,79,4,32566,1,4,69.4,1,1.7,1
CUST-10172,Vanguard Sphere 111,SMB,Fintech,United Kingdom,2024-01-25,SUB-20172,Growth,Monthly,329.33,23,2024-01-25,2024-09-29,Churned,Support / SLA Frustration,0.681,10,2,2539,16,2,108.8,0,2.5,1
CUST-10173,Omni Labs 111,Mid-Market,Fintech,United States,2024-01-26,SUB-20173,Scale,Monthly,2907.48,53,2024-01-26,,Active,,1.0,97,5,7373,8,4,15.5,0,3.8,0
CUST-10174,Hyper Flow 111,SMB,Healthcare,United States,2024-01-26,SUB-20174,Starter,Monthly,737.91,17,2024-01-26,,Active,,0.643,92,5,47388,3,3,13.1,0,4.4,0
CUST-10175,Zenith Corp 111,Mid-Market,Logistics & Supply Chain,United States,2024-01-26,SUB-20175,Scale,Annual,2080.17,92,2024-01-26,,Active,,0.714,90,5,1115,5,3,12.0,0,4.7,0
CUST-10176,Quantum Stack 111,SMB,Logistics & Supply Chain,Canada,2024-01-26,SUB-20176,Growth,Monthly,608.1,13,2024-01-26,,Active,,0.852,45,3,11226,8,5,19.6,0,4.0,0
CUST-10177,Nexus AI 111,Mid-Market,Fintech,United States,2024-01-26,SUB-20177,Growth,Monthly,2499.78,44,2024-01-26,2024-06-20,Churned,Low Adoption & License Waste,0.381,76,4,132921,2,1,2.4,0,4.1,1
CUST-10178,Vertex Scale 111,SMB,E-Commerce,United Kingdom,2024-01-26,SUB-20178,Starter,Monthly,180.93,19,2024-01-26,2024-07-15,Churned,Support / SLA Frustration,1.0,76,1,5037,0,7,69.2,3,1.4,1
CUST-10179,Blue Systems 111,Enterprise,Cybersecurity,Canada,2024-01-26,SUB-20179,Scale,Annual,15362.4,287,2024-01-26,,Active,,0.959,60,4,24922,0,9,59.4,2,1.5,0
CUST-10180,Apex Logic 112,Mid-Market,Healthcare,United Kingdom,2024-01-26,SUB-20180,Scale,Annual,3677.15,40,2024-01-26,,Active,,0.74,55,3,15926,3,3,10.4,0,4.3,0
CUST-10181,Cloud Hub 112,Enterprise,Logistics & Supply Chain,United States,2024-01-26,SUB-20181,Scale,Monthly,14654.74,192,2024-01-26,,Active,,0.722,100,5,8810,3,4,8.6,0,3.9,0
CUST-10182,Data Pay 112,SMB,Fintech,United States,2024-01-27,SUB-20182,Growth,Monthly,719.17,15,2024-01-27,,Active,,0.688,87,7,51259,10,2,16.6,0,4.1,0
CUST-10183,Nova Works 112,SMB,Cybersecurity,United States,2024-01-27,SUB-20183,Starter,Monthly,330.97,15,2024-01-27,,Active,,1.0,50,3,12409,2,5,2.5,0,4.6,0
CUST-10184,Pulse Security 112,Mid-Market,SaaS / Tech,United Kingdom,2024-01-27,SUB-20184,Growth,Annual,1655.26,40,2024-01-27,,Active,,0.653,60,7,10425,4,8,4.5,0,3.9,0
CUST-10185,Stratum Analytics 112,SMB,Cybersecurity,United States,2024-01-27,SUB-20185,Growth,Monthly,601.12,24,2024-01-27,2024-09-03,Churned,Competitor Alternative,0.411,74,2,13598,11,4,18.2,0,4.8,1
CUST-10186,Sync Tech 112,SMB,SaaS / Tech,Germany,2024-01-28,SUB-20186,Starter,Monthly,316.41,8,2024-01-28,,Active,,0.392,25,2,4763,9,2,68.2,1,2.7,0
CUST-10187,Vanguard Sphere 112,SMB,Healthcare,Germany,2024-01-28,SUB-20187,Starter,Monthly,684.08,16,2024-01-28,,Active,,0.753,86,2,3062,10,3,5.2,0,3.9,0
CUST-10188,Omni Labs 112,SMB,Cybersecurity,United States,2024-01-28,SUB-20188,Starter,Monthly,438.67,8,2024-01-28,,Active,,0.056,73,6,12547,1,4,20.0,0,3.8,0
CUST-10189,Hyper Flow 112,Mid-Market,Healthcare,United States,2024-01-28,SUB-20189,Growth,Monthly,3343.61,69,2024-01-28,,Active,,0.986,82,3,2209,4,5,13.3,0,3.8,0
CUST-10190,Zenith Corp 112,Enterprise,Healthcare,United Kingdom,2024-01-28,SUB-20190,Enterprise Plus,Annual,10840.26,400,2024-01-28,2024-09-25,Churned,Support / SLA Frustration,0.46,50,6,24564,9,3,68.3,0,1.7,1
CUST-10191,Quantum Stack 112,SMB,SaaS / Tech,United States,2024-01-29,SUB-20191,Starter,Annual,706.77,21,2024-01-29,,Active,,0.703,100,5,14658,15,6,69.7,4,3.0,0
CUST-10192,Nexus AI 112,SMB,SaaS / Tech,United States,2024-01-29,SUB-20192,Starter,Annual,211.29,7,2024-01-29,,Active,,1.0,70,1,7074,0,7,7.8,0,4.6,0
CUST-10193,Vertex Scale 112,SMB,Cybersecurity,India,2024-01-29,SUB-20193,Starter,Annual,650.86,24,2024-01-29,,Active,,0.759,48,6,12824,15,8,12.7,0,4.2,0
CUST-10194,Blue Systems 112,Mid-Market,Fintech,United States,2024-01-29,SUB-20194,Growth,Annual,2963.83,95,2024-01-29,,Active,,0.505,70,3,20613,4,4,18.8,0,4.7,0
CUST-10195,Apex Logic 113,Mid-Market,SaaS / Tech,India,2024-01-29,SUB-20195,Scale,Annual,1390.31,81,2024-01-29,2024-08-08,Churned,Support / SLA Frustration,0.873,59,4,6433,0,1,101.8,0,2.3,1
CUST-10196,Cloud Hub 113,SMB,SaaS / Tech,Canada,2024-01-30,SUB-20196,Starter,Annual,436.3,20,2024-01-30,,Active,,0.926,62,7,4750,1,9,15.4,0,4.9,0
CUST-10197,Data Pay 113,SMB,Fintech,Canada,2024-01-30,SUB-20197,Starter,Monthly,153.37,20,2024-01-30,,Active,,0.828,88,4,1595,4,6,18.7,0,3.9,0
CUST-10198,Nova Works 113,SMB,Healthcare,United States,2024-01-30,SUB-20198,Starter,Monthly,574.19,20,2024-01-30,,Active,,0.686,55,6,4227,1,3,6.1,0,4.5,0
CUST-10199,Pulse Security 113,SMB,Healthcare,United States,2024-01-30,SUB-20199,Growth,Monthly,552.19,17,2024-01-30,2024-04-30,Churned,Price / Budget Cuts,0.858,69,4,11503,3,3,20.5,0,4.0,1
CUST-10200,Stratum Analytics 113,SMB,Healthcare,United Kingdom,2024-01-30,SUB-20200,Starter,Monthly,122.0,10,2024-01-30,,Active,,0.525,65,3,30906,3,4,57.0,2,3.0,0
CUST-10201,Sync Tech 113,Enterprise,Cybersecurity,United States,2024-01-31,SUB-20201,Enterprise Plus,Annual,16756.2,359,2024-01-31,,Active,,0.88,56,4,55674,1,3,22.6,0,4.5,0
CUST-10202,Vanguard Sphere 113,Mid-Market,E-Commerce,United States,2024-01-31,SUB-20202,Growth,Monthly,2207.57,66,2024-01-31,,Active,,0.934,80,1,95808,1,5,12.1,0,4.8,0
CUST-10203,Omni Labs 113,SMB,SaaS / Tech,United States,2024-01-31,SUB-20203,Starter,Monthly,207.44,18,2024-01-31,,Active,,0.81,47,4,556,1,2,3.8,0,4.4,0
CUST-10204,Hyper Flow 113,SMB,Cybersecurity,United States,2024-01-31,SUB-20204,Starter,Monthly,414.73,9,2024-01-31,,Active,,0.852,45,6,18072,6,7,8.4,0,4.2,0
CUST-10205,Zenith Corp 113,Enterprise,Healthcare,United States,2024-02-01,SUB-20205,Enterprise Plus,Annual,16183.13,304,2024-02-01,,Active,,0.622,100,6,7037,2,5,2.4,0,4.8,0
CUST-10206,Quantum Stack 113,Enterprise,Logistics & Supply Chain,Canada,2024-02-01,SUB-20206,Enterprise Plus,Annual,17550.42,212,2024-02-01,2024-11-14,Churned,Support / SLA Frustration,0.725,56,7,6278,3,3,59.8,1,2.3,1
CUST-10207,Nexus AI 113,SMB,Healthcare,United States,2024-02-01,SUB-20207,Starter,Monthly,675.09,15,2024-02-01,,Active,,0.646,76,2,47601,8,8,22.6,0,4.8,0
CUST-10208,Vertex Scale 113,Enterprise,Logistics & Supply Chain,United States,2024-02-01,SUB-20208,Enterprise Plus,Annual,7317.46,262,2024-02-01,2024-03-15,Churned,Support / SLA Frustration,0.535,87,4,127919,3,3,63.4,2,1.2,1
CUST-10209,Blue Systems 113,Mid-Market,Fintech,United Kingdom,2024-02-01,SUB-20209,Growth,Annual,3105.32,68,2024-02-01,2024-05-30,Churned,Low Adoption & License Waste,0.376,98,3,39297,11,6,4.8,0,4.3,1
CUST-10210,Apex Logic 114,SMB,Cybersecurity,Australia,2024-02-01,SUB-20210,Starter,Monthly,306.98,24,2024-02-01,2024-11-23,Churned,Support / SLA Frustration,0.786,75,2,28011,10,4,67.9,2,1.9,1
CUST-10211,Cloud Hub 114,SMB,Fintech,United States,2024-02-01,SUB-20211,Growth,Monthly,631.01,9,2024-02-01,,Active,,1.0,41,2,11028,4,6,21.7,0,4.1,0
CUST-10212,Data Pay 114,SMB,Healthcare,United States,2024-02-01,SUB-20212,Starter,Annual,283.6,17,2024-02-01,,Active,,0.775,41,3,67577,11,5,15.3,0,4.8,0
CUST-10213,Nova Works 114,Mid-Market,SaaS / Tech,United Kingdom,2024-02-01,SUB-20213,Growth,Monthly,3564.15,53,2024-02-01,2024-03-06,Churned,Low Adoption & License Waste,0.39,72,6,50835,9,3,10.3,0,4.9,1
CUST-10214,Pulse Security 114,SMB,Healthcare,India,2024-02-02,SUB-20214,Starter,Monthly,675.79,18,2024-02-02,2024-08-10,Churned,Price / Budget Cuts,0.737,81,5,44740,15,3,7.0,0,4.1,1
CUST-10215,Stratum Analytics 114,Mid-Market,E-Commerce,Canada,2024-02-02,SUB-20215,Growth,Annual,2144.0,96,2024-02-02,2024-07-02,Churned,Low Adoption & License Waste,0.103,86,5,10155,3,2,20.6,0,4.1,1
CUST-10216,Sync Tech 114,Mid-Market,Healthcare,United Kingdom,2024-02-02,SUB-20216,Growth,Annual,3453.79,92,2024-02-02,2024-11-28,Churned,Leadership Transition,0.753,74,3,1507,0,3,3.9,0,5.0,1
CUST-10217,Vanguard Sphere 114,SMB,SaaS / Tech,United States,2024-02-02,SUB-20217,Growth,Monthly,535.64,16,2024-02-02,,Active,,0.741,89,7,71982,7,3,16.0,0,4.2,0
CUST-10218,Omni Labs 114,SMB,Fintech,United Kingdom,2024-02-02,SUB-20218,Starter,Monthly,128.58,11,2024-02-02,,Active,,0.519,57,4,26994,4,4,13.4,0,4.3,0
CUST-10219,Hyper Flow 114,SMB,Fintech,United States,2024-02-02,SUB-20219,Growth,Monthly,712.09,10,2024-02-02,,Active,,0.959,38,2,28505,6,2,14.4,0,4.2,0
CUST-10220,Zenith Corp 114,SMB,Healthcare,United Kingdom,2024-02-02,SUB-20220,Starter,Monthly,599.82,15,2024-02-02,,Active,,0.707,10,3,228504,4,7,23.4,0,4.4,0
CUST-10221,Quantum Stack 114,SMB,E-Commerce,Canada,2024-02-02,SUB-20221,Growth,Annual,700.98,8,2024-02-02,2024-07-23,Churned,Support / SLA Frustration,0.774,50,4,21794,5,4,79.1,3,1.7,1
CUST-10222,Nexus AI 114,Enterprise,Fintech,Australia,2024-02-02,SUB-20222,Enterprise Plus,Annual,15742.22,368,2024-02-02,,Active,,0.878,66,3,80738,7,4,14.1,0,4.1,0
CUST-10223,Vertex Scale 114,Mid-Market,Healthcare,United States,2024-02-02,SUB-20223,Growth,Monthly,1612.0,43,2024-02-02,,Active,,0.867,36,3,7204,6,2,22.5,0,4.7,0
CUST-10224,Blue Systems 114,Mid-Market,Healthcare,United States,2024-02-02,SUB-20224,Scale,Annual,1543.9,62,2024-02-02,,Active,,0.758,76,5,97257,8,4,8.3,0,4.2,0
CUST-10225,Apex Logic 115,Mid-Market,Fintech,United Kingdom,2024-02-02,SUB-20225,Scale,Annual,2488.24,78,2024-02-02,2024-10-20,Churned,Low Adoption & License Waste,0.823,80,3,10217,32,6,4.6,0,4.3,1
CUST-10226,Cloud Hub 115,SMB,E-Commerce,Canada,2024-02-03,SUB-20226,Growth,Monthly,614.32,18,2024-02-03,2024-05-18,Churned,Low Adoption & License Waste,0.377,50,5,3391,18,2,9.6,0,3.9,1
CUST-10227,Data Pay 115,Mid-Market,Logistics & Supply Chain,Canada,2024-02-03,SUB-20227,Growth,Annual,2958.24,99,2024-02-03,,Active,,0.436,47,2,1679,1,0,4.0,0,4.9,0
CUST-10228,Nova Works 115,SMB,Fintech,United States,2024-02-03,SUB-20228,Growth,Annual,432.64,17,2024-02-03,2024-12-22,Churned,Support / SLA Frustration,0.294,45,6,14941,2,9,74.9,3,2.8,1
CUST-10229,Pulse Security 115,SMB,E-Commerce,United States,2024-02-03,SUB-20229,Starter,Monthly,471.61,9,2024-02-03,,Active,,0.542,78,1,9498,5,0,4.0,0,4.7,0
CUST-10230,Stratum Analytics 115,SMB,SaaS / Tech,United Kingdom,2024-02-03,SUB-20230,Growth,Monthly,269.21,11,2024-02-03,2024-03-24,Churned,Price / Budget Cuts,0.613,59,3,16729,15,2,24.0,0,4.8,1
CUST-10231,Sync Tech 115,SMB,Healthcare,United States,2024-02-03,SUB-20231,Growth,Monthly,375.24,5,2024-02-03,,Active,,0.686,55,5,2518,5,7,5.5,0,4.7,0
CUST-10232,Vanguard Sphere 115,SMB,SaaS / Tech,Germany,2024-02-03,SUB-20232,Starter,Monthly,516.35,16,2024-02-03,,Active,,0.709,52,3,3232,1,1,13.2,0,4.0,0
CUST-10233,Omni Labs 115,Mid-Market,Healthcare,United States,2024-02-04,SUB-20233,Scale,Monthly,955.19,32,2024-02-04,2025-01-06,Churned,Support / SLA Frustration,0.877,76,5,6019,7,3,82.8,1,1.4,1
CUST-10234,Hyper Flow 115,Mid-Market,E-Commerce,Canada,2024-02-04,SUB-20234,Growth,Annual,1118.43,73,2024-02-04,2024-09-25,Churned,Internal Restructuring,0.92,62,5,2901,1,4,2.7,0,4.8,1
CUST-10235,Zenith Corp 115,SMB,Fintech,United Kingdom,2024-02-04,SUB-20235,Growth,Monthly,634.74,18,2024-02-04,2024-11-28,Churned,Support / SLA Frustration,0.672,74,5,9611,5,3,103.1,1,2.3,1
CUST-10236,Quantum Stack 115,Mid-Market,SaaS / Tech,Canada,2024-02-04,SUB-20236,Scale,Annual,3779.72,38,2024-02-04,2024-04-28,Churned,Support / SLA Frustration,0.353,81,5,56645,1,4,81.3,1,1.7,1
CUST-10237,Nexus AI 115,Enterprise,SaaS / Tech,United States,2024-02-04,SUB-20237,Scale,Annual,17666.99,495,2024-02-04,,Active,,0.529,75,2,18254,4,7,14.3,0,3.9,0
CUST-10238,Vertex Scale 115,SMB,Fintech,Germany,2024-02-04,SUB-20238,Growth,Monthly,447.64,24,2024-02-04,,Active,,0.837,69,3,2838,3,4,13.1,0,4.8,0
CUST-10239,Blue Systems 115,Mid-Market,Healthcare,United States,2024-02-04,SUB-20239,Scale,Monthly,1818.0,50,2024-02-04,,Active,,0.412,51,2,3242,8,4,116.0,3,2.9,0
CUST-10240,Apex Logic 116,SMB,Cybersecurity,United Kingdom,2024-02-04,SUB-20240,Growth,Annual,715.93,15,2024-02-04,,Active,,0.818,77,4,8114,6,4,77.5,3,1.5,0
CUST-10241,Cloud Hub 116,SMB,Healthcare,United States,2024-02-05,SUB-20241,Growth,Monthly,571.05,14,2024-02-05,,Active,,1.0,77,4,86691,14,7,14.8,0,3.9,0
CUST-10242,Data Pay 116,SMB,E-Commerce,United States,2024-02-05,SUB-20242,Starter,Monthly,729.28,18,2024-02-05,2024-05-28,Churned,Support / SLA Frustration,0.405,39,5,30965,1,7,86.5,2,2.0,1
CUST-10243,Nova Works 116,Mid-Market,Cybersecurity,United States,2024-02-05,SUB-20243,Growth,Monthly,1752.69,52,2024-02-05,,Active,,0.853,73,6,15303,12,4,4.5,0,4.4,0
CUST-10244,Pulse Security 116,Enterprise,SaaS / Tech,United States,2024-02-06,SUB-20244,Scale,Monthly,8362.51,203,2024-02-06,,Active,,1.0,45,7,1534,3,2,12.6,0,4.5,0
CUST-10245,Stratum Analytics 116,SMB,E-Commerce,Australia,2024-02-06,SUB-20245,Growth,Monthly,208.88,20,2024-02-06,,Active,,0.507,60,7,47500,2,6,12.7,0,4.1,0
CUST-10246,Sync Tech 116,Mid-Market,SaaS / Tech,United States,2024-02-06,SUB-20246,Scale,Annual,3293.12,66,2024-02-06,,Active,,0.648,86,3,6083,8,6,5.1,0,4.1,0
CUST-10247,Vanguard Sphere 116,SMB,Logistics & Supply Chain,Canada,2024-02-06,SUB-20247,Starter,Monthly,559.62,5,2024-02-06,,Active,,0.756,100,5,2697,2,2,11.3,0,4.5,0
CUST-10248,Omni Labs 116,SMB,E-Commerce,Australia,2024-02-06,SUB-20248,Growth,Annual,406.84,8,2024-02-06,,Active,,0.72,43,7,53150,3,2,14.1,0,5.0,0
CUST-10249,Hyper Flow 116,SMB,E-Commerce,United States,2024-02-06,SUB-20249,Growth,Monthly,406.08,13,2024-02-06,2024-07-16,Churned,Support / SLA Frustration,0.795,53,2,47447,0,7,93.7,4,1.8,1
CUST-10250,Zenith Corp 116,Mid-Market,Healthcare,Canada,2024-02-06,SUB-20250,Scale,Annual,3187.98,30,2024-02-06,,Active,,0.817,38,3,27511,1,1,3.6,0,4.5,0
CUST-10251,Quantum Stack 116,Mid-Market,Cybersecurity,United States,2024-02-06,SUB-20251,Growth,Monthly,3646.56,30,2024-02-06,,Active,,0.05,87,2,19820,0,2,48.4,0,3.0,0
CUST-10252,Nexus AI 116,SMB,SaaS / Tech,United States,2024-02-07,SUB-20252,Starter,Annual,523.93,12,2024-02-07,,Active,,0.937,98,4,18958,1,3,6.0,0,4.1,0
CUST-10253,Vertex Scale 116,Mid-Market,Fintech,United States,2024-02-07,SUB-20253,Scale,Annual,1469.6,47,2024-02-07,,Active,,0.643,100,6,63680,8,4,6.6,0,3.9,0
CUST-10254,Blue Systems 116,Mid-Market,Logistics & Supply Chain,India,2024-02-07,SUB-20254,Scale,Monthly,1260.19,95,2024-02-07,,Active,,0.549,60,4,5318,0,1,20.7,0,4.1,0
CUST-10255,Apex Logic 117,SMB,E-Commerce,United States,2024-02-07,SUB-20255,Starter,Monthly,450.25,9,2024-02-07,,Active,,0.733,88,6,5374,6,4,13.5,0,4.7,0
CUST-10256,Cloud Hub 117,SMB,Fintech,United Kingdom,2024-02-08,SUB-20256,Growth,Monthly,369.53,16,2024-02-08,,Active,,0.488,50,4,41298,4,8,21.0,0,4.6,0
CUST-10257,Data Pay 117,SMB,E-Commerce,United Kingdom,2024-02-08,SUB-20257,Starter,Monthly,314.69,21,2024-02-08,2024-12-17,Churned,Support / SLA Frustration,0.254,81,3,1916,9,2,109.0,0,2.6,1
CUST-10258,Nova Works 117,SMB,Healthcare,Germany,2024-02-08,SUB-20258,Starter,Annual,289.16,8,2024-02-08,,Active,,0.546,84,4,20960,0,3,5.4,0,4.6,0
CUST-10259,Pulse Security 117,Enterprise,Logistics & Supply Chain,United States,2024-02-08,SUB-20259,Enterprise Plus,Annual,14803.06,196,2024-02-08,,Active,,0.646,61,5,10969,6,5,7.8,0,4.2,0
CUST-10260,Stratum Analytics 117,SMB,Fintech,Canada,2024-02-08,SUB-20260,Growth,Monthly,741.34,24,2024-02-08,,Active,,0.43,94,4,25032,11,4,16.4,0,4.0,0
CUST-10261,Sync Tech 117,SMB,Logistics & Supply Chain,Canada,2024-02-08,SUB-20261,Growth,Monthly,363.47,20,2024-02-08,2025-01-18,Churned,Support / SLA Frustration,0.451,100,4,1898,13,3,109.6,2,2.3,1
CUST-10262,Vanguard Sphere 117,Enterprise,E-Commerce,United Kingdom,2024-02-08,SUB-20262,Enterprise Plus,Annual,11761.85,187,2024-02-08,,Active,,0.944,39,6,63927,10,8,64.0,3,2.8,0
CUST-10263,Omni Labs 117,SMB,Fintech,India,2024-02-08,SUB-20263,Starter,Monthly,482.73,16,2024-02-08,,Active,,0.908,100,6,4482,3,3,2.8,0,4.8,0
CUST-10264,Hyper Flow 117,SMB,Cybersecurity,Germany,2024-02-08,SUB-20264,Growth,Monthly,653.13,11,2024-02-08,,Active,,0.568,32,3,938,3,4,23.3,0,4.5,0
CUST-10265,Zenith Corp 117,SMB,E-Commerce,United States,2024-02-08,SUB-20265,Starter,Monthly,295.6,12,2024-02-08,,Active,,0.794,52,1,67421,7,6,20.0,0,4.5,0
CUST-10266,Quantum Stack 117,SMB,Healthcare,United States,2024-02-09,SUB-20266,Starter,Monthly,520.95,12,2024-02-09,,Active,,0.482,57,6,17022,1,1,4.2,0,4.6,0
CUST-10267,Nexus AI 117,SMB,E-Commerce,United States,2024-02-09,SUB-20267,Starter,Monthly,203.7,10,2024-02-09,,Active,,0.955,97,4,48561,3,5,16.2,0,4.3,0
CUST-10268,Vertex Scale 117,Mid-Market,Logistics & Supply Chain,United States,2024-02-09,SUB-20268,Growth,Annual,1605.81,26,2024-02-09,2024-03-28,Churned,Support / SLA Frustration,0.917,86,4,781,26,2,61.7,0,1.8,1
CUST-10269,Blue Systems 117,Mid-Market,Healthcare,United States,2024-02-09,SUB-20269,Growth,Monthly,1077.21,57,2024-02-09,2025-01-14,Churned,Leadership Transition,0.846,97,4,42348,3,6,19.3,0,4.1,1
CUST-10270,Apex Logic 118,SMB,Fintech,United States,2024-02-09,SUB-20270,Growth,Monthly,312.43,23,2024-02-09,,Active,,1.0,100,3,20108,0,3,22.3,0,4.1,0
CUST-10271,Cloud Hub 118,SMB,Fintech,United States,2024-02-09,SUB-20271,Starter,Annual,746.26,22,2024-02-09,,Active,,0.64,46,3,31182,12,2,11.9,0,3.9,0
CUST-10272,Data Pay 118,SMB,Healthcare,Australia,2024-02-09,SUB-20272,Starter,Monthly,542.87,8,2024-02-09,2024-05-15,Churned,Low Adoption & License Waste,0.302,99,2,11509,1,2,13.1,0,5.0,1
CUST-10273,Nova Works 118,SMB,SaaS / Tech,United States,2024-02-10,SUB-20273,Starter,Monthly,694.29,5,2024-02-10,2024-10-15,Churned,Competitor Alternative,0.489,50,3,18117,2,4,13.5,0,4.0,1
CUST-10274,Pulse Security 118,SMB,E-Commerce,India,2024-02-10,SUB-20274,Growth,Annual,421.28,17,2024-02-10,,Active,,0.751,100,5,16475,0,5,65.2,3,2.3,0
CUST-10275,Stratum Analytics 118,SMB,Fintech,United States,2024-02-10,SUB-20275,Starter,Annual,383.72,16,2024-02-10,,Active,,0.591,76,3,30850,4,3,23.5,0,4.7,0
CUST-10276,Sync Tech 118,SMB,Fintech,United Kingdom,2024-02-10,SUB-20276,Starter,Annual,538.1,15,2024-02-10,,Active,,0.615,30,5,20790,1,5,18.9,0,4.4,0
CUST-10277,Vanguard Sphere 118,SMB,Healthcare,Germany,2024-02-10,SUB-20277,Starter,Monthly,695.0,5,2024-02-10,2024-06-12,Churned,Price / Budget Cuts,0.769,48,5,16922,7,7,11.2,0,4.2,1
CUST-10278,Omni Labs 118,SMB,Cybersecurity,United States,2024-02-10,SUB-20278,Starter,Annual,124.06,8,2024-02-10,,Active,,0.938,43,2,57385,7,4,9.5,0,4.4,0
CUST-10279,Hyper Flow 118,SMB,Healthcare,United States,2024-02-10,SUB-20279,Starter,Monthly,297.52,17,2024-02-10,,Active,,1.0,91,3,33995,9,4,75.7,2,1.8,0
CUST-10280,Zenith Corp 118,SMB,Cybersecurity,United States,2024-02-11,SUB-20280,Starter,Annual,443.98,20,2024-02-11,2024-07-28,Churned,Support / SLA Frustration,0.415,98,6,4007,10,10,93.8,3,2.5,1
CUST-10281,Quantum Stack 118,Mid-Market,E-Commerce,United States,2024-02-11,SUB-20281,Scale,Monthly,1881.82,84,2024-02-11,2024-03-22,Churned,Support / SLA Frustration,0.418,96,2,17781,4,5,82.9,1,1.7,1
CUST-10282,Nexus AI 118,Mid-Market,Fintech,India,2024-02-11,SUB-20282,Growth,Monthly,3650.31,26,2024-02-11,,Active,,0.862,95,4,46351,12,6,11.3,0,4.8,0
CUST-10283,Vertex Scale 118,Enterprise,Logistics & Supply Chain,Germany,2024-02-11,SUB-20283,Enterprise Plus,Annual,13973.97,170,2024-02-11,,Active,,0.675,57,3,8794,16,2,2.2,0,4.9,0
CUST-10284,Blue Systems 118,SMB,E-Commerce,United States,2024-02-11,SUB-20284,Growth,Monthly,223.53,5,2024-02-11,,Active,,0.588,58,5,55235,2,4,2.8,0,4.8,0
CUST-10285,Apex Logic 119,Enterprise,SaaS / Tech,United States,2024-02-11,SUB-20285,Enterprise Plus,Annual,6404.19,329,2024-02-11,,Active,,0.525,72,2,6391,0,5,19.3,0,4.1,0
CUST-10286,Cloud Hub 119,Mid-Market,Cybersecurity,United States,2024-02-11,SUB-20286,Scale,Monthly,2041.19,83,2024-02-11,2025-01-24,Churned,Support / SLA Frustration,0.695,76,6,5476,1,3,80.8,1,2.3,1
CUST-10287,Data Pay 119,SMB,Fintech,United States,2024-02-11,SUB-20287,Growth,Monthly,562.91,23,2024-02-11,,Active,,0.534,55,5,2936,11,5,10.4,0,4.6,0
CUST-10288,Nova Works 119,Mid-Market,Fintech,United Kingdom,2024-02-11,SUB-20288,Scale,Monthly,1548.94,65,2024-02-11,,Active,,0.831,89,4,23578,16,5,4.9,0,4.8,0
CUST-10289,Pulse Security 119,SMB,SaaS / Tech,United States,2024-02-11,SUB-20289,Starter,Monthly,748.0,5,2024-02-11,2024-10-17,Churned,Low Adoption & License Waste,0.391,69,2,4792,3,6,4.2,0,4.7,1
CUST-10290,Stratum Analytics 119,Enterprise,Healthcare,United Kingdom,2024-02-11,SUB-20290,Scale,Annual,14530.22,154,2024-02-11,,Active,,0.806,59,3,13597,12,5,15.2,0,4.1,0
CUST-10291,Sync Tech 119,Enterprise,Fintech,United States,2024-02-12,SUB-20291,Enterprise Plus,Annual,10673.82,186,2024-02-12,,Active,,0.362,69,3,14453,1,3,8.7,0,3.9,0
CUST-10292,Vanguard Sphere 119,SMB,Fintech,United States,2024-02-12,SUB-20292,Growth,Monthly,715.07,16,2024-02-12,,Active,,0.618,73,3,18290,1,4,55.4,2,2.5,0
CUST-10293,Omni Labs 119,Mid-Market,Fintech,United Kingdom,2024-02-12,SUB-20293,Growth,Annual,3768.31,79,2024-02-12,,Active,,0.542,52,6,1482,12,3,20.5,0,4.9,0
CUST-10294,Hyper Flow 119,Enterprise,SaaS / Tech,United States,2024-02-12,SUB-20294,Scale,Annual,10064.34,222,2024-02-12,,Active,,0.733,79,4,8327,2,2,22.8,0,3.9,0
CUST-10295,Zenith Corp 119,SMB,Fintech,Australia,2024-02-12,SUB-20295,Starter,Monthly,160.22,10,2024-02-12,,Active,,0.744,68,5,686,2,2,114.9,0,2.9,0
CUST-10296,Quantum Stack 119,SMB,E-Commerce,Germany,2024-02-12,SUB-20296,Starter,Annual,440.16,5,2024-02-12,,Active,,0.272,58,7,13460,7,5,8.7,0,4.1,0
CUST-10297,Nexus AI 119,Mid-Market,E-Commerce,United States,2024-02-12,SUB-20297,Growth,Monthly,1800.54,52,2024-02-12,,Active,,0.805,58,6,14651,17,4,11.5,0,4.5,0
CUST-10298,Vertex Scale 119,SMB,Healthcare,United States,2024-02-13,SUB-20298,Starter,Monthly,629.49,8,2024-02-13,,Active,,0.422,91,7,13625,8,2,16.2,0,4.5,0
CUST-10299,Blue Systems 119,Enterprise,Fintech,Germany,2024-02-13,SUB-20299,Enterprise Plus,Annual,14255.78,134,2024-02-13,2024-11-29,Churned,Low Adoption & License Waste,0.354,61,4,2592,18,1,6.0,0,4.0,1
CUST-10300,Apex Logic 120,Enterprise,SaaS / Tech,India,2024-02-13,SUB-20300,Scale,Annual,16152.31,333,2024-02-13,,Active,,0.435,67,1,16104,5,5,6.1,0,4.0,0
CUST-10301,Cloud Hub 120,SMB,Fintech,Germany,2024-02-13,SUB-20301,Starter,Annual,560.75,19,2024-02-13,,Active,,0.805,64,4,3053,17,4,11.9,0,4.0,0
CUST-10302,Data Pay 120,SMB,SaaS / Tech,United States,2024-02-13,SUB-20302,Starter,Annual,377.22,16,2024-02-13,2024-10-12,Churned,Support / SLA Frustration,0.917,76,5,16477,4,3,106.1,1,1.8,1
CUST-10303,Nova Works 120,SMB,Logistics & Supply Chain,Australia,2024-02-14,SUB-20303,Growth,Monthly,504.64,7,2024-02-14,2024-11-05,Churned,Support / SLA Frustration,0.589,81,2,55196,2,5,84.5,2,2.1,1
CUST-10304,Pulse Security 120,SMB,Healthcare,United States,2024-02-14,SUB-20304,Starter,Monthly,690.52,22,2024-02-14,2024-03-27,Churned,Low Adoption & License Waste,0.362,89,4,10867,3,5,6.4,0,3.8,1
CUST-10305,Stratum Analytics 120,SMB,E-Commerce,Canada,2024-02-14,SUB-20305,Starter,Monthly,656.2,18,2024-02-14,,Active,,1.0,67,5,6754,6,4,9.2,0,4.1,0
CUST-10306,Sync Tech 120,SMB,E-Commerce,India,2024-02-14,SUB-20306,Starter,Monthly,404.02,7,2024-02-14,,Active,,0.343,61,5,14988,8,8,10.9,0,4.7,0
CUST-10307,Vanguard Sphere 120,Mid-Market,Healthcare,United States,2024-02-14,SUB-20307,Growth,Monthly,2169.36,32,2024-02-14,2024-07-21,Churned,Low Adoption & License Waste,0.802,31,6,46746,40,12,14.1,0,3.9,1
CUST-10308,Omni Labs 120,SMB,Logistics & Supply Chain,India,2024-02-14,SUB-20308,Growth,Monthly,577.01,9,2024-02-14,,Active,,0.743,73,5,48538,4,4,7.4,0,4.8,0
CUST-10309,Hyper Flow 120,Mid-Market,Logistics & Supply Chain,United States,2024-02-14,SUB-20309,Scale,Annual,1784.83,54,2024-02-14,2025-01-17,Churned,Support / SLA Frustration,0.978,79,3,63489,2,4,116.4,2,1.4,1
CUST-10310,Zenith Corp 120,Mid-Market,Healthcare,Australia,2024-02-14,SUB-20310,Scale,Annual,932.68,51,2024-02-14,2025-01-24,Churned,Support / SLA Frustration,0.544,85,4,21557,9,3,62.6,0,2.4,1
CUST-10311,Quantum Stack 120,Enterprise,E-Commerce,United States,2024-02-14,SUB-20311,Enterprise Plus,Monthly,17203.96,172,2024-02-14,,Active,,0.784,69,4,73493,2,3,22.5,0,4.4,0
CUST-10312,Nexus AI 120,Enterprise,Cybersecurity,Australia,2024-02-14,SUB-20312,Scale,Annual,15150.45,102,2024-02-14,,Active,,1.0,55,3,27666,0,6,14.8,0,5.0,0
CUST-10313,Vertex Scale 120,SMB,Cybersecurity,United States,2024-02-15,SUB-20313,Starter,Monthly,275.96,6,2024-02-15,,Active,,0.983,56,1,49159,4,6,16.5,0,4.1,0
CUST-10314,Blue Systems 120,SMB,E-Commerce,Canada,2024-02-15,SUB-20314,Starter,Monthly,442.0,24,2024-02-15,,Active,,0.686,38,4,17690,3,7,12.5,0,4.9,0
CUST-10315,Apex Logic 121,SMB,E-Commerce,United Kingdom,2024-02-15,SUB-20315,Starter,Monthly,707.15,22,2024-02-15,,Active,,0.534,78,6,21729,7,5,6.8,0,3.9,0
CUST-10316,Cloud Hub 121,Mid-Market,Healthcare,United States,2024-02-15,SUB-20316,Growth,Monthly,1154.79,78,2024-02-15,2025-01-13,Churned,Support / SLA Frustration,0.905,42,7,53289,2,4,53.1,1,2.5,1
CUST-10317,Data Pay 121,Mid-Market,Cybersecurity,United States,2024-02-15,SUB-20317,Scale,Annual,2345.62,39,2024-02-15,,Active,,0.979,79,6,2477,3,3,68.0,0,1.4,0
CUST-10318,Nova Works 121,Mid-Market,Fintech,Canada,2024-02-15,SUB-20318,Scale,Monthly,2790.61,26,2024-02-15,,Active,,0.592,85,1,24559,12,2,57.9,2,1.6,0
CUST-10319,Pulse Security 121,Mid-Market,E-Commerce,United States,2024-02-15,SUB-20319,Growth,Monthly,1501.84,40,2024-02-15,,Active,,0.05,68,2,14302,2,4,14.4,0,4.3,0
CUST-10320,Stratum Analytics 121,SMB,Healthcare,United Kingdom,2024-02-15,SUB-20320,Starter,Monthly,501.95,21,2024-02-15,,Active,,0.78,56,5,45132,1,6,19.9,0,4.1,0
CUST-10321,Sync Tech 121,SMB,Healthcare,United States,2024-02-15,SUB-20321,Starter,Monthly,588.53,12,2024-02-15,2025-02-08,Churned,Competitor Alternative,0.49,60,3,6081,1,3,5.6,0,4.8,1
CUST-10322,Vanguard Sphere 121,SMB,Healthcare,Australia,2024-02-15,SUB-20322,Starter,Monthly,722.76,11,2024-02-15,2024-11-12,Churned,Price / Budget Cuts,0.778,77,4,4606,0,4,20.3,0,4.0,1
CUST-10323,Omni Labs 121,Mid-Market,Cybersecurity,United States,2024-02-15,SUB-20323,Growth,Annual,3239.87,45,2024-02-15,2025-01-17,Churned,Support / SLA Frustration,0.564,63,7,23348,3,1,95.4,0,1.3,1
CUST-10324,Hyper Flow 121,SMB,Fintech,United States,2024-02-16,SUB-20324,Starter,Monthly,393.25,13,2024-02-16,,Active,,0.722,64,6,23733,5,4,9.9,0,4.6,0
CUST-10325,Zenith Corp 121,SMB,E-Commerce,United States,2024-02-16,SUB-20325,Starter,Monthly,636.15,20,2024-02-16,2024-03-27,Churned,Low Adoption & License Waste,0.245,89,1,30522,5,6,14.6,0,4.5,1
CUST-10326,Quantum Stack 121,SMB,Fintech,United States,2024-02-16,SUB-20326,Starter,Monthly,195.76,7,2024-02-16,,Active,,1.0,39,6,6238,4,6,21.2,0,5.0,0
CUST-10327,Nexus AI 121,SMB,Fintech,United States,2024-02-16,SUB-20327,Growth,Monthly,468.02,22,2024-02-16,,Active,,1.0,84,6,4659,3,3,14.6,0,4.8,0
CUST-10328,Vertex Scale 121,Mid-Market,Healthcare,United States,2024-02-16,SUB-20328,Scale,Monthly,2677.41,81,2024-02-16,,Active,,0.916,52,5,23294,2,1,2.3,0,4.7,0
CUST-10329,Blue Systems 121,Mid-Market,E-Commerce,Germany,2024-02-16,SUB-20329,Growth,Annual,3102.78,50,2024-02-16,2025-01-03,Churned,Support / SLA Frustration,1.0,63,4,5523,16,5,113.6,2,1.9,1
CUST-10330,Apex Logic 122,Mid-Market,Healthcare,Canada,2024-02-16,SUB-20330,Growth,Annual,1940.05,97,2024-02-16,,Active,,0.813,52,2,13459,10,4,17.8,0,4.2,0
CUST-10331,Cloud Hub 122,SMB,Healthcare,United Kingdom,2024-02-17,SUB-20331,Starter,Monthly,730.39,23,2024-02-17,,Active,,0.307,79,3,27254,1,2,21.3,0,4.2,0
CUST-10332,Data Pay 122,Enterprise,Fintech,United States,2024-02-17,SUB-20332,Enterprise Plus,Monthly,9958.11,192,2024-02-17,,Active,,0.772,63,4,29955,6,2,3.5,0,4.4,0
CUST-10333,Nova Works 122,Enterprise,Healthcare,Canada,2024-02-17,SUB-20333,Scale,Annual,11264.45,363,2024-02-17,,Active,,0.489,83,3,37220,4,3,6.1,0,3.9,0
CUST-10334,Pulse Security 122,Enterprise,Cybersecurity,United States,2024-02-17,SUB-20334,Enterprise Plus,Annual,5229.53,313,2024-02-17,,Active,,0.982,100,3,100166,1,3,12.7,0,4.7,0
CUST-10335,Stratum Analytics 122,Enterprise,Cybersecurity,Canada,2024-02-18,SUB-20335,Scale,Annual,11954.51,334,2024-02-18,,Active,,0.509,70,5,1785,2,4,11.8,0,4.8,0
CUST-10336,Sync Tech 122,SMB,Healthcare,United States,2024-02-18,SUB-20336,Starter,Monthly,642.58,24,2024-02-18,,Active,,0.979,66,2,63725,0,6,9.2,0,4.7,0
CUST-10337,Vanguard Sphere 122,SMB,E-Commerce,United States,2024-02-18,SUB-20337,Growth,Monthly,241.86,18,2024-02-18,2025-01-02,Churned,Switched Tool,0.458,72,7,1976,0,3,14.6,0,4.9,1
CUST-10338,Omni Labs 122,Mid-Market,Cybersecurity,United States,2024-02-18,SUB-20338,Scale,Annual,1642.39,36,2024-02-18,2024-08-03,Churned,Support / SLA Frustration,0.485,61,7,29892,4,4,76.9,2,1.5,1
CUST-10339,Hyper Flow 122,Enterprise,Fintech,Germany,2024-02-18,SUB-20339,Enterprise Plus,Annual,5346.39,449,2024-02-18,,Active,,0.593,48,4,7608,3,4,8.7,0,4.0,0
CUST-10340,Zenith Corp 122,Mid-Market,Logistics & Supply Chain,United States,2024-02-18,SUB-20340,Growth,Annual,1897.55,46,2024-02-18,,Active,,1.0,56,3,20377,13,7,14.9,0,4.9,0
CUST-10341,Quantum Stack 122,Mid-Market,Cybersecurity,United Kingdom,2024-02-18,SUB-20341,Growth,Annual,2489.04,83,2024-02-18,2025-01-30,Churned,Support / SLA Frustration,0.602,52,5,3585,14,5,85.5,1,2.8,1
CUST-10342,Nexus AI 122,Mid-Market,Fintech,United States,2024-02-18,SUB-20342,Scale,Annual,2433.35,88,2024-02-18,,Active,,0.879,67,4,35993,3,4,13.2,0,4.0,0
CUST-10343,Vertex Scale 122,Mid-Market,Fintech,Canada,2024-02-19,SUB-20343,Growth,Annual,2512.89,72,2024-02-19,,Active,,0.923,52,3,13159,0,2,18.7,0,4.9,0
CUST-10344,Blue Systems 122,Mid-Market,Cybersecurity,India,2024-02-19,SUB-20344,Growth,Monthly,2774.16,94,2024-02-19,,Active,,0.701,41,4,13627,1,5,19.3,0,3.9,0
CUST-10345,Apex Logic 123,SMB,E-Commerce,United States,2024-02-19,SUB-20345,Starter,Monthly,172.7,16,2024-02-19,2024-09-29,Churned,Price / Budget Cuts,0.824,79,2,47650,3,3,19.9,0,4.5,1
CUST-10346,Cloud Hub 123,SMB,Fintech,United States,2024-02-19,SUB-20346,Starter,Monthly,652.08,5,2024-02-19,2024-12-26,Churned,Support / SLA Frustration,1.0,76,4,33210,6,5,50.0,1,1.7,1
CUST-10347,Data Pay 123,Enterprise,Healthcare,India,2024-02-19,SUB-20347,Enterprise Plus,Annual,14537.23,117,2024-02-19,,Active,,0.59,44,5,42605,0,3,93.8,0,3.1,0
CUST-10348,Nova Works 123,Mid-Market,Healthcare,United Kingdom,2024-02-19,SUB-20348,Scale,Monthly,3315.31,36,2024-02-19,2024-07-04,Churned,Support / SLA Frustration,0.566,50,4,43728,11,2,99.1,0,1.5,1
CUST-10349,Pulse Security 123,SMB,SaaS / Tech,United States,2024-02-19,SUB-20349,Starter,Annual,654.22,19,2024-02-19,,Active,,0.918,75,5,72490,3,5,14.9,0,4.5,0
CUST-10350,Stratum Analytics 123,SMB,SaaS / Tech,United Kingdom,2024-02-20,SUB-20350,Starter,Monthly,179.42,15,2024-02-20,,Active,,0.555,81,5,32015,11,6,13.0,0,3.9,0
CUST-10351,Sync Tech 123,SMB,Cybersecurity,Canada,2024-02-20,SUB-20351,Starter,Monthly,659.98,19,2024-02-20,,Active,,0.854,91,0,768,0,6,16.9,0,3.9,0
CUST-10352,Vanguard Sphere 123,SMB,Healthcare,United States,2024-02-20,SUB-20352,Growth,Monthly,687.55,11,2024-02-20,,Active,,0.888,100,3,11042,7,4,21.3,0,4.4,0
CUST-10353,Omni Labs 123,Mid-Market,E-Commerce,Germany,2024-02-20,SUB-20353,Scale,Monthly,953.21,52,2024-02-20,,Active,,0.539,54,4,36171,1,7,9.2,0,4.4,0
CUST-10354,Hyper Flow 123,Enterprise,E-Commerce,United States,2024-02-20,SUB-20354,Scale,Monthly,6149.66,317,2024-02-20,,Active,,0.526,75,4,2746,0,5,9.0,0,4.4,0
CUST-10355,Zenith Corp 123,SMB,Healthcare,United States,2024-02-21,SUB-20355,Growth,Annual,425.58,17,2024-02-21,,Active,,1.0,91,3,1550,7,3,8.8,0,4.1,0
CUST-10356,Quantum Stack 123,Enterprise,Fintech,Canada,2024-02-21,SUB-20356,Scale,Annual,8541.04,184,2024-02-21,,Active,,0.422,84,3,29104,1,8,8.0,0,4.0,0
CUST-10357,Nexus AI 123,SMB,Cybersecurity,United States,2024-02-21,SUB-20357,Starter,Monthly,699.78,22,2024-02-21,,Active,,0.626,55,4,124488,3,3,7.6,0,4.1,0
CUST-10358,Vertex Scale 123,SMB,Logistics & Supply Chain,United States,2024-02-21,SUB-20358,Starter,Monthly,325.08,10,2024-02-21,2024-04-02,Churned,Support / SLA Frustration,0.846,63,3,2533,18,4,96.4,2,1.9,1
CUST-10359,Blue Systems 123,SMB,E-Commerce,United Kingdom,2024-02-21,SUB-20359,Starter,Monthly,315.78,8,2024-02-21,2024-12-21,Churned,Low Adoption & License Waste,0.291,70,4,19838,0,4,10.5,0,5.0,1
CUST-10360,Apex Logic 124,Mid-Market,E-Commerce,India,2024-02-21,SUB-20360,Growth,Annual,2933.71,63,2024-02-21,2024-11-23,Churned,Support / SLA Frustration,0.888,90,2,28975,5,8,118.9,2,1.3,1
CUST-10361,Cloud Hub 124,SMB,Fintech,India,2024-02-21,SUB-20361,Starter,Monthly,689.94,6,2024-02-21,,Active,,0.621,51,6,108923,0,4,18.9,0,3.9,0
CUST-10362,Data Pay 124,Mid-Market,E-Commerce,Australia,2024-02-21,SUB-20362,Scale,Annual,3453.81,79,2024-02-21,,Active,,0.403,90,4,1033,6,2,22.1,0,4.5,0
CUST-10363,Nova Works 124,SMB,SaaS / Tech,Germany,2024-02-22,SUB-20363,Starter,Monthly,549.77,5,2024-02-22,,Active,,1.0,58,4,6881,3,4,59.6,2,1.9,0
CUST-10364,Pulse Security 124,SMB,E-Commerce,United States,2024-02-22,SUB-20364,Starter,Monthly,537.44,19,2024-02-22,2024-09-14,Churned,Low Adoption & License Waste,0.312,78,6,24293,1,2,13.4,0,4.9,1
CUST-10365,Stratum Analytics 124,Mid-Market,Cybersecurity,United States,2024-02-22,SUB-20365,Scale,Monthly,3122.09,68,2024-02-22,,Active,,0.834,48,5,118179,12,2,4.5,0,4.6,0
CUST-10366,Sync Tech 124,SMB,E-Commerce,Germany,2024-02-22,SUB-20366,Starter,Monthly,131.47,12,2024-02-22,,Active,,0.949,75,6,26499,0,4,5.6,0,4.4,0
CUST-10367,Vanguard Sphere 124,SMB,Healthcare,United States,2024-02-22,SUB-20367,Growth,Monthly,135.65,6,2024-02-22,2024-07-20,Churned,Price / Budget Cuts,0.667,41,3,5461,0,2,2.5,0,4.0,1
CUST-10368,Omni Labs 124,Mid-Market,SaaS / Tech,United Kingdom,2024-02-22,SUB-20368,Scale,Monthly,2500.4,63,2024-02-22,2024-05-03,Churned,Competitor Alternative,0.759,38,2,20393,2,4,15.7,0,4.0,1
CUST-10369,Hyper Flow 124,Enterprise,Fintech,United Kingdom,2024-02-23,SUB-20369,Enterprise Plus,Annual,4783.3,209,2024-02-23,2025-01-14,Churned,Leadership Transition,0.949,60,4,16715,8,5,13.7,0,4.9,1
CUST-10370,Zenith Corp 124,Enterprise,Healthcare,United States,2024-02-23,SUB-20370,Enterprise Plus,Annual,5679.2,387,2024-02-23,,Active,,0.838,69,4,6734,8,3,13.9,0,4.8,0
CUST-10371,Quantum Stack 124,Enterprise,Healthcare,India,2024-02-23,SUB-20371,Enterprise Plus,Monthly,12842.98,121,2024-02-23,,Active,,0.649,45,4,8907,4,2,18.1,0,4.7,0
CUST-10372,Nexus AI 124,Enterprise,Healthcare,United Kingdom,2024-02-23,SUB-20372,Enterprise Plus,Annual,13541.6,411,2024-02-23,,Active,,0.698,43,5,16217,7,0,4.0,0,4.7,0
CUST-10373,Vertex Scale 124,SMB,SaaS / Tech,United States,2024-02-23,SUB-20373,Growth,Monthly,585.03,18,2024-02-23,,Active,,0.303,50,4,43636,7,1,17.5,0,4.5,0
CUST-10374,Blue Systems 124,Enterprise,E-Commerce,Australia,2024-02-24,SUB-20374,Scale,Monthly,6923.84,461,2024-02-24,2025-01-02,Churned,Support / SLA Frustration,0.64,39,2,31874,7,3,62.5,1,2.2,1
CUST-10375,Apex Logic 125,Mid-Market,SaaS / Tech,United States,2024-02-24,SUB-20375,Growth,Annual,3297.38,25,2024-02-24,,Active,,0.763,71,6,21851,5,4,8.6,0,4.5,0
CUST-10376,Cloud Hub 125,SMB,E-Commerce,United States,2024-02-24,SUB-20376,Growth,Monthly,677.37,18,2024-02-24,,Active,,0.903,51,6,37088,6,3,11.0,0,4.0,0
CUST-10377,Data Pay 125,Enterprise,Healthcare,United Kingdom,2024-02-24,SUB-20377,Enterprise Plus,Annual,5301.94,432,2024-02-24,,Active,,0.801,75,4,13348,0,7,17.7,0,4.3,0
CUST-10378,Nova Works 125,SMB,Logistics & Supply Chain,Germany,2024-02-24,SUB-20378,Starter,Monthly,498.22,14,2024-02-24,,Active,,0.747,73,4,16388,14,3,10.3,0,4.2,0
CUST-10379,Pulse Security 125,Mid-Market,Fintech,Canada,2024-02-24,SUB-20379,Growth,Annual,1257.41,89,2024-02-24,,Active,,0.911,51,5,18825,6,6,17.9,0,3.9,0
CUST-10380,Stratum Analytics 125,Enterprise,Fintech,Canada,2024-02-24,SUB-20380,Scale,Monthly,7180.14,144,2024-02-24,,Active,,0.635,78,5,3925,0,5,22.3,0,4.2,0
CUST-10381,Sync Tech 125,SMB,E-Commerce,Canada,2024-02-24,SUB-20381,Starter,Annual,499.55,22,2024-02-24,2024-04-21,Churned,Support / SLA Frustration,0.829,95,5,20710,10,4,48.1,1,2.3,1
CUST-10382,Vanguard Sphere 125,SMB,Healthcare,United States,2024-02-25,SUB-20382,Starter,Monthly,368.52,8,2024-02-25,,Active,,1.0,92,5,20031,5,3,20.9,0,4.6,0
CUST-10383,Omni Labs 125,SMB,Fintech,Germany,2024-02-25,SUB-20383,Starter,Monthly,189.68,22,2024-02-25,,Active,,0.874,51,4,28058,3,10,13.4,0,4.1,0
CUST-10384,Hyper Flow 125,SMB,E-Commerce,India,2024-02-25,SUB-20384,Starter,Annual,412.62,21,2024-02-25,,Active,,0.975,100,3,12191,2,3,4.3,0,3.8,0
CUST-10385,Zenith Corp 125,SMB,E-Commerce,United States,2024-02-25,SUB-20385,Growth,Monthly,661.83,7,2024-02-25,2024-06-09,Churned,Low Adoption & License Waste,0.942,60,6,5372,24,3,18.7,0,4.8,1
CUST-10386,Quantum Stack 125,Mid-Market,Healthcare,United States,2024-02-25,SUB-20386,Scale,Monthly,2954.0,86,2024-02-25,,Active,,0.482,67,6,17839,6,7,19.3,0,4.7,0
CUST-10387,Nexus AI 125,Mid-Market,Cybersecurity,Australia,2024-02-25,SUB-20387,Growth,Monthly,2525.73,51,2024-02-25,,Active,,0.886,59,2,4913,2,3,19.8,0,4.1,0
CUST-10388,Vertex Scale 125,SMB,E-Commerce,Germany,2024-02-25,SUB-20388,Starter,Monthly,397.38,10,2024-02-25,,Active,,0.305,100,4,10061,0,4,16.7,0,4.8,0
CUST-10389,Blue Systems 125,SMB,Logistics & Supply Chain,India,2024-02-25,SUB-20389,Starter,Monthly,656.75,12,2024-02-25,,Active,,1.0,52,3,31225,10,5,8.0,0,5.0,0
CUST-10390,Apex Logic 126,SMB,Fintech,India,2024-02-25,SUB-20390,Growth,Annual,387.38,7,2024-02-25,,Active,,0.893,94,6,23727,0,1,7.0,0,4.7,0
CUST-10391,Cloud Hub 126,Mid-Market,E-Commerce,United Kingdom,2024-02-25,SUB-20391,Growth,Monthly,2661.7,41,2024-02-25,,Active,,0.478,100,5,45851,14,3,10.8,0,4.0,0
CUST-10392,Data Pay 126,Mid-Market,Logistics & Supply Chain,United Kingdom,2024-02-25,SUB-20392,Growth,Monthly,1405.18,26,2024-02-25,2024-07-07,Churned,Support / SLA Frustration,0.723,81,3,17231,13,3,119.1,3,2.3,1
CUST-10393,Nova Works 126,SMB,E-Commerce,United Kingdom,2024-02-25,SUB-20393,Starter,Annual,737.36,17,2024-02-25,,Active,,0.758,52,4,6098,3,2,18.2,0,4.4,0
CUST-10394,Pulse Security 126,Mid-Market,SaaS / Tech,United States,2024-02-25,SUB-20394,Growth,Annual,2561.9,31,2024-02-25,,Active,,0.574,40,2,2889,12,4,10.5,0,4.2,0
CUST-10395,Stratum Analytics 126,SMB,Healthcare,Canada,2024-02-25,SUB-20395,Growth,Monthly,235.91,16,2024-02-25,,Active,,0.449,87,6,23814,3,5,11.4,0,4.9,0
CUST-10396,Sync Tech 126,SMB,Fintech,United Kingdom,2024-02-26,SUB-20396,Starter,Annual,517.23,17,2024-02-26,,Active,,0.452,82,4,11983,3,4,13.5,0,4.2,0
CUST-10397,Vanguard Sphere 126,Mid-Market,E-Commerce,United Kingdom,2024-02-26,SUB-20397,Growth,Annual,2649.95,29,2024-02-26,,Active,,0.84,51,5,54227,0,4,5.9,0,4.5,0
CUST-10398,Omni Labs 126,SMB,Healthcare,United Kingdom,2024-02-26,SUB-20398,Starter,Monthly,532.81,22,2024-02-26,2024-12-31,Churned,Switched Tool,1.0,47,4,9529,4,3,14.9,0,3.8,1
CUST-10399,Hyper Flow 126,SMB,Logistics & Supply Chain,United States,2024-02-26,SUB-20399,Growth,Monthly,735.03,20,2024-02-26,,Active,,0.535,97,4,3795,0,6,7.5,0,4.1,0
CUST-10400,Zenith Corp 126,Enterprise,Fintech,United States,2024-02-26,SUB-20400,Enterprise Plus,Monthly,14322.36,130,2024-02-26,,Active,,0.902,63,4,55404,9,7,102.7,4,1.8,0
CUST-10401,Quantum Stack 126,SMB,Cybersecurity,United States,2024-02-26,SUB-20401,Starter,Monthly,428.48,21,2024-02-26,2024-06-11,Churned,Price / Budget Cuts,0.948,52,3,9458,1,3,10.6,0,4.8,1
CUST-10402,Nexus AI 126,SMB,Cybersecurity,United States,2024-02-26,SUB-20402,Starter,Monthly,561.12,23,2024-02-26,,Active,,0.975,100,2,39738,3,4,20.4,0,3.9,0
CUST-10403,Vertex Scale 126,SMB,Fintech,United States,2024-02-26,SUB-20403,Starter,Monthly,619.6,11,2024-02-26,,Active,,0.787,70,4,8791,3,4,18.4,0,4.2,0
CUST-10404,Blue Systems 126,Mid-Market,Healthcare,Australia,2024-02-26,SUB-20404,Growth,Annual,945.65,60,2024-02-26,,Active,,0.867,75,5,63111,3,5,7.1,0,4.6,0
CUST-10405,Apex Logic 127,SMB,Logistics & Supply Chain,United States,2024-02-27,SUB-20405,Starter,Annual,653.46,16,2024-02-27,,Active,,0.568,87,2,7561,2,5,18.1,0,4.3,0
CUST-10406,Cloud Hub 127,Mid-Market,Cybersecurity,United States,2024-02-27,SUB-20406,Scale,Annual,3303.12,90,2024-02-27,,Active,,0.744,85,4,25172,3,9,20.8,0,4.2,0
CUST-10407,Data Pay 127,Enterprise,Healthcare,United Kingdom,2024-02-27,SUB-20407,Enterprise Plus,Monthly,15905.19,392,2024-02-27,2024-08-25,Churned,Support / SLA Frustration,0.554,91,5,16877,26,5,80.1,3,1.8,1
CUST-10408,Nova Works 127,SMB,Healthcare,United Kingdom,2024-02-27,SUB-20408,Growth,Annual,290.63,6,2024-02-27,,Active,,0.501,46,3,14326,0,2,15.4,0,4.1,0
CUST-10409,Pulse Security 127,Enterprise,E-Commerce,United States,2024-02-27,SUB-20409,Scale,Annual,16386.58,195,2024-02-27,,Active,,0.49,67,3,10654,16,6,18.8,0,4.0,0
CUST-10410,Stratum Analytics 127,Mid-Market,SaaS / Tech,Canada,2024-02-27,SUB-20410,Scale,Monthly,1588.05,62,2024-02-27,,Active,,0.747,53,5,2086,18,1,14.1,0,4.1,0
CUST-10411,Sync Tech 127,SMB,Healthcare,Canada,2024-02-28,SUB-20411,Starter,Monthly,653.78,5,2024-02-28,,Active,,0.582,100,4,75955,3,5,70.4,2,2.2,0
CUST-10412,Vanguard Sphere 127,SMB,SaaS / Tech,United States,2024-02-28,SUB-20412,Growth,Monthly,171.9,18,2024-02-28,,Active,,0.879,86,7,1470,3,5,109.7,2,1.4,0
CUST-10413,Omni Labs 127,SMB,Fintech,United States,2024-02-28,SUB-20413,Starter,Annual,597.82,6,2024-02-28,2024-04-29,Churned,Price / Budget Cuts,0.846,65,6,52188,10,3,12.9,0,4.2,1
CUST-10414,Hyper Flow 127,SMB,Fintech,India,2024-02-29,SUB-20414,Starter,Annual,730.3,20,2024-02-29,,Active,,0.395,51,4,85648,7,4,5.7,0,4.7,0
CUST-10415,Zenith Corp 127,Mid-Market,Healthcare,Germany,2024-02-29,SUB-20415,Growth,Annual,1365.63,82,2024-02-29,,Active,,0.517,59,7,42190,14,3,16.2,0,4.4,0
CUST-10416,Quantum Stack 127,Mid-Market,Healthcare,Canada,2024-02-29,SUB-20416,Growth,Monthly,3632.37,75,2024-02-29,,Active,,0.634,76,1,28608,5,1,11.7,0,4.2,0
CUST-10417,Nexus AI 127,Mid-Market,Healthcare,United States,2024-02-29,SUB-20417,Growth,Annual,2284.0,70,2024-02-29,2024-12-11,Churned,Competitor Alternative,0.457,72,4,14979,0,5,10.1,0,4.1,1
CUST-10418,Vertex Scale 127,SMB,E-Commerce,United States,2024-02-29,SUB-20418,Starter,Monthly,341.33,22,2024-02-29,,Active,,0.809,16,4,12420,4,3,18.0,0,4.6,0
CUST-10419,Blue Systems 127,SMB,Healthcare,United Kingdom,2024-02-29,SUB-20419,Starter,Monthly,608.61,6,2024-02-29,,Active,,0.47,55,4,9973,0,4,100.3,2,2.7,0
CUST-10420,Apex Logic 128,SMB,Fintech,United States,2024-02-29,SUB-20420,Growth,Monthly,536.32,5,2024-02-29,,Active,,0.899,67,3,50676,10,6,51.8,3,2.6,0
CUST-10421,Cloud Hub 128,SMB,Healthcare,United States,2024-02-29,SUB-20421,Starter,Monthly,267.22,24,2024-02-29,2025-01-07,Churned,Support / SLA Frustration,0.907,50,0,8200,2,3,107.5,3,2.0,1
CUST-10422,Data Pay 128,Enterprise,Cybersecurity,United Kingdom,2024-02-29,SUB-20422,Enterprise Plus,Annual,17050.92,396,2024-02-29,,Active,,0.565,51,4,30013,8,1,48.6,0,2.6,0
CUST-10423,Nova Works 128,Mid-Market,Healthcare,United States,2024-02-29,SUB-20423,Growth,Annual,1478.34,97,2024-02-29,,Active,,0.894,50,4,13149,5,7,16.6,0,4.0,0
CUST-10424,Pulse Security 128,Enterprise,Healthcare,Canada,2024-03-01,SUB-20424,Enterprise Plus,Monthly,9177.75,444,2024-03-01,,Active,,0.997,48,4,26226,4,5,9.2,0,4.9,0
CUST-10425,Stratum Analytics 128,SMB,E-Commerce,Germany,2024-03-01,SUB-20425,Starter,Monthly,694.58,12,2024-03-01,,Active,,0.791,61,1,9166,16,5,92.4,4,2.2,0
CUST-10426,Sync Tech 128,Mid-Market,Cybersecurity,United States,2024-03-01,SUB-20426,Scale,Monthly,3513.64,48,2024-03-01,,Active,,0.822,85,4,32519,4,2,8.6,0,4.6,0
CUST-10427,Vanguard Sphere 128,SMB,Fintech,Germany,2024-03-01,SUB-20427,Starter,Monthly,610.51,12,2024-03-01,,Active,,0.796,60,3,7997,7,5,9.2,0,4.3,0
CUST-10428,Omni Labs 128,Mid-Market,SaaS / Tech,United States,2024-03-01,SUB-20428,Scale,Annual,3167.93,40,2024-03-01,2024-06-18,Churned,Support / SLA Frustration,0.786,64,4,28053,7,3,89.7,1,1.4,1
CUST-10429,Hyper Flow 128,Enterprise,SaaS / Tech,Germany,2024-03-01,SUB-20429,Scale,Annual,10571.42,308,2024-03-01,,Active,,1.0,78,3,32790,36,2,7.4,0,4.0,0
CUST-10430,Zenith Corp 128,Enterprise,E-Commerce,United States,2024-03-01,SUB-20430,Enterprise Plus,Annual,6865.57,407,2024-03-01,,Active,,0.758,79,4,85916,10,3,5.2,0,4.2,0
CUST-10431,Quantum Stack 128,SMB,Fintech,United States,2024-03-01,SUB-20431,Starter,Monthly,526.16,23,2024-03-01,,Active,,0.721,60,4,44846,1,1,88.9,1,2.3,0
CUST-10432,Nexus AI 128,SMB,SaaS / Tech,United Kingdom,2024-03-01,SUB-20432,Growth,Annual,648.29,24,2024-03-01,,Active,,0.257,95,2,48849,8,3,10.0,0,4.7,0
CUST-10433,Vertex Scale 128,Enterprise,Fintech,United States,2024-03-02,SUB-20433,Enterprise Plus,Monthly,11888.94,283,2024-03-02,2024-10-11,Churned,Support / SLA Frustration,0.465,100,4,104718,3,2,72.8,2,2.6,1
CUST-10434,Blue Systems 128,Enterprise,E-Commerce,India,2024-03-02,SUB-20434,Enterprise Plus,Annual,7602.58,141,2024-03-02,,Active,,1.0,100,4,107676,2,6,6.1,0,4.1,0
CUST-10435,Apex Logic 129,SMB,SaaS / Tech,United States,2024-03-02,SUB-20435,Starter,Monthly,369.34,16,2024-03-02,2025-02-06,Churned,Competitor Alternative,0.819,66,4,14387,6,4,8.0,0,4.4,1
CUST-10436,Cloud Hub 129,Enterprise,Fintech,United States,2024-03-02,SUB-20436,Scale,Monthly,8438.56,276,2024-03-02,2024-06-18,Churned,Support / SLA Frustration,0.186,74,6,46148,7,7,106.4,1,2.6,1
CUST-10437,Data Pay 129,SMB,Logistics & Supply Chain,United Kingdom,2024-03-02,SUB-20437,Starter,Monthly,150.45,16,2024-03-02,,Active,,0.748,70,5,692,2,5,2.8,0,4.7,0
CUST-10438,Nova Works 129,SMB,Fintech,United States,2024-03-02,SUB-20438,Growth,Annual,351.78,5,2024-03-02,2024-12-03,Churned,Support / SLA Frustration,0.819,28,4,27407,26,2,70.5,1,1.7,1
CUST-10439,Pulse Security 129,Enterprise,Logistics & Supply Chain,United States,2024-03-02,SUB-20439,Enterprise Plus,Annual,5353.93,245,2024-03-02,,Active,,0.354,67,3,111298,22,4,19.8,0,4.6,0
CUST-10440,Stratum Analytics 129,Enterprise,E-Commerce,Canada,2024-03-03,SUB-20440,Enterprise Plus,Annual,11603.82,242,2024-03-03,,Active,,0.927,72,5,10612,5,7,5.0,0,4.4,0
CUST-10441,Sync Tech 129,SMB,Fintech,Canada,2024-03-03,SUB-20441,Starter,Monthly,748.43,20,2024-03-03,2024-05-17,Churned,Support / SLA Frustration,0.658,50,6,11354,3,2,68.4,0,1.2,1
CUST-10442,Vanguard Sphere 129,Mid-Market,Fintech,Germany,2024-03-03,SUB-20442,Growth,Annual,1934.52,98,2024-03-03,,Active,,1.0,89,5,23531,6,1,82.4,0,2.8,0
CUST-10443,Omni Labs 129,Mid-Market,Cybersecurity,Australia,2024-03-03,SUB-20443,Scale,Annual,935.13,64,2024-03-03,,Active,,0.721,98,5,4137,13,7,2.2,0,4.1,0
CUST-10444,Hyper Flow 129,SMB,Fintech,United States,2024-03-03,SUB-20444,Growth,Monthly,234.93,5,2024-03-03,,Active,,0.727,60,2,1539,0,6,15.0,0,4.1,0
CUST-10445,Zenith Corp 129,SMB,Fintech,Canada,2024-03-04,SUB-20445,Starter,Monthly,747.83,23,2024-03-04,2024-10-22,Churned,Competitor Alternative,0.81,79,3,48902,0,2,16.9,0,5.0,1
CUST-10446,Quantum Stack 129,SMB,Healthcare,United States,2024-03-04,SUB-20446,Growth,Monthly,492.13,15,2024-03-04,,Active,,0.835,61,5,13991,0,6,23.7,0,4.8,0
CUST-10447,Nexus AI 129,SMB,E-Commerce,United Kingdom,2024-03-04,SUB-20447,Growth,Monthly,541.6,7,2024-03-04,,Active,,0.506,84,2,10776,5,12,18.3,0,3.8,0
CUST-10448,Vertex Scale 129,Mid-Market,E-Commerce,United States,2024-03-04,SUB-20448,Growth,Monthly,3520.87,65,2024-03-04,2024-11-20,Churned,Competitor Alternative,0.646,39,0,6013,3,6,13.4,0,4.2,1
CUST-10449,Blue Systems 129,Enterprise,Fintech,Australia,2024-03-04,SUB-20449,Scale,Monthly,13977.87,265,2024-03-04,,Active,,0.781,57,5,8460,0,6,22.5,0,4.3,0
CUST-10450,Apex Logic 130,SMB,Healthcare,Canada,2024-03-04,SUB-20450,Starter,Monthly,413.16,22,2024-03-04,2024-05-02,Churned,Price / Budget Cuts,0.612,56,3,7059,2,3,22.6,0,4.8,1
CUST-10451,Cloud Hub 130,SMB,Fintech,Australia,2024-03-04,SUB-20451,Starter,Annual,121.72,11,2024-03-04,,Active,,0.563,60,3,29651,1,7,8.9,0,4.5,0
CUST-10452,Data Pay 130,Mid-Market,Fintech,Germany,2024-03-04,SUB-20452,Growth,Annual,932.59,42,2024-03-04,,Active,,0.971,67,4,26789,5,6,3.1,0,4.0,0
CUST-10453,Nova Works 130,SMB,Healthcare,India,2024-03-05,SUB-20453,Starter,Annual,502.98,16,2024-03-05,,Active,,0.548,64,3,28279,18,3,11.8,0,4.2,0
CUST-10454,Pulse Security 130,Enterprise,SaaS / Tech,Germany,2024-03-05,SUB-20454,Scale,Annual,17981.83,477,2024-03-05,,Active,,0.59,77,6,16441,4,2,16.3,0,4.1,0
CUST-10455,Stratum Analytics 130,Mid-Market,Fintech,United States,2024-03-05,SUB-20455,Growth,Monthly,1925.46,29,2024-03-05,,Active,,0.527,50,4,48941,11,2,5.4,0,4.1,0
CUST-10456,Sync Tech 130,Enterprise,Healthcare,United States,2024-03-05,SUB-20456,Scale,Annual,11563.8,364,2024-03-05,,Active,,1.0,56,2,3486,0,4,13.7,0,5.0,0
CUST-10457,Vanguard Sphere 130,Mid-Market,Healthcare,United States,2024-03-05,SUB-20457,Scale,Annual,1833.13,48,2024-03-05,,Active,,0.821,63,5,2743,3,3,20.6,0,4.3,0
CUST-10458,Omni Labs 130,Enterprise,Cybersecurity,United States,2024-03-05,SUB-20458,Enterprise Plus,Monthly,15002.23,489,2024-03-05,,Active,,1.0,10,7,28085,3,1,15.4,0,4.3,0
CUST-10459,Hyper Flow 130,Enterprise,Cybersecurity,United Kingdom,2024-03-05,SUB-20459,Enterprise Plus,Annual,9761.55,295,2024-03-05,,Active,,0.905,40,6,15053,2,5,14.2,0,5.0,0
CUST-10460,Zenith Corp 130,Enterprise,Logistics & Supply Chain,United Kingdom,2024-03-06,SUB-20460,Enterprise Plus,Annual,10777.53,218,2024-03-06,2024-06-18,Churned,Support / SLA Frustration,0.447,52,4,19766,2,4,55.0,1,2.2,1
CUST-10461,Quantum Stack 130,SMB,Fintech,United Kingdom,2024-03-06,SUB-20461,Growth,Monthly,384.87,18,2024-03-06,2025-02-20,Churned,Switched Tool,0.518,68,5,55457,5,4,21.2,0,4.8,1
CUST-10462,Nexus AI 130,SMB,Fintech,Australia,2024-03-06,SUB-20462,Starter,Monthly,148.34,5,2024-03-06,2025-02-21,Churned,Switched Tool,0.683,88,3,41500,0,2,13.5,0,4.8,1
CUST-10463,Vertex Scale 130,SMB,Healthcare,India,2024-03-06,SUB-20463,Starter,Monthly,587.8,22,2024-03-06,,Active,,0.542,95,6,5536,7,3,8.6,0,4.0,0
CUST-10464,Blue Systems 130,SMB,Healthcare,United States,2024-03-06,SUB-20464,Starter,Monthly,444.15,7,2024-03-06,2024-11-13,Churned,Price / Budget Cuts,0.487,94,6,19014,5,3,11.3,0,3.8,1
CUST-10465,Apex Logic 131,Mid-Market,E-Commerce,United States,2024-03-06,SUB-20465,Scale,Monthly,2395.36,94,2024-03-06,,Active,,0.686,45,4,156712,4,1,2.5,0,5.0,0
CUST-10466,Cloud Hub 131,Mid-Market,SaaS / Tech,United States,2024-03-06,SUB-20466,Growth,Monthly,2376.76,33,2024-03-06,,Active,,0.975,48,2,52874,0,5,71.2,2,1.9,0
CUST-10467,Data Pay 131,SMB,Logistics & Supply Chain,United States,2024-03-07,SUB-20467,Starter,Annual,496.19,18,2024-03-07,,Active,,0.833,57,7,10075,10,2,21.7,0,4.0,0
CUST-10468,Nova Works 131,Mid-Market,Logistics & Supply Chain,Canada,2024-03-07,SUB-20468,Growth,Annual,2259.06,31,2024-03-07,,Active,,0.967,82,5,11067,4,4,23.9,0,3.9,0
CUST-10469,Pulse Security 131,SMB,Healthcare,United Kingdom,2024-03-07,SUB-20469,Starter,Monthly,726.3,7,2024-03-07,,Active,,0.673,94,0,7933,3,4,9.4,0,4.7,0
CUST-10470,Stratum Analytics 131,Enterprise,SaaS / Tech,United Kingdom,2024-03-07,SUB-20470,Enterprise Plus,Annual,16953.43,350,2024-03-07,,Active,,0.59,66,2,27899,4,5,19.7,0,4.8,0
CUST-10471,Sync Tech 131,SMB,Healthcare,Germany,2024-03-07,SUB-20471,Starter,Monthly,532.5,19,2024-03-07,2025-01-16,Churned,Support / SLA Frustration,0.09,60,6,13678,5,8,100.7,7,1.3,1
CUST-10472,Vanguard Sphere 131,Enterprise,Fintech,Germany,2024-03-08,SUB-20472,Enterprise Plus,Annual,17345.82,123,2024-03-08,,Active,,0.599,42,3,59776,5,3,85.8,1,2.9,0
CUST-10473,Omni Labs 131,SMB,SaaS / Tech,United States,2024-03-08,SUB-20473,Growth,Monthly,535.97,19,2024-03-08,,Active,,1.0,67,2,36680,6,2,16.4,0,4.1,0
CUST-10474,Hyper Flow 131,SMB,Fintech,Canada,2024-03-08,SUB-20474,Starter,Annual,184.11,6,2024-03-08,,Active,,0.77,77,2,22658,9,3,8.4,0,4.0,0
CUST-10475,Zenith Corp 131,SMB,Healthcare,United States,2024-03-08,SUB-20475,Starter,Annual,661.93,13,2024-03-08,,Active,,0.856,32,7,26480,0,7,85.7,3,2.0,0
CUST-10476,Quantum Stack 131,Enterprise,Healthcare,United States,2024-03-08,SUB-20476,Enterprise Plus,Annual,8818.02,197,2024-03-08,,Active,,0.91,89,1,40433,4,3,13.0,0,4.8,0
CUST-10477,Nexus AI 131,SMB,SaaS / Tech,United States,2024-03-08,SUB-20477,Starter,Monthly,489.35,10,2024-03-08,2024-04-28,Churned,Competitor Alternative,0.726,77,6,14854,19,3,23.7,0,4.6,1
CUST-10478,Vertex Scale 131,SMB,SaaS / Tech,United States,2024-03-09,SUB-20478,Growth,Annual,560.49,13,2024-03-09,,Active,,0.743,98,2,5945,1,7,20.7,0,4.8,0
CUST-10479,Blue Systems 131,SMB,Healthcare,United States,2024-03-09,SUB-20479,Growth,Monthly,592.52,13,2024-03-09,2024-07-07,Churned,Support / SLA Frustration,0.899,88,3,4272,9,4,56.7,0,2.4,1
CUST-10480,Apex Logic 132,SMB,Logistics & Supply Chain,United States,2024-03-09,SUB-20480,Starter,Monthly,410.24,6,2024-03-09,,Active,,0.181,77,4,10050,3,5,17.6,0,4.0,0
CUST-10481,Cloud Hub 132,SMB,Healthcare,Canada,2024-03-10,SUB-20481,Growth,Monthly,150.8,23,2024-03-10,,Active,,0.28,82,6,34956,7,2,6.8,0,4.3,0
CUST-10482,Data Pay 132,Mid-Market,Healthcare,Canada,2024-03-10,SUB-20482,Growth,Annual,2977.52,91,2024-03-10,,Active,,0.586,78,4,32166,6,6,4.8,0,4.0,0
CUST-10483,Nova Works 132,SMB,SaaS / Tech,United States,2024-03-10,SUB-20483,Starter,Monthly,603.22,9,2024-03-10,,Active,,0.741,60,2,3916,1,4,15.3,0,4.4,0
CUST-10484,Pulse Security 132,SMB,SaaS / Tech,United States,2024-03-10,SUB-20484,Starter,Annual,590.45,21,2024-03-10,,Active,,0.763,84,1,3874,15,6,5.4,0,4.2,0
CUST-10485,Stratum Analytics 132,SMB,Cybersecurity,Germany,2024-03-10,SUB-20485,Starter,Monthly,606.09,11,2024-03-10,,Active,,0.552,48,6,2339,2,2,9.0,0,4.4,0
CUST-10486,Sync Tech 132,Enterprise,Fintech,United States,2024-03-10,SUB-20486,Enterprise Plus,Annual,17079.27,320,2024-03-10,,Active,,0.818,56,4,54754,1,5,10.8,0,3.9,0
CUST-10487,Vanguard Sphere 132,Mid-Market,SaaS / Tech,India,2024-03-10,SUB-20487,Scale,Monthly,2527.97,89,2024-03-10,,Active,,1.0,100,3,2255,2,3,67.1,2,2.4,0
CUST-10488,Omni Labs 132,SMB,E-Commerce,United Kingdom,2024-03-11,SUB-20488,Starter,Monthly,486.87,8,2024-03-11,2024-04-25,Churned,Low Adoption & License Waste,0.276,88,7,11987,0,2,3.4,0,4.2,1
CUST-10489,Hyper Flow 132,SMB,Cybersecurity,United States,2024-03-11,SUB-20489,Growth,Monthly,560.52,24,2024-03-11,,Active,,0.602,69,2,5301,13,1,14.7,0,4.9,0
CUST-10490,Zenith Corp 132,Mid-Market,Fintech,United States,2024-03-11,SUB-20490,Growth,Annual,1593.38,72,2024-03-11,,Active,,0.599,88,4,4830,5,3,12.4,0,4.1,0
CUST-10491,Quantum Stack 132,SMB,SaaS / Tech,United States,2024-03-11,SUB-20491,Growth,Monthly,406.4,20,2024-03-11,,Active,,0.979,56,4,9938,0,5,18.7,0,3.9,0
CUST-10492,Nexus AI 132,Mid-Market,E-Commerce,United States,2024-03-11,SUB-20492,Scale,Monthly,1603.92,70,2024-03-11,,Active,,0.453,42,2,1263,2,7,17.5,0,3.9,0
CUST-10493,Vertex Scale 132,Mid-Market,Healthcare,United States,2024-03-11,SUB-20493,Scale,Monthly,2762.84,91,2024-03-11,,Active,,0.813,60,6,13907,3,5,3.9,0,4.2,0
CUST-10494,Blue Systems 132,Mid-Market,E-Commerce,United Kingdom,2024-03-11,SUB-20494,Growth,Annual,3663.37,35,2024-03-11,2024-08-09,Churned,Competitor Alternative,0.671,100,4,1259,2,2,15.9,0,4.9,1
CUST-10495,Apex Logic 133,Mid-Market,Healthcare,United States,2024-03-12,SUB-20495,Growth,Annual,2609.79,70,2024-03-12,,Active,,0.398,35,6,31250,2,2,7.2,0,4.6,0
CUST-10496,Cloud Hub 133,SMB,E-Commerce,United Kingdom,2024-03-12,SUB-20496,Starter,Monthly,696.51,12,2024-03-12,2024-12-12,Churned,Support / SLA Frustration,0.844,52,6,12205,2,4,50.2,2,1.6,1
CUST-10497,Data Pay 133,Enterprise,Logistics & Supply Chain,United Kingdom,2024-03-12,SUB-20497,Enterprise Plus,Annual,13450.44,252,2024-03-12,,Active,,0.497,83,6,9541,3,4,64.9,0,2.2,0
CUST-10498,Nova Works 133,SMB,E-Commerce,United States,2024-03-12,SUB-20498,Starter,Monthly,268.29,14,2024-03-12,2024-12-26,Churned,Low Adoption & License Waste,0.358,46,2,21217,6,3,7.2,0,4.0,1
CUST-10499,Pulse Security 133,SMB,E-Commerce,United States,2024-03-12,SUB-20499,Starter,Monthly,610.69,12,2024-03-12,,Active,,0.758,45,3,38137,0,6,54.3,2,2.7,0
CUST-10500,Stratum Analytics 133,SMB,E-Commerce,United States,2024-03-12,SUB-20500,Growth,Annual,420.54,20,2024-03-12,,Active,,1.0,58,6,4783,1,2,4.6,0,4.7,0
CUST-10501,Sync Tech 133,SMB,Fintech,United States,2024-03-12,SUB-20501,Starter,Monthly,526.12,23,2024-03-12,,Active,,1.0,60,4,51336,2,3,21.3,0,3.9,0
CUST-10502,Vanguard Sphere 133,Mid-Market,Fintech,Canada,2024-03-12,SUB-20502,Growth,Monthly,3744.15,77,2024-03-12,2024-08-13,Churned,Low Adoption & License Waste,0.359,57,5,15441,5,2,7.0,0,4.0,1
CUST-10503,Omni Labs 133,SMB,E-Commerce,United States,2024-03-12,SUB-20503,Starter,Annual,355.92,16,2024-03-12,2025-01-25,Churned,Support / SLA Frustration,0.891,54,0,11564,3,6,103.5,2,2.0,1
CUST-10504,Hyper Flow 133,SMB,Healthcare,Canada,2024-03-13,SUB-20504,Growth,Monthly,724.84,10,2024-03-13,,Active,,0.585,63,5,24120,19,3,8.7,0,4.8,0
CUST-10505,Zenith Corp 133,Mid-Market,Fintech,United States,2024-03-13,SUB-20505,Scale,Annual,2309.37,85,2024-03-13,,Active,,0.634,47,1,32302,5,3,73.2,2,2.9,0
CUST-10506,Quantum Stack 133,SMB,E-Commerce,United States,2024-03-13,SUB-20506,Starter,Annual,447.76,15,2024-03-13,,Active,,1.0,86,6,28071,18,3,17.3,0,5.0,0
CUST-10507,Nexus AI 133,SMB,Healthcare,United Kingdom,2024-03-13,SUB-20507,Growth,Monthly,154.84,16,2024-03-13,,Active,,0.802,65,5,1409,0,6,72.8,3,2.9,0
CUST-10508,Vertex Scale 133,SMB,Healthcare,Canada,2024-03-13,SUB-20508,Starter,Monthly,713.83,19,2024-03-13,,Active,,0.585,65,2,18536,0,1,16.3,0,3.8,0
CUST-10509,Blue Systems 133,SMB,E-Commerce,United States,2024-03-14,SUB-20509,Starter,Annual,362.03,16,2024-03-14,,Active,,0.804,78,5,12713,14,6,14.7,0,3.9,0
CUST-10510,Apex Logic 134,SMB,Fintech,United States,2024-03-14,SUB-20510,Growth,Monthly,569.9,13,2024-03-14,2024-06-17,Churned,Support / SLA Frustration,0.807,58,1,2703,1,2,111.1,0,2.6,1
CUST-10511,Cloud Hub 134,Mid-Market,Cybersecurity,United Kingdom,2024-03-14,SUB-20511,Scale,Annual,1371.5,37,2024-03-14,,Active,,0.817,73,6,7265,4,6,13.4,0,4.4,0
CUST-10512,Data Pay 134,SMB,Logistics & Supply Chain,United States,2024-03-14,SUB-20512,Growth,Annual,624.95,9,2024-03-14,,Active,,0.68,85,5,13229,2,5,117.1,2,2.8,0
CUST-10513,Nova Works 134,SMB,SaaS / Tech,United States,2024-03-15,SUB-20513,Starter,Monthly,489.14,9,2024-03-15,2024-11-01,Churned,Competitor Alternative,0.668,77,1,20934,0,3,22.3,0,4.2,1
CUST-10514,Pulse Security 134,Enterprise,Fintech,United Kingdom,2024-03-15,SUB-20514,Scale,Monthly,10266.44,334,2024-03-15,2025-02-18,Churned,Support / SLA Frustration,0.953,80,6,8588,1,8,71.4,1,1.4,1
CUST-10515,Stratum Analytics 134,Enterprise,SaaS / Tech,United States,2024-03-15,SUB-20515,Enterprise Plus,Annual,7514.27,374,2024-03-15,,Active,,0.766,49,5,2888,0,4,8.1,0,4.7,0
CUST-10516,Sync Tech 134,Mid-Market,Logistics & Supply Chain,United Kingdom,2024-03-15,SUB-20516,Scale,Annual,3188.13,89,2024-03-15,,Active,,0.547,60,4,6250,8,7,97.3,5,1.7,0
CUST-10517,Vanguard Sphere 134,SMB,SaaS / Tech,United Kingdom,2024-03-16,SUB-20517,Growth,Annual,311.47,22,2024-03-16,2024-06-13,Churned,Price / Budget Cuts,1.0,71,7,8568,5,5,23.8,0,4.7,1
CUST-10518,Omni Labs 134,SMB,Fintech,Canada,2024-03-16,SUB-20518,Starter,Annual,668.62,11,2024-03-16,,Active,,0.499,48,6,6276,1,4,14.1,0,3.9,0
CUST-10519,Hyper Flow 134,Mid-Market,E-Commerce,Canada,2024-03-16,SUB-20519,Growth,Annual,3360.0,50,2024-03-16,,Active,,0.976,68,4,68554,10,3,5.6,0,4.1,0
CUST-10520,Zenith Corp 134,SMB,Logistics & Supply Chain,United Kingdom,2024-03-16,SUB-20520,Growth,Monthly,452.19,11,2024-03-16,,Active,,0.488,63,2,14352,3,4,19.7,0,4.0,0
CUST-10521,Quantum Stack 134,Mid-Market,E-Commerce,United Kingdom,2024-03-16,SUB-20521,Growth,Monthly,2195.99,93,2024-03-16,,Active,,0.98,76,2,54302,15,3,5.6,0,4.3,0
CUST-10522,Nexus AI 134,SMB,E-Commerce,Germany,2024-03-16,SUB-20522,Starter,Monthly,382.54,20,2024-03-16,,Active,,0.59,69,5,17825,7,5,8.9,0,4.1,0
CUST-10523,Vertex Scale 134,SMB,E-Commerce,United States,2024-03-16,SUB-20523,Starter,Monthly,663.08,16,2024-03-16,2024-06-27,Churned,Support / SLA Frustration,0.651,91,4,116310,11,4,91.4,3,3.1,1
CUST-10524,Blue Systems 134,SMB,E-Commerce,United States,2024-03-16,SUB-20524,Starter,Monthly,572.87,11,2024-03-16,2024-10-10,Churned,Support / SLA Frustration,1.0,89,4,76441,8,3,114.5,2,3.1,1
CUST-10525,Apex Logic 135,Mid-Market,Fintech,Canada,2024-03-16,SUB-20525,Growth,Monthly,1273.82,79,2024-03-16,2024-10-06,Churned,Internal Restructuring,0.838,62,4,11410,1,5,10.8,0,4.9,1
CUST-10526,Cloud Hub 135,Mid-Market,E-Commerce,United Kingdom,2024-03-16,SUB-20526,Growth,Annual,1082.78,64,2024-03-16,,Active,,1.0,43,3,93361,3,5,19.1,0,4.8,0
CUST-10527,Data Pay 135,Mid-Market,Fintech,United States,2024-03-17,SUB-20527,Scale,Annual,1977.72,94,2024-03-17,,Active,,0.679,58,5,28939,6,5,12.7,0,4.3,0
CUST-10528,Nova Works 135,Enterprise,Healthcare,India,2024-03-17,SUB-20528,Enterprise Plus,Annual,17016.99,489,2024-03-17,,Active,,0.641,80,2,17148,0,5,22.5,0,4.2,0
CUST-10529,Pulse Security 135,SMB,Healthcare,United States,2024-03-17,SUB-20529,Growth,Monthly,726.42,21,2024-03-17,,Active,,0.541,50,2,8617,3,4,17.2,0,3.9,0
CUST-10530,Stratum Analytics 135,SMB,E-Commerce,Canada,2024-03-17,SUB-20530,Growth,Annual,721.17,20,2024-03-17,,Active,,0.992,56,6,28498,2,7,8.9,0,4.7,0
CUST-10531,Sync Tech 135,SMB,Fintech,Canada,2024-03-17,SUB-20531,Growth,Annual,266.52,24,2024-03-17,,Active,,0.592,69,7,5736,1,4,4.9,0,4.6,0
CUST-10532,Vanguard Sphere 135,SMB,SaaS / Tech,Australia,2024-03-17,SUB-20532,Starter,Monthly,649.16,6,2024-03-17,2025-02-13,Churned,Competitor Alternative,0.921,88,4,5462,3,3,12.9,0,4.9,1
CUST-10533,Omni Labs 135,SMB,SaaS / Tech,United States,2024-03-17,SUB-20533,Starter,Monthly,340.41,11,2024-03-17,,Active,,1.0,47,4,16188,8,2,67.3,0,3.1,0
CUST-10534,Hyper Flow 135,SMB,Fintech,United Kingdom,2024-03-17,SUB-20534,Starter,Annual,523.46,23,2024-03-17,2024-08-04,Churned,Support / SLA Frustration,1.0,76,6,52260,6,3,101.0,1,3.1,1
CUST-10535,Zenith Corp 135,SMB,Fintech,United States,2024-03-18,SUB-20535,Starter,Monthly,220.27,21,2024-03-18,2024-11-29,Churned,Support / SLA Frustration,0.785,56,3,53792,0,8,90.5,5,1.2,1
CUST-10536,Quantum Stack 135,SMB,Fintech,United States,2024-03-18,SUB-20536,Growth,Monthly,303.3,17,2024-03-18,,Active,,0.777,100,2,73104,11,7,77.4,5,3.0,0
CUST-10537,Nexus AI 135,Mid-Market,Logistics & Supply Chain,United States,2024-03-18,SUB-20537,Scale,Annual,2727.21,78,2024-03-18,2024-05-25,Churned,Low Adoption & License Waste,0.254,62,6,3328,36,5,21.5,0,4.7,1
CUST-10538,Vertex Scale 135,Mid-Market,E-Commerce,United Kingdom,2024-03-18,SUB-20538,Scale,Annual,3792.41,54,2024-03-18,,Active,,0.711,44,4,9593,13,7,10.6,0,4.8,0
CUST-10539,Blue Systems 135,Enterprise,E-Commerce,United States,2024-03-18,SUB-20539,Enterprise Plus,Annual,11070.03,379,2024-03-18,,Active,,0.319,66,5,2319,6,2,62.6,1,2.9,0
CUST-10540,Apex Logic 136,SMB,Fintech,United States,2024-03-18,SUB-20540,Starter,Annual,428.0,15,2024-03-18,,Active,,0.927,83,1,9769,2,3,7.3,0,3.9,0
CUST-10541,Cloud Hub 136,SMB,E-Commerce,United Kingdom,2024-03-19,SUB-20541,Starter,Monthly,263.31,13,2024-03-19,,Active,,0.649,78,3,2182,3,4,18.4,0,4.1,0
CUST-10542,Data Pay 136,Mid-Market,Logistics & Supply Chain,Canada,2024-03-19,SUB-20542,Growth,Annual,1792.15,61,2024-03-19,2024-06-16,Churned,Support / SLA Frustration,0.781,81,7,53933,12,7,102.3,5,1.9,1
CUST-10543,Nova Works 136,SMB,Logistics & Supply Chain,Canada,2024-03-19,SUB-20543,Starter,Annual,610.91,17,2024-03-19,,Active,,0.66,39,3,7940,8,6,12.2,0,3.9,0
CUST-10544,Pulse Security 136,SMB,E-Commerce,India,2024-03-19,SUB-20544,Starter,Annual,665.31,8,2024-03-19,2024-10-28,Churned,Low Adoption & License Waste,0.374,52,3,89418,22,2,23.2,0,4.5,1
CUST-10545,Stratum Analytics 136,Mid-Market,Fintech,United States,2024-03-19,SUB-20545,Scale,Annual,1887.12,80,2024-03-19,,Active,,0.462,72,4,9411,11,10,111.7,3,1.3,0
CUST-10546,Sync Tech 136,Enterprise,Fintech,Australia,2024-03-19,SUB-20546,Enterprise Plus,Annual,9999.14,273,2024-03-19,,Active,,0.823,58,2,68749,1,6,10.6,0,4.3,0
CUST-10547,Vanguard Sphere 136,SMB,Fintech,Germany,2024-03-19,SUB-20547,Growth,Monthly,276.02,8,2024-03-19,,Active,,0.581,35,7,2637,5,6,8.3,0,3.9,0
CUST-10548,Omni Labs 136,SMB,Healthcare,United States,2024-03-19,SUB-20548,Starter,Monthly,265.02,18,2024-03-19,,Active,,0.617,18,6,81349,6,5,110.9,3,1.8,0
CUST-10549,Hyper Flow 136,SMB,Fintech,United States,2024-03-19,SUB-20549,Starter,Monthly,513.78,10,2024-03-19,,Active,,0.994,42,2,16712,1,2,113.0,1,2.9,0
CUST-10550,Zenith Corp 136,SMB,Healthcare,United States,2024-03-19,SUB-20550,Starter,Annual,199.36,21,2024-03-19,,Active,,0.933,60,5,22357,3,4,3.1,0,4.2,0
CUST-10551,Quantum Stack 136,SMB,Healthcare,United States,2024-03-20,SUB-20551,Starter,Annual,366.37,10,2024-03-20,,Active,,0.915,91,5,33970,0,2,7.6,0,4.1,0
CUST-10552,Nexus AI 136,SMB,Cybersecurity,United Kingdom,2024-03-20,SUB-20552,Starter,Monthly,423.11,11,2024-03-20,2024-10-19,Churned,Competitor Alternative,0.903,87,4,43597,1,2,15.1,0,4.9,1
CUST-10553,Vertex Scale 136,SMB,E-Commerce,United Kingdom,2024-03-20,SUB-20553,Starter,Monthly,674.31,23,2024-03-20,,Active,,1.0,94,0,49245,7,8,4.0,0,4.7,0
CUST-10554,Blue Systems 136,SMB,Logistics & Supply Chain,Canada,2024-03-20,SUB-20554,Starter,Monthly,577.7,23,2024-03-20,2025-03-07,Churned,Low Adoption & License Waste,0.324,73,3,3222,3,2,6.2,0,4.3,1
CUST-10555,Apex Logic 137,Mid-Market,SaaS / Tech,United Kingdom,2024-03-20,SUB-20555,Growth,Monthly,1058.42,72,2024-03-20,2025-02-21,Churned,Support / SLA Frustration,0.787,90,3,45935,0,5,85.7,3,2.7,1
CUST-10556,Cloud Hub 137,Enterprise,Fintech,United States,2024-03-20,SUB-20556,Enterprise Plus,Annual,16154.61,245,2024-03-20,,Active,,0.759,94,3,34141,0,0,4.0,0,4.4,0
CUST-10557,Data Pay 137,Enterprise,SaaS / Tech,Germany,2024-03-20,SUB-20557,Enterprise Plus,Annual,10128.24,244,2024-03-20,,Active,,0.702,58,4,19416,6,4,16.8,0,4.1,0
CUST-10558,Nova Works 137,SMB,Healthcare,United States,2024-03-21,SUB-20558,Starter,Monthly,213.3,17,2024-03-21,,Active,,0.769,78,5,15809,5,3,9.7,0,4.7,0
CUST-10559,Pulse Security 137,SMB,E-Commerce,Australia,2024-03-21,SUB-20559,Growth,Monthly,619.74,8,2024-03-21,2025-02-01,Churned,Support / SLA Frustration,0.298,100,5,2667,8,9,105.4,6,2.7,1
CUST-10560,Stratum Analytics 137,SMB,Healthcare,United States,2024-03-21,SUB-20560,Growth,Monthly,701.11,19,2024-03-21,,Active,,1.0,80,4,19619,0,2,16.7,0,4.7,0
CUST-10561,Sync Tech 137,Mid-Market,Cybersecurity,Australia,2024-03-21,SUB-20561,Scale,Annual,2590.02,86,2024-03-21,,Active,,0.582,49,5,40052,2,1,8.9,0,4.6,0
CUST-10562,Vanguard Sphere 137,Enterprise,Healthcare,United States,2024-03-21,SUB-20562,Enterprise Plus,Annual,17178.65,117,2024-03-21,,Active,,0.916,66,5,4871,0,1,5.3,0,4.7,0
CUST-10563,Omni Labs 137,Enterprise,Healthcare,United States,2024-03-21,SUB-20563,Enterprise Plus,Annual,5949.16,119,2024-03-21,2024-11-18,Churned,Support / SLA Frustration,0.839,38,7,60443,2,2,109.2,1,2.2,1
CUST-10564,Hyper Flow 137,Mid-Market,Cybersecurity,United States,2024-03-21,SUB-20564,Scale,Annual,1210.63,82,2024-03-21,,Active,,0.859,18,3,71605,4,3,21.9,0,4.7,0
CUST-10565,Zenith Corp 137,SMB,Fintech,Canada,2024-03-21,SUB-20565,Growth,Monthly,221.58,5,2024-03-21,2024-10-09,Churned,Price / Budget Cuts,0.885,69,6,37459,0,5,13.8,0,4.4,1
CUST-10566,Quantum Stack 137,Mid-Market,SaaS / Tech,Germany,2024-03-21,SUB-20566,Scale,Monthly,2787.31,85,2024-03-21,,Active,,0.725,96,2,34327,0,5,20.0,0,5.0,0
CUST-10567,Nexus AI 137,Mid-Market,SaaS / Tech,United States,2024-03-21,SUB-20567,Growth,Annual,3625.95,65,2024-03-21,,Active,,0.672,62,4,664,6,6,9.9,0,4.1,0
CUST-10568,Vertex Scale 137,SMB,Logistics & Supply Chain,India,2024-03-22,SUB-20568,Starter,Monthly,706.9,16,2024-03-22,,Active,,0.545,58,4,17999,2,6,23.1,0,4.1,0
CUST-10569,Blue Systems 137,Mid-Market,Cybersecurity,United Kingdom,2024-03-22,SUB-20569,Growth,Monthly,2874.37,55,2024-03-22,,Active,,0.255,12,4,43742,0,6,20.4,0,4.6,0
CUST-10570,Apex Logic 138,SMB,Cybersecurity,United Kingdom,2024-03-22,SUB-20570,Starter,Monthly,679.63,14,2024-03-22,,Active,,0.617,78,3,9215,5,6,2.3,0,4.9,0
CUST-10571,Cloud Hub 138,SMB,Fintech,Germany,2024-03-22,SUB-20571,Growth,Monthly,639.33,19,2024-03-22,2024-11-16,Churned,Price / Budget Cuts,1.0,62,6,16209,0,4,3.5,0,4.1,1
CUST-10572,Data Pay 138,Mid-Market,Logistics & Supply Chain,United States,2024-03-22,SUB-20572,Scale,Annual,1232.52,88,2024-03-22,2024-09-11,Churned,Internal Restructuring,1.0,57,6,18677,3,2,13.3,0,5.0,1
CUST-10573,Nova Works 138,SMB,E-Commerce,United States,2024-03-22,SUB-20573,Starter,Annual,192.65,8,2024-03-22,,Active,,0.5,76,5,9593,2,5,61.3,3,2.8,0
CUST-10574,Pulse Security 138,SMB,E-Commerce,India,2024-03-23,SUB-20574,Growth,Monthly,248.41,21,2024-03-23,,Active,,0.953,72,4,23875,7,4,18.2,0,3.9,0
CUST-10575,Stratum Analytics 138,SMB,Fintech,India,2024-03-23,SUB-20575,Starter,Monthly,427.95,19,2024-03-23,,Active,,0.749,58,2,5690,7,2,15.8,0,4.3,0
CUST-10576,Sync Tech 138,Enterprise,SaaS / Tech,Australia,2024-03-23,SUB-20576,Enterprise Plus,Annual,15858.35,114,2024-03-23,,Active,,0.44,94,5,25077,3,5,18.0,0,4.3,0
CUST-10577,Vanguard Sphere 138,SMB,Cybersecurity,India,2024-03-23,SUB-20577,Growth,Monthly,392.46,17,2024-03-23,2024-09-17,Churned,Switched Tool,0.785,88,4,21619,0,4,3.4,0,3.9,1
CUST-10578,Omni Labs 138,Mid-Market,Cybersecurity,United States,2024-03-23,SUB-20578,Growth,Annual,3756.78,42,2024-03-23,,Active,,0.595,100,3,13999,7,4,10.0,0,4.8,0
CUST-10579,Hyper Flow 138,Mid-Market,Healthcare,Germany,2024-03-24,SUB-20579,Scale,Annual,2792.13,40,2024-03-24,,Active,,0.465,83,5,3313,3,4,15.4,0,4.8,0
CUST-10580,Zenith Corp 138,Mid-Market,Fintech,United States,2024-03-24,SUB-20580,Growth,Monthly,1466.33,72,2024-03-24,,Active,,0.689,44,4,13472,6,6,11.5,0,4.4,0
CUST-10581,Quantum Stack 138,SMB,Healthcare,Australia,2024-03-24,SUB-20581,Starter,Monthly,507.53,15,2024-03-24,,Active,,0.87,62,3,7011,4,2,4.6,0,4.2,0
CUST-10582,Nexus AI 138,Mid-Market,Logistics & Supply Chain,United States,2024-03-24,SUB-20582,Growth,Monthly,3298.24,38,2024-03-24,,Active,,0.496,34,2,20416,7,8,5.1,0,4.5,0
CUST-10583,Vertex Scale 138,Mid-Market,SaaS / Tech,United Kingdom,2024-03-24,SUB-20583,Growth,Monthly,3742.18,96,2024-03-24,,Active,,0.555,69,6,48761,9,1,17.7,0,4.1,0
CUST-10584,Blue Systems 138,SMB,E-Commerce,United Kingdom,2024-03-24,SUB-20584,Growth,Annual,696.12,22,2024-03-24,,Active,,0.596,55,2,51338,1,2,2.5,0,4.1,0
CUST-10585,Apex Logic 139,Mid-Market,Fintech,United States,2024-03-24,SUB-20585,Growth,Annual,2233.74,74,2024-03-24,,Active,,0.568,67,3,27217,0,4,7.1,0,4.5,0
CUST-10586,Cloud Hub 139,Enterprise,Healthcare,United States,2024-03-24,SUB-20586,Scale,Annual,6406.6,276,2024-03-24,,Active,,0.59,75,1,35383,9,5,16.4,0,4.2,0
CUST-10587,Data Pay 139,Enterprise,E-Commerce,India,2024-03-25,SUB-20587,Scale,Annual,5940.32,466,2024-03-25,,Active,,0.774,64,5,16691,1,9,7.7,0,4.1,0
CUST-10588,Nova Works 139,Enterprise,Cybersecurity,Germany,2024-03-25,SUB-20588,Enterprise Plus,Monthly,14484.73,142,2024-03-25,,Active,,0.657,88,1,1231,9,2,7.8,0,4.2,0
CUST-10589,Pulse Security 139,Mid-Market,E-Commerce,United States,2024-03-25,SUB-20589,Growth,Annual,3764.33,49,2024-03-25,,Active,,0.467,100,0,7882,9,6,10.8,0,4.8,0
CUST-10590,Stratum Analytics 139,Enterprise,Healthcare,Canada,2024-03-25,SUB-20590,Enterprise Plus,Annual,16928.32,402,2024-03-25,,Active,,0.756,96,4,7067,0,3,77.0,2,1.4,0
CUST-10591,Sync Tech 139,SMB,E-Commerce,United Kingdom,2024-03-25,SUB-20591,Starter,Monthly,501.4,6,2024-03-25,,Active,,1.0,83,3,39234,6,6,23.8,0,4.3,0
CUST-10592,Vanguard Sphere 139,Mid-Market,Fintech,United States,2024-03-25,SUB-20592,Scale,Annual,1016.39,93,2024-03-25,,Active,,0.891,36,3,26902,0,1,57.0,1,2.5,0
CUST-10593,Omni Labs 139,Mid-Market,Cybersecurity,United States,2024-03-26,SUB-20593,Growth,Monthly,3384.98,86,2024-03-26,2025-01-14,Churned,Competitor Alternative,0.762,73,3,4712,3,4,6.1,0,4.6,1
CUST-10594,Hyper Flow 139,SMB,Healthcare,Germany,2024-03-26,SUB-20594,Starter,Annual,671.6,22,2024-03-26,,Active,,0.595,37,4,2558,10,7,23.0,0,4.7,0
CUST-10595,Zenith Corp 139,Mid-Market,E-Commerce,Canada,2024-03-26,SUB-20595,Growth,Annual,1407.91,97,2024-03-26,,Active,,0.657,49,7,50838,1,2,16.7,0,4.5,0
CUST-10596,Quantum Stack 139,SMB,Healthcare,United Kingdom,2024-03-26,SUB-20596,Starter,Annual,536.26,9,2024-03-26,2025-01-01,Churned,Support / SLA Frustration,0.56,59,5,26880,0,2,59.3,2,1.2,1
CUST-10597,Nexus AI 139,Mid-Market,SaaS / Tech,United Kingdom,2024-03-26,SUB-20597,Scale,Annual,916.68,62,2024-03-26,,Active,,0.627,68,5,6723,2,4,16.1,0,3.9,0
CUST-10598,Vertex Scale 139,Mid-Market,SaaS / Tech,United States,2024-03-27,SUB-20598,Growth,Annual,2334.11,55,2024-03-27,,Active,,0.364,96,5,6373,3,3,106.5,1,2.3,0
CUST-10599,Blue Systems 139,Enterprise,SaaS / Tech,United States,2024-03-27,SUB-20599,Enterprise Plus,Annual,17679.64,349,2024-03-27,2024-08-06,Churned,Support / SLA Frustration,0.844,62,4,10600,2,3,95.3,1,1.3,1
CUST-10600,Apex Logic 140,Mid-Market,Healthcare,United States,2024-03-27,SUB-20600,Growth,Annual,2460.51,42,2024-03-27,,Active,,0.319,81,2,50607,1,4,5.8,0,4.8,0
CUST-10601,Cloud Hub 140,Mid-Market,Healthcare,United States,2024-03-27,SUB-20601,Growth,Annual,2785.5,66,2024-03-27,,Active,,0.768,74,4,5444,12,3,15.2,0,4.1,0
CUST-10602,Data Pay 140,Mid-Market,Fintech,United Kingdom,2024-03-28,SUB-20602,Growth,Annual,3194.45,31,2024-03-28,,Active,,0.565,87,3,20829,1,5,23.1,0,4.8,0
CUST-10603,Nova Works 140,Enterprise,SaaS / Tech,India,2024-03-28,SUB-20603,Enterprise Plus,Annual,17333.43,159,2024-03-28,,Active,,0.681,55,3,36389,0,4,18.0,0,4.7,0
CUST-10604,Pulse Security 140,Enterprise,Fintech,United States,2024-03-28,SUB-20604,Enterprise Plus,Annual,12161.17,306,2024-03-28,,Active,,0.515,65,1,1219,3,6,19.6,0,4.0,0
CUST-10605,Stratum Analytics 140,Mid-Market,E-Commerce,United States,2024-03-28,SUB-20605,Growth,Monthly,2767.58,31,2024-03-28,2024-06-06,Churned,Support / SLA Frustration,0.85,37,5,36758,2,4,49.8,0,1.5,1
CUST-10606,Sync Tech 140,Mid-Market,Logistics & Supply Chain,United Kingdom,2024-03-29,SUB-20606,Growth,Annual,2667.25,71,2024-03-29,,Active,,0.807,98,4,5633,10,5,18.8,0,4.4,0
CUST-10607,Vanguard Sphere 140,Mid-Market,Logistics & Supply Chain,Germany,2024-03-29,SUB-20607,Growth,Annual,2442.05,63,2024-03-29,2024-10-24,Churned,Support / SLA Frustration,0.937,71,3,17415,6,4,92.8,3,1.9,1
CUST-10608,Omni Labs 140,SMB,Healthcare,Canada,2024-03-29,SUB-20608,Starter,Monthly,153.51,23,2024-03-29,,Active,,0.706,75,2,9380,2,8,20.9,0,3.8,0
CUST-10609,Hyper Flow 140,SMB,E-Commerce,Germany,2024-03-29,SUB-20609,Growth,Monthly,310.37,22,2024-03-29,,Active,,0.991,64,2,15942,8,3,9.3,0,4.1,0
CUST-10610,Zenith Corp 140,Enterprise,Fintech,United Kingdom,2024-03-29,SUB-20610,Enterprise Plus,Annual,7504.74,395,2024-03-29,,Active,,0.05,71,5,2885,24,5,13.1,0,3.9,0
CUST-10611,Quantum Stack 140,SMB,SaaS / Tech,Canada,2024-03-29,SUB-20611,Growth,Annual,230.5,18,2024-03-29,,Active,,0.607,40,4,11436,0,3,11.7,0,4.3,0
CUST-10612,Nexus AI 140,SMB,Logistics & Supply Chain,United States,2024-03-30,SUB-20612,Growth,Monthly,299.29,13,2024-03-30,2024-06-06,Churned,Switched Tool,0.594,48,2,28672,11,2,11.9,0,4.3,1
CUST-10613,Vertex Scale 140,Enterprise,Fintech,United States,2024-03-30,SUB-20613,Enterprise Plus,Monthly,14913.51,335,2024-03-30,,Active,,0.734,33,5,3735,0,5,16.5,0,4.1,0
CUST-10614,Blue Systems 140,SMB,Healthcare,United States,2024-03-30,SUB-20614,Starter,Monthly,531.59,24,2024-03-30,,Active,,0.87,95,2,6299,10,2,20.3,0,4.4,0
CUST-10615,Apex Logic 141,SMB,Logistics & Supply Chain,United Kingdom,2024-03-30,SUB-20615,Starter,Monthly,632.26,11,2024-03-30,2024-09-28,Churned,Support / SLA Frustration,0.688,79,4,262714,9,5,82.8,2,2.0,1
CUST-10616,Cloud Hub 141,Enterprise,Logistics & Supply Chain,India,2024-03-30,SUB-20616,Enterprise Plus,Annual,14877.6,486,2024-03-30,,Active,,0.514,52,6,80365,10,4,66.6,3,2.6,0
CUST-10617,Data Pay 141,Mid-Market,Fintech,Germany,2024-03-30,SUB-20617,Growth,Monthly,2530.45,82,2024-03-30,,Active,,0.481,44,5,5307,4,2,7.0,0,3.9,0
CUST-10618,Nova Works 141,SMB,E-Commerce,United States,2024-03-31,SUB-20618,Growth,Monthly,634.02,11,2024-03-31,,Active,,0.586,51,3,3677,2,3,12.6,0,4.7,0
CUST-10619,Pulse Security 141,SMB,Fintech,United States,2024-03-31,SUB-20619,Starter,Monthly,546.97,8,2024-03-31,2024-08-29,Churned,Competitor Alternative,1.0,100,5,6772,8,3,10.7,0,4.3,1
CUST-10620,Stratum Analytics 141,Mid-Market,Fintech,United States,2024-03-31,SUB-20620,Scale,Annual,3207.17,27,2024-03-31,,Active,,0.962,84,4,33849,4,2,8.8,0,4.6,0
CUST-10621,Sync Tech 141,Mid-Market,Cybersecurity,United States,2024-04-01,SUB-20621,Scale,Monthly,3628.71,78,2024-04-01,,Active,,0.322,72,3,6697,0,5,7.5,0,4.4,0
CUST-10622,Vanguard Sphere 141,Mid-Market,Logistics & Supply Chain,United Kingdom,2024-04-01,SUB-20622,Scale,Monthly,2857.65,46,2024-04-01,2024-08-12,Churned,Leadership Transition,0.524,67,6,7916,20,3,10.8,0,4.6,1
CUST-10623,Omni Labs 141,Mid-Market,SaaS / Tech,India,2024-04-01,SUB-20623,Scale,Monthly,2130.87,78,2024-04-01,,Active,,0.992,52,6,35186,9,1,13.1,0,4.4,0
CUST-10624,Hyper Flow 141,SMB,Fintech,Australia,2024-04-01,SUB-20624,Growth,Monthly,719.98,11,2024-04-01,,Active,,0.795,49,3,2593,0,2,17.9,0,4.9,0
CUST-10625,Zenith Corp 141,Mid-Market,Logistics & Supply Chain,United Kingdom,2024-04-01,SUB-20625,Growth,Annual,1617.88,91,2024-04-01,,Active,,0.883,43,2,3422,6,7,5.2,0,4.6,0
CUST-10626,Quantum Stack 141,Mid-Market,Healthcare,Germany,2024-04-02,SUB-20626,Growth,Monthly,2831.3,83,2024-04-02,,Active,,0.881,52,4,9167,0,4,20.8,0,4.0,0
CUST-10627,Nexus AI 141,SMB,Healthcare,United Kingdom,2024-04-02,SUB-20627,Starter,Monthly,402.45,12,2024-04-02,2024-06-09,Churned,Price / Budget Cuts,0.772,54,4,162622,2,4,18.4,0,3.9,1
CUST-10628,Vertex Scale 141,Enterprise,E-Commerce,United States,2024-04-02,SUB-20628,Enterprise Plus,Annual,10975.77,451,2024-04-02,2024-06-05,Churned,Support / SLA Frustration,0.488,63,5,44789,23,5,112.7,4,3.1,1
CUST-10629,Blue Systems 141,Mid-Market,Fintech,United Kingdom,2024-04-02,SUB-20629,Growth,Monthly,1548.66,82,2024-04-02,2024-12-01,Churned,Support / SLA Frustration,0.45,58,5,20344,3,3,58.1,3,2.1,1
CUST-10630,Apex Logic 142,SMB,SaaS / Tech,United Kingdom,2024-04-02,SUB-20630,Starter,Annual,292.16,13,2024-04-02,,Active,,0.93,37,1,29687,1,1,68.9,1,2.7,0
CUST-10631,Cloud Hub 142,SMB,E-Commerce,Canada,2024-04-02,SUB-20631,Growth,Annual,535.51,19,2024-04-02,,Active,,0.707,75,4,33136,3,2,4.3,0,4.4,0
CUST-10632,Data Pay 142,SMB,Fintech,United States,2024-04-03,SUB-20632,Starter,Monthly,232.25,16,2024-04-03,,Active,,0.866,80,6,14746,10,5,12.9,0,4.8,0
CUST-10633,Nova Works 142,SMB,Fintech,United States,2024-04-03,SUB-20633,Growth,Monthly,505.14,19,2024-04-03,,Active,,0.476,74,4,21879,2,5,88.3,4,1.3,0
CUST-10634,Pulse Security 142,Enterprise,Fintech,United States,2024-04-03,SUB-20634,Enterprise Plus,Annual,16869.16,104,2024-04-03,2025-01-14,Churned,Support / SLA Frustration,0.299,48,3,11728,0,4,65.8,3,1.5,1
CUST-10635,Stratum Analytics 142,Mid-Market,Fintech,Australia,2024-04-03,SUB-20635,Scale,Annual,2222.18,88,2024-04-03,2024-09-20,Churned,Low Adoption & License Waste,0.27,45,4,6424,0,4,11.8,0,4.0,1
CUST-10636,Sync Tech 142,SMB,E-Commerce,United States,2024-04-03,SUB-20636,Growth,Monthly,712.46,13,2024-04-03,,Active,,0.499,68,3,5089,3,8,4.2,0,4.1,0
CUST-10637,Vanguard Sphere 142,Mid-Market,Logistics & Supply Chain,Canada,2024-04-03,SUB-20637,Scale,Annual,1917.08,57,2024-04-03,2024-11-18,Churned,Low Adoption & License Waste,0.339,85,3,40106,29,2,11.9,0,4.2,1
CUST-10638,Omni Labs 142,Mid-Market,Fintech,Canada,2024-04-03,SUB-20638,Scale,Annual,3260.77,80,2024-04-03,,Active,,1.0,87,4,20780,2,6,18.6,0,4.6,0
CUST-10639,Hyper Flow 142,Mid-Market,Fintech,United States,2024-04-03,SUB-20639,Growth,Monthly,2166.06,59,2024-04-03,,Active,,0.827,51,4,38788,25,5,3.6,0,4.0,0
CUST-10640,Zenith Corp 142,Enterprise,E-Commerce,United Kingdom,2024-04-03,SUB-20640,Enterprise Plus,Annual,16455.89,385,2024-04-03,,Active,,0.54,55,4,16055,0,4,103.8,2,2.7,0
CUST-10641,Quantum Stack 142,Mid-Market,Logistics & Supply Chain,India,2024-04-04,SUB-20641,Growth,Monthly,1011.21,27,2024-04-04,2024-09-28,Churned,Support / SLA Frustration,0.717,35,7,62269,7,5,101.6,0,3.2,1
CUST-10642,Nexus AI 142,Mid-Market,Healthcare,United States,2024-04-04,SUB-20642,Growth,Annual,1582.81,98,2024-04-04,,Active,,0.625,50,4,23051,4,4,86.6,0,2.8,0
CUST-10643,Vertex Scale 142,Mid-Market,Healthcare,India,2024-04-04,SUB-20643,Growth,Monthly,1708.58,49,2024-04-04,,Active,,0.764,97,1,37423,0,3,114.7,1,1.7,0
CUST-10644,Blue Systems 142,Enterprise,E-Commerce,United States,2024-04-04,SUB-20644,Enterprise Plus,Annual,10895.03,307,2024-04-04,2024-07-09,Churned,Support / SLA Frustration,0.612,67,1,7683,25,6,102.0,1,2.1,1
CUST-10645,Apex Logic 143,SMB,Healthcare,United States,2024-04-04,SUB-20645,Starter,Monthly,176.93,20,2024-04-04,,Active,,0.901,30,1,16048,0,3,8.1,0,3.8,0
CUST-10646,Cloud Hub 143,SMB,Fintech,India,2024-04-04,SUB-20646,Starter,Monthly,326.36,13,2024-04-04,,Active,,0.343,46,6,5854,5,5,7.1,0,4.4,0
CUST-10647,Data Pay 143,SMB,SaaS / Tech,Germany,2024-04-05,SUB-20647,Starter,Monthly,433.11,24,2024-04-05,2024-11-18,Churned,Competitor Alternative,0.675,66,4,16497,0,5,6.7,0,4.8,1
CUST-10648,Nova Works 143,SMB,E-Commerce,Australia,2024-04-05,SUB-20648,Starter,Annual,439.7,5,2024-04-05,2024-10-12,Churned,Low Adoption & License Waste,0.284,76,3,1539,0,5,5.5,0,3.9,1
CUST-10649,Pulse Security 143,Mid-Market,E-Commerce,United Kingdom,2024-04-05,SUB-20649,Scale,Monthly,3004.88,70,2024-04-05,,Active,,0.643,85,5,4761,3,4,3.8,0,4.6,0
CUST-10650,Stratum Analytics 143,Enterprise,SaaS / Tech,India,2024-04-06,SUB-20650,Enterprise Plus,Monthly,8252.97,411,2024-04-06,2025-02-22,Churned,Support / SLA Frustration,0.992,41,5,33444,7,3,77.7,1,2.0,1
CUST-10651,Sync Tech 143,SMB,SaaS / Tech,Germany,2024-04-06,SUB-20651,Starter,Monthly,641.52,24,2024-04-06,,Active,,0.349,29,5,53277,7,3,12.2,0,4.7,0
CUST-10652,Vanguard Sphere 143,SMB,Fintech,Germany,2024-04-07,SUB-20652,Starter,Annual,437.32,19,2024-04-07,2024-12-03,Churned,Switched Tool,0.78,48,4,23425,1,2,21.1,0,4.1,1
CUST-10653,Omni Labs 143,SMB,Healthcare,United Kingdom,2024-04-07,SUB-20653,Growth,Annual,438.17,9,2024-04-07,,Active,,1.0,91,2,11848,2,4,20.0,0,4.4,0
CUST-10654,Hyper Flow 143,Mid-Market,Fintech,United States,2024-04-07,SUB-20654,Scale,Annual,2832.72,44,2024-04-07,,Active,,0.787,42,4,3569,10,4,20.9,0,4.1,0
CUST-10655,Zenith Corp 143,Enterprise,Fintech,India,2024-04-07,SUB-20655,Enterprise Plus,Monthly,7746.05,138,2024-04-07,,Active,,1.0,66,3,8064,16,1,20.3,0,3.9,0
CUST-10656,Quantum Stack 143,Mid-Market,SaaS / Tech,United States,2024-04-08,SUB-20656,Growth,Annual,2760.96,49,2024-04-08,2025-03-06,Churned,Internal Restructuring,0.8,100,5,4492,7,9,15.0,0,4.2,1
CUST-10657,Nexus AI 143,Mid-Market,Logistics & Supply Chain,United Kingdom,2024-04-08,SUB-20657,Scale,Annual,3386.27,86,2024-04-08,2024-07-02,Churned,Support / SLA Frustration,1.0,100,4,1656,0,5,71.0,2,1.4,1
CUST-10658,Vertex Scale 143,SMB,Cybersecurity,United States,2024-04-08,SUB-20658,Growth,Monthly,344.4,12,2024-04-08,,Active,,0.468,100,3,25468,0,5,115.0,2,2.9,0
CUST-10659,Blue Systems 143,SMB,E-Commerce,United Kingdom,2024-04-08,SUB-20659,Growth,Annual,317.83,7,2024-04-08,,Active,,0.53,86,0,9709,10,4,22.7,0,4.6,0
CUST-10660,Apex Logic 144,Mid-Market,Fintech,United States,2024-04-08,SUB-20660,Growth,Monthly,1512.37,26,2024-04-08,2025-02-18,Churned,Competitor Alternative,0.609,100,4,67357,3,2,3.3,0,4.0,1
CUST-10661,Cloud Hub 144,SMB,Fintech,United States,2024-04-08,SUB-20661,Growth,Annual,733.24,9,2024-04-08,,Active,,0.798,100,0,2191,14,5,18.6,0,3.8,0
CUST-10662,Data Pay 144,SMB,Logistics & Supply Chain,India,2024-04-08,SUB-20662,Starter,Monthly,157.59,14,2024-04-08,,Active,,0.939,98,5,22184,3,4,5.2,0,3.9,0
CUST-10663,Nova Works 144,Mid-Market,E-Commerce,United States,2024-04-09,SUB-20663,Growth,Monthly,3023.81,30,2024-04-09,2024-07-11,Churned,Support / SLA Frustration,0.551,49,6,27918,4,5,82.9,2,1.7,1
CUST-10664,Pulse Security 144,Enterprise,E-Commerce,United Kingdom,2024-04-09,SUB-20664,Scale,Annual,6071.5,282,2024-04-09,,Active,,0.63,35,4,32345,0,4,10.2,0,4.2,0
CUST-10665,Stratum Analytics 144,Mid-Market,SaaS / Tech,United States,2024-04-09,SUB-20665,Scale,Annual,3051.46,76,2024-04-09,2024-06-30,Churned,Support / SLA Frustration,0.373,100,5,36307,8,2,114.1,0,1.5,1
CUST-10666,Sync Tech 144,Mid-Market,SaaS / Tech,United States,2024-04-09,SUB-20666,Scale,Annual,3086.1,91,2024-04-09,2024-07-08,Churned,Support / SLA Frustration,0.547,65,4,10626,1,2,109.6,2,1.7,1
CUST-10667,Vanguard Sphere 144,Mid-Market,Logistics & Supply Chain,United States,2024-04-09,SUB-20667,Growth,Annual,3713.3,83,2024-04-09,,Active,,1.0,60,3,15834,3,3,11.4,0,3.9,0
CUST-10668,Omni Labs 144,Mid-Market,Fintech,Canada,2024-04-09,SUB-20668,Growth,Monthly,2072.55,61,2024-04-09,2025-02-04,Churned,Low Adoption & License Waste,0.298,89,4,14279,0,6,13.6,0,4.7,1
CUST-10669,Hyper Flow 144,Mid-Market,SaaS / Tech,United States,2024-04-10,SUB-20669,Growth,Annual,2856.81,83,2024-04-10,,Active,,0.884,100,6,22384,13,3,9.0,0,5.0,0
CUST-10670,Zenith Corp 144,Mid-Market,Logistics & Supply Chain,India,2024-04-10,SUB-20670,Scale,Annual,3286.28,44,2024-04-10,,Active,,0.814,75,4,10094,6,3,50.7,0,2.4,0
CUST-10671,Quantum Stack 144,SMB,Healthcare,United States,2024-04-10,SUB-20671,Starter,Monthly,406.34,8,2024-04-10,,Active,,0.611,97,4,12630,1,6,23.7,0,4.2,0
CUST-10672,Nexus AI 144,Enterprise,E-Commerce,United States,2024-04-10,SUB-20672,Scale,Annual,14796.08,498,2024-04-10,,Active,,0.508,56,3,905,7,3,9.8,0,4.1,0
CUST-10673,Vertex Scale 144,SMB,Healthcare,United States,2024-04-10,SUB-20673,Growth,Monthly,591.13,22,2024-04-10,,Active,,0.561,61,4,12051,14,6,19.3,0,5.0,0
CUST-10674,Blue Systems 144,Mid-Market,Cybersecurity,United States,2024-04-10,SUB-20674,Growth,Monthly,2049.58,94,2024-04-10,2024-07-01,Churned,Support / SLA Frustration,0.772,68,5,6134,2,9,112.0,4,1.3,1
CUST-10675,Apex Logic 145,SMB,Fintech,Canada,2024-04-10,SUB-20675,Starter,Monthly,583.48,24,2024-04-10,2025-01-22,Churned,Competitor Alternative,0.71,72,6,2724,2,7,15.9,0,4.1,1
CUST-10676,Cloud Hub 145,Enterprise,E-Commerce,Germany,2024-04-11,SUB-20676,Enterprise Plus,Annual,12022.86,246,2024-04-11,,Active,,0.644,56,3,45892,0,3,21.0,0,4.5,0
CUST-10677,Data Pay 145,Mid-Market,Fintech,United Kingdom,2024-04-11,SUB-20677,Growth,Annual,1543.83,66,2024-04-11,,Active,,0.382,46,3,9279,2,4,8.3,0,4.8,0
CUST-10678,Nova Works 145,SMB,SaaS / Tech,United States,2024-04-11,SUB-20678,Growth,Monthly,154.5,6,2024-04-11,,Active,,0.49,64,2,6587,2,5,16.6,0,4.2,0
CUST-10679,Pulse Security 145,SMB,Fintech,United States,2024-04-11,SUB-20679,Starter,Monthly,179.78,12,2024-04-11,,Active,,0.67,75,3,39748,3,2,7.2,0,4.8,0
CUST-10680,Stratum Analytics 145,SMB,Fintech,United States,2024-04-11,SUB-20680,Starter,Monthly,462.36,11,2024-04-11,,Active,,0.498,99,3,20853,0,8,22.4,0,4.8,0
CUST-10681,Sync Tech 145,Mid-Market,E-Commerce,Australia,2024-04-11,SUB-20681,Scale,Monthly,1904.2,31,2024-04-11,2024-11-22,Churned,Competitor Alternative,0.45,93,5,49647,0,4,18.0,0,4.7,1
CUST-10682,Vanguard Sphere 145,Mid-Market,Cybersecurity,United States,2024-04-11,SUB-20682,Growth,Annual,2255.34,36,2024-04-11,,Active,,0.714,93,1,46748,10,1,22.6,0,4.3,0
CUST-10683,Omni Labs 145,SMB,Fintech,Canada,2024-04-12,SUB-20683,Starter,Annual,585.4,5,2024-04-12,,Active,,0.755,35,2,34020,0,4,16.3,0,4.1,0
CUST-10684,Hyper Flow 145,SMB,Fintech,United States,2024-04-12,SUB-20684,Starter,Annual,120.62,22,2024-04-12,,Active,,0.663,90,7,26443,1,3,17.4,0,4.8,0
CUST-10685,Zenith Corp 145,SMB,SaaS / Tech,United States,2024-04-12,SUB-20685,Starter,Annual,538.37,17,2024-04-12,2024-07-13,Churned,Support / SLA Frustration,0.554,100,6,20703,3,1,58.2,0,1.6,1
CUST-10686,Quantum Stack 145,SMB,E-Commerce,United States,2024-04-12,SUB-20686,Starter,Monthly,678.85,9,2024-04-12,2024-12-06,Churned,Support / SLA Frustration,0.851,52,7,41044,1,2,52.6,2,2.2,1
CUST-10687,Nexus AI 145,Mid-Market,Cybersecurity,United States,2024-04-13,SUB-20687,Growth,Annual,3136.48,93,2024-04-13,,Active,,0.509,67,4,50780,4,1,2.0,0,4.7,0
CUST-10688,Vertex Scale 145,SMB,Fintech,Canada,2024-04-13,SUB-20688,Growth,Monthly,741.68,18,2024-04-13,2025-02-24,Churned,Support / SLA Frustration,0.189,73,4,14410,3,7,96.6,3,2.9,1
CUST-10689,Blue Systems 145,Mid-Market,E-Commerce,United States,2024-04-13,SUB-20689,Scale,Monthly,920.27,72,2024-04-13,2025-01-04,Churned,Support / SLA Frustration,0.534,52,6,13546,14,5,79.4,2,2.6,1
CUST-10690,Apex Logic 146,Mid-Market,Fintech,Canada,2024-04-13,SUB-20690,Scale,Monthly,3463.15,88,2024-04-13,,Active,,0.39,84,6,8766,1,2,89.6,0,2.5,0
CUST-10691,Cloud Hub 146,Mid-Market,Fintech,United States,2024-04-13,SUB-20691,Scale,Annual,920.07,25,2024-04-13,,Active,,0.928,100,2,9170,4,7,56.3,3,1.2,0
CUST-10692,Data Pay 146,SMB,SaaS / Tech,Australia,2024-04-13,SUB-20692,Starter,Monthly,404.28,13,2024-04-13,,Active,,0.634,79,4,3159,0,3,19.5,0,4.9,0
CUST-10693,Nova Works 146,Mid-Market,E-Commerce,United States,2024-04-13,SUB-20693,Scale,Annual,3383.06,92,2024-04-13,2024-11-13,Churned,Leadership Transition,0.815,43,3,46901,8,5,3.0,0,4.0,1
CUST-10694,Pulse Security 146,Enterprise,SaaS / Tech,India,2024-04-13,SUB-20694,Enterprise Plus,Annual,14773.78,383,2024-04-13,,Active,,0.748,86,1,22373,5,2,6.3,0,4.3,0
CUST-10695,Stratum Analytics 146,SMB,Healthcare,Germany,2024-04-13,SUB-20695,Starter,Annual,286.86,7,2024-04-13,2024-12-04,Churned,Support / SLA Frustration,0.597,80,4,26038,10,6,65.3,2,2.3,1
CUST-10696,Sync Tech 146,Mid-Market,Healthcare,Australia,2024-04-13,SUB-20696,Growth,Annual,2749.36,96,2024-04-13,2024-05-26,Churned,Low Adoption & License Waste,0.366,87,3,23196,3,1,5.9,0,4.2,1
CUST-10697,Vanguard Sphere 146,SMB,Healthcare,United States,2024-04-14,SUB-20697,Starter,Monthly,614.0,19,2024-04-14,2024-07-01,Churned,Switched Tool,0.867,62,2,9786,0,1,5.7,0,4.7,1
CUST-10698,Omni Labs 146,Mid-Market,Cybersecurity,Canada,2024-04-14,SUB-20698,Growth,Annual,3354.2,92,2024-04-14,,Active,,0.699,94,4,35619,0,6,18.9,0,4.0,0
CUST-10699,Hyper Flow 146,Mid-Market,Healthcare,United States,2024-04-14,SUB-20699,Growth,Annual,3198.34,46,2024-04-14,,Active,,0.222,43,7,56389,4,2,11.3,0,4.5,0
CUST-10700,Zenith Corp 146,SMB,Healthcare,United States,2024-04-14,SUB-20700,Starter,Monthly,445.97,18,2024-04-14,,Active,,0.632,47,3,54494,0,4,19.7,0,4.1,0
CUST-10701,Quantum Stack 146,Enterprise,Healthcare,United States,2024-04-14,SUB-20701,Enterprise Plus,Annual,11293.12,216,2024-04-14,,Active,,0.728,58,7,3212,11,3,18.8,0,4.8,0
CUST-10702,Nexus AI 146,Mid-Market,E-Commerce,United States,2024-04-14,SUB-20702,Growth,Monthly,2202.18,37,2024-04-14,,Active,,0.564,46,5,1624,4,4,11.9,0,4.9,0
CUST-10703,Vertex Scale 146,Enterprise,Healthcare,Australia,2024-04-14,SUB-20703,Scale,Annual,10776.89,361,2024-04-14,,Active,,0.905,29,6,10206,11,4,14.5,0,4.5,0
CUST-10704,Blue Systems 146,Enterprise,Cybersecurity,United States,2024-04-15,SUB-20704,Enterprise Plus,Annual,11355.34,462,2024-04-15,,Active,,0.713,63,7,6013,1,5,9.3,0,4.2,0
CUST-10705,Apex Logic 147,SMB,Healthcare,United Kingdom,2024-04-15,SUB-20705,Starter,Monthly,494.13,19,2024-04-15,,Active,,0.472,74,4,92407,1,6,5.5,0,4.3,0
CUST-10706,Cloud Hub 147,Mid-Market,Logistics & Supply Chain,United Kingdom,2024-04-15,SUB-20706,Growth,Monthly,2700.8,88,2024-04-15,,Active,,0.744,50,6,19268,4,4,11.7,0,4.2,0
CUST-10707,Data Pay 147,SMB,Fintech,United Kingdom,2024-04-15,SUB-20707,Starter,Monthly,612.05,12,2024-04-15,,Active,,0.6,50,5,28765,4,5,21.7,0,4.8,0
CUST-10708,Nova Works 147,Mid-Market,SaaS / Tech,United Kingdom,2024-04-15,SUB-20708,Growth,Monthly,1170.88,80,2024-04-15,,Active,,0.638,72,4,20633,15,7,23.5,0,5.0,0
CUST-10709,Pulse Security 147,SMB,Cybersecurity,United States,2024-04-15,SUB-20709,Starter,Annual,538.41,6,2024-04-15,,Active,,0.678,77,4,10061,0,2,5.7,0,4.5,0
CUST-10710,Stratum Analytics 147,SMB,Fintech,United Kingdom,2024-04-15,SUB-20710,Growth,Monthly,514.57,21,2024-04-15,2024-07-27,Churned,Support / SLA Frustration,0.822,79,6,62100,1,6,56.5,1,2.0,1
CUST-10711,Sync Tech 147,SMB,Cybersecurity,United States,2024-04-16,SUB-20711,Growth,Monthly,655.13,8,2024-04-16,2025-03-01,Churned,Support / SLA Frustration,1.0,57,4,4295,3,5,73.2,1,1.3,1
CUST-10712,Vanguard Sphere 147,Mid-Market,E-Commerce,India,2024-04-16,SUB-20712,Growth,Monthly,2970.28,27,2024-04-16,,Active,,0.824,83,2,1441,1,1,12.9,0,5.0,0
CUST-10713,Omni Labs 147,Mid-Market,Cybersecurity,Canada,2024-04-16,SUB-20713,Growth,Monthly,1936.37,83,2024-04-16,,Active,,0.618,58,2,4272,4,5,15.0,0,4.4,0
CUST-10714,Hyper Flow 147,Mid-Market,SaaS / Tech,Australia,2024-04-16,SUB-20714,Scale,Annual,1323.19,72,2024-04-16,,Active,,0.735,73,5,12842,7,7,23.5,0,4.3,0
CUST-10715,Zenith Corp 147,SMB,Healthcare,United States,2024-04-16,SUB-20715,Starter,Annual,325.62,11,2024-04-16,,Active,,0.797,52,5,49699,3,6,4.7,0,4.2,0
CUST-10716,Quantum Stack 147,SMB,Fintech,United States,2024-04-16,SUB-20716,Starter,Monthly,601.1,16,2024-04-16,2024-08-03,Churned,Support / SLA Frustration,0.824,100,4,13275,22,5,55.0,2,1.4,1
CUST-10717,Nexus AI 147,SMB,Healthcare,United States,2024-04-16,SUB-20717,Growth,Annual,394.44,17,2024-04-16,2025-04-05,Churned,Low Adoption & License Waste,0.374,78,5,5494,2,5,15.4,0,3.9,1
CUST-10718,Vertex Scale 147,Enterprise,Fintech,United States,2024-04-16,SUB-20718,Enterprise Plus,Annual,14341.03,360,2024-04-16,,Active,,0.668,20,4,11573,4,4,14.1,0,4.4,0
CUST-10719,Blue Systems 147,SMB,Fintech,United States,2024-04-16,SUB-20719,Starter,Monthly,576.61,24,2024-04-16,2025-01-16,Churned,Competitor Alternative,0.61,68,7,39384,7,1,17.3,0,3.8,1
CUST-10720,Apex Logic 148,SMB,Fintech,United Kingdom,2024-04-16,SUB-20720,Starter,Monthly,444.33,22,2024-04-16,,Active,,0.775,34,4,15747,0,3,14.3,0,4.2,0
CUST-10721,Cloud Hub 148,Mid-Market,Healthcare,United States,2024-04-16,SUB-20721,Scale,Monthly,2676.25,30,2024-04-16,2024-06-01,Churned,Competitor Alternative,0.79,10,3,38176,3,1,17.5,0,4.9,1
CUST-10722,Data Pay 148,Enterprise,SaaS / Tech,United Kingdom,2024-04-17,SUB-20722,Enterprise Plus,Annual,14970.17,149,2024-04-17,,Active,,0.567,62,4,11149,4,2,111.7,1,3.1,0
CUST-10723,Nova Works 148,SMB,Fintech,India,2024-04-17,SUB-20723,Starter,Monthly,598.97,9,2024-04-17,,Active,,0.57,90,4,15681,4,6,79.6,4,3.1,0
CUST-10724,Pulse Security 148,SMB,Fintech,Canada,2024-04-17,SUB-20724,Starter,Monthly,125.67,17,2024-04-17,,Active,,0.164,62,5,8551,17,6,19.0,0,4.6,0
CUST-10725,Stratum Analytics 148,SMB,E-Commerce,United States,2024-04-17,SUB-20725,Starter,Monthly,703.13,24,2024-04-17,,Active,,0.578,79,6,32359,0,5,13.9,0,3.9,0
CUST-10726,Sync Tech 148,Enterprise,Fintech,United States,2024-04-17,SUB-20726,Scale,Annual,9272.97,460,2024-04-17,,Active,,0.847,70,4,3588,3,6,16.9,0,4.2,0
CUST-10727,Vanguard Sphere 148,SMB,Fintech,United States,2024-04-17,SUB-20727,Growth,Annual,376.5,11,2024-04-17,,Active,,0.565,52,5,35699,0,2,97.4,0,2.3,0
CUST-10728,Omni Labs 148,Mid-Market,Fintech,United States,2024-04-17,SUB-20728,Scale,Annual,2885.31,70,2024-04-17,,Active,,0.598,53,5,6723,0,3,5.1,0,4.7,0
CUST-10729,Hyper Flow 148,Mid-Market,Cybersecurity,United Kingdom,2024-04-17,SUB-20729,Scale,Monthly,2140.33,79,2024-04-17,,Active,,0.784,76,6,4795,4,2,6.3,0,4.3,0
CUST-10730,Zenith Corp 148,Mid-Market,Logistics & Supply Chain,United States,2024-04-17,SUB-20730,Scale,Monthly,1097.59,47,2024-04-17,,Active,,0.651,59,2,42870,8,3,6.3,0,4.5,0
CUST-10731,Quantum Stack 148,SMB,Healthcare,Germany,2024-04-17,SUB-20731,Starter,Monthly,226.64,14,2024-04-17,,Active,,0.81,48,4,111533,4,5,23.7,0,4.7,0
CUST-10732,Nexus AI 148,SMB,SaaS / Tech,Canada,2024-04-18,SUB-20732,Starter,Monthly,539.45,6,2024-04-18,,Active,,0.729,67,4,14066,0,3,4.0,0,3.8,0
CUST-10733,Vertex Scale 148,SMB,E-Commerce,United Kingdom,2024-04-18,SUB-20733,Growth,Monthly,509.28,22,2024-04-18,,Active,,0.944,89,3,36463,1,5,15.7,0,4.9,0
CUST-10734,Blue Systems 148,Mid-Market,SaaS / Tech,United States,2024-04-18,SUB-20734,Growth,Monthly,1245.53,55,2024-04-18,2025-02-24,Churned,Low Adoption & License Waste,0.387,81,3,28133,2,4,11.2,0,4.1,1
CUST-10735,Apex Logic 149,SMB,SaaS / Tech,United States,2024-04-19,SUB-20735,Starter,Monthly,309.95,17,2024-04-19,2025-03-06,Churned,Support / SLA Frustration,0.79,43,5,25426,3,8,70.3,1,2.1,1
CUST-10736,Cloud Hub 149,Mid-Market,E-Commerce,Canada,2024-04-19,SUB-20736,Growth,Monthly,2738.26,41,2024-04-19,2024-08-11,Churned,Competitor Alternative,0.684,100,3,10929,6,2,20.3,0,4.3,1
CUST-10737,Data Pay 149,SMB,Healthcare,United States,2024-04-19,SUB-20737,Starter,Monthly,363.48,15,2024-04-19,,Active,,0.603,54,5,27786,1,5,4.1,0,4.6,0
CUST-10738,Nova Works 149,Mid-Market,Fintech,United States,2024-04-19,SUB-20738,Scale,Annual,1752.54,60,2024-04-19,,Active,,0.737,37,6,78462,0,6,7.8,0,4.4,0
CUST-10739,Pulse Security 149,Mid-Market,E-Commerce,United States,2024-04-19,SUB-20739,Growth,Annual,1080.03,47,2024-04-19,,Active,,0.422,83,4,5355,2,2,9.1,0,4.4,0
CUST-10740,Stratum Analytics 149,Mid-Market,Logistics & Supply Chain,United States,2024-04-19,SUB-20740,Growth,Monthly,2610.21,84,2024-04-19,2024-07-01,Churned,Support / SLA Frustration,0.772,50,6,20029,8,5,58.4,2,1.7,1
CUST-10741,Sync Tech 149,Mid-Market,E-Commerce,Canada,2024-04-20,SUB-20741,Growth,Annual,3262.16,71,2024-04-20,,Active,,0.974,59,4,71313,10,2,7.7,0,4.1,0
CUST-10742,Vanguard Sphere 149,SMB,Logistics & Supply Chain,United States,2024-04-20,SUB-20742,Starter,Monthly,459.36,21,2024-04-20,,Active,,0.619,72,5,33410,22,6,9.9,0,4.7,0
CUST-10743,Omni Labs 149,SMB,Cybersecurity,United Kingdom,2024-04-20,SUB-20743,Starter,Monthly,571.73,24,2024-04-20,2025-01-17,Churned,Competitor Alternative,0.971,68,2,35494,3,3,9.1,0,4.4,1
CUST-10744,Hyper Flow 149,Mid-Market,Fintech,United States,2024-04-20,SUB-20744,Scale,Annual,2957.78,82,2024-04-20,2024-08-28,Churned,Support / SLA Frustration,0.358,82,3,6109,0,5,106.8,1,2.2,1
CUST-10745,Zenith Corp 149,SMB,SaaS / Tech,United Kingdom,2024-04-20,SUB-20745,Growth,Monthly,689.35,6,2024-04-20,,Active,,0.506,75,6,6343,12,7,10.4,0,4.2,0
CUST-10746,Quantum Stack 149,Mid-Market,SaaS / Tech,Germany,2024-04-21,SUB-20746,Growth,Monthly,1631.88,29,2024-04-21,2024-10-10,Churned,Internal Restructuring,0.415,66,2,12290,4,4,5.3,0,3.9,1
CUST-10747,Nexus AI 149,SMB,Cybersecurity,Germany,2024-04-21,SUB-20747,Starter,Monthly,199.74,18,2024-04-21,,Active,,0.632,95,2,69189,2,8,6.7,0,4.9,0
CUST-10748,Vertex Scale 149,SMB,Cybersecurity,United States,2024-04-21,SUB-20748,Starter,Annual,341.04,6,2024-04-21,,Active,,0.988,52,0,42524,13,6,9.7,0,4.0,0
CUST-10749,Blue Systems 149,SMB,SaaS / Tech,United States,2024-04-21,SUB-20749,Growth,Monthly,596.01,9,2024-04-21,2024-11-25,Churned,Switched Tool,0.937,43,5,16197,4,4,18.3,0,4.0,1
CUST-10750,Apex Logic 150,Enterprise,Fintech,United States,2024-04-21,SUB-20750,Enterprise Plus,Annual,8297.26,306,2024-04-21,,Active,,0.345,58,0,6377,14,2,9.0,0,4.8,0
CUST-10751,Cloud Hub 150,SMB,SaaS / Tech,United Kingdom,2024-04-21,SUB-20751,Growth,Annual,306.92,23,2024-04-21,,Active,,0.406,74,5,13310,2,4,22.8,0,4.2,0
CUST-10752,Data Pay 150,SMB,Fintech,United Kingdom,2024-04-22,SUB-20752,Starter,Monthly,744.58,15,2024-04-22,,Active,,0.868,98,2,24576,13,5,14.5,0,4.0,0
CUST-10753,Nova Works 150,Mid-Market,SaaS / Tech,United Kingdom,2024-04-22,SUB-20753,Growth,Monthly,1362.0,43,2024-04-22,,Active,,0.757,63,3,18283,6,4,22.6,0,4.1,0
CUST-10754,Pulse Security 150,Enterprise,Cybersecurity,United States,2024-04-22,SUB-20754,Enterprise Plus,Annual,7220.76,360,2024-04-22,,Active,,0.786,74,3,4752,1,6,18.7,0,4.4,0
CUST-10755,Stratum Analytics 150,SMB,Healthcare,United Kingdom,2024-04-22,SUB-20755,Growth,Annual,294.5,9,2024-04-22,,Active,,0.711,74,3,25070,1,5,3.2,0,4.9,0
CUST-10756,Sync Tech 150,SMB,E-Commerce,United States,2024-04-22,SUB-20756,Starter,Monthly,569.64,18,2024-04-22,,Active,,0.583,61,1,44952,8,5,23.5,0,3.9,0
CUST-10757,Vanguard Sphere 150,SMB,Healthcare,Canada,2024-04-22,SUB-20757,Starter,Annual,260.68,10,2024-04-22,,Active,,0.912,75,2,2557,6,4,13.1,0,4.9,0
CUST-10758,Omni Labs 150,SMB,Healthcare,United States,2024-04-23,SUB-20758,Starter,Monthly,167.36,20,2024-04-23,,Active,,0.488,78,7,16751,18,2,3.7,0,4.4,0
CUST-10759,Hyper Flow 150,SMB,Healthcare,Canada,2024-04-23,SUB-20759,Growth,Monthly,176.51,22,2024-04-23,2024-06-23,Churned,Price / Budget Cuts,1.0,63,3,54122,2,2,12.6,0,4.3,1
CUST-10760,Zenith Corp 150,Mid-Market,SaaS / Tech,United States,2024-04-23,SUB-20760,Scale,Annual,2943.46,88,2024-04-23,,Active,,1.0,51,1,25201,4,6,12.0,0,4.4,0
CUST-10761,Quantum Stack 150,Mid-Market,Cybersecurity,United States,2024-04-23,SUB-20761,Growth,Annual,2287.82,63,2024-04-23,,Active,,0.583,94,6,7854,1,3,3.0,0,4.8,0
CUST-10762,Nexus AI 150,Mid-Market,Cybersecurity,Canada,2024-04-23,SUB-20762,Growth,Monthly,3057.26,43,2024-04-23,,Active,,0.409,54,5,6596,12,2,13.6,0,4.0,0
CUST-10763,Vertex Scale 150,SMB,Fintech,United States,2024-04-23,SUB-20763,Starter,Monthly,208.3,12,2024-04-23,,Active,,1.0,46,4,6487,4,3,2.4,0,4.5,0
CUST-10764,Blue Systems 150,Enterprise,Logistics & Supply Chain,Canada,2024-04-23,SUB-20764,Enterprise Plus,Annual,7429.47,149,2024-04-23,,Active,,0.903,59,5,3184,6,5,23.3,0,5.0,0
CUST-10765,Apex Logic 151,SMB,SaaS / Tech,United Kingdom,2024-04-23,SUB-20765,Starter,Monthly,330.68,17,2024-04-23,2025-03-28,Churned,Support / SLA Frustration,0.698,61,5,4145,3,4,68.8,2,2.0,1
CUST-10766,Cloud Hub 151,SMB,Healthcare,United Kingdom,2024-04-23,SUB-20766,Starter,Annual,464.15,6,2024-04-23,,Active,,0.725,75,6,1514,3,2,11.8,0,4.1,0
CUST-10767,Data Pay 151,SMB,Fintech,United States,2024-04-23,SUB-20767,Growth,Annual,544.57,12,2024-04-23,,Active,,0.954,63,3,43593,6,4,14.7,0,4.5,0
CUST-10768,Nova Works 151,Mid-Market,Healthcare,United States,2024-04-23,SUB-20768,Growth,Monthly,2348.44,79,2024-04-23,,Active,,0.973,59,3,14448,2,3,22.4,0,4.6,0
CUST-10769,Pulse Security 151,SMB,Cybersecurity,United Kingdom,2024-04-24,SUB-20769,Starter,Monthly,599.25,17,2024-04-24,,Active,,0.608,67,5,49822,13,5,17.3,0,4.5,0
CUST-10770,Stratum Analytics 151,Enterprise,E-Commerce,United States,2024-04-24,SUB-20770,Enterprise Plus,Annual,17312.67,250,2024-04-24,,Active,,0.808,52,3,52427,2,3,92.2,1,2.7,0
CUST-10771,Sync Tech 151,SMB,SaaS / Tech,Canada,2024-04-24,SUB-20771,Starter,Annual,346.05,13,2024-04-24,,Active,,0.641,41,2,6087,3,3,8.2,0,4.9,0
CUST-10772,Vanguard Sphere 151,Enterprise,Healthcare,United States,2024-04-24,SUB-20772,Enterprise Plus,Annual,14369.4,107,2024-04-24,,Active,,0.282,38,4,1271,1,3,4.8,0,3.9,0
CUST-10773,Omni Labs 151,Mid-Market,SaaS / Tech,United States,2024-04-24,SUB-20773,Growth,Monthly,1550.51,27,2024-04-24,,Active,,0.839,81,7,76276,7,2,6.4,0,4.9,0
CUST-10774,Hyper Flow 151,SMB,Fintech,United States,2024-04-24,SUB-20774,Starter,Monthly,406.31,14,2024-04-24,,Active,,0.645,63,7,5027,5,3,20.6,0,4.5,0
CUST-10775,Zenith Corp 151,Enterprise,Healthcare,United States,2024-04-24,SUB-20775,Enterprise Plus,Annual,14650.51,161,2024-04-24,2025-03-08,Churned,Support / SLA Frustration,0.757,76,5,27780,9,2,114.0,1,2.8,1
CUST-10776,Quantum Stack 151,Mid-Market,E-Commerce,United States,2024-04-24,SUB-20776,Growth,Monthly,3302.27,84,2024-04-24,2024-12-12,Churned,Leadership Transition,0.672,64,4,27624,7,1,12.6,0,5.0,1
CUST-10777,Nexus AI 151,SMB,Fintech,Canada,2024-04-25,SUB-20777,Growth,Monthly,197.05,9,2024-04-25,,Active,,0.724,83,7,17144,3,2,8.8,0,4.8,0
CUST-10778,Vertex Scale 151,SMB,Logistics & Supply Chain,Canada,2024-04-25,SUB-20778,Growth,Monthly,719.48,6,2024-04-25,2024-09-29,Churned,Support / SLA Frustration,0.698,54,3,154039,8,4,86.6,1,2.3,1
CUST-10779,Blue Systems 151,SMB,Fintech,United States,2024-04-25,SUB-20779,Starter,Monthly,567.71,17,2024-04-25,2024-07-19,Churned,Support / SLA Frustration,0.322,61,5,7346,8,3,73.9,1,1.3,1
CUST-10780,Apex Logic 152,SMB,SaaS / Tech,Australia,2024-04-25,SUB-20780,Growth,Monthly,233.04,9,2024-04-25,,Active,,0.748,95,2,18699,27,6,13.6,0,4.2,0
CUST-10781,Cloud Hub 152,SMB,Healthcare,United Kingdom,2024-04-25,SUB-20781,Starter,Monthly,177.8,11,2024-04-25,,Active,,0.665,85,2,30102,1,2,5.5,0,4.2,0
CUST-10782,Data Pay 152,Mid-Market,E-Commerce,India,2024-04-25,SUB-20782,Scale,Monthly,3334.86,43,2024-04-25,2024-11-07,Churned,Support / SLA Frustration,0.326,84,5,44255,1,9,78.1,4,1.6,1
CUST-10783,Nova Works 152,Mid-Market,Fintech,Canada,2024-04-25,SUB-20783,Growth,Annual,3715.86,66,2024-04-25,,Active,,0.863,44,3,2909,4,8,3.1,0,4.1,0
CUST-10784,Pulse Security 152,Mid-Market,Fintech,Canada,2024-04-25,SUB-20784,Growth,Monthly,2046.05,92,2024-04-25,,Active,,0.748,45,4,59007,1,5,16.1,0,4.5,0
CUST-10785,Stratum Analytics 152,SMB,Cybersecurity,United States,2024-04-25,SUB-20785,Starter,Monthly,438.12,22,2024-04-25,,Active,,1.0,42,4,52667,16,4,2.5,0,4.9,0
CUST-10786,Sync Tech 152,SMB,Healthcare,United States,2024-04-25,SUB-20786,Growth,Monthly,259.72,13,2024-04-25,2025-01-22,Churned,Support / SLA Frustration,0.344,51,5,29177,12,3,113.0,1,2.2,1
CUST-10787,Vanguard Sphere 152,Mid-Market,Logistics & Supply Chain,United States,2024-04-26,SUB-20787,Scale,Monthly,3165.18,58,2024-04-26,,Active,,0.605,66,2,28689,13,4,22.5,0,4.1,0
CUST-10788,Omni Labs 152,Mid-Market,Cybersecurity,Canada,2024-04-26,SUB-20788,Growth,Annual,2938.47,88,2024-04-26,,Active,,0.364,48,0,4447,3,6,21.6,0,4.7,0
CUST-10789,Hyper Flow 152,SMB,Fintech,United States,2024-04-27,SUB-20789,Starter,Monthly,334.38,8,2024-04-27,2025-01-31,Churned,Competitor Alternative,0.4,51,6,9764,9,5,14.9,0,4.4,1
CUST-10790,Zenith Corp 152,Mid-Market,Healthcare,Canada,2024-04-27,SUB-20790,Scale,Annual,3222.01,78,2024-04-27,,Active,,0.875,92,5,29221,8,4,7.6,0,4.7,0
CUST-10791,Quantum Stack 152,SMB,SaaS / Tech,United States,2024-04-27,SUB-20791,Growth,Monthly,512.72,22,2024-04-27,,Active,,0.766,43,4,40709,2,3,3.4,0,4.7,0
CUST-10792,Nexus AI 152,SMB,Cybersecurity,Germany,2024-04-27,SUB-20792,Starter,Monthly,606.53,10,2024-04-27,2024-08-29,Churned,Competitor Alternative,0.572,52,6,15379,5,6,2.0,0,5.0,1
CUST-10793,Vertex Scale 152,SMB,Cybersecurity,United States,2024-04-27,SUB-20793,Growth,Monthly,643.65,11,2024-04-27,,Active,,0.757,57,6,27055,2,5,21.9,0,4.6,0
CUST-10794,Blue Systems 152,Enterprise,E-Commerce,United States,2024-04-27,SUB-20794,Enterprise Plus,Annual,14477.05,285,2024-04-27,2025-04-10,Churned,Support / SLA Frustration,0.434,80,1,23459,3,3,61.1,1,2.3,1
CUST-10795,Apex Logic 153,SMB,SaaS / Tech,United States,2024-04-27,SUB-20795,Starter,Monthly,222.05,8,2024-04-27,,Active,,0.71,46,3,5537,9,5,22.3,0,4.4,0
CUST-10796,Cloud Hub 153,SMB,Fintech,United States,2024-04-27,SUB-20796,Starter,Monthly,654.64,5,2024-04-27,,Active,,0.854,53,3,5021,13,8,15.3,0,4.5,0
CUST-10797,Data Pay 153,SMB,Cybersecurity,United States,2024-04-27,SUB-20797,Starter,Monthly,584.76,8,2024-04-27,,Active,,0.694,43,5,30915,10,3,11.2,0,4.2,0
CUST-10798,Nova Works 153,SMB,Cybersecurity,Canada,2024-04-28,SUB-20798,Starter,Annual,371.4,9,2024-04-28,,Active,,0.842,29,3,13250,8,5,14.4,0,3.8,0
CUST-10799,Pulse Security 153,SMB,Fintech,United States,2024-04-28,SUB-20799,Starter,Monthly,504.94,6,2024-04-28,,Active,,0.65,21,2,11892,3,6,18.1,0,4.2,0
CUST-10800,Stratum Analytics 153,SMB,Healthcare,United States,2024-04-28,SUB-20800,Starter,Monthly,708.78,10,2024-04-28,,Active,,0.913,36,5,15440,8,4,20.6,0,4.8,0
CUST-10801,Sync Tech 153,Mid-Market,Fintech,Germany,2024-04-28,SUB-20801,Scale,Monthly,1542.35,92,2024-04-28,,Active,,0.46,58,5,28766,1,3,12.6,0,4.0,0
CUST-10802,Vanguard Sphere 153,SMB,Healthcare,United States,2024-04-29,SUB-20802,Starter,Monthly,211.89,10,2024-04-29,,Active,,0.594,56,4,63520,1,3,21.8,0,5.0,0
CUST-10803,Omni Labs 153,SMB,Logistics & Supply Chain,India,2024-04-29,SUB-20803,Starter,Monthly,434.81,12,2024-04-29,,Active,,0.46,21,6,10737,5,2,9.7,0,4.1,0
CUST-10804,Hyper Flow 153,Mid-Market,Healthcare,Australia,2024-04-29,SUB-20804,Scale,Annual,913.37,73,2024-04-29,,Active,,0.258,84,5,23576,3,2,18.5,0,4.2,0
CUST-10805,Zenith Corp 153,SMB,Fintech,United States,2024-04-29,SUB-20805,Starter,Monthly,179.31,9,2024-04-29,,Active,,0.837,52,4,35946,4,2,16.2,0,4.1,0
CUST-10806,Quantum Stack 153,SMB,Healthcare,United States,2024-04-29,SUB-20806,Starter,Monthly,392.48,5,2024-04-29,2024-05-31,Churned,Switched Tool,0.728,76,4,1989,8,7,22.7,0,4.0,1
CUST-10807,Nexus AI 153,SMB,Cybersecurity,United States,2024-04-29,SUB-20807,Starter,Annual,490.99,8,2024-04-29,,Active,,0.437,21,4,86983,16,2,11.8,0,4.7,0
CUST-10808,Vertex Scale 153,Mid-Market,E-Commerce,Canada,2024-04-29,SUB-20808,Growth,Annual,3231.24,49,2024-04-29,2024-10-12,Churned,Low Adoption & License Waste,0.389,75,4,30870,2,1,8.7,0,3.9,1
CUST-10809,Blue Systems 153,Enterprise,Healthcare,United Kingdom,2024-04-29,SUB-20809,Enterprise Plus,Annual,10350.24,417,2024-04-29,,Active,,0.727,77,2,16983,6,10,15.5,0,4.3,0
CUST-10810,Apex Logic 154,SMB,Fintech,United Kingdom,2024-04-30,SUB-20810,Starter,Monthly,437.51,24,2024-04-30,2024-06-11,Churned,Switched Tool,0.406,52,2,29298,8,4,7.8,0,4.4,1
CUST-10811,Cloud Hub 154,SMB,Cybersecurity,Canada,2024-04-30,SUB-20811,Starter,Monthly,232.62,14,2024-04-30,,Active,,0.999,79,6,60402,1,2,16.8,0,4.0,0
CUST-10812,Data Pay 154,Enterprise,Logistics & Supply Chain,United States,2024-04-30,SUB-20812,Enterprise Plus,Annual,17563.47,138,2024-04-30,,Active,,0.521,64,5,24432,0,3,50.4,0,3.0,0
CUST-10813,Nova Works 154,SMB,Healthcare,Germany,2024-04-30,SUB-20813,Growth,Monthly,166.46,22,2024-04-30,2024-08-07,Churned,Low Adoption & License Waste,0.05,66,3,5741,8,7,2.6,0,4.0,1
CUST-10814,Pulse Security 154,SMB,Fintech,Canada,2024-04-30,SUB-20814,Starter,Annual,205.56,18,2024-04-30,,Active,,0.431,91,6,50953,0,7,8.8,0,4.2,0
CUST-10815,Stratum Analytics 154,SMB,Fintech,United Kingdom,2024-04-30,SUB-20815,Growth,Annual,411.03,8,2024-04-30,,Active,,0.568,66,5,83774,4,2,15.9,0,4.5,0
CUST-10816,Sync Tech 154,SMB,Fintech,India,2024-04-30,SUB-20816,Growth,Annual,271.1,8,2024-04-30,,Active,,0.805,61,5,13745,21,2,14.0,0,3.8,0
CUST-10817,Vanguard Sphere 154,Mid-Market,E-Commerce,Canada,2024-05-01,SUB-20817,Growth,Monthly,2382.16,29,2024-05-01,,Active,,0.488,60,2,26025,22,10,12.7,0,4.4,0
CUST-10818,Omni Labs 154,Enterprise,Cybersecurity,United States,2024-05-01,SUB-20818,Enterprise Plus,Annual,6284.11,129,2024-05-01,,Active,,0.515,36,1,43005,0,2,16.8,0,4.9,0
CUST-10819,Hyper Flow 154,Mid-Market,E-Commerce,United States,2024-05-01,SUB-20819,Growth,Monthly,2615.87,65,2024-05-01,2024-07-10,Churned,Support / SLA Frustration,0.644,74,7,7424,4,5,105.9,2,3.0,1
CUST-10820,Zenith Corp 154,SMB,Logistics & Supply Chain,United States,2024-05-01,SUB-20820,Starter,Monthly,728.51,9,2024-05-01,,Active,,0.654,93,3,67430,5,3,14.4,0,4.7,0
CUST-10821,Quantum Stack 154,Enterprise,Healthcare,United States,2024-05-01,SUB-20821,Enterprise Plus,Annual,6164.5,286,2024-05-01,2025-03-30,Churned,Internal Restructuring,0.946,100,1,15772,14,3,13.9,0,4.5,1
CUST-10822,Nexus AI 154,Mid-Market,SaaS / Tech,Australia,2024-05-01,SUB-20822,Scale,Annual,3403.82,44,2024-05-01,,Active,,0.491,65,7,36739,16,1,87.8,0,2.2,0
CUST-10823,Vertex Scale 154,Mid-Market,SaaS / Tech,United States,2024-05-01,SUB-20823,Growth,Monthly,3570.0,61,2024-05-01,,Active,,0.994,27,3,17371,13,5,5.2,0,4.4,0
CUST-10824,Blue Systems 154,SMB,Fintech,Canada,2024-05-02,SUB-20824,Starter,Annual,279.53,10,2024-05-02,2025-04-01,Churned,Support / SLA Frustration,0.696,36,3,1304,1,6,96.6,2,1.5,1
CUST-10825,Apex Logic 155,SMB,Healthcare,United Kingdom,2024-05-02,SUB-20825,Starter,Monthly,322.31,24,2024-05-02,,Active,,0.401,34,2,8672,1,4,17.3,0,4.8,0
CUST-10826,Cloud Hub 155,Mid-Market,E-Commerce,United States,2024-05-02,SUB-20826,Scale,Annual,3765.36,36,2024-05-02,,Active,,0.515,88,3,40984,1,5,13.6,0,3.8,0
CUST-10827,Data Pay 155,Mid-Market,Fintech,India,2024-05-02,SUB-20827,Growth,Monthly,1061.18,78,2024-05-02,2025-03-30,Churned,Competitor Alternative,1.0,77,3,62102,0,5,5.1,0,4.5,1
CUST-10828,Nova Works 155,SMB,Healthcare,Germany,2024-05-02,SUB-20828,Starter,Annual,220.6,23,2024-05-02,,Active,,0.628,57,5,21486,0,2,10.6,0,4.9,0
CUST-10829,Pulse Security 155,Mid-Market,E-Commerce,United Kingdom,2024-05-02,SUB-20829,Scale,Monthly,2510.93,46,2024-05-02,2024-07-19,Churned,Low Adoption & License Waste,0.672,74,7,21750,30,5,18.3,0,4.5,1
CUST-10830,Stratum Analytics 155,Mid-Market,Cybersecurity,United States,2024-05-02,SUB-20830,Scale,Annual,1321.71,76,2024-05-02,,Active,,0.794,49,1,30067,6,2,13.2,0,4.5,0
CUST-10831,Sync Tech 155,Mid-Market,E-Commerce,United States,2024-05-02,SUB-20831,Growth,Annual,3271.33,74,2024-05-02,,Active,,0.631,30,5,19353,2,8,7.8,0,4.5,0
CUST-10832,Vanguard Sphere 155,Enterprise,Logistics & Supply Chain,United States,2024-05-02,SUB-20832,Enterprise Plus,Annual,9849.79,376,2024-05-02,,Active,,0.788,33,6,77706,2,2,23.8,0,4.2,0
CUST-10833,Omni Labs 155,Mid-Market,Healthcare,United States,2024-05-03,SUB-20833,Scale,Annual,3710.88,96,2024-05-03,2024-09-26,Churned,Support / SLA Frustration,1.0,97,2,23429,0,8,69.2,2,2.6,1
CUST-10834,Hyper Flow 155,Mid-Market,SaaS / Tech,United Kingdom,2024-05-03,SUB-20834,Growth,Monthly,2475.48,63,2024-05-03,,Active,,0.458,51,4,8848,0,2,20.7,0,4.7,0
CUST-10835,Zenith Corp 155,Mid-Market,E-Commerce,Australia,2024-05-03,SUB-20835,Growth,Monthly,3511.68,83,2024-05-03,,Active,,0.708,57,3,7276,1,3,22.0,0,4.0,0
CUST-10836,Quantum Stack 155,SMB,Logistics & Supply Chain,United Kingdom,2024-05-03,SUB-20836,Growth,Annual,345.82,9,2024-05-03,,Active,,0.26,63,1,42641,18,2,20.6,0,4.3,0
CUST-10837,Nexus AI 155,Mid-Market,Healthcare,India,2024-05-03,SUB-20837,Growth,Monthly,1957.87,67,2024-05-03,,Active,,0.865,56,4,7347,0,5,21.9,0,4.5,0
CUST-10838,Vertex Scale 155,SMB,E-Commerce,United Kingdom,2024-05-03,SUB-20838,Starter,Monthly,180.1,22,2024-05-03,,Active,,0.978,40,1,36945,0,4,16.9,0,4.1,0
CUST-10839,Blue Systems 155,SMB,E-Commerce,United States,2024-05-03,SUB-20839,Starter,Annual,640.88,24,2024-05-03,,Active,,0.726,82,2,5992,6,2,6.5,0,5.0,0
CUST-10840,Apex Logic 156,Enterprise,Healthcare,Germany,2024-05-04,SUB-20840,Enterprise Plus,Annual,7560.32,488,2024-05-04,,Active,,0.716,43,4,83885,0,3,18.4,0,4.6,0
CUST-10841,Cloud Hub 156,SMB,Fintech,United States,2024-05-04,SUB-20841,Growth,Monthly,269.22,5,2024-05-04,,Active,,0.695,45,2,8950,11,3,23.7,0,4.7,0
CUST-10842,Data Pay 156,Mid-Market,Fintech,Germany,2024-05-04,SUB-20842,Growth,Monthly,963.31,99,2024-05-04,,Active,,0.923,57,6,19585,9,2,14.2,0,4.0,0
CUST-10843,Nova Works 156,SMB,Fintech,United States,2024-05-04,SUB-20843,Starter,Monthly,217.69,15,2024-05-04,2024-09-15,Churned,Competitor Alternative,0.491,75,2,37643,8,5,8.2,0,4.8,1
CUST-10844,Pulse Security 156,Enterprise,Logistics & Supply Chain,United States,2024-05-04,SUB-20844,Scale,Annual,12396.43,134,2024-05-04,,Active,,0.629,25,2,5343,10,5,83.4,0,1.5,0
CUST-10845,Stratum Analytics 156,Mid-Market,Fintech,Germany,2024-05-04,SUB-20845,Scale,Annual,3572.62,93,2024-05-04,,Active,,0.455,59,3,18282,9,2,4.8,0,4.1,0
CUST-10846,Sync Tech 156,Enterprise,Fintech,United Kingdom,2024-05-04,SUB-20846,Enterprise Plus,Annual,6132.93,495,2024-05-04,,Active,,0.744,55,4,5015,5,3,9.0,0,4.1,0
CUST-10847,Vanguard Sphere 156,SMB,SaaS / Tech,India,2024-05-04,SUB-20847,Starter,Annual,604.89,10,2024-05-04,,Active,,0.485,82,3,26320,5,1,4.1,0,3.9,0
CUST-10848,Omni Labs 156,SMB,Healthcare,India,2024-05-04,SUB-20848,Growth,Monthly,614.09,10,2024-05-04,,Active,,0.7,94,5,79200,5,4,3.5,0,4.3,0
CUST-10849,Hyper Flow 156,SMB,E-Commerce,United States,2024-05-05,SUB-20849,Starter,Monthly,429.5,8,2024-05-05,,Active,,0.385,79,4,18604,33,2,16.7,0,4.1,0
CUST-10850,Zenith Corp 156,Enterprise,Fintech,United Kingdom,2024-05-05,SUB-20850,Enterprise Plus,Annual,11678.07,427,2024-05-05,,Active,,0.729,43,4,5175,1,8,10.0,0,4.8,0
CUST-10851,Quantum Stack 156,SMB,Cybersecurity,United States,2024-05-06,SUB-20851,Starter,Annual,537.77,20,2024-05-06,,Active,,0.38,54,2,4114,9,2,16.0,0,4.9,0
CUST-10852,Nexus AI 156,Mid-Market,Logistics & Supply Chain,United Kingdom,2024-05-06,SUB-20852,Growth,Monthly,1326.12,50,2024-05-06,,Active,,0.608,39,4,4315,0,5,13.0,0,4.3,0
CUST-10853,Vertex Scale 156,SMB,Logistics & Supply Chain,Canada,2024-05-06,SUB-20853,Growth,Monthly,482.45,19,2024-05-06,2024-09-02,Churned,Price / Budget Cuts,0.952,91,5,58093,2,4,12.1,0,4.2,1
CUST-10854,Blue Systems 156,Mid-Market,Healthcare,United States,2024-05-07,SUB-20854,Scale,Monthly,2320.67,67,2024-05-07,,Active,,0.553,62,3,16892,15,3,21.3,0,4.2,0
CUST-10855,Apex Logic 157,Mid-Market,SaaS / Tech,United Kingdom,2024-05-07,SUB-20855,Growth,Annual,2126.13,84,2024-05-07,,Active,,0.9,100,5,4764,12,4,22.1,0,4.7,0
CUST-10856,Cloud Hub 157,Enterprise,Fintech,Canada,2024-05-07,SUB-20856,Enterprise Plus,Monthly,5194.8,310,2024-05-07,2024-06-28,Churned,Competitor Alternative,0.778,72,2,4613,15,3,4.5,0,4.6,1
CUST-10857,Data Pay 157,Mid-Market,Fintech,United States,2024-05-07,SUB-20857,Growth,Annual,3510.63,62,2024-05-07,,Active,,0.503,66,4,5850,8,4,18.2,0,4.1,0
CUST-10858,Nova Works 157,SMB,Fintech,Germany,2024-05-07,SUB-20858,Growth,Annual,382.6,18,2024-05-07,,Active,,0.716,69,4,2283,12,4,50.6,1,1.9,0
CUST-10859,Pulse Security 157,Enterprise,E-Commerce,United Kingdom,2024-05-07,SUB-20859,Scale,Annual,5371.4,360,2024-05-07,,Active,,0.704,39,0,3912,0,4,75.2,3,2.9,0
CUST-10860,Stratum Analytics 157,SMB,E-Commerce,India,2024-05-07,SUB-20860,Growth,Monthly,734.01,21,2024-05-07,2024-08-01,Churned,Competitor Alternative,0.493,57,2,4210,12,6,20.2,0,4.9,1
CUST-10861,Sync Tech 157,Mid-Market,E-Commerce,United States,2024-05-07,SUB-20861,Scale,Monthly,2402.93,55,2024-05-07,,Active,,0.688,89,5,45664,6,1,5.1,0,4.7,0
CUST-10862,Vanguard Sphere 157,SMB,Fintech,United States,2024-05-07,SUB-20862,Growth,Annual,155.42,23,2024-05-07,,Active,,0.497,58,5,30276,3,2,11.5,0,4.5,0
CUST-10863,Omni Labs 157,Mid-Market,Healthcare,United Kingdom,2024-05-07,SUB-20863,Growth,Monthly,3013.67,49,2024-05-07,,Active,,0.596,69,7,14796,2,7,13.5,0,4.0,0
CUST-10864,Hyper Flow 157,Mid-Market,SaaS / Tech,United States,2024-05-08,SUB-20864,Scale,Monthly,1611.55,82,2024-05-08,2024-12-10,Churned,Internal Restructuring,0.79,69,1,18364,5,3,5.5,0,4.2,1
CUST-10865,Zenith Corp 157,SMB,Healthcare,Australia,2024-05-08,SUB-20865,Growth,Annual,146.41,9,2024-05-08,2025-03-08,Churned,Support / SLA Frustration,0.649,80,3,16612,28,4,67.8,2,2.1,1
CUST-10866,Quantum Stack 157,Mid-Market,SaaS / Tech,United States,2024-05-08,SUB-20866,Growth,Annual,3005.42,53,2024-05-08,2024-07-09,Churned,Leadership Transition,0.946,89,5,13917,3,3,16.7,0,4.7,1
CUST-10867,Nexus AI 157,Mid-Market,Fintech,Canada,2024-05-08,SUB-20867,Scale,Annual,2214.37,72,2024-05-08,,Active,,0.716,69,5,11413,7,6,17.0,0,4.7,0
CUST-10868,Vertex Scale 157,SMB,Logistics & Supply Chain,United Kingdom,2024-05-09,SUB-20868,Growth,Monthly,355.32,22,2024-05-09,2025-01-22,Churned,Low Adoption & License Waste,0.368,86,3,2357,17,6,5.8,0,4.9,1
CUST-10869,Blue Systems 157,SMB,E-Commerce,United States,2024-05-09,SUB-20869,Starter,Annual,400.38,20,2024-05-09,,Active,,0.353,58,3,26534,7,3,8.4,0,4.9,0
CUST-10870,Apex Logic 158,Mid-Market,Fintech,United States,2024-05-09,SUB-20870,Growth,Monthly,2623.95,94,2024-05-09,,Active,,0.538,95,4,14932,9,4,7.7,0,4.5,0
CUST-10871,Cloud Hub 158,Mid-Market,Fintech,United Kingdom,2024-05-09,SUB-20871,Growth,Annual,2177.4,51,2024-05-09,2024-10-10,Churned,Support / SLA Frustration,0.933,79,3,19849,13,4,58.6,0,2.4,1
CUST-10872,Data Pay 158,SMB,E-Commerce,United Kingdom,2024-05-09,SUB-20872,Growth,Monthly,598.12,21,2024-05-09,,Active,,0.911,98,5,15171,4,0,4.0,0,4.6,0
CUST-10873,Nova Works 158,Mid-Market,Logistics & Supply Chain,United States,2024-05-09,SUB-20873,Scale,Annual,3755.62,41,2024-05-09,,Active,,0.679,53,5,9114,8,3,10.0,0,4.7,0
CUST-10874,Pulse Security 158,Enterprise,Healthcare,India,2024-05-10,SUB-20874,Enterprise Plus,Annual,15528.16,290,2024-05-10,,Active,,0.736,64,5,7005,9,0,4.0,0,4.8,0
CUST-10875,Stratum Analytics 158,Mid-Market,Healthcare,United States,2024-05-10,SUB-20875,Scale,Monthly,3023.65,83,2024-05-10,,Active,,1.0,66,6,12823,1,6,3.8,0,4.3,0
CUST-10876,Sync Tech 158,SMB,Logistics & Supply Chain,United States,2024-05-10,SUB-20876,Starter,Annual,733.81,18,2024-05-10,,Active,,0.856,93,5,53970,0,6,18.9,0,3.9,0
CUST-10877,Vanguard Sphere 158,SMB,SaaS / Tech,United Kingdom,2024-05-10,SUB-20877,Starter,Monthly,147.97,12,2024-05-10,,Active,,0.567,78,5,119715,1,3,101.8,1,2.6,0
CUST-10878,Omni Labs 158,Enterprise,Healthcare,United States,2024-05-10,SUB-20878,Enterprise Plus,Annual,6837.35,303,2024-05-10,,Active,,0.777,66,4,18168,5,7,10.1,0,4.6,0
CUST-10879,Hyper Flow 158,Mid-Market,E-Commerce,India,2024-05-10,SUB-20879,Growth,Annual,2603.43,92,2024-05-10,,Active,,0.5,78,4,8369,6,5,15.9,0,4.8,0
CUST-10880,Zenith Corp 158,Mid-Market,Fintech,United States,2024-05-11,SUB-20880,Growth,Monthly,3589.09,31,2024-05-11,2024-08-07,Churned,Low Adoption & License Waste,0.316,67,7,38684,0,2,8.9,0,4.6,1
CUST-10881,Quantum Stack 158,SMB,E-Commerce,United States,2024-05-11,SUB-20881,Starter,Monthly,490.5,13,2024-05-11,2024-09-29,Churned,Support / SLA Frustration,0.966,51,5,34223,0,2,76.4,1,2.1,1
CUST-10882,Nexus AI 158,Enterprise,Healthcare,United States,2024-05-11,SUB-20882,Enterprise Plus,Annual,4528.1,487,2024-05-11,2024-11-08,Churned,Support / SLA Frustration,0.811,86,1,4532,14,2,94.2,2,2.4,1
CUST-10883,Vertex Scale 158,Enterprise,Cybersecurity,United Kingdom,2024-05-11,SUB-20883,Scale,Monthly,5971.7,195,2024-05-11,2025-03-27,Churned,Low Adoption & License Waste,0.422,66,2,7246,33,9,23.1,0,4.3,1
CUST-10884,Blue Systems 158,SMB,E-Commerce,United Kingdom,2024-05-11,SUB-20884,Starter,Monthly,122.9,17,2024-05-11,,Active,,0.456,73,3,9177,0,1,11.8,0,4.8,0
CUST-10885,Apex Logic 159,Mid-Market,E-Commerce,Canada,2024-05-11,SUB-20885,Scale,Monthly,1951.93,96,2024-05-11,,Active,,1.0,73,2,35538,12,3,48.3,1,3.2,0
CUST-10886,Cloud Hub 159,SMB,E-Commerce,United States,2024-05-12,SUB-20886,Growth,Monthly,481.2,24,2024-05-12,,Active,,0.623,73,5,16329,5,6,8.9,0,4.9,0
CUST-10887,Data Pay 159,Mid-Market,Cybersecurity,United States,2024-05-12,SUB-20887,Scale,Annual,3357.32,47,2024-05-12,2025-04-29,Churned,Support / SLA Frustration,1.0,42,4,20216,2,5,95.4,3,3.0,1
CUST-10888,Nova Works 159,Enterprise,Logistics & Supply Chain,Germany,2024-05-12,SUB-20888,Enterprise Plus,Annual,7323.99,362,2024-05-12,,Active,,0.725,75,4,29189,16,4,5.5,0,4.1,0
CUST-10889,Pulse Security 159,Mid-Market,E-Commerce,United States,2024-05-12,SUB-20889,Growth,Annual,2068.44,52,2024-05-12,,Active,,0.756,41,4,19210,7,4,23.9,0,4.8,0
CUST-10890,Stratum Analytics 159,SMB,SaaS / Tech,Germany,2024-05-13,SUB-20890,Growth,Monthly,364.42,23,2024-05-13,,Active,,0.73,99,3,42257,2,3,16.9,0,4.6,0
CUST-10891,Sync Tech 159,SMB,E-Commerce,United States,2024-05-13,SUB-20891,Starter,Monthly,728.99,12,2024-05-13,2025-04-14,Churned,Support / SLA Frustration,0.896,83,3,52135,3,2,118.7,1,3.1,1
CUST-10892,Vanguard Sphere 159,SMB,E-Commerce,Germany,2024-05-13,SUB-20892,Starter,Monthly,287.78,16,2024-05-13,,Active,,0.292,59,5,10316,4,2,4.3,0,4.7,0
CUST-10893,Omni Labs 159,Mid-Market,Fintech,United States,2024-05-13,SUB-20893,Scale,Annual,3619.15,93,2024-05-13,,Active,,0.632,50,5,7820,2,6,4.6,0,5.0,0
CUST-10894,Hyper Flow 159,SMB,E-Commerce,United Kingdom,2024-05-13,SUB-20894,Starter,Monthly,525.28,15,2024-05-13,,Active,,0.934,78,2,15275,0,3,14.2,0,4.9,0
CUST-10895,Zenith Corp 159,Mid-Market,Fintech,United States,2024-05-13,SUB-20895,Growth,Monthly,3082.7,57,2024-05-13,,Active,,0.73,71,3,78709,10,5,100.5,2,2.2,0
CUST-10896,Quantum Stack 159,Mid-Market,Cybersecurity,United States,2024-05-13,SUB-20896,Scale,Annual,2336.37,94,2024-05-13,,Active,,0.863,85,4,25146,2,2,2.4,0,4.3,0
CUST-10897,Nexus AI 159,SMB,Healthcare,United States,2024-05-13,SUB-20897,Growth,Monthly,454.76,18,2024-05-13,2024-11-24,Churned,Switched Tool,0.791,66,3,65184,5,6,20.5,0,3.9,1
CUST-10898,Vertex Scale 159,Enterprise,Cybersecurity,United States,2024-05-14,SUB-20898,Enterprise Plus,Annual,11323.46,340,2024-05-14,,Active,,0.813,46,5,4886,7,3,3.6,0,3.9,0
CUST-10899,Blue Systems 159,Enterprise,E-Commerce,United States,2024-05-14,SUB-20899,Scale,Annual,7298.42,239,2024-05-14,,Active,,0.687,88,4,1125,0,3,5.1,0,4.5,0
CUST-10900,Apex Logic 160,Mid-Market,E-Commerce,United Kingdom,2024-05-14,SUB-20900,Growth,Annual,1700.93,90,2024-05-14,,Active,,0.962,37,2,22741,5,6,18.7,0,5.0,0
CUST-10901,Cloud Hub 160,Enterprise,E-Commerce,United Kingdom,2024-05-14,SUB-20901,Scale,Annual,17363.13,350,2024-05-14,,Active,,0.647,50,4,65941,5,5,9.4,0,4.4,0
CUST-10902,Data Pay 160,Mid-Market,Fintech,Canada,2024-05-14,SUB-20902,Scale,Annual,957.8,73,2024-05-14,,Active,,0.895,45,4,10930,12,6,6.9,0,4.3,0
CUST-10903,Nova Works 160,SMB,Healthcare,United Kingdom,2024-05-14,SUB-20903,Starter,Annual,411.16,23,2024-05-14,,Active,,0.258,43,5,42214,3,5,52.9,3,2.5,0
CUST-10904,Pulse Security 160,Mid-Market,Fintech,United Kingdom,2024-05-14,SUB-20904,Growth,Annual,2237.2,85,2024-05-14,,Active,,0.504,100,5,26710,3,8,21.6,0,3.9,0
CUST-10905,Stratum Analytics 160,SMB,E-Commerce,United States,2024-05-14,SUB-20905,Growth,Monthly,350.24,6,2024-05-14,,Active,,0.983,43,4,24100,9,2,14.4,0,4.7,0
CUST-10906,Sync Tech 160,SMB,Healthcare,United States,2024-05-14,SUB-20906,Starter,Monthly,562.73,24,2024-05-14,,Active,,0.427,90,5,10285,0,5,85.0,2,3.0,0
CUST-10907,Vanguard Sphere 160,Mid-Market,SaaS / Tech,United States,2024-05-14,SUB-20907,Growth,Monthly,2463.65,36,2024-05-14,,Active,,0.608,37,5,46503,0,6,21.7,0,4.6,0
CUST-10908,Omni Labs 160,Mid-Market,Fintech,Germany,2024-05-14,SUB-20908,Growth,Annual,3657.17,52,2024-05-14,,Active,,0.351,59,5,39634,3,3,3.2,0,4.2,0
CUST-10909,Hyper Flow 160,Mid-Market,Fintech,United States,2024-05-14,SUB-20909,Scale,Annual,1603.16,39,2024-05-14,,Active,,1.0,83,4,1018,6,1,18.0,0,4.8,0
CUST-10910,Zenith Corp 160,SMB,Healthcare,United States,2024-05-15,SUB-20910,Starter,Monthly,133.81,13,2024-05-15,,Active,,0.477,48,5,12168,0,4,3.2,0,4.8,0
CUST-10911,Quantum Stack 160,Mid-Market,Cybersecurity,United Kingdom,2024-05-15,SUB-20911,Scale,Monthly,3103.38,33,2024-05-15,,Active,,0.584,64,5,62438,10,4,14.1,0,4.3,0
CUST-10912,Nexus AI 160,SMB,SaaS / Tech,United States,2024-05-15,SUB-20912,Starter,Monthly,683.28,8,2024-05-15,,Active,,0.589,84,5,14028,4,4,12.8,0,4.7,0
CUST-10913,Vertex Scale 160,Mid-Market,Healthcare,India,2024-05-15,SUB-20913,Growth,Monthly,2390.72,87,2024-05-15,,Active,,0.332,50,5,3325,1,5,20.0,0,4.7,0
CUST-10914,Blue Systems 160,SMB,E-Commerce,Germany,2024-05-15,SUB-20914,Starter,Monthly,619.01,15,2024-05-15,2025-03-14,Churned,Price / Budget Cuts,0.698,32,2,24430,1,4,10.4,0,4.8,1
CUST-10915,Apex Logic 161,Mid-Market,Fintech,United States,2024-05-16,SUB-20915,Growth,Annual,3084.82,97,2024-05-16,2024-10-18,Churned,Low Adoption & License Waste,0.126,56,4,81637,7,5,12.2,0,4.1,1
CUST-10916,Cloud Hub 161,Mid-Market,Cybersecurity,United States,2024-05-16,SUB-20916,Scale,Monthly,2398.94,42,2024-05-16,,Active,,0.925,63,5,10013,6,4,6.7,0,4.3,0
CUST-10917,Data Pay 161,SMB,SaaS / Tech,United States,2024-05-16,SUB-20917,Starter,Monthly,430.66,20,2024-05-16,2025-04-13,Churned,Support / SLA Frustration,0.155,46,3,2613,0,5,69.2,1,3.1,1
CUST-10918,Nova Works 161,SMB,Healthcare,United Kingdom,2024-05-16,SUB-20918,Starter,Monthly,441.5,13,2024-05-16,,Active,,0.938,50,3,59392,6,3,9.5,0,4.6,0
CUST-10919,Pulse Security 161,Enterprise,E-Commerce,United States,2024-05-16,SUB-20919,Scale,Annual,16283.76,116,2024-05-16,,Active,,0.488,100,7,31729,12,4,19.3,0,4.3,0
CUST-10920,Stratum Analytics 161,SMB,Fintech,Canada,2024-05-17,SUB-20920,Growth,Monthly,496.63,11,2024-05-17,,Active,,0.432,100,4,3932,7,4,10.9,0,4.8,0
CUST-10921,Sync Tech 161,Mid-Market,Cybersecurity,United Kingdom,2024-05-17,SUB-20921,Growth,Annual,1045.31,60,2024-05-17,,Active,,0.636,21,5,24232,8,1,7.3,0,3.9,0
CUST-10922,Vanguard Sphere 161,SMB,Fintech,United States,2024-05-17,SUB-20922,Starter,Monthly,354.32,8,2024-05-17,,Active,,0.698,68,4,29976,0,5,3.3,0,4.9,0
CUST-10923,Omni Labs 161,SMB,E-Commerce,United States,2024-05-17,SUB-20923,Starter,Monthly,557.93,14,2024-05-17,,Active,,0.731,99,5,71555,5,2,9.0,0,4.8,0
CUST-10924,Hyper Flow 161,Mid-Market,Fintech,Canada,2024-05-17,SUB-20924,Scale,Monthly,3486.03,40,2024-05-17,,Active,,0.845,86,3,35248,1,5,18.5,0,5.0,0
CUST-10925,Zenith Corp 161,Enterprise,SaaS / Tech,United States,2024-05-17,SUB-20925,Enterprise Plus,Annual,17203.49,212,2024-05-17,,Active,,0.594,82,2,39405,5,3,6.2,0,4.1,0
CUST-10926,Quantum Stack 161,Mid-Market,SaaS / Tech,Germany,2024-05-17,SUB-20926,Scale,Monthly,1321.92,98,2024-05-17,,Active,,0.648,74,5,44706,4,3,2.4,0,4.1,0
CUST-10927,Nexus AI 161,SMB,SaaS / Tech,United States,2024-05-18,SUB-20927,Starter,Annual,399.83,24,2024-05-18,,Active,,0.409,56,5,1893,4,6,5.4,0,3.9,0
CUST-10928,Vertex Scale 161,SMB,E-Commerce,United Kingdom,2024-05-18,SUB-20928,Starter,Monthly,557.49,24,2024-05-18,,Active,,0.679,57,3,3530,10,3,13.4,0,4.7,0
CUST-10929,Blue Systems 161,Mid-Market,Logistics & Supply Chain,Germany,2024-05-18,SUB-20929,Scale,Annual,1778.67,32,2024-05-18,,Active,,0.644,69,4,42615,0,2,22.1,0,4.5,0
CUST-10930,Apex Logic 162,Enterprise,Fintech,Germany,2024-05-18,SUB-20930,Enterprise Plus,Annual,7974.97,455,2024-05-18,,Active,,0.817,45,4,45697,0,4,19.6,0,4.6,0
CUST-10931,Cloud Hub 162,SMB,Healthcare,United States,2024-05-18,SUB-20931,Starter,Monthly,370.47,6,2024-05-18,2025-03-28,Churned,Low Adoption & License Waste,0.266,79,4,1979,0,6,14.2,0,4.4,1
CUST-10932,Data Pay 162,SMB,Fintech,United States,2024-05-18,SUB-20932,Starter,Monthly,684.29,11,2024-05-18,,Active,,0.821,69,3,3096,2,2,18.7,0,4.9,0
CUST-10933,Nova Works 162,SMB,Cybersecurity,Canada,2024-05-18,SUB-20933,Starter,Monthly,598.14,20,2024-05-18,2024-08-04,Churned,Low Adoption & License Waste,0.454,65,3,20769,22,7,10.8,0,4.8,1
CUST-10934,Pulse Security 162,Mid-Market,Healthcare,United States,2024-05-18,SUB-20934,Scale,Monthly,2082.06,86,2024-05-18,,Active,,0.798,76,4,23600,4,0,4.0,0,4.8,0
CUST-10935,Stratum Analytics 162,Mid-Market,SaaS / Tech,United States,2024-05-18,SUB-20935,Growth,Annual,1778.46,41,2024-05-18,,Active,,0.674,48,4,17524,0,4,13.7,0,4.9,0
CUST-10936,Sync Tech 162,Enterprise,SaaS / Tech,India,2024-05-18,SUB-20936,Scale,Annual,5352.9,455,2024-05-18,,Active,,0.552,65,4,47811,0,6,21.4,0,4.5,0
CUST-10937,Vanguard Sphere 162,SMB,Fintech,United States,2024-05-18,SUB-20937,Growth,Monthly,649.51,8,2024-05-18,,Active,,0.592,32,6,14809,14,3,17.0,0,4.3,0
CUST-10938,Omni Labs 162,Enterprise,Fintech,United States,2024-05-18,SUB-20938,Enterprise Plus,Annual,5406.73,156,2024-05-18,,Active,,0.503,69,5,34520,7,6,22.6,0,4.8,0
CUST-10939,Hyper Flow 162,SMB,Healthcare,United States,2024-05-19,SUB-20939,Starter,Annual,314.85,6,2024-05-19,,Active,,0.869,33,4,8886,7,4,104.3,1,2.8,0
CUST-10940,Zenith Corp 162,Mid-Market,Healthcare,United Kingdom,2024-05-19,SUB-20940,Growth,Annual,3783.67,42,2024-05-19,2024-10-13,Churned,Competitor Alternative,0.968,100,6,34991,0,6,20.6,0,4.4,1
CUST-10941,Quantum Stack 162,SMB,Fintech,United Kingdom,2024-05-19,SUB-20941,Starter,Monthly,661.4,12,2024-05-19,,Active,,0.846,41,3,19817,0,6,3.6,0,3.9,0
CUST-10942,Nexus AI 162,SMB,Fintech,United States,2024-05-19,SUB-20942,Growth,Monthly,244.12,11,2024-05-19,2024-08-22,Churned,Support / SLA Frustration,0.614,73,5,1823,6,3,99.4,1,1.8,1
CUST-10943,Vertex Scale 162,SMB,Logistics & Supply Chain,United States,2024-05-20,SUB-20943,Starter,Monthly,543.92,9,2024-05-20,2024-07-03,Churned,Support / SLA Frustration,0.544,71,5,31677,9,1,83.4,1,2.8,1
CUST-10944,Blue Systems 162,Mid-Market,Cybersecurity,United States,2024-05-20,SUB-20944,Scale,Annual,2222.02,66,2024-05-20,,Active,,0.791,39,2,5843,5,3,4.2,0,4.1,0
CUST-10945,Apex Logic 163,Enterprise,Healthcare,Canada,2024-05-20,SUB-20945,Enterprise Plus,Annual,15785.26,388,2024-05-20,,Active,,0.519,74,4,14491,2,3,21.7,0,4.3,0
CUST-10946,Cloud Hub 163,Enterprise,Healthcare,United States,2024-05-20,SUB-20946,Scale,Monthly,13474.76,280,2024-05-20,,Active,,0.93,81,3,19556,3,2,6.2,0,4.8,0
CUST-10947,Data Pay 163,SMB,Fintech,India,2024-05-20,SUB-20947,Starter,Monthly,223.81,13,2024-05-20,,Active,,0.472,68,7,3458,1,4,23.2,0,4.1,0
CUST-10948,Nova Works 163,SMB,SaaS / Tech,United States,2024-05-21,SUB-20948,Starter,Monthly,241.2,21,2024-05-21,,Active,,0.658,73,5,17941,20,1,12.6,0,4.6,0
CUST-10949,Pulse Security 163,SMB,Logistics & Supply Chain,Australia,2024-05-21,SUB-20949,Starter,Monthly,606.57,17,2024-05-21,,Active,,1.0,68,2,21255,0,4,4.4,0,4.6,0
CUST-10950,Stratum Analytics 163,SMB,Fintech,United States,2024-05-21,SUB-20950,Starter,Monthly,312.65,16,2024-05-21,,Active,,1.0,59,6,26376,8,12,16.7,0,4.3,0
CUST-10951,Sync Tech 163,SMB,Fintech,Canada,2024-05-21,SUB-20951,Starter,Monthly,485.27,7,2024-05-21,2024-10-19,Churned,Price / Budget Cuts,0.682,80,6,35095,7,9,2.2,0,4.5,1
CUST-10952,Vanguard Sphere 163,Mid-Market,SaaS / Tech,United States,2024-05-21,SUB-20952,Growth,Annual,2031.91,63,2024-05-21,,Active,,1.0,100,5,9854,4,5,21.4,0,4.8,0
CUST-10953,Omni Labs 163,SMB,E-Commerce,United States,2024-05-22,SUB-20953,Starter,Monthly,239.18,23,2024-05-22,2024-11-17,Churned,Switched Tool,0.603,84,2,92891,9,3,6.8,0,4.3,1
CUST-10954,Hyper Flow 163,Mid-Market,Fintech,Germany,2024-05-22,SUB-20954,Growth,Annual,2887.02,85,2024-05-22,,Active,,0.947,100,2,11193,3,8,12.2,0,4.5,0
CUST-10955,Zenith Corp 163,Mid-Market,E-Commerce,Germany,2024-05-22,SUB-20955,Growth,Monthly,3462.83,82,2024-05-22,2024-12-25,Churned,Support / SLA Frustration,0.689,65,5,22558,15,6,109.3,1,1.3,1
CUST-10956,Quantum Stack 163,SMB,Healthcare,United States,2024-05-22,SUB-20956,Starter,Monthly,607.92,18,2024-05-22,2025-03-18,Churned,Low Adoption & License Waste,0.334,70,2,31856,2,3,18.5,0,4.7,1
CUST-10957,Nexus AI 163,Enterprise,Healthcare,Canada,2024-05-22,SUB-20957,Enterprise Plus,Monthly,10320.02,126,2024-05-22,2025-03-23,Churned,Support / SLA Frustration,0.386,78,5,10739,0,2,84.0,0,1.6,1
CUST-10958,Vertex Scale 163,Mid-Market,SaaS / Tech,United Kingdom,2024-05-23,SUB-20958,Growth,Annual,1753.33,69,2024-05-23,,Active,,0.399,95,7,13595,15,7,17.3,0,4.6,0
CUST-10959,Blue Systems 163,SMB,Logistics & Supply Chain,Germany,2024-05-23,SUB-20959,Starter,Monthly,637.85,13,2024-05-23,2025-01-03,Churned,Price / Budget Cuts,0.822,35,3,54717,0,0,4.0,0,4.9,1
CUST-10960,Apex Logic 164,Enterprise,Healthcare,United States,2024-05-23,SUB-20960,Enterprise Plus,Annual,15841.53,431,2024-05-23,,Active,,0.598,60,3,24690,3,2,23.4,0,4.7,0
CUST-10961,Cloud Hub 164,SMB,Cybersecurity,United Kingdom,2024-05-23,SUB-20961,Starter,Monthly,312.21,21,2024-05-23,,Active,,0.711,40,5,59471,1,4,6.3,0,3.9,0
CUST-10962,Data Pay 164,Mid-Market,Healthcare,United States,2024-05-23,SUB-20962,Scale,Annual,2618.51,35,2024-05-23,,Active,,0.812,71,2,2270,19,7,2.1,0,4.6,0
CUST-10963,Nova Works 164,Mid-Market,SaaS / Tech,United States,2024-05-24,SUB-20963,Growth,Monthly,1360.63,96,2024-05-24,,Active,,0.627,71,4,30502,2,4,17.7,0,3.9,0
CUST-10964,Pulse Security 164,Mid-Market,E-Commerce,India,2024-05-24,SUB-20964,Scale,Monthly,1420.78,41,2024-05-24,2025-01-04,Churned,Low Adoption & License Waste,0.151,62,3,9747,6,7,12.7,0,4.0,1
CUST-10965,Stratum Analytics 164,Mid-Market,Logistics & Supply Chain,United States,2024-05-24,SUB-20965,Growth,Monthly,2767.87,38,2024-05-24,,Active,,0.74,100,4,5675,0,3,18.0,0,4.6,0
CUST-10966,Sync Tech 164,SMB,Cybersecurity,United States,2024-05-24,SUB-20966,Growth,Monthly,205.05,13,2024-05-24,,Active,,0.784,39,4,37603,14,7,10.2,0,4.6,0
CUST-10967,Vanguard Sphere 164,Mid-Market,Fintech,United Kingdom,2024-05-25,SUB-20967,Growth,Annual,1976.87,88,2024-05-25,2025-05-19,Churned,Support / SLA Frustration,0.914,66,2,26185,2,3,94.6,2,1.7,1
CUST-10968,Omni Labs 164,SMB,Cybersecurity,United Kingdom,2024-05-25,SUB-20968,Growth,Monthly,576.48,16,2024-05-25,,Active,,0.894,88,3,790,2,2,14.3,0,4.6,0
CUST-10969,Hyper Flow 164,Mid-Market,Logistics & Supply Chain,United States,2024-05-25,SUB-20969,Growth,Monthly,2882.15,71,2024-05-25,2024-08-29,Churned,Leadership Transition,0.665,92,2,11130,9,4,3.6,0,3.8,1
CUST-10970,Zenith Corp 164,SMB,SaaS / Tech,United States,2024-05-25,SUB-20970,Starter,Monthly,362.26,22,2024-05-25,,Active,,0.512,67,2,81131,5,3,8.5,0,4.0,0
CUST-10971,Quantum Stack 164,SMB,Fintech,India,2024-05-25,SUB-20971,Starter,Monthly,335.64,7,2024-05-25,2024-12-25,Churned,Low Adoption & License Waste,0.283,92,5,21494,5,3,12.3,0,4.0,1
CUST-10972,Nexus AI 164,SMB,Logistics & Supply Chain,United States,2024-05-25,SUB-20972,Starter,Monthly,633.76,13,2024-05-25,2024-07-21,Churned,Price / Budget Cuts,0.862,77,6,9678,3,0,4.0,0,4.4,1
CUST-10973,Vertex Scale 164,Mid-Market,Logistics & Supply Chain,United Kingdom,2024-05-25,SUB-20973,Scale,Annual,1507.41,54,2024-05-25,,Active,,0.213,81,3,17427,4,4,10.5,0,4.0,0
CUST-10974,Blue Systems 164,Enterprise,Healthcare,Canada,2024-05-26,SUB-20974,Enterprise Plus,Annual,12305.79,495,2024-05-26,,Active,,0.723,59,3,13806,3,3,13.8,0,4.6,0
CUST-10975,Apex Logic 165,Mid-Market,Cybersecurity,United States,2024-05-26,SUB-20975,Scale,Monthly,1242.01,29,2024-05-26,,Active,,0.426,78,3,14458,5,5,13.6,0,4.2,0
CUST-10976,Cloud Hub 165,SMB,Fintech,India,2024-05-26,SUB-20976,Starter,Annual,451.3,15,2024-05-26,,Active,,1.0,99,6,42365,3,6,90.9,3,2.9,0
CUST-10977,Data Pay 165,Enterprise,Fintech,Canada,2024-05-26,SUB-20977,Enterprise Plus,Annual,17612.95,451,2024-05-26,2024-11-16,Churned,Support / SLA Frustration,0.752,52,4,2879,3,2,104.9,0,2.1,1
CUST-10978,Nova Works 165,Mid-Market,E-Commerce,United States,2024-05-26,SUB-20978,Growth,Annual,1641.89,38,2024-05-26,2024-06-28,Churned,Support / SLA Frustration,0.761,82,3,15596,3,4,97.3,2,1.6,1
CUST-10979,Pulse Security 165,SMB,E-Commerce,United Kingdom,2024-05-26,SUB-20979,Starter,Monthly,263.16,19,2024-05-26,,Active,,0.801,58,5,19869,14,4,16.0,0,4.8,0
CUST-10980,Stratum Analytics 165,Mid-Market,E-Commerce,Canada,2024-05-26,SUB-20980,Scale,Annual,2047.7,91,2024-05-26,,Active,,0.825,64,5,67836,16,4,23.7,0,4.0,0
CUST-10981,Sync Tech 165,SMB,Fintech,United Kingdom,2024-05-26,SUB-20981,Starter,Monthly,279.82,9,2024-05-26,,Active,,0.777,57,3,29850,4,3,5.7,0,4.9,0
CUST-10982,Vanguard Sphere 165,Enterprise,Cybersecurity,Germany,2024-05-27,SUB-20982,Scale,Annual,5669.87,216,2024-05-27,2025-04-20,Churned,Support / SLA Frustration,0.966,45,2,32195,17,1,66.3,1,3.0,1
CUST-10983,Omni Labs 165,Enterprise,Fintech,United States,2024-05-27,SUB-20983,Scale,Annual,5030.33,223,2024-05-27,,Active,,0.582,92,6,665,4,2,101.9,1,1.9,0
CUST-10984,Hyper Flow 165,SMB,Fintech,United States,2024-05-27,SUB-20984,Starter,Monthly,297.83,10,2024-05-27,,Active,,0.814,89,5,83868,1,1,6.8,0,3.8,0
CUST-10985,Zenith Corp 165,Mid-Market,Fintech,United States,2024-05-27,SUB-20985,Scale,Monthly,1909.32,27,2024-05-27,,Active,,0.605,55,2,2131,12,5,4.4,0,3.8,0
CUST-10986,Quantum Stack 165,SMB,E-Commerce,United States,2024-05-27,SUB-20986,Starter,Monthly,467.99,20,2024-05-27,,Active,,0.743,80,5,12344,5,6,3.4,0,4.3,0
CUST-10987,Nexus AI 165,Mid-Market,Cybersecurity,United States,2024-05-27,SUB-20987,Scale,Monthly,3468.89,84,2024-05-27,,Active,,0.953,76,5,2613,3,5,12.2,0,4.7,0
CUST-10988,Vertex Scale 165,Mid-Market,SaaS / Tech,Germany,2024-05-28,SUB-20988,Growth,Annual,2370.38,62,2024-05-28,,Active,,1.0,56,0,31134,3,4,65.6,2,3.1,0
CUST-10989,Blue Systems 165,SMB,Logistics & Supply Chain,United Kingdom,2024-05-28,SUB-20989,Starter,Annual,533.04,14,2024-05-28,,Active,,0.704,77,4,3499,0,4,9.8,0,4.5,0
CUST-10990,Apex Logic 166,SMB,Fintech,United Kingdom,2024-05-28,SUB-20990,Starter,Annual,393.67,9,2024-05-28,,Active,,0.657,63,7,15382,1,1,13.2,0,4.0,0
CUST-10991,Cloud Hub 166,SMB,E-Commerce,United Kingdom,2024-05-28,SUB-20991,Growth,Monthly,261.74,5,2024-05-28,,Active,,0.849,67,2,21338,2,7,16.6,0,4.7,0
CUST-10992,Data Pay 166,Mid-Market,E-Commerce,Germany,2024-05-28,SUB-20992,Scale,Annual,3769.79,65,2024-05-28,,Active,,0.523,92,4,19700,3,3,62.4,2,3.1,0
CUST-10993,Nova Works 166,SMB,E-Commerce,United States,2024-05-29,SUB-20993,Starter,Monthly,293.39,21,2024-05-29,,Active,,0.596,73,3,29705,3,7,3.7,0,4.0,0
CUST-10994,Pulse Security 166,Mid-Market,Fintech,Germany,2024-05-29,SUB-20994,Growth,Monthly,2654.92,88,2024-05-29,2024-09-21,Churned,Support / SLA Frustration,0.466,60,5,2742,2,1,68.0,0,1.6,1
CUST-10995,Stratum Analytics 166,Enterprise,SaaS / Tech,United States,2024-05-29,SUB-20995,Scale,Annual,14456.08,362,2024-05-29,,Active,,1.0,65,5,10323,6,7,18.5,0,3.9,0
CUST-10996,Sync Tech 166,SMB,E-Commerce,India,2024-05-29,SUB-20996,Starter,Monthly,285.97,17,2024-05-29,2024-11-07,Churned,Competitor Alternative,0.725,39,5,29982,2,5,5.7,0,4.4,1
CUST-10997,Vanguard Sphere 166,Enterprise,SaaS / Tech,Canada,2024-05-29,SUB-20997,Enterprise Plus,Annual,7299.6,263,2024-05-29,,Active,,0.793,74,4,16740,0,3,3.1,0,3.8,0
CUST-10998,Omni Labs 166,SMB,E-Commerce,United States,2024-05-29,SUB-20998,Starter,Monthly,217.34,23,2024-05-29,,Active,,0.616,53,6,12823,0,5,14.1,0,4.6,0
CUST-10999,Hyper Flow 166,Mid-Market,Fintech,United Kingdom,2024-05-29,SUB-20999,Growth,Annual,1570.83,72,2024-05-29,,Active,,0.592,96,6,42579,3,3,11.9,0,4.6,0
CUST-11000,Zenith Corp 166,Mid-Market,E-Commerce,United Kingdom,2024-05-29,SUB-21000,Scale,Annual,1061.55,93,2024-05-29,,Active,,0.724,51,3,19111,6,5,2.9,0,4.5,0
CUST-11001,Quantum Stack 166,SMB,Fintech,United States,2024-05-30,SUB-21001,Growth,Monthly,506.61,14,2024-05-30,2024-09-08,Churned,Support / SLA Frustration,1.0,56,4,7783,1,6,86.7,0,2.9,1
CUST-11002,Nexus AI 166,SMB,Logistics & Supply Chain,United Kingdom,2024-05-30,SUB-21002,Starter,Annual,407.32,21,2024-05-30,2025-04-27,Churned,Switched Tool,0.543,66,4,73215,0,3,14.6,0,4.4,1
CUST-11003,Vertex Scale 166,SMB,E-Commerce,United States,2024-05-31,SUB-21003,Starter,Monthly,674.89,9,2024-05-31,,Active,,0.667,63,5,6508,0,4,68.7,2,3.0,0
CUST-11004,Blue Systems 166,SMB,Fintech,United States,2024-05-31,SUB-21004,Starter,Monthly,280.7,8,2024-05-31,,Active,,0.661,98,3,28874,0,3,19.8,0,4.5,0
CUST-11005,Apex Logic 167,SMB,Cybersecurity,India,2024-05-31,SUB-21005,Starter,Monthly,670.68,17,2024-05-31,,Active,,0.831,78,6,5036,2,4,14.8,0,4.3,0
CUST-11006,Cloud Hub 167,SMB,E-Commerce,United Kingdom,2024-05-31,SUB-21006,Starter,Monthly,721.0,7,2024-05-31,2024-11-22,Churned,Competitor Alternative,0.528,87,7,26976,1,3,13.6,0,3.9,1
CUST-11007,Data Pay 167,SMB,Fintech,Germany,2024-05-31,SUB-21007,Starter,Monthly,723.11,8,2024-05-31,,Active,,0.884,49,3,65213,7,8,74.7,6,2.6,0
CUST-11008,Nova Works 167,Mid-Market,E-Commerce,United Kingdom,2024-05-31,SUB-21008,Growth,Annual,1044.18,74,2024-05-31,,Active,,0.714,55,6,11032,6,3,16.9,0,4.7,0
CUST-11009,Pulse Security 167,Mid-Market,Healthcare,United States,2024-06-01,SUB-21009,Growth,Annual,2307.04,96,2024-06-01,,Active,,0.584,72,2,9199,1,2,16.4,0,4.7,0
CUST-11010,Stratum Analytics 167,Mid-Market,Logistics & Supply Chain,United Kingdom,2024-06-01,SUB-21010,Growth,Annual,3794.07,64,2024-06-01,,Active,,1.0,94,5,44547,4,3,14.7,0,4.6,0
CUST-11011,Sync Tech 167,SMB,Logistics & Supply Chain,United Kingdom,2024-06-01,SUB-21011,Starter,Monthly,242.82,15,2024-06-01,,Active,,0.707,82,4,24501,7,4,21.2,0,4.5,0
CUST-11012,Vanguard Sphere 167,SMB,Cybersecurity,Australia,2024-06-01,SUB-21012,Starter,Monthly,221.14,11,2024-06-01,,Active,,0.753,58,3,47872,7,3,51.5,0,2.9,0
CUST-11013,Omni Labs 167,Enterprise,E-Commerce,United States,2024-06-01,SUB-21013,Enterprise Plus,Annual,6575.54,479,2024-06-01,,Active,,0.626,39,1,5988,0,6,6.3,0,4.5,0
CUST-11014,Hyper Flow 167,SMB,E-Commerce,Germany,2024-06-01,SUB-21014,Starter,Annual,556.65,6,2024-06-01,,Active,,0.491,59,6,3547,0,5,8.0,0,4.6,0
CUST-11015,Zenith Corp 167,SMB,SaaS / Tech,India,2024-06-02,SUB-21015,Growth,Monthly,530.18,19,2024-06-02,,Active,,0.638,73,5,1863,0,3,9.5,0,4.9,0
CUST-11016,Quantum Stack 167,Mid-Market,Fintech,United Kingdom,2024-06-02,SUB-21016,Growth,Monthly,1296.4,50,2024-06-02,,Active,,0.475,97,3,86384,7,6,11.3,0,4.0,0
CUST-11017,Nexus AI 167,SMB,E-Commerce,India,2024-06-02,SUB-21017,Growth,Monthly,729.48,6,2024-06-02,,Active,,1.0,65,3,21230,0,3,20.1,0,4.5,0
CUST-11018,Vertex Scale 167,SMB,E-Commerce,United States,2024-06-02,SUB-21018,Starter,Annual,517.03,6,2024-06-02,2025-04-04,Churned,Support / SLA Frustration,1.0,76,4,24501,16,1,100.0,0,2.7,1
CUST-11019,Blue Systems 167,Enterprise,Fintech,Australia,2024-06-03,SUB-21019,Scale,Annual,14608.04,165,2024-06-03,,Active,,0.553,66,5,17231,1,5,70.9,2,3.1,0
CUST-11020,Apex Logic 168,SMB,Healthcare,Canada,2024-06-03,SUB-21020,Growth,Annual,142.2,12,2024-06-03,,Active,,0.437,68,3,69970,0,6,15.4,0,4.5,0
CUST-11021,Cloud Hub 168,Mid-Market,Logistics & Supply Chain,United States,2024-06-03,SUB-21021,Scale,Annual,1194.98,81,2024-06-03,,Active,,0.556,41,6,9995,38,3,21.7,0,4.4,0
CUST-11022,Data Pay 168,SMB,Logistics & Supply Chain,India,2024-06-03,SUB-21022,Starter,Monthly,246.01,14,2024-06-03,2025-02-11,Churned,Switched Tool,0.551,55,6,101645,7,2,4.7,0,4.7,1
CUST-11023,Nova Works 168,SMB,Fintech,United States,2024-06-03,SUB-21023,Starter,Monthly,604.53,20,2024-06-03,,Active,,0.825,27,6,23103,5,3,8.8,0,4.5,0
CUST-11024,Pulse Security 168,SMB,Fintech,United States,2024-06-04,SUB-21024,Starter,Monthly,286.18,9,2024-06-04,,Active,,0.847,45,4,8023,2,2,16.0,0,4.8,0
CUST-11025,Stratum Analytics 168,Mid-Market,Healthcare,United Kingdom,2024-06-04,SUB-21025,Scale,Monthly,1034.97,70,2024-06-04,,Active,,0.381,55,4,802,0,3,79.6,2,1.9,0
CUST-11026,Sync Tech 168,SMB,Logistics & Supply Chain,United States,2024-06-04,SUB-21026,Starter,Monthly,629.11,16,2024-06-04,,Active,,0.602,58,4,16368,6,4,14.2,0,4.3,0
CUST-11027,Vanguard Sphere 168,SMB,Fintech,United States,2024-06-04,SUB-21027,Starter,Monthly,591.8,9,2024-06-04,2024-10-24,Churned,Support / SLA Frustration,1.0,74,3,560,0,5,53.1,0,2.9,1
CUST-11028,Omni Labs 168,Mid-Market,SaaS / Tech,Germany,2024-06-04,SUB-21028,Growth,Monthly,1764.54,41,2024-06-04,,Active,,0.869,58,3,14932,3,4,94.0,2,2.6,0
CUST-11029,Hyper Flow 168,SMB,Fintech,United States,2024-06-04,SUB-21029,Starter,Monthly,718.37,17,2024-06-04,,Active,,1.0,82,3,21475,3,7,20.4,0,4.1,0
CUST-11030,Zenith Corp 168,Enterprise,E-Commerce,United States,2024-06-05,SUB-21030,Enterprise Plus,Annual,12935.37,338,2024-06-05,,Active,,0.861,66,3,14860,2,2,95.7,1,2.5,0
CUST-11031,Quantum Stack 168,SMB,Healthcare,United States,2024-06-05,SUB-21031,Starter,Monthly,391.0,5,2024-06-05,,Active,,0.798,67,4,2257,3,4,16.1,0,4.1,0
CUST-11032,Nexus AI 168,Mid-Market,SaaS / Tech,United States,2024-06-05,SUB-21032,Growth,Monthly,1914.24,97,2024-06-05,2024-11-05,Churned,Support / SLA Frustration,0.903,34,4,11205,10,6,106.5,3,1.6,1
CUST-11033,Vertex Scale 168,Enterprise,Fintech,Canada,2024-06-05,SUB-21033,Scale,Annual,6043.45,209,2024-06-05,,Active,,0.586,76,5,17446,2,3,74.7,2,3.1,0
CUST-11034,Blue Systems 168,Enterprise,E-Commerce,Canada,2024-06-05,SUB-21034,Enterprise Plus,Annual,14965.35,346,2024-06-05,2025-02-11,Churned,Low Adoption & License Waste,0.317,75,3,986,6,2,7.0,0,4.3,1
CUST-11035,Apex Logic 169,SMB,Fintech,India,2024-06-05,SUB-21035,Starter,Monthly,404.86,9,2024-06-05,,Active,,0.961,64,3,3390,14,3,11.0,0,4.3,0
CUST-11036,Cloud Hub 169,Mid-Market,SaaS / Tech,United Kingdom,2024-06-05,SUB-21036,Growth,Annual,2966.98,28,2024-06-05,2025-02-22,Churned,Support / SLA Frustration,0.964,50,5,6123,3,5,117.5,2,1.6,1
CUST-11037,Data Pay 169,SMB,Logistics & Supply Chain,United States,2024-06-05,SUB-21037,Starter,Annual,488.71,9,2024-06-05,,Active,,0.803,92,5,25234,0,3,14.4,0,4.3,0
CUST-11038,Nova Works 169,Enterprise,Fintech,India,2024-06-06,SUB-21038,Scale,Annual,14777.68,232,2024-06-06,,Active,,0.921,70,4,136706,0,6,48.7,1,2.2,0
CUST-11039,Pulse Security 169,Mid-Market,Logistics & Supply Chain,Canada,2024-06-06,SUB-21039,Growth,Annual,3612.05,50,2024-06-06,2025-01-05,Churned,Leadership Transition,0.927,98,4,4300,21,4,4.3,0,3.9,1
CUST-11040,Stratum Analytics 169,SMB,E-Commerce,United Kingdom,2024-06-06,SUB-21040,Growth,Monthly,610.66,5,2024-06-06,,Active,,0.406,41,3,22044,3,3,76.3,2,1.4,0
CUST-11041,Sync Tech 169,SMB,Fintech,Canada,2024-06-06,SUB-21041,Starter,Annual,683.94,20,2024-06-06,,Active,,0.494,78,3,2106,10,3,54.6,1,2.5,0
CUST-11042,Vanguard Sphere 169,Mid-Market,Healthcare,India,2024-06-06,SUB-21042,Scale,Monthly,2414.3,63,2024-06-06,2024-08-20,Churned,Low Adoption & License Waste,0.693,32,6,40239,27,3,22.8,0,4.2,1
CUST-11043,Omni Labs 169,SMB,Fintech,Canada,2024-06-06,SUB-21043,Starter,Monthly,520.31,23,2024-06-06,2025-02-14,Churned,Support / SLA Frustration,0.271,78,1,16184,41,4,54.1,2,3.1,1
CUST-11044,Hyper Flow 169,SMB,SaaS / Tech,United States,2024-06-06,SUB-21044,Starter,Monthly,663.55,15,2024-06-06,,Active,,0.609,92,1,35687,11,3,6.7,0,3.9,0
CUST-11045,Zenith Corp 169,SMB,SaaS / Tech,Canada,2024-06-06,SUB-21045,Starter,Monthly,400.9,6,2024-06-06,2024-11-16,Churned,Support / SLA Frustration,0.667,69,5,28268,3,2,57.1,0,2.3,1
CUST-11046,Quantum Stack 169,Mid-Market,Fintech,United States,2024-06-07,SUB-21046,Growth,Monthly,1040.68,77,2024-06-07,2024-07-21,Churned,Support / SLA Frustration,0.346,91,4,32913,10,3,119.7,1,3.2,1
CUST-11047,Nexus AI 169,Enterprise,E-Commerce,United States,2024-06-07,SUB-21047,Enterprise Plus,Annual,12191.6,383,2024-06-07,,Active,,0.836,51,4,68111,16,5,18.8,0,3.9,0
CUST-11048,Vertex Scale 169,SMB,Logistics & Supply Chain,United States,2024-06-07,SUB-21048,Starter,Annual,726.29,13,2024-06-07,2024-09-07,Churned,Support / SLA Frustration,0.381,62,5,706,0,3,62.9,0,1.8,1
CUST-11049,Blue Systems 169,Enterprise,Cybersecurity,United States,2024-06-07,SUB-21049,Enterprise Plus,Annual,5238.09,481,2024-06-07,,Active,,0.834,75,1,5594,1,3,11.8,0,4.2,0
CUST-11050,Apex Logic 170,SMB,E-Commerce,United States,2024-06-07,SUB-21050,Growth,Annual,738.44,19,2024-06-07,2024-12-23,Churned,Support / SLA Frustration,0.412,51,4,8664,2,6,82.1,1,2.4,1
CUST-11051,Cloud Hub 170,SMB,Cybersecurity,United States,2024-06-08,SUB-21051,Starter,Monthly,187.24,16,2024-06-08,2025-01-28,Churned,Support / SLA Frustration,1.0,56,5,16646,11,10,64.3,3,1.8,1
CUST-11052,Data Pay 170,SMB,E-Commerce,United Kingdom,2024-06-08,SUB-21052,Starter,Monthly,468.2,22,2024-06-08,,Active,,0.382,43,4,76572,10,5,2.0,0,4.9,0
CUST-11053,Nova Works 170,SMB,Healthcare,Germany,2024-06-08,SUB-21053,Growth,Annual,679.71,16,2024-06-08,2025-05-29,Churned,Competitor Alternative,0.919,100,2,3746,4,2,6.1,0,4.8,1
CUST-11054,Pulse Security 170,SMB,Logistics & Supply Chain,Australia,2024-06-08,SUB-21054,Starter,Annual,660.4,23,2024-06-08,,Active,,0.502,48,3,16915,5,3,6.3,0,4.5,0
CUST-11055,Stratum Analytics 170,Mid-Market,E-Commerce,United States,2024-06-08,SUB-21055,Scale,Monthly,1776.67,89,2024-06-08,,Active,,0.506,87,3,18899,6,7,4.4,0,4.0,0
CUST-11056,Sync Tech 170,SMB,E-Commerce,United Kingdom,2024-06-08,SUB-21056,Starter,Annual,541.34,18,2024-06-08,,Active,,0.884,56,6,4857,2,3,15.8,0,4.9,0
CUST-11057,Vanguard Sphere 170,Mid-Market,E-Commerce,India,2024-06-09,SUB-21057,Growth,Annual,1479.56,54,2024-06-09,,Active,,0.774,63,3,13044,13,9,16.0,0,4.4,0
CUST-11058,Omni Labs 170,Mid-Market,Logistics & Supply Chain,United States,2024-06-09,SUB-21058,Growth,Annual,2035.03,97,2024-06-09,2024-11-01,Churned,Support / SLA Frustration,0.277,80,6,22380,5,3,109.3,0,2.3,1
CUST-11059,Hyper Flow 170,SMB,Logistics & Supply Chain,Canada,2024-06-09,SUB-21059,Growth,Monthly,719.51,17,2024-06-09,2024-12-23,Churned,Low Adoption & License Waste,0.333,55,2,67546,21,3,5.3,0,3.9,1
CUST-11060,Zenith Corp 170,SMB,Healthcare,Canada,2024-06-09,SUB-21060,Starter,Monthly,378.77,9,2024-06-09,2024-09-14,Churned,Switched Tool,0.932,40,3,39795,4,4,14.8,0,4.6,1
CUST-11061,Quantum Stack 170,SMB,Healthcare,United States,2024-06-10,SUB-21061,Starter,Monthly,452.66,20,2024-06-10,2024-10-31,Churned,Support / SLA Frustration,0.411,75,6,25283,0,8,76.1,5,1.3,1
CUST-11062,Nexus AI 170,SMB,E-Commerce,Germany,2024-06-10,SUB-21062,Starter,Monthly,484.2,24,2024-06-10,,Active,,0.43,66,3,3436,1,3,19.9,0,4.5,0
CUST-11063,Vertex Scale 170,Mid-Market,E-Commerce,Germany,2024-06-10,SUB-21063,Growth,Monthly,3279.86,72,2024-06-10,,Active,,0.665,100,7,23800,5,6,20.8,0,4.5,0
CUST-11064,Blue Systems 170,Mid-Market,Fintech,United States,2024-06-10,SUB-21064,Scale,Annual,3655.65,33,2024-06-10,,Active,,1.0,67,4,3987,3,7,19.7,0,4.1,0
CUST-11065,Apex Logic 171,SMB,SaaS / Tech,United States,2024-06-10,SUB-21065,Starter,Monthly,390.81,17,2024-06-10,,Active,,0.752,73,1,3556,4,4,3.9,0,4.9,0
CUST-11066,Cloud Hub 171,Mid-Market,E-Commerce,United States,2024-06-10,SUB-21066,Scale,Annual,3764.42,69,2024-06-10,,Active,,0.682,71,3,24687,1,7,14.0,0,4.2,0
CUST-11067,Data Pay 171,Enterprise,Healthcare,United States,2024-06-11,SUB-21067,Scale,Annual,14167.5,120,2024-06-11,2025-02-13,Churned,Support / SLA Frustration,0.339,56,5,637,4,3,80.6,1,1.9,1
CUST-11068,Nova Works 171,Mid-Market,Fintech,United Kingdom,2024-06-11,SUB-21068,Growth,Annual,2156.33,81,2024-06-11,,Active,,0.776,54,5,16389,5,4,8.0,0,4.9,0
CUST-11069,Pulse Security 171,Mid-Market,Fintech,United Kingdom,2024-06-11,SUB-21069,Growth,Annual,1630.58,52,2024-06-11,,Active,,0.608,60,3,25443,1,1,5.2,0,4.6,0
CUST-11070,Stratum Analytics 171,Mid-Market,Cybersecurity,United States,2024-06-11,SUB-21070,Growth,Monthly,2661.85,29,2024-06-11,,Active,,0.606,20,5,70596,3,5,22.5,0,4.3,0
CUST-11071,Sync Tech 171,Mid-Market,Healthcare,India,2024-06-11,SUB-21071,Growth,Annual,1868.08,66,2024-06-11,,Active,,0.56,60,3,16723,4,6,3.7,0,4.1,0
CUST-11072,Vanguard Sphere 171,Enterprise,Fintech,United States,2024-06-11,SUB-21072,Enterprise Plus,Annual,15266.57,164,2024-06-11,,Active,,0.417,46,7,2704,7,1,3.0,0,4.4,0
CUST-11073,Omni Labs 171,Enterprise,E-Commerce,United States,2024-06-11,SUB-21073,Enterprise Plus,Annual,8618.47,391,2024-06-11,,Active,,0.558,80,4,43239,4,6,65.2,2,2.0,0
CUST-11074,Hyper Flow 171,SMB,Healthcare,United States,2024-06-11,SUB-21074,Starter,Monthly,540.63,21,2024-06-11,2025-05-13,Churned,Support / SLA Frustration,0.797,53,4,24635,17,2,70.9,0,1.3,1
CUST-11075,Zenith Corp 171,Mid-Market,Fintech,United Kingdom,2024-06-11,SUB-21075,Scale,Monthly,3435.88,25,2024-06-11,,Active,,1.0,40,5,25775,12,4,2.5,0,3.8,0
CUST-11076,Quantum Stack 171,Mid-Market,Healthcare,United States,2024-06-12,SUB-21076,Growth,Annual,1173.16,64,2024-06-12,2024-07-18,Churned,Support / SLA Frustration,0.725,100,5,1958,7,4,112.0,2,1.7,1
CUST-11077,Nexus AI 171,SMB,E-Commerce,United States,2024-06-12,SUB-21077,Growth,Monthly,542.17,14,2024-06-12,,Active,,0.973,80,4,88842,3,3,12.9,0,4.7,0
CUST-11078,Vertex Scale 171,Mid-Market,E-Commerce,United States,2024-06-12,SUB-21078,Growth,Annual,2009.52,51,2024-06-12,,Active,,0.587,72,4,10879,3,2,20.5,0,3.9,0
CUST-11079,Blue Systems 171,SMB,Healthcare,Germany,2024-06-12,SUB-21079,Starter,Annual,178.36,18,2024-06-12,,Active,,0.913,61,5,9234,9,7,13.8,0,3.9,0
CUST-11080,Apex Logic 172,SMB,Healthcare,Australia,2024-06-12,SUB-21080,Starter,Monthly,216.04,13,2024-06-12,,Active,,0.819,90,5,33041,0,6,13.9,0,4.2,0
CUST-11081,Cloud Hub 172,Enterprise,Cybersecurity,United States,2024-06-12,SUB-21081,Enterprise Plus,Monthly,13984.78,123,2024-06-12,,Active,,0.526,100,4,5815,3,5,9.7,0,4.1,0
CUST-11082,Data Pay 172,Mid-Market,Healthcare,United States,2024-06-12,SUB-21082,Scale,Annual,1814.23,39,2024-06-12,,Active,,0.62,53,4,4305,2,5,7.7,0,4.7,0
CUST-11083,Nova Works 172,SMB,Healthcare,United Kingdom,2024-06-13,SUB-21083,Growth,Monthly,505.46,18,2024-06-13,,Active,,0.367,86,3,30571,0,6,22.1,0,4.9,0
CUST-11084,Pulse Security 172,SMB,Fintech,Canada,2024-06-13,SUB-21084,Starter,Monthly,518.95,17,2024-06-13,,Active,,0.6,100,5,12479,4,3,8.6,0,4.0,0
CUST-11085,Stratum Analytics 172,Mid-Market,E-Commerce,United States,2024-06-13,SUB-21085,Scale,Annual,3133.97,58,2024-06-13,,Active,,0.704,92,5,79230,3,5,56.4,4,2.0,0
CUST-11086,Sync Tech 172,SMB,SaaS / Tech,India,2024-06-13,SUB-21086,Starter,Monthly,717.62,8,2024-06-13,2024-09-19,Churned,Competitor Alternative,0.851,59,5,8475,14,3,8.7,0,4.1,1
CUST-11087,Vanguard Sphere 172,Mid-Market,Fintech,United Kingdom,2024-06-14,SUB-21087,Scale,Monthly,1400.92,29,2024-06-14,2024-10-14,Churned,Internal Restructuring,0.931,73,6,7574,6,4,15.2,0,4.0,1
CUST-11088,Omni Labs 172,SMB,SaaS / Tech,United States,2024-06-14,SUB-21088,Growth,Annual,237.5,24,2024-06-14,,Active,,0.829,77,6,6324,3,4,7.5,0,4.3,0
CUST-11089,Hyper Flow 172,Mid-Market,Fintech,United Kingdom,2024-06-14,SUB-21089,Scale,Annual,2613.75,65,2024-06-14,,Active,,0.707,54,6,8632,16,1,14.9,0,4.2,0
CUST-11090,Zenith Corp 172,SMB,Healthcare,Australia,2024-06-14,SUB-21090,Growth,Monthly,643.98,9,2024-06-14,2025-02-17,Churned,Competitor Alternative,0.985,89,3,21233,1,2,8.0,0,4.9,1
CUST-11091,Quantum Stack 172,SMB,SaaS / Tech,Canada,2024-06-14,SUB-21091,Starter,Annual,163.43,19,2024-06-14,2024-07-14,Churned,Support / SLA Frustration,0.964,74,6,7473,13,4,87.6,1,2.7,1
CUST-11092,Nexus AI 172,SMB,Healthcare,United States,2024-06-14,SUB-21092,Starter,Monthly,649.46,12,2024-06-14,,Active,,0.664,100,4,15107,2,4,5.9,0,4.9,0
CUST-11093,Vertex Scale 172,SMB,E-Commerce,United States,2024-06-14,SUB-21093,Starter,Monthly,705.7,19,2024-06-14,2024-08-27,Churned,Support / SLA Frustration,0.831,78,1,3926,15,4,117.4,1,2.9,1
CUST-11094,Blue Systems 172,Mid-Market,Fintech,United States,2024-06-14,SUB-21094,Growth,Annual,944.59,77,2024-06-14,,Active,,0.821,53,2,20903,8,3,17.0,0,4.8,0
CUST-11095,Apex Logic 173,Mid-Market,SaaS / Tech,United States,2024-06-14,SUB-21095,Growth,Monthly,2252.46,64,2024-06-14,,Active,,0.54,49,5,10530,12,6,12.2,0,4.2,0
CUST-11096,Cloud Hub 173,Mid-Market,Fintech,Canada,2024-06-15,SUB-21096,Scale,Monthly,2763.69,95,2024-06-15,,Active,,0.911,88,5,11595,3,2,18.9,0,4.4,0
CUST-11097,Data Pay 173,Mid-Market,Logistics & Supply Chain,Germany,2024-06-15,SUB-21097,Scale,Monthly,3290.12,77,2024-06-15,2025-03-10,Churned,Support / SLA Frustration,0.552,54,3,14135,0,4,95.5,2,2.1,1
CUST-11098,Nova Works 173,SMB,Fintech,Canada,2024-06-15,SUB-21098,Starter,Annual,291.04,5,2024-06-15,,Active,,1.0,61,4,5169,0,5,4.1,0,4.6,0
CUST-11099,Pulse Security 173,Mid-Market,Logistics & Supply Chain,Australia,2024-06-16,SUB-21099,Growth,Annual,1324.96,92,2024-06-16,2025-04-02,Churned,Low Adoption & License Waste,0.3,100,2,43398,36,4,11.7,0,4.9,1
CUST-11100,Stratum Analytics 173,Enterprise,Healthcare,United States,2024-06-16,SUB-21100,Enterprise Plus,Annual,7860.34,427,2024-06-16,,Active,,0.544,81,4,15482,16,4,7.2,0,4.0,0
CUST-11101,Sync Tech 173,SMB,SaaS / Tech,Germany,2024-06-16,SUB-21101,Growth,Monthly,748.46,24,2024-06-16,2025-03-25,Churned,Support / SLA Frustration,1.0,88,6,795,12,1,60.0,1,2.5,1
CUST-11102,Vanguard Sphere 173,SMB,Healthcare,Canada,2024-06-16,SUB-21102,Starter,Monthly,597.8,10,2024-06-16,2024-10-31,Churned,Switched Tool,0.555,87,4,1804,6,5,5.6,0,4.2,1
CUST-11103,Omni Labs 173,SMB,Cybersecurity,United States,2024-06-16,SUB-21103,Growth,Monthly,620.17,10,2024-06-16,,Active,,0.677,59,6,12453,2,6,113.6,3,2.4,0
CUST-11104,Hyper Flow 173,SMB,Fintech,Canada,2024-06-16,SUB-21104,Starter,Monthly,714.16,10,2024-06-16,,Active,,0.848,66,6,18593,1,2,3.8,0,4.0,0
CUST-11105,Zenith Corp 173,Mid-Market,Fintech,United States,2024-06-16,SUB-21105,Scale,Monthly,3019.59,84,2024-06-16,,Active,,0.779,78,4,994,1,6,81.4,0,2.4,0
CUST-11106,Quantum Stack 173,Mid-Market,E-Commerce,Canada,2024-06-16,SUB-21106,Scale,Annual,1449.54,89,2024-06-16,,Active,,0.597,62,3,70766,11,3,92.3,1,2.9,0
CUST-11107,Nexus AI 173,SMB,Fintech,United Kingdom,2024-06-16,SUB-21107,Growth,Annual,507.51,13,2024-06-16,,Active,,0.408,38,5,1021,0,7,11.4,0,3.8,0
CUST-11108,Vertex Scale 173,SMB,Fintech,United States,2024-06-16,SUB-21108,Starter,Monthly,297.36,6,2024-06-16,,Active,,0.508,79,3,27268,3,0,4.0,0,4.8,0
CUST-11109,Blue Systems 173,Mid-Market,Cybersecurity,United Kingdom,2024-06-17,SUB-21109,Growth,Monthly,1036.03,55,2024-06-17,,Active,,0.411,66,5,6051,4,6,6.8,0,4.6,0
CUST-11110,Apex Logic 174,SMB,Cybersecurity,United Kingdom,2024-06-17,SUB-21110,Starter,Annual,199.17,7,2024-06-17,,Active,,1.0,63,2,61977,2,8,21.9,0,4.8,0
CUST-11111,Cloud Hub 174,Mid-Market,Healthcare,United States,2024-06-17,SUB-21111,Growth,Monthly,2174.53,36,2024-06-17,2024-11-25,Churned,Competitor Alternative,0.587,54,7,30588,1,6,19.3,0,4.4,1
CUST-11112,Data Pay 174,Mid-Market,Cybersecurity,United States,2024-06-17,SUB-21112,Growth,Annual,3214.25,52,2024-06-17,,Active,,0.266,65,5,21933,8,5,5.7,0,4.4,0
CUST-11113,Nova Works 174,SMB,E-Commerce,United States,2024-06-17,SUB-21113,Starter,Monthly,469.85,5,2024-06-17,,Active,,0.454,61,5,38319,2,8,21.2,0,4.5,0
CUST-11114,Pulse Security 174,SMB,Healthcare,United Kingdom,2024-06-17,SUB-21114,Starter,Monthly,126.13,18,2024-06-17,2025-04-13,Churned,Support / SLA Frustration,0.923,75,5,16863,9,7,109.2,4,3.1,1
CUST-11115,Stratum Analytics 174,SMB,SaaS / Tech,Germany,2024-06-17,SUB-21115,Growth,Monthly,335.42,15,2024-06-17,,Active,,0.375,88,5,8989,7,2,23.5,0,4.0,0
CUST-11116,Sync Tech 174,Enterprise,SaaS / Tech,India,2024-06-17,SUB-21116,Enterprise Plus,Annual,12378.33,132,2024-06-17,,Active,,0.497,100,2,743,1,2,22.1,0,4.8,0
CUST-11117,Vanguard Sphere 174,SMB,Cybersecurity,United Kingdom,2024-06-18,SUB-21117,Starter,Monthly,353.54,22,2024-06-18,,Active,,0.459,68,4,43082,1,4,18.6,0,4.4,0
CUST-11118,Omni Labs 174,Mid-Market,Healthcare,Canada,2024-06-18,SUB-21118,Scale,Annual,3522.37,58,2024-06-18,,Active,,0.898,67,4,8735,3,4,9.6,0,4.6,0
CUST-11119,Hyper Flow 174,Enterprise,SaaS / Tech,United States,2024-06-18,SUB-21119,Enterprise Plus,Annual,11319.02,259,2024-06-18,,Active,,0.695,74,5,11754,4,7,9.4,0,4.1,0
CUST-11120,Zenith Corp 174,SMB,Fintech,Canada,2024-06-18,SUB-21120,Growth,Annual,281.89,12,2024-06-18,,Active,,0.574,86,2,16846,0,4,4.0,0,4.6,0
CUST-11121,Quantum Stack 174,SMB,Fintech,United States,2024-06-18,SUB-21121,Growth,Monthly,258.64,22,2024-06-18,2025-03-18,Churned,Switched Tool,0.853,54,2,25031,7,9,9.0,0,4.1,1
CUST-11122,Nexus AI 174,SMB,Fintech,United States,2024-06-18,SUB-21122,Starter,Monthly,496.37,5,2024-06-18,,Active,,0.842,86,5,35258,2,3,17.6,0,4.8,0
CUST-11123,Vertex Scale 174,SMB,Cybersecurity,United Kingdom,2024-06-19,SUB-21123,Starter,Annual,238.17,20,2024-06-19,,Active,,0.908,93,5,5222,3,2,23.7,0,4.3,0
CUST-11124,Blue Systems 174,SMB,Logistics & Supply Chain,United States,2024-06-19,SUB-21124,Starter,Monthly,520.75,18,2024-06-19,,Active,,0.75,100,2,1321,0,3,73.8,1,2.9,0
CUST-11125,Apex Logic 175,SMB,SaaS / Tech,Canada,2024-06-19,SUB-21125,Starter,Monthly,540.72,22,2024-06-19,,Active,,0.924,58,3,957,1,7,8.6,0,4.6,0
CUST-11126,Cloud Hub 175,Enterprise,E-Commerce,Germany,2024-06-19,SUB-21126,Enterprise Plus,Annual,5803.93,421,2024-06-19,,Active,,0.441,52,5,2612,7,1,86.3,0,2.4,0
CUST-11127,Data Pay 175,Mid-Market,Healthcare,United States,2024-06-19,SUB-21127,Scale,Monthly,1961.4,73,2024-06-19,,Active,,0.87,45,4,34132,0,5,75.5,3,2.5,0
CUST-11128,Nova Works 175,Mid-Market,Fintech,United States,2024-06-19,SUB-21128,Growth,Annual,2315.62,41,2024-06-19,,Active,,0.629,62,4,13745,10,1,17.0,0,4.5,0
CUST-11129,Pulse Security 175,Mid-Market,Healthcare,Germany,2024-06-19,SUB-21129,Growth,Monthly,3335.37,95,2024-06-19,,Active,,0.777,78,7,40075,6,2,10.5,0,4.0,0
CUST-11130,Stratum Analytics 175,SMB,Healthcare,Canada,2024-06-19,SUB-21130,Growth,Monthly,631.59,23,2024-06-19,,Active,,0.563,53,4,9957,8,5,4.3,0,4.9,0
CUST-11131,Sync Tech 175,Mid-Market,SaaS / Tech,United States,2024-06-19,SUB-21131,Scale,Monthly,1512.96,27,2024-06-19,2025-02-21,Churned,Internal Restructuring,0.688,66,6,102219,13,5,14.4,0,4.3,1
CUST-11132,Vanguard Sphere 175,Enterprise,E-Commerce,United States,2024-06-19,SUB-21132,Scale,Monthly,10738.31,441,2024-06-19,,Active,,0.747,67,4,11050,2,4,10.9,0,5.0,0
CUST-11133,Omni Labs 175,Mid-Market,Fintech,United Kingdom,2024-06-19,SUB-21133,Growth,Monthly,970.01,43,2024-06-19,2025-02-27,Churned,Internal Restructuring,0.452,72,5,36050,6,2,20.1,0,4.6,1
CUST-11134,Hyper Flow 175,SMB,Fintech,United Kingdom,2024-06-19,SUB-21134,Starter,Monthly,228.06,20,2024-06-19,,Active,,1.0,70,4,4953,0,6,10.4,0,5.0,0
CUST-11135,Zenith Corp 175,Enterprise,Fintech,United States,2024-06-20,SUB-21135,Enterprise Plus,Annual,5822.58,371,2024-06-20,,Active,,1.0,53,2,3977,1,3,14.7,0,4.7,0
CUST-11136,Quantum Stack 175,SMB,Healthcare,United States,2024-06-20,SUB-21136,Starter,Monthly,373.37,18,2024-06-20,,Active,,0.711,50,5,10611,6,4,9.4,0,4.2,0
CUST-11137,Nexus AI 175,Mid-Market,Cybersecurity,India,2024-06-20,SUB-21137,Scale,Annual,932.24,82,2024-06-20,,Active,,0.575,65,3,54842,5,5,16.5,0,4.2,0
CUST-11138,Vertex Scale 175,Mid-Market,E-Commerce,Canada,2024-06-20,SUB-21138,Scale,Annual,2333.75,28,2024-06-20,2024-09-12,Churned,Support / SLA Frustration,0.759,65,5,55326,8,3,50.3,3,2.3,1
CUST-11139,Blue Systems 175,SMB,Logistics & Supply Chain,Australia,2024-06-20,SUB-21139,Starter,Monthly,645.45,14,2024-06-20,,Active,,0.885,80,1,46674,1,3,15.8,0,4.7,0
CUST-11140,Apex Logic 176,SMB,E-Commerce,Canada,2024-06-20,SUB-21140,Starter,Monthly,314.56,19,2024-06-20,,Active,,0.636,62,5,4603,7,6,8.0,0,4.0,0
CUST-11141,Cloud Hub 176,Mid-Market,Healthcare,India,2024-06-20,SUB-21141,Scale,Annual,1933.79,98,2024-06-20,,Active,,0.787,39,5,6948,1,2,10.0,0,4.7,0
CUST-11142,Data Pay 176,SMB,Fintech,United States,2024-06-20,SUB-21142,Growth,Annual,161.86,10,2024-06-20,,Active,,0.502,91,4,16503,17,3,88.7,1,3.0,0
CUST-11143,Nova Works 176,SMB,Logistics & Supply Chain,Canada,2024-06-21,SUB-21143,Starter,Monthly,509.85,22,2024-06-21,,Active,,0.775,88,2,9601,2,0,4.0,0,4.5,0
CUST-11144,Pulse Security 176,Mid-Market,SaaS / Tech,United States,2024-06-21,SUB-21144,Growth,Monthly,1171.09,28,2024-06-21,,Active,,0.793,78,3,11562,8,6,7.5,0,4.7,0
CUST-11145,Stratum Analytics 176,SMB,Fintech,United Kingdom,2024-06-21,SUB-21145,Starter,Annual,367.27,22,2024-06-21,2024-09-19,Churned,Switched Tool,0.649,73,3,55628,1,3,12.3,0,3.9,1
CUST-11146,Sync Tech 176,SMB,E-Commerce,United States,2024-06-21,SUB-21146,Starter,Monthly,310.49,5,2024-06-21,,Active,,0.941,80,2,65166,0,4,13.0,0,4.7,0
CUST-11147,Vanguard Sphere 176,SMB,E-Commerce,United States,2024-06-21,SUB-21147,Starter,Monthly,377.97,17,2024-06-21,2025-03-13,Churned,Support / SLA Frustration,0.643,26,5,15953,4,3,59.5,3,3.1,1
CUST-11148,Omni Labs 176,SMB,E-Commerce,Germany,2024-06-21,SUB-21148,Growth,Monthly,242.14,19,2024-06-21,,Active,,0.386,71,4,20016,1,1,10.2,0,4.9,0
CUST-11149,Hyper Flow 176,SMB,Cybersecurity,Germany,2024-06-22,SUB-21149,Starter,Monthly,431.54,7,2024-06-22,2024-12-15,Churned,Price / Budget Cuts,0.61,85,7,11239,6,5,15.7,0,4.3,1
CUST-11150,Zenith Corp 176,SMB,E-Commerce,United States,2024-06-22,SUB-21150,Starter,Monthly,446.29,22,2024-06-22,,Active,,0.697,79,3,36381,6,8,18.1,0,4.8,0
CUST-11151,Quantum Stack 176,SMB,E-Commerce,United Kingdom,2024-06-22,SUB-21151,Growth,Monthly,407.11,15,2024-06-22,2024-08-16,Churned,Support / SLA Frustration,0.872,84,4,7143,2,4,67.8,2,2.4,1
CUST-11152,Nexus AI 176,SMB,Fintech,United States,2024-06-22,SUB-21152,Starter,Monthly,529.12,10,2024-06-22,2024-09-15,Churned,Competitor Alternative,0.748,59,4,11533,6,1,22.8,0,4.4,1
CUST-11153,Vertex Scale 176,SMB,Fintech,United States,2024-06-22,SUB-21153,Starter,Monthly,523.06,16,2024-06-22,2024-08-29,Churned,Support / SLA Frustration,0.947,63,3,11901,4,4,72.0,0,2.1,1
CUST-11154,Blue Systems 176,SMB,Fintech,Germany,2024-06-22,SUB-21154,Starter,Annual,332.84,13,2024-06-22,,Active,,0.379,65,5,1186,6,3,21.3,0,4.4,0
CUST-11155,Apex Logic 177,SMB,Fintech,United States,2024-06-23,SUB-21155,Starter,Monthly,336.77,23,2024-06-23,,Active,,0.717,81,4,26415,5,4,104.5,1,1.8,0
CUST-11156,Cloud Hub 177,Mid-Market,SaaS / Tech,India,2024-06-23,SUB-21156,Growth,Annual,2298.72,39,2024-06-23,2024-08-29,Churned,Internal Restructuring,0.533,85,5,14927,0,3,13.5,0,4.4,1
CUST-11157,Data Pay 177,SMB,SaaS / Tech,United States,2024-06-23,SUB-21157,Growth,Annual,379.95,23,2024-06-23,,Active,,1.0,47,2,32706,15,2,11.5,0,3.9,0
CUST-11158,Nova Works 177,SMB,Fintech,United Kingdom,2024-06-23,SUB-21158,Starter,Annual,310.82,14,2024-06-23,,Active,,0.819,78,4,9254,1,2,17.6,0,4.5,0
CUST-11159,Pulse Security 177,Enterprise,Logistics & Supply Chain,United Kingdom,2024-06-23,SUB-21159,Scale,Annual,15790.63,449,2024-06-23,,Active,,0.647,66,4,36314,9,2,9.5,0,4.7,0
CUST-11160,Stratum Analytics 177,SMB,Fintech,United States,2024-06-23,SUB-21160,Starter,Annual,293.43,16,2024-06-23,,Active,,1.0,48,4,86017,1,4,18.6,0,4.8,0
CUST-11161,Sync Tech 177,Enterprise,Healthcare,United States,2024-06-23,SUB-21161,Enterprise Plus,Annual,14175.07,140,2024-06-23,,Active,,0.505,93,3,27872,5,3,20.9,0,4.8,0
CUST-11162,Vanguard Sphere 177,Mid-Market,Fintech,Germany,2024-06-23,SUB-21162,Scale,Annual,1639.6,38,2024-06-23,,Active,,0.791,73,4,11215,0,3,58.5,2,2.9,0
CUST-11163,Omni Labs 177,SMB,Healthcare,Canada,2024-06-23,SUB-21163,Starter,Monthly,475.07,8,2024-06-23,2024-09-13,Churned,Support / SLA Frustration,0.63,100,2,63336,5,5,77.2,3,1.8,1
CUST-11164,Hyper Flow 177,Mid-Market,Healthcare,United States,2024-06-23,SUB-21164,Scale,Annual,1181.5,34,2024-06-23,2025-01-10,Churned,Support / SLA Frustration,0.637,76,2,16305,11,4,88.0,2,1.2,1
CUST-11165,Zenith Corp 177,SMB,E-Commerce,United Kingdom,2024-06-23,SUB-21165,Starter,Monthly,480.33,23,2024-06-23,,Active,,0.992,50,5,9994,2,5,12.8,0,4.0,0
CUST-11166,Quantum Stack 177,SMB,Healthcare,United States,2024-06-24,SUB-21166,Starter,Monthly,435.0,18,2024-06-24,2024-09-05,Churned,Competitor Alternative,0.688,98,5,18134,1,4,11.3,0,4.8,1
CUST-11167,Nexus AI 177,SMB,Cybersecurity,United States,2024-06-24,SUB-21167,Starter,Monthly,138.45,13,2024-06-24,,Active,,0.558,73,4,17039,7,4,17.9,0,4.0,0
CUST-11168,Vertex Scale 177,Enterprise,Fintech,United States,2024-06-24,SUB-21168,Enterprise Plus,Annual,8226.97,270,2024-06-24,,Active,,0.198,59,5,2365,1,10,12.7,0,4.6,0
CUST-11169,Blue Systems 177,Mid-Market,Fintech,United States,2024-06-24,SUB-21169,Growth,Monthly,3143.28,80,2024-06-24,,Active,,0.785,28,4,38763,0,5,13.6,0,4.0,0
CUST-11170,Apex Logic 178,SMB,Fintech,Germany,2024-06-24,SUB-21170,Starter,Monthly,654.66,10,2024-06-24,,Active,,0.808,92,2,5549,1,9,4.4,0,4.0,0
CUST-11171,Cloud Hub 178,SMB,E-Commerce,Canada,2024-06-24,SUB-21171,Starter,Monthly,404.98,22,2024-06-24,,Active,,0.415,51,6,29577,4,4,7.3,0,4.7,0
CUST-11172,Data Pay 178,SMB,Fintech,India,2024-06-24,SUB-21172,Growth,Monthly,291.33,16,2024-06-24,,Active,,0.699,44,3,26608,1,4,6.5,0,4.0,0
CUST-11173,Nova Works 178,Mid-Market,Logistics & Supply Chain,Canada,2024-06-24,SUB-21173,Growth,Annual,2884.17,35,2024-06-24,2025-01-27,Churned,Support / SLA Frustration,0.925,60,3,12824,8,5,66.2,2,1.8,1
CUST-11174,Pulse Security 178,SMB,E-Commerce,India,2024-06-24,SUB-21174,Starter,Monthly,630.46,7,2024-06-24,,Active,,0.518,66,3,10573,9,2,16.4,0,4.3,0
CUST-11175,Stratum Analytics 178,SMB,E-Commerce,United Kingdom,2024-06-24,SUB-21175,Growth,Monthly,656.16,20,2024-06-24,2025-01-18,Churned,Competitor Alternative,1.0,58,1,66709,8,7,11.9,0,4.2,1
CUST-11176,Sync Tech 178,SMB,E-Commerce,United Kingdom,2024-06-25,SUB-21176,Starter,Monthly,580.22,19,2024-06-25,,Active,,0.73,53,4,34463,4,5,7.8,0,4.3,0
CUST-11177,Vanguard Sphere 178,Enterprise,Fintech,Australia,2024-06-25,SUB-21177,Enterprise Plus,Annual,10558.31,148,2024-06-25,,Active,,0.267,69,3,1110,2,3,4.9,0,4.9,0
CUST-11178,Omni Labs 178,SMB,Fintech,United Kingdom,2024-06-25,SUB-21178,Starter,Monthly,362.19,5,2024-06-25,,Active,,1.0,61,2,67786,6,6,15.9,0,4.2,0
CUST-11179,Hyper Flow 178,SMB,Healthcare,United States,2024-06-25,SUB-21179,Starter,Monthly,461.92,5,2024-06-25,2025-05-10,Churned,Support / SLA Frustration,0.705,83,7,5854,1,1,92.6,0,2.2,1
CUST-11180,Zenith Corp 178,SMB,E-Commerce,Canada,2024-06-25,SUB-21180,Starter,Monthly,420.86,13,2024-06-25,2025-01-17,Churned,Low Adoption & License Waste,0.292,81,3,31877,3,2,16.6,0,4.8,1
CUST-11181,Quantum Stack 178,Mid-Market,Fintech,India,2024-06-26,SUB-21181,Scale,Annual,2882.41,88,2024-06-26,,Active,,0.896,39,6,45675,0,4,3.7,0,4.7,0
CUST-11182,Nexus AI 178,SMB,Fintech,Canada,2024-06-26,SUB-21182,Growth,Annual,454.72,5,2024-06-26,,Active,,0.899,78,2,8886,4,4,117.1,0,2.3,0
CUST-11183,Vertex Scale 178,SMB,Cybersecurity,United Kingdom,2024-06-26,SUB-21183,Starter,Annual,647.87,7,2024-06-26,,Active,,0.817,99,3,3852,15,8,4.8,0,4.7,0
CUST-11184,Blue Systems 178,Enterprise,Fintech,United Kingdom,2024-06-26,SUB-21184,Enterprise Plus,Annual,17617.28,361,2024-06-26,,Active,,1.0,66,6,37687,14,5,50.3,2,1.5,0
CUST-11185,Apex Logic 179,SMB,Logistics & Supply Chain,Australia,2024-06-26,SUB-21185,Starter,Annual,200.8,20,2024-06-26,2025-06-17,Churned,Support / SLA Frustration,0.511,61,3,17304,3,2,89.7,1,1.3,1
CUST-11186,Cloud Hub 179,SMB,SaaS / Tech,United States,2024-06-27,SUB-21186,Starter,Monthly,145.73,20,2024-06-27,,Active,,0.854,40,2,3288,5,4,7.7,0,4.8,0
CUST-11187,Data Pay 179,Enterprise,Healthcare,United Kingdom,2024-06-27,SUB-21187,Enterprise Plus,Monthly,12427.23,221,2024-06-27,2024-09-15,Churned,Low Adoption & License Waste,0.384,92,5,59087,8,5,13.9,0,4.7,1
CUST-11188,Nova Works 179,Mid-Market,Fintech,United States,2024-06-27,SUB-21188,Growth,Annual,2996.45,78,2024-06-27,2024-08-21,Churned,Support / SLA Frustration,0.532,52,5,8272,11,6,80.7,2,3.1,1
CUST-11189,Pulse Security 179,SMB,Fintech,United Kingdom,2024-06-27,SUB-21189,Starter,Annual,168.51,23,2024-06-27,,Active,,0.901,60,3,11134,4,3,21.3,0,4.7,0
CUST-11190,Stratum Analytics 179,Enterprise,SaaS / Tech,United Kingdom,2024-06-27,SUB-21190,Scale,Annual,8286.81,265,2024-06-27,2024-08-21,Churned,Support / SLA Frustration,0.215,27,1,7691,6,3,94.0,3,1.5,1
CUST-11191,Sync Tech 179,SMB,E-Commerce,United States,2024-06-27,SUB-21191,Growth,Monthly,235.04,18,2024-06-27,,Active,,0.999,65,6,26708,4,4,19.7,0,4.9,0
CUST-11192,Vanguard Sphere 179,Mid-Market,SaaS / Tech,United States,2024-06-27,SUB-21192,Growth,Monthly,1766.87,25,2024-06-27,,Active,,0.675,54,2,20032,13,3,6.4,0,4.0,0
CUST-11193,Omni Labs 179,SMB,Cybersecurity,United Kingdom,2024-06-28,SUB-21193,Starter,Annual,148.03,18,2024-06-28,,Active,,0.705,60,6,13376,18,3,8.5,0,4.6,0
CUST-11194,Hyper Flow 179,Enterprise,SaaS / Tech,United States,2024-06-28,SUB-21194,Enterprise Plus,Annual,13637.95,315,2024-06-28,,Active,,0.531,62,5,12571,1,2,5.0,0,4.7,0
CUST-11195,Zenith Corp 179,SMB,Fintech,United States,2024-06-28,SUB-21195,Starter,Monthly,539.47,8,2024-06-28,,Active,,0.528,67,6,21462,1,7,12.0,0,3.8,0
CUST-11196,Quantum Stack 179,SMB,Fintech,Germany,2024-06-28,SUB-21196,Starter,Monthly,401.06,20,2024-06-28,,Active,,0.639,63,6,33445,1,4,79.7,1,2.7,0
CUST-11197,Nexus AI 179,SMB,Logistics & Supply Chain,United States,2024-06-29,SUB-21197,Starter,Annual,278.42,9,2024-06-29,,Active,,0.718,84,2,728,0,2,15.8,0,4.1,0
CUST-11198,Vertex Scale 179,SMB,Fintech,United States,2024-06-29,SUB-21198,Growth,Monthly,566.44,13,2024-06-29,2025-06-02,Churned,Support / SLA Frustration,0.438,76,4,10531,9,6,75.0,3,2.7,1
CUST-11199,Blue Systems 179,Enterprise,Fintech,India,2024-06-29,SUB-21199,Enterprise Plus,Monthly,13542.87,445,2024-06-29,,Active,,0.596,76,6,9169,3,2,93.6,1,2.9,0
CUST-11200,Apex Logic 180,SMB,SaaS / Tech,United States,2024-06-29,SUB-21200,Starter,Monthly,643.9,24,2024-06-29,,Active,,0.611,71,6,13523,5,5,12.5,0,4.5,0
CUST-11201,Cloud Hub 180,Enterprise,Healthcare,United States,2024-06-29,SUB-21201,Enterprise Plus,Annual,11828.72,203,2024-06-29,,Active,,0.585,71,4,3146,11,2,6.2,0,4.0,0
CUST-11202,Data Pay 180,Enterprise,Cybersecurity,United Kingdom,2024-06-29,SUB-21202,Enterprise Plus,Monthly,5255.3,336,2024-06-29,,Active,,0.996,38,5,12782,7,3,7.1,0,4.0,0
CUST-11203,Nova Works 180,Mid-Market,SaaS / Tech,Canada,2024-06-29,SUB-21203,Growth,Annual,3465.26,89,2024-06-29,,Active,,0.646,76,3,2399,7,3,12.4,0,4.0,0
CUST-11204,Pulse Security 180,Mid-Market,Fintech,India,2024-06-30,SUB-21204,Growth,Annual,2278.82,55,2024-06-30,,Active,,0.615,28,5,10795,2,7,4.0,0,4.8,0
CUST-11205,Stratum Analytics 180,SMB,Cybersecurity,India,2024-06-30,SUB-21205,Starter,Annual,462.16,11,2024-06-30,,Active,,0.462,46,5,48265,8,3,9.3,0,4.0,0
CUST-11206,Sync Tech 180,SMB,Healthcare,Canada,2024-06-30,SUB-21206,Starter,Monthly,391.63,6,2024-06-30,2025-02-27,Churned,Support / SLA Frustration,0.474,72,3,3616,1,3,103.0,3,1.5,1
CUST-11207,Vanguard Sphere 180,Mid-Market,Healthcare,United States,2024-06-30,SUB-21207,Scale,Annual,970.29,65,2024-06-30,2024-11-18,Churned,Support / SLA Frustration,0.91,76,3,27231,10,3,53.1,0,2.3,1
CUST-11208,Omni Labs 180,Mid-Market,Healthcare,United States,2024-06-30,SUB-21208,Scale,Monthly,2932.63,35,2024-06-30,,Active,,0.395,34,2,1555,7,2,16.7,0,4.7,0
CUST-11209,Hyper Flow 180,SMB,Fintech,United States,2024-06-30,SUB-21209,Starter,Monthly,480.62,22,2024-06-30,2024-12-03,Churned,Switched Tool,1.0,47,7,9518,2,3,21.7,0,4.5,1
CUST-11210,Zenith Corp 180,Mid-Market,E-Commerce,United States,2024-06-30,SUB-21210,Growth,Annual,3421.75,71,2024-06-30,,Active,,0.894,86,5,35964,1,3,4.0,0,4.8,0
CUST-11211,Quantum Stack 180,Mid-Market,Fintech,Canada,2024-07-01,SUB-21211,Growth,Annual,3387.78,27,2024-07-01,2025-04-08,Churned,Low Adoption & License Waste,0.849,72,3,3095,24,7,9.6,0,4.7,1
CUST-11212,Nexus AI 180,Mid-Market,Healthcare,United Kingdom,2024-07-01,SUB-21212,Growth,Annual,3550.6,92,2024-07-01,,Active,,0.721,89,5,33634,8,1,17.3,0,4.1,0
CUST-11213,Vertex Scale 180,SMB,Healthcare,United States,2024-07-01,SUB-21213,Starter,Monthly,329.17,9,2024-07-01,2025-03-21,Churned,Support / SLA Frustration,0.225,60,4,9891,4,3,99.9,2,2.9,1
CUST-11214,Blue Systems 180,SMB,SaaS / Tech,Germany,2024-07-01,SUB-21214,Growth,Annual,427.03,17,2024-07-01,,Active,,0.612,60,4,6259,8,7,4.4,0,4.6,0
CUST-11215,Apex Logic 181,Mid-Market,Logistics & Supply Chain,United States,2024-07-01,SUB-21215,Growth,Annual,2574.81,80,2024-07-01,2024-10-27,Churned,Support / SLA Frustration,0.584,86,5,24480,5,3,103.1,1,3.0,1
CUST-11216,Cloud Hub 181,Enterprise,Fintech,United States,2024-07-02,SUB-21216,Scale,Annual,12188.54,493,2024-07-02,,Active,,1.0,44,5,3242,11,4,17.5,0,4.0,0
CUST-11217,Data Pay 181,SMB,Healthcare,United Kingdom,2024-07-02,SUB-21217,Starter,Monthly,570.04,21,2024-07-02,2025-01-16,Churned,Competitor Alternative,0.542,100,5,22478,8,6,15.4,0,3.9,1
CUST-11218,Nova Works 181,SMB,Healthcare,United States,2024-07-02,SUB-21218,Starter,Monthly,156.37,12,2024-07-02,2024-12-28,Churned,Low Adoption & License Waste,0.12,52,3,5778,0,7,5.3,0,4.5,1
CUST-11219,Pulse Security 181,Mid-Market,Fintech,United States,2024-07-02,SUB-21219,Scale,Annual,2530.88,25,2024-07-02,,Active,,0.614,75,5,6669,0,2,9.9,0,4.4,0
CUST-11220,Stratum Analytics 181,SMB,SaaS / Tech,United States,2024-07-02,SUB-21220,Growth,Annual,201.64,11,2024-07-02,2025-05-08,Churned,Low Adoption & License Waste,0.122,63,3,50398,0,5,2.4,0,4.8,1
CUST-11221,Sync Tech 181,Mid-Market,SaaS / Tech,United States,2024-07-03,SUB-21221,Scale,Annual,1566.53,25,2024-07-03,,Active,,1.0,79,4,794,2,4,9.8,0,4.3,0
CUST-11222,Vanguard Sphere 181,Mid-Market,Fintech,Canada,2024-07-03,SUB-21222,Scale,Monthly,2987.71,73,2024-07-03,2024-09-10,Churned,Support / SLA Frustration,0.749,34,5,69670,11,3,51.3,1,1.8,1
CUST-11223,Omni Labs 181,SMB,Healthcare,India,2024-07-03,SUB-21223,Starter,Monthly,202.79,13,2024-07-03,,Active,,0.613,51,6,2959,6,3,6.3,0,4.7,0
CUST-11224,Hyper Flow 181,Mid-Market,Fintech,United States,2024-07-03,SUB-21224,Growth,Monthly,1245.31,27,2024-07-03,2024-12-22,Churned,Support / SLA Frustration,0.567,75,4,10372,2,7,68.3,5,2.7,1
CUST-11225,Zenith Corp 181,SMB,E-Commerce,United States,2024-07-04,SUB-21225,Growth,Monthly,171.55,7,2024-07-04,,Active,,0.706,53,4,984,2,4,16.1,0,4.9,0
CUST-11226,Quantum Stack 181,Mid-Market,Fintech,Canada,2024-07-04,SUB-21226,Scale,Monthly,3788.86,44,2024-07-04,,Active,,0.675,100,5,21768,20,8,5.5,0,4.7,0
CUST-11227,Nexus AI 181,Mid-Market,Cybersecurity,India,2024-07-04,SUB-21227,Growth,Annual,2706.12,33,2024-07-04,2024-09-02,Churned,Competitor Alternative,0.961,76,4,7432,7,4,2.3,0,4.9,1
CUST-11228,Vertex Scale 181,SMB,SaaS / Tech,United States,2024-07-04,SUB-21228,Starter,Annual,556.96,14,2024-07-04,,Active,,0.859,71,1,12646,1,6,17.3,0,4.3,0
CUST-11229,Blue Systems 181,Mid-Market,Healthcare,United States,2024-07-04,SUB-21229,Scale,Monthly,3046.95,59,2024-07-04,,Active,,0.719,64,2,56272,1,5,11.4,0,4.8,0
CUST-11230,Apex Logic 182,SMB,E-Commerce,Canada,2024-07-04,SUB-21230,Growth,Monthly,190.84,24,2024-07-04,,Active,,0.866,58,4,8330,3,0,4.0,0,4.7,0
CUST-11231,Cloud Hub 182,Mid-Market,Cybersecurity,United Kingdom,2024-07-05,SUB-21231,Growth,Annual,1796.38,62,2024-07-05,2024-08-06,Churned,Low Adoption & License Waste,0.679,65,5,29114,29,6,20.3,0,4.7,1
CUST-11232,Data Pay 182,Mid-Market,E-Commerce,United States,2024-07-05,SUB-21232,Growth,Annual,2514.89,81,2024-07-05,,Active,,0.495,63,4,109011,4,3,95.8,2,2.5,0
CUST-11233,Nova Works 182,Enterprise,Fintech,United Kingdom,2024-07-05,SUB-21233,Scale,Annual,8121.28,428,2024-07-05,,Active,,0.943,67,3,32151,0,6,100.1,3,1.5,0
CUST-11234,Pulse Security 182,SMB,Healthcare,United States,2024-07-05,SUB-21234,Growth,Monthly,227.13,6,2024-07-05,2024-09-11,Churned,Support / SLA Frustration,0.45,62,5,24993,7,1,97.2,0,1.2,1
CUST-11235,Stratum Analytics 182,Mid-Market,Logistics & Supply Chain,United Kingdom,2024-07-05,SUB-21235,Growth,Annual,2445.94,97,2024-07-05,,Active,,0.727,92,1,20123,8,5,15.1,0,4.3,0
CUST-11236,Sync Tech 182,SMB,E-Commerce,United Kingdom,2024-07-05,SUB-21236,Starter,Monthly,144.07,23,2024-07-05,,Active,,0.79,85,4,58887,17,2,6.4,0,4.9,0
CUST-11237,Vanguard Sphere 182,Mid-Market,SaaS / Tech,Germany,2024-07-05,SUB-21237,Growth,Monthly,1063.06,96,2024-07-05,2024-12-16,Churned,Internal Restructuring,0.465,96,3,13713,0,6,13.9,0,5.0,1
CUST-11238,Omni Labs 182,SMB,Logistics & Supply Chain,United States,2024-07-06,SUB-21238,Starter,Monthly,429.29,12,2024-07-06,2025-05-15,Churned,Support / SLA Frustration,0.615,68,4,2449,1,4,55.4,2,1.6,1
CUST-11239,Hyper Flow 182,Mid-Market,Logistics & Supply Chain,United States,2024-07-06,SUB-21239,Scale,Monthly,2658.64,79,2024-07-06,,Active,,0.996,77,3,9395,0,0,4.0,0,4.4,0
CUST-11240,Zenith Corp 182,SMB,Cybersecurity,United States,2024-07-06,SUB-21240,Starter,Monthly,405.93,22,2024-07-06,,Active,,0.615,57,2,4816,2,5,21.4,0,4.6,0
CUST-11241,Quantum Stack 182,SMB,Fintech,Germany,2024-07-06,SUB-21241,Starter,Monthly,263.74,10,2024-07-06,2025-06-26,Churned,Competitor Alternative,0.764,77,5,32384,3,2,19.5,0,4.9,1
CUST-11242,Nexus AI 182,SMB,E-Commerce,United States,2024-07-06,SUB-21242,Starter,Monthly,279.94,5,2024-07-06,,Active,,1.0,77,3,6868,19,2,7.3,0,3.8,0
CUST-11243,Vertex Scale 182,SMB,SaaS / Tech,United States,2024-07-06,SUB-21243,Growth,Annual,679.04,7,2024-07-06,,Active,,0.759,43,3,14200,2,1,5.2,0,4.9,0
CUST-11244,Blue Systems 182,SMB,SaaS / Tech,United States,2024-07-07,SUB-21244,Starter,Monthly,436.54,14,2024-07-07,2025-05-20,Churned,Competitor Alternative,0.429,80,3,1569,11,5,23.2,0,4.5,1
CUST-11245,Apex Logic 183,SMB,E-Commerce,Canada,2024-07-07,SUB-21245,Starter,Monthly,537.66,15,2024-07-07,,Active,,0.761,82,6,1284,1,2,14.3,0,4.7,0
CUST-11246,Cloud Hub 183,Enterprise,Fintech,United States,2024-07-07,SUB-21246,Enterprise Plus,Annual,14324.23,257,2024-07-07,,Active,,0.622,74,5,34212,6,4,7.4,0,4.2,0
CUST-11247,Data Pay 183,Enterprise,SaaS / Tech,United States,2024-07-07,SUB-21247,Enterprise Plus,Monthly,11747.69,185,2024-07-07,,Active,,0.98,34,3,28424,9,4,16.2,0,4.5,0
CUST-11248,Nova Works 183,SMB,SaaS / Tech,United States,2024-07-07,SUB-21248,Growth,Annual,150.51,11,2024-07-07,,Active,,0.672,58,5,3523,16,3,19.1,0,3.9,0
CUST-11249,Pulse Security 183,SMB,Fintech,Germany,2024-07-07,SUB-21249,Growth,Monthly,521.49,24,2024-07-07,2025-04-02,Churned,Low Adoption & License Waste,0.264,83,4,42948,1,9,16.2,0,4.8,1
CUST-11250,Stratum Analytics 183,SMB,E-Commerce,United Kingdom,2024-07-08,SUB-21250,Starter,Annual,500.64,24,2024-07-08,,Active,,0.615,68,4,9450,4,8,19.9,0,4.9,0
CUST-11251,Sync Tech 183,Mid-Market,Fintech,Canada,2024-07-08,SUB-21251,Growth,Annual,1541.53,43,2024-07-08,,Active,,0.864,40,2,46259,9,4,117.5,2,1.4,0
CUST-11252,Vanguard Sphere 183,Enterprise,Healthcare,India,2024-07-08,SUB-21252,Enterprise Plus,Annual,16716.05,306,2024-07-08,2025-04-06,Churned,Support / SLA Frustration,1.0,47,6,118868,4,4,106.1,3,2.4,1
CUST-11253,Omni Labs 183,Enterprise,Fintech,India,2024-07-08,SUB-21253,Enterprise Plus,Annual,5230.56,334,2024-07-08,,Active,,0.274,72,4,4897,4,3,9.7,0,4.4,0
CUST-11254,Hyper Flow 183,SMB,Healthcare,United States,2024-07-08,SUB-21254,Growth,Monthly,673.03,21,2024-07-08,,Active,,0.89,72,5,68640,0,3,8.7,0,4.5,0
CUST-11255,Zenith Corp 183,Mid-Market,E-Commerce,Australia,2024-07-09,SUB-21255,Growth,Annual,2807.36,58,2024-07-09,,Active,,0.639,61,5,2611,19,6,19.5,0,4.1,0
CUST-11256,Quantum Stack 183,Mid-Market,E-Commerce,United States,2024-07-09,SUB-21256,Growth,Annual,2191.08,93,2024-07-09,,Active,,1.0,40,2,28183,0,6,107.2,1,2.9,0
CUST-11257,Nexus AI 183,Mid-Market,SaaS / Tech,United States,2024-07-09,SUB-21257,Growth,Annual,2458.94,77,2024-07-09,,Active,,0.759,67,5,5130,3,6,17.6,0,4.6,0
CUST-11258,Vertex Scale 183,Enterprise,Logistics & Supply Chain,India,2024-07-09,SUB-21258,Enterprise Plus,Monthly,15240.72,322,2024-07-09,,Active,,0.526,64,2,56622,11,6,2.2,0,4.8,0
CUST-11259,Blue Systems 183,SMB,Fintech,United States,2024-07-09,SUB-21259,Starter,Monthly,556.83,21,2024-07-09,,Active,,0.692,69,3,7503,4,2,2.6,0,4.4,0
CUST-11260,Apex Logic 184,Mid-Market,Fintech,United States,2024-07-10,SUB-21260,Scale,Monthly,2428.07,26,2024-07-10,2025-06-16,Churned,Support / SLA Frustration,0.49,45,5,13071,0,3,62.1,2,2.1,1
CUST-11261,Cloud Hub 184,SMB,Logistics & Supply Chain,United States,2024-07-10,SUB-21261,Starter,Annual,154.5,13,2024-07-10,,Active,,1.0,54,4,29643,0,3,11.6,0,4.4,0
CUST-11262,Data Pay 184,Mid-Market,Fintech,United Kingdom,2024-07-10,SUB-21262,Growth,Monthly,2453.43,69,2024-07-10,2025-06-27,Churned,Support / SLA Frustration,0.846,43,4,3824,1,4,90.2,0,1.8,1
CUST-11263,Nova Works 184,Mid-Market,Cybersecurity,United States,2024-07-10,SUB-21263,Growth,Annual,3663.19,31,2024-07-10,2025-06-16,Churned,Low Adoption & License Waste,0.305,63,4,1009,0,2,8.6,0,4.8,1
CUST-11264,Pulse Security 184,Enterprise,Logistics & Supply Chain,Canada,2024-07-10,SUB-21264,Enterprise Plus,Annual,11420.93,143,2024-07-10,,Active,,0.591,62,4,3155,0,4,14.9,0,4.6,0
CUST-11265,Stratum Analytics 184,Enterprise,E-Commerce,India,2024-07-10,SUB-21265,Scale,Annual,14512.91,207,2024-07-10,,Active,,0.759,70,3,28243,5,4,17.8,0,3.8,0
CUST-11266,Sync Tech 184,Mid-Market,Cybersecurity,United Kingdom,2024-07-10,SUB-21266,Growth,Annual,2026.98,92,2024-07-10,,Active,,0.417,71,3,107537,2,7,15.5,0,4.2,0
CUST-11267,Vanguard Sphere 184,Mid-Market,Fintech,United States,2024-07-10,SUB-21267,Scale,Annual,1590.51,39,2024-07-10,,Active,,0.904,77,4,21449,7,5,10.7,0,3.9,0
CUST-11268,Omni Labs 184,SMB,Healthcare,India,2024-07-11,SUB-21268,Growth,Annual,629.15,12,2024-07-11,,Active,,0.905,63,4,7384,6,4,2.4,0,4.5,0
CUST-11269,Hyper Flow 184,Mid-Market,E-Commerce,United States,2024-07-11,SUB-21269,Scale,Annual,1919.4,72,2024-07-11,,Active,,0.879,70,5,77599,2,3,9.9,0,4.6,0
CUST-11270,Zenith Corp 184,SMB,Healthcare,United States,2024-07-11,SUB-21270,Growth,Monthly,565.54,20,2024-07-11,2025-01-16,Churned,Competitor Alternative,0.681,23,2,65004,14,4,23.7,0,4.6,1
CUST-11271,Quantum Stack 184,SMB,Cybersecurity,United States,2024-07-11,SUB-21271,Starter,Monthly,661.66,14,2024-07-11,2025-01-25,Churned,Switched Tool,0.914,63,4,2538,4,4,23.1,0,3.8,1
CUST-11272,Nexus AI 184,SMB,Fintech,United Kingdom,2024-07-11,SUB-21272,Starter,Monthly,474.36,22,2024-07-11,2024-08-15,Churned,Switched Tool,0.597,74,5,32864,3,2,3.3,0,4.6,1
CUST-11273,Vertex Scale 184,Enterprise,E-Commerce,United States,2024-07-11,SUB-21273,Enterprise Plus,Annual,10659.78,183,2024-07-11,,Active,,1.0,50,5,6538,14,2,5.9,0,4.2,0
CUST-11274,Blue Systems 184,Mid-Market,E-Commerce,United States,2024-07-11,SUB-21274,Growth,Monthly,2690.56,89,2024-07-11,,Active,,0.699,55,5,55607,6,6,14.9,0,4.1,0
CUST-11275,Apex Logic 185,Enterprise,SaaS / Tech,United States,2024-07-12,SUB-21275,Scale,Monthly,12624.13,112,2024-07-12,,Active,,0.515,95,6,5777,9,10,2.8,0,5.0,0
CUST-11276,Cloud Hub 185,Mid-Market,Healthcare,United States,2024-07-12,SUB-21276,Scale,Monthly,1129.58,68,2024-07-12,,Active,,0.527,45,2,77452,1,7,87.0,3,2.5,0
CUST-11277,Data Pay 185,SMB,Healthcare,United Kingdom,2024-07-12,SUB-21277,Growth,Annual,517.48,14,2024-07-12,2025-05-11,Churned,Support / SLA Frustration,0.7,53,6,21816,0,1,50.0,0,3.1,1
CUST-11278,Nova Works 185,Enterprise,Logistics & Supply Chain,Germany,2024-07-12,SUB-21278,Enterprise Plus,Annual,5211.48,401,2024-07-12,,Active,,0.642,39,6,1265,0,6,103.2,4,2.8,0
CUST-11279,Pulse Security 185,Mid-Market,Fintech,Canada,2024-07-12,SUB-21279,Growth,Annual,2361.48,53,2024-07-12,,Active,,0.853,84,5,7248,1,1,15.0,0,4.2,0
CUST-11280,Stratum Analytics 185,SMB,Logistics & Supply Chain,United States,2024-07-12,SUB-21280,Starter,Monthly,708.94,22,2024-07-12,2025-05-09,Churned,Price / Budget Cuts,0.799,98,5,42194,2,6,23.0,0,4.5,1
CUST-11281,Sync Tech 185,SMB,E-Commerce,United States,2024-07-12,SUB-21281,Starter,Monthly,700.14,13,2024-07-12,,Active,,0.915,59,4,50918,2,6,8.9,0,3.9,0
CUST-11282,Vanguard Sphere 185,SMB,SaaS / Tech,Australia,2024-07-12,SUB-21282,Starter,Annual,421.83,23,2024-07-12,,Active,,0.899,38,6,7855,19,2,19.0,0,3.9,0
CUST-11283,Omni Labs 185,Enterprise,SaaS / Tech,United States,2024-07-12,SUB-21283,Enterprise Plus,Annual,6023.93,157,2024-07-12,,Active,,1.0,60,4,47969,13,6,54.3,2,2.3,0
CUST-11284,Hyper Flow 185,Mid-Market,Fintech,Germany,2024-07-12,SUB-21284,Growth,Monthly,1946.28,90,2024-07-12,2024-12-29,Churned,Support / SLA Frustration,0.973,69,4,11806,1,7,106.9,5,1.4,1
CUST-11285,Zenith Corp 185,SMB,E-Commerce,United States,2024-07-12,SUB-21285,Starter,Monthly,498.39,22,2024-07-12,,Active,,1.0,76,1,5062,1,3,16.2,0,4.3,0
CUST-11286,Quantum Stack 185,Enterprise,Logistics & Supply Chain,India,2024-07-12,SUB-21286,Scale,Annual,7465.78,479,2024-07-12,,Active,,0.912,81,1,11996,0,3,3.1,0,4.1,0
CUST-11287,Nexus AI 185,Mid-Market,Healthcare,United States,2024-07-13,SUB-21287,Growth,Annual,2449.94,64,2024-07-13,,Active,,0.548,46,5,36479,1,7,6.9,0,4.5,0
CUST-11288,Vertex Scale 185,Enterprise,Cybersecurity,United States,2024-07-13,SUB-21288,Enterprise Plus,Monthly,11770.36,471,2024-07-13,,Active,,0.699,48,6,5864,12,2,85.3,0,3.2,0
CUST-11289,Blue Systems 185,Enterprise,E-Commerce,Canada,2024-07-13,SUB-21289,Enterprise Plus,Annual,17033.68,366,2024-07-13,,Active,,1.0,46,6,7638,8,0,4.0,0,4.6,0
CUST-11290,Apex Logic 186,Mid-Market,Fintech,United Kingdom,2024-07-13,SUB-21290,Growth,Monthly,2063.81,33,2024-07-13,,Active,,0.549,77,2,9208,2,5,3.2,0,4.7,0
CUST-11291,Cloud Hub 186,Enterprise,Healthcare,United States,2024-07-13,SUB-21291,Enterprise Plus,Annual,14338.88,191,2024-07-13,,Active,,0.562,53,5,513,0,3,8.2,0,4.8,0
CUST-11292,Data Pay 186,SMB,Cybersecurity,United Kingdom,2024-07-13,SUB-21292,Growth,Annual,329.59,10,2024-07-13,2025-02-03,Churned,Low Adoption & License Waste,0.314,76,4,3339,8,6,6.5,0,3.9,1
CUST-11293,Nova Works 186,SMB,Healthcare,Canada,2024-07-14,SUB-21293,Starter,Monthly,512.56,22,2024-07-14,,Active,,0.913,51,6,5719,10,3,15.4,0,4.5,0
CUST-11294,Pulse Security 186,SMB,Logistics & Supply Chain,United States,2024-07-14,SUB-21294,Growth,Monthly,415.27,19,2024-07-14,,Active,,0.9,59,4,5448,6,5,13.0,0,4.4,0
CUST-11295,Stratum Analytics 186,Mid-Market,Logistics & Supply Chain,United States,2024-07-14,SUB-21295,Scale,Annual,3176.66,61,2024-07-14,,Active,,0.567,62,3,56026,8,2,13.4,0,4.3,0
CUST-11296,Sync Tech 186,Mid-Market,Healthcare,United States,2024-07-14,SUB-21296,Growth,Annual,2859.98,79,2024-07-14,,Active,,0.457,76,2,43328,2,2,16.7,0,4.9,0
CUST-11297,Vanguard Sphere 186,Enterprise,Fintech,United States,2024-07-14,SUB-21297,Enterprise Plus,Annual,16783.26,490,2024-07-14,2024-11-04,Churned,Support / SLA Frustration,1.0,72,4,28567,1,6,67.5,2,2.4,1
CUST-11298,Omni Labs 186,SMB,SaaS / Tech,United Kingdom,2024-07-14,SUB-21298,Starter,Annual,546.31,13,2024-07-14,2025-01-12,Churned,Support / SLA Frustration,0.711,77,4,102926,10,3,119.2,3,1.6,1
CUST-11299,Hyper Flow 186,SMB,Healthcare,United States,2024-07-14,SUB-21299,Starter,Monthly,628.25,20,2024-07-14,2025-06-26,Churned,Switched Tool,0.729,50,4,4182,2,5,3.3,0,4.3,1
CUST-11300,Zenith Corp 186,Enterprise,SaaS / Tech,United States,2024-07-14,SUB-21300,Enterprise Plus,Annual,12323.35,187,2024-07-14,,Active,,0.73,75,4,34151,14,6,20.0,0,4.1,0
CUST-11301,Quantum Stack 186,SMB,Healthcare,United States,2024-07-14,SUB-21301,Starter,Annual,419.6,11,2024-07-14,,Active,,0.678,69,4,7464,34,4,18.0,0,3.9,0
CUST-11302,Nexus AI 186,Enterprise,E-Commerce,United Kingdom,2024-07-15,SUB-21302,Enterprise Plus,Annual,9641.28,102,2024-07-15,,Active,,0.96,43,3,23978,2,5,19.9,0,4.9,0
CUST-11303,Vertex Scale 186,SMB,SaaS / Tech,United States,2024-07-15,SUB-21303,Starter,Monthly,165.6,7,2024-07-15,,Active,,0.774,73,6,24759,10,5,5.7,0,3.9,0
CUST-11304,Blue Systems 186,SMB,Healthcare,United States,2024-07-15,SUB-21304,Starter,Monthly,322.58,14,2024-07-15,,Active,,0.209,70,4,20639,2,4,23.8,0,4.6,0
CUST-11305,Apex Logic 187,SMB,Healthcare,United States,2024-07-15,SUB-21305,Growth,Monthly,313.73,21,2024-07-15,2025-03-06,Churned,Switched Tool,0.461,43,7,41436,4,7,14.0,0,5.0,1
CUST-11306,Cloud Hub 187,SMB,Healthcare,Australia,2024-07-15,SUB-21306,Starter,Monthly,420.9,20,2024-07-15,,Active,,0.707,83,4,20913,2,3,16.3,0,4.3,0
CUST-11307,Data Pay 187,SMB,Healthcare,United States,2024-07-15,SUB-21307,Growth,Monthly,621.25,10,2024-07-15,,Active,,0.921,81,4,6816,0,5,80.2,1,2.6,0
CUST-11308,Nova Works 187,Mid-Market,E-Commerce,Canada,2024-07-16,SUB-21308,Growth,Annual,3636.53,62,2024-07-16,,Active,,0.762,92,3,19106,5,2,23.3,0,4.2,0
CUST-11309,Pulse Security 187,SMB,Logistics & Supply Chain,United States,2024-07-16,SUB-21309,Starter,Monthly,203.52,12,2024-07-16,,Active,,0.326,60,6,28714,10,3,17.3,0,3.8,0
CUST-11310,Stratum Analytics 187,Enterprise,Healthcare,United States,2024-07-16,SUB-21310,Enterprise Plus,Monthly,6768.24,264,2024-07-16,,Active,,0.595,81,6,54739,9,1,5.3,0,4.5,0
CUST-11311,Sync Tech 187,SMB,E-Commerce,United Kingdom,2024-07-16,SUB-21311,Starter,Annual,357.36,15,2024-07-16,,Active,,0.322,73,4,14950,11,2,3.2,0,3.9,0
CUST-11312,Vanguard Sphere 187,SMB,SaaS / Tech,United States,2024-07-17,SUB-21312,Starter,Annual,610.03,24,2024-07-17,,Active,,0.699,74,4,48584,10,1,3.2,0,4.6,0
CUST-11313,Omni Labs 187,SMB,Healthcare,Australia,2024-07-17,SUB-21313,Starter,Monthly,282.59,23,2024-07-17,2025-03-12,Churned,Low Adoption & License Waste,0.395,60,4,18325,3,4,5.4,0,4.5,1
CUST-11314,Hyper Flow 187,Mid-Market,Healthcare,India,2024-07-17,SUB-21314,Scale,Monthly,1043.13,69,2024-07-17,,Active,,0.898,41,3,25321,1,5,15.1,0,4.5,0
CUST-11315,Zenith Corp 187,SMB,Cybersecurity,Canada,2024-07-17,SUB-21315,Starter,Monthly,285.33,16,2024-07-17,,Active,,1.0,58,5,947,5,5,2.0,0,4.2,0
CUST-11316,Quantum Stack 187,SMB,SaaS / Tech,United Kingdom,2024-07-17,SUB-21316,Growth,Annual,477.46,8,2024-07-17,2024-11-07,Churned,Low Adoption & License Waste,0.785,58,1,2412,33,6,9.5,0,4.1,1
CUST-11317,Nexus AI 187,SMB,E-Commerce,United States,2024-07-17,SUB-21317,Starter,Monthly,315.85,13,2024-07-17,,Active,,0.496,47,1,9302,16,4,17.6,0,4.8,0
CUST-11318,Vertex Scale 187,Enterprise,E-Commerce,United States,2024-07-17,SUB-21318,Enterprise Plus,Annual,10846.62,485,2024-07-17,,Active,,0.778,78,5,29312,1,1,4.8,0,4.2,0
CUST-11319,Blue Systems 187,Enterprise,Fintech,India,2024-07-18,SUB-21319,Enterprise Plus,Annual,7973.45,303,2024-07-18,,Active,,0.79,72,7,100788,4,4,5.4,0,4.6,0
CUST-11320,Apex Logic 188,Mid-Market,E-Commerce,United Kingdom,2024-07-18,SUB-21320,Growth,Annual,2268.16,45,2024-07-18,,Active,,0.679,68,4,201085,12,3,13.3,0,4.4,0
CUST-11321,Cloud Hub 188,Mid-Market,E-Commerce,United Kingdom,2024-07-18,SUB-21321,Growth,Annual,2930.19,82,2024-07-18,,Active,,0.604,71,5,49497,2,2,5.8,0,3.9,0
CUST-11322,Data Pay 188,SMB,E-Commerce,United States,2024-07-18,SUB-21322,Starter,Monthly,143.54,9,2024-07-18,,Active,,0.857,50,2,5947,2,6,7.8,0,3.8,0
CUST-11323,Nova Works 188,Mid-Market,Healthcare,United States,2024-07-18,SUB-21323,Scale,Monthly,1496.73,44,2024-07-18,2024-10-24,Churned,Leadership Transition,0.799,100,2,5202,0,4,6.3,0,4.7,1
CUST-11324,Pulse Security 188,SMB,Fintech,India,2024-07-18,SUB-21324,Growth,Annual,330.52,18,2024-07-18,2024-10-12,Churned,Low Adoption & License Waste,0.365,52,4,611,13,2,4.3,0,4.0,1
CUST-11325,Stratum Analytics 188,Mid-Market,Fintech,United States,2024-07-19,SUB-21325,Growth,Annual,3509.25,41,2024-07-19,,Active,,0.716,100,3,48099,5,7,7.3,0,3.8,0
CUST-11326,Sync Tech 188,Mid-Market,Cybersecurity,United States,2024-07-19,SUB-21326,Scale,Annual,2685.63,90,2024-07-19,,Active,,0.555,82,1,9547,9,4,15.7,0,4.0,0
CUST-11327,Vanguard Sphere 188,SMB,Healthcare,United States,2024-07-19,SUB-21327,Starter,Monthly,636.85,7,2024-07-19,,Active,,1.0,84,6,12157,1,3,66.2,1,2.6,0
CUST-11328,Omni Labs 188,SMB,E-Commerce,Germany,2024-07-19,SUB-21328,Growth,Monthly,483.11,8,2024-07-19,2025-02-17,Churned,Support / SLA Frustration,0.996,69,5,888,38,5,90.6,3,2.3,1
CUST-11329,Hyper Flow 188,Mid-Market,Fintech,United States,2024-07-20,SUB-21329,Growth,Annual,1200.19,63,2024-07-20,,Active,,0.715,85,5,10697,4,6,18.5,0,4.8,0
CUST-11330,Zenith Corp 188,SMB,Fintech,Germany,2024-07-20,SUB-21330,Starter,Annual,397.14,14,2024-07-20,,Active,,0.841,82,2,27677,16,7,22.2,0,4.2,0
CUST-11331,Quantum Stack 188,SMB,SaaS / Tech,United States,2024-07-20,SUB-21331,Starter,Monthly,149.75,6,2024-07-20,2025-01-06,Churned,Switched Tool,0.442,28,3,56770,6,0,4.0,0,4.3,1
CUST-11332,Nexus AI 188,Mid-Market,E-Commerce,India,2024-07-20,SUB-21332,Growth,Annual,1021.36,80,2024-07-20,2025-04-07,Churned,Support / SLA Frustration,0.571,65,3,2329,5,2,52.2,2,2.9,1
CUST-11333,Vertex Scale 188,SMB,E-Commerce,Canada,2024-07-20,SUB-21333,Starter,Monthly,426.43,13,2024-07-20,2025-04-13,Churned,Support / SLA Frustration,0.991,44,2,16808,7,4,91.8,0,2.5,1
CUST-11334,Blue Systems 188,SMB,Fintech,United States,2024-07-20,SUB-21334,Growth,Monthly,502.6,23,2024-07-20,2025-06-08,Churned,Support / SLA Frustration,0.612,63,3,30372,19,7,62.5,0,2.3,1
CUST-11335,Apex Logic 189,SMB,SaaS / Tech,United Kingdom,2024-07-20,SUB-21335,Starter,Monthly,359.46,21,2024-07-20,,Active,,0.676,42,5,5513,1,7,21.2,0,4.9,0
CUST-11336,Cloud Hub 189,Mid-Market,Fintech,United States,2024-07-21,SUB-21336,Growth,Annual,2865.82,40,2024-07-21,2025-04-12,Churned,Support / SLA Frustration,0.545,46,4,2098,9,3,66.1,1,2.7,1
CUST-11337,Data Pay 189,SMB,Fintech,United States,2024-07-21,SUB-21337,Starter,Monthly,547.73,22,2024-07-21,,Active,,0.897,53,1,11419,1,4,6.9,0,4.4,0
CUST-11338,Nova Works 189,Enterprise,E-Commerce,Germany,2024-07-21,SUB-21338,Enterprise Plus,Annual,11838.07,127,2024-07-21,,Active,,0.429,56,3,23424,1,7,12.6,0,4.4,0
CUST-11339,Pulse Security 189,Enterprise,Healthcare,United States,2024-07-21,SUB-21339,Scale,Annual,8925.31,188,2024-07-21,,Active,,0.697,100,6,41916,1,7,13.3,0,4.1,0
CUST-11340,Stratum Analytics 189,Mid-Market,Fintech,United States,2024-07-21,SUB-21340,Growth,Monthly,2016.48,85,2024-07-21,2024-10-30,Churned,Support / SLA Frustration,0.821,67,4,8160,8,2,100.4,0,1.7,1
CUST-11341,Sync Tech 189,Mid-Market,E-Commerce,United States,2024-07-22,SUB-21341,Scale,Monthly,3757.05,47,2024-07-22,,Active,,0.85,82,7,30419,5,2,12.7,0,4.6,0
CUST-11342,Vanguard Sphere 189,SMB,SaaS / Tech,United States,2024-07-22,SUB-21342,Starter,Monthly,485.1,20,2024-07-22,2025-03-27,Churned,Low Adoption & License Waste,0.132,79,4,8295,0,3,14.3,0,4.1,1
CUST-11343,Omni Labs 189,SMB,Logistics & Supply Chain,Germany,2024-07-22,SUB-21343,Starter,Monthly,155.07,24,2024-07-22,2025-07-09,Churned,Support / SLA Frustration,0.926,45,3,8199,7,4,102.8,1,2.8,1
CUST-11344,Hyper Flow 189,SMB,Healthcare,United States,2024-07-22,SUB-21344,Growth,Monthly,557.41,8,2024-07-22,,Active,,0.753,67,4,10130,1,2,3.3,0,4.9,0
CUST-11345,Zenith Corp 189,Mid-Market,Fintech,Australia,2024-07-22,SUB-21345,Growth,Monthly,2049.36,44,2024-07-22,2025-05-29,Churned,Support / SLA Frustration,0.826,65,2,10930,8,3,51.1,0,1.4,1
CUST-11346,Quantum Stack 189,Mid-Market,Healthcare,India,2024-07-23,SUB-21346,Growth,Annual,2789.83,61,2024-07-23,,Active,,0.873,50,5,25932,6,5,4.8,0,4.5,0
CUST-11347,Nexus AI 189,Mid-Market,Cybersecurity,United States,2024-07-23,SUB-21347,Scale,Monthly,1467.12,49,2024-07-23,,Active,,0.346,56,3,7562,5,8,22.6,0,3.9,0
CUST-11348,Vertex Scale 189,SMB,E-Commerce,United States,2024-07-23,SUB-21348,Starter,Monthly,350.16,12,2024-07-23,,Active,,0.708,51,4,29515,3,4,11.7,0,4.4,0
CUST-11349,Blue Systems 189,Enterprise,SaaS / Tech,Germany,2024-07-23,SUB-21349,Enterprise Plus,Annual,17341.52,457,2024-07-23,,Active,,0.558,83,2,34202,1,7,112.3,2,2.9,0
CUST-11350,Apex Logic 190,SMB,Fintech,United States,2024-07-23,SUB-21350,Starter,Monthly,156.56,18,2024-07-23,,Active,,0.913,40,5,15995,2,6,19.1,0,4.5,0
CUST-11351,Cloud Hub 190,SMB,E-Commerce,United States,2024-07-23,SUB-21351,Growth,Monthly,258.4,23,2024-07-23,,Active,,0.758,65,4,11663,1,3,20.2,0,4.0,0
CUST-11352,Data Pay 190,Mid-Market,Fintech,United States,2024-07-23,SUB-21352,Growth,Monthly,996.65,56,2024-07-23,,Active,,0.563,57,3,32227,4,7,14.7,0,4.3,0
CUST-11353,Nova Works 190,SMB,E-Commerce,United Kingdom,2024-07-24,SUB-21353,Growth,Monthly,499.99,9,2024-07-24,2025-01-13,Churned,Support / SLA Frustration,0.671,85,6,59461,0,6,58.0,1,1.7,1
CUST-11354,Pulse Security 190,Mid-Market,Cybersecurity,Canada,2024-07-24,SUB-21354,Growth,Monthly,2542.71,92,2024-07-24,,Active,,0.594,47,5,59869,12,6,22.6,0,4.6,0
CUST-11355,Stratum Analytics 190,SMB,Cybersecurity,United States,2024-07-24,SUB-21355,Growth,Monthly,684.1,5,2024-07-24,,Active,,0.696,82,3,12592,16,3,21.8,0,4.0,0
CUST-11356,Sync Tech 190,SMB,E-Commerce,United States,2024-07-24,SUB-21356,Growth,Annual,145.15,6,2024-07-24,,Active,,0.599,60,5,43568,1,2,3.4,0,4.7,0
CUST-11357,Vanguard Sphere 190,Mid-Market,E-Commerce,India,2024-07-24,SUB-21357,Growth,Monthly,2066.7,26,2024-07-24,2025-04-09,Churned,Internal Restructuring,0.87,74,5,26857,5,3,10.5,0,3.9,1
CUST-11358,Omni Labs 190,Mid-Market,Cybersecurity,Canada,2024-07-24,SUB-21358,Growth,Annual,3094.86,45,2024-07-24,,Active,,0.598,97,4,34968,1,2,9.0,0,3.8,0
CUST-11359,Hyper Flow 190,SMB,SaaS / Tech,United Kingdom,2024-07-24,SUB-21359,Starter,Monthly,311.36,16,2024-07-24,,Active,,0.459,82,2,8355,1,7,12.8,0,4.5,0
CUST-11360,Zenith Corp 190,SMB,Fintech,Canada,2024-07-24,SUB-21360,Starter,Monthly,355.82,12,2024-07-24,,Active,,0.51,30,0,61413,6,11,3.8,0,4.2,0
CUST-11361,Quantum Stack 190,Mid-Market,E-Commerce,United States,2024-07-25,SUB-21361,Scale,Annual,3272.38,78,2024-07-25,,Active,,0.616,40,2,17976,0,1,5.3,0,3.9,0
CUST-11362,Nexus AI 190,SMB,Fintech,Canada,2024-07-25,SUB-21362,Starter,Monthly,596.56,18,2024-07-25,,Active,,0.922,82,3,19734,0,2,18.0,0,4.0,0
CUST-11363,Vertex Scale 190,SMB,E-Commerce,United States,2024-07-25,SUB-21363,Starter,Monthly,279.56,5,2024-07-25,,Active,,0.779,66,6,4813,7,2,15.5,0,4.4,0
CUST-11364,Blue Systems 190,SMB,E-Commerce,United States,2024-07-25,SUB-21364,Growth,Monthly,222.36,20,2024-07-25,,Active,,0.533,61,1,75504,2,3,3.5,0,4.3,0
CUST-11365,Apex Logic 191,Enterprise,E-Commerce,Canada,2024-07-26,SUB-21365,Enterprise Plus,Annual,10194.69,269,2024-07-26,,Active,,0.649,80,4,13010,2,5,12.6,0,4.6,0
CUST-11366,Cloud Hub 191,SMB,Healthcare,United States,2024-07-26,SUB-21366,Growth,Monthly,179.71,16,2024-07-26,,Active,,0.567,81,5,19765,4,5,23.5,0,4.6,0
CUST-11367,Data Pay 191,SMB,Fintech,Australia,2024-07-26,SUB-21367,Growth,Monthly,213.24,15,2024-07-26,,Active,,0.645,92,5,70539,9,6,8.8,0,4.8,0
CUST-11368,Nova Works 191,Mid-Market,E-Commerce,United States,2024-07-26,SUB-21368,Scale,Annual,2132.84,85,2024-07-26,,Active,,0.801,75,1,5904,0,2,18.4,0,4.4,0
CUST-11369,Pulse Security 191,Mid-Market,Logistics & Supply Chain,India,2024-07-26,SUB-21369,Growth,Monthly,1802.35,25,2024-07-26,,Active,,0.469,63,4,72860,2,3,20.2,0,4.7,0
CUST-11370,Stratum Analytics 191,SMB,SaaS / Tech,India,2024-07-26,SUB-21370,Starter,Annual,178.2,18,2024-07-26,,Active,,0.237,78,4,72189,0,5,12.3,0,4.3,0
CUST-11371,Sync Tech 191,Mid-Market,Healthcare,United States,2024-07-27,SUB-21371,Growth,Monthly,2397.69,59,2024-07-27,,Active,,0.659,86,2,51747,1,2,16.8,0,5.0,0
CUST-11372,Vanguard Sphere 191,SMB,Cybersecurity,Canada,2024-07-27,SUB-21372,Starter,Monthly,404.93,7,2024-07-27,2025-05-29,Churned,Competitor Alternative,0.512,27,2,16089,0,5,21.6,0,4.7,1
CUST-11373,Omni Labs 191,Mid-Market,Cybersecurity,United States,2024-07-27,SUB-21373,Scale,Annual,1114.61,64,2024-07-27,,Active,,0.686,54,2,3649,10,3,104.0,2,1.9,0
CUST-11374,Hyper Flow 191,Mid-Market,Fintech,India,2024-07-27,SUB-21374,Scale,Annual,3220.99,75,2024-07-27,,Active,,0.84,53,1,26404,0,3,5.2,0,4.9,0
CUST-11375,Zenith Corp 191,SMB,Fintech,United States,2024-07-27,SUB-21375,Starter,Monthly,726.01,10,2024-07-27,2024-11-10,Churned,Low Adoption & License Waste,0.127,63,3,13981,3,3,12.5,0,4.8,1
CUST-11376,Quantum Stack 191,Mid-Market,SaaS / Tech,Canada,2024-07-27,SUB-21376,Growth,Annual,3059.93,28,2024-07-27,,Active,,0.781,63,3,18768,0,5,9.3,0,4.4,0
CUST-11377,Nexus AI 191,SMB,Logistics & Supply Chain,United States,2024-07-28,SUB-21377,Starter,Monthly,393.59,11,2024-07-28,2025-06-04,Churned,Low Adoption & License Waste,0.361,73,4,12850,8,6,21.2,0,4.6,1
CUST-11378,Vertex Scale 191,Mid-Market,Cybersecurity,United States,2024-07-28,SUB-21378,Scale,Monthly,1483.48,38,2024-07-28,,Active,,0.983,72,4,9204,0,7,73.5,4,2.6,0
CUST-11379,Blue Systems 191,SMB,Logistics & Supply Chain,United States,2024-07-28,SUB-21379,Growth,Monthly,365.77,21,2024-07-28,2025-02-28,Churned,Price / Budget Cuts,0.905,43,5,46941,5,3,23.4,0,4.0,1
CUST-11380,Apex Logic 192,Mid-Market,E-Commerce,United States,2024-07-28,SUB-21380,Growth,Annual,1499.53,54,2024-07-28,,Active,,0.745,90,3,17982,0,5,17.4,0,4.1,0
CUST-11381,Cloud Hub 192,Mid-Market,E-Commerce,Canada,2024-07-28,SUB-21381,Scale,Annual,1533.73,91,2024-07-28,2025-01-02,Churned,Internal Restructuring,0.917,82,7,35691,7,1,8.3,0,4.3,1
CUST-11382,Data Pay 192,SMB,Fintech,United Kingdom,2024-07-28,SUB-21382,Starter,Monthly,254.51,17,2024-07-28,,Active,,0.58,71,4,43092,3,7,14.4,0,4.3,0
CUST-11383,Nova Works 192,Mid-Market,Fintech,Canada,2024-07-28,SUB-21383,Growth,Annual,2589.18,76,2024-07-28,,Active,,1.0,41,6,34533,1,2,23.1,0,4.5,0
CUST-11384,Pulse Security 192,SMB,E-Commerce,United States,2024-07-28,SUB-21384,Starter,Monthly,435.14,15,2024-07-28,,Active,,0.51,80,2,8665,10,0,4.0,0,4.8,0
CUST-11385,Stratum Analytics 192,Mid-Market,E-Commerce,United States,2024-07-28,SUB-21385,Scale,Monthly,2799.14,69,2024-07-28,,Active,,0.928,79,6,64895,1,3,13.7,0,3.9,0
CUST-11386,Sync Tech 192,SMB,E-Commerce,United States,2024-07-28,SUB-21386,Starter,Annual,283.94,23,2024-07-28,,Active,,0.497,47,2,30351,1,1,66.4,1,1.9,0
CUST-11387,Vanguard Sphere 192,Enterprise,SaaS / Tech,Germany,2024-07-28,SUB-21387,Enterprise Plus,Annual,7902.77,144,2024-07-28,,Active,,0.433,79,1,5871,2,4,13.8,0,4.0,0
CUST-11388,Omni Labs 192,SMB,Healthcare,Australia,2024-07-29,SUB-21388,Growth,Monthly,189.74,20,2024-07-29,,Active,,0.89,59,2,5874,7,3,13.9,0,4.1,0
CUST-11389,Hyper Flow 192,Mid-Market,E-Commerce,United States,2024-07-29,SUB-21389,Growth,Annual,3043.4,71,2024-07-29,2025-07-18,Churned,Support / SLA Frustration,0.737,62,3,13014,9,2,113.2,1,1.2,1
CUST-11390,Zenith Corp 192,Mid-Market,Fintech,United States,2024-07-29,SUB-21390,Scale,Annual,1823.9,48,2024-07-29,,Active,,0.541,66,4,28105,6,4,11.2,0,4.1,0
CUST-11391,Quantum Stack 192,Enterprise,Healthcare,United States,2024-07-29,SUB-21391,Enterprise Plus,Annual,8320.69,277,2024-07-29,,Active,,0.851,60,4,24354,5,4,23.3,0,4.4,0
CUST-11392,Nexus AI 192,Mid-Market,SaaS / Tech,United Kingdom,2024-07-29,SUB-21392,Growth,Monthly,2650.15,74,2024-07-29,2025-01-03,Churned,Support / SLA Frustration,0.507,79,5,673,11,1,79.3,1,2.0,1
CUST-11393,Vertex Scale 192,SMB,SaaS / Tech,United Kingdom,2024-07-29,SUB-21393,Starter,Monthly,133.33,7,2024-07-29,,Active,,0.904,92,2,39212,1,2,48.6,2,3.2,0
CUST-11394,Blue Systems 192,Mid-Market,Cybersecurity,Canada,2024-07-29,SUB-21394,Growth,Annual,2647.63,99,2024-07-29,,Active,,0.733,23,1,122474,8,1,22.1,0,3.9,0
CUST-11395,Apex Logic 193,SMB,Healthcare,United States,2024-07-29,SUB-21395,Starter,Monthly,194.85,18,2024-07-29,,Active,,0.846,84,2,14789,11,5,76.4,1,2.2,0
CUST-11396,Cloud Hub 193,Mid-Market,E-Commerce,Canada,2024-07-29,SUB-21396,Scale,Monthly,1230.44,48,2024-07-29,,Active,,0.475,56,2,17420,2,6,17.3,0,4.5,0
CUST-11397,Data Pay 193,Mid-Market,Healthcare,Canada,2024-07-29,SUB-21397,Growth,Annual,3543.62,83,2024-07-29,2024-10-19,Churned,Leadership Transition,0.564,79,2,2444,4,5,11.6,0,4.4,1
CUST-11398,Nova Works 193,SMB,Healthcare,United States,2024-07-30,SUB-21398,Growth,Monthly,676.6,13,2024-07-30,,Active,,0.847,21,5,2634,2,6,71.5,2,2.9,0
CUST-11399,Pulse Security 193,SMB,Logistics & Supply Chain,United Kingdom,2024-07-30,SUB-21399,Starter,Monthly,296.17,6,2024-07-30,,Active,,0.3,60,2,13201,5,5,6.6,0,4.8,0
CUST-11400,Stratum Analytics 193,Mid-Market,SaaS / Tech,United States,2024-07-30,SUB-21400,Growth,Monthly,2660.54,44,2024-07-30,,Active,,0.434,100,5,85416,1,7,23.5,0,4.3,0
CUST-11401,Sync Tech 193,Mid-Market,Logistics & Supply Chain,United States,2024-07-30,SUB-21401,Scale,Monthly,3569.46,68,2024-07-30,,Active,,0.424,65,4,13814,2,3,12.4,0,4.2,0
CUST-11402,Vanguard Sphere 193,Enterprise,Fintech,India,2024-07-31,SUB-21402,Enterprise Plus,Annual,7980.42,224,2024-07-31,,Active,,0.694,93,4,35323,2,4,14.7,0,4.3,0
CUST-11403,Omni Labs 193,SMB,Logistics & Supply Chain,United States,2024-07-31,SUB-21403,Starter,Annual,307.36,14,2024-07-31,,Active,,0.675,86,5,7279,4,4,89.4,3,2.0,0
CUST-11404,Hyper Flow 193,SMB,Fintech,Germany,2024-07-31,SUB-21404,Starter,Annual,411.84,19,2024-07-31,,Active,,0.939,69,4,4180,5,4,14.3,0,4.9,0
CUST-11405,Zenith Corp 193,Mid-Market,Logistics & Supply Chain,United Kingdom,2024-07-31,SUB-21405,Scale,Annual,2276.77,53,2024-07-31,,Active,,0.799,61,1,43371,4,4,4.5,0,4.6,0
CUST-11406,Quantum Stack 193,SMB,Healthcare,United States,2024-07-31,SUB-21406,Starter,Annual,618.89,14,2024-07-31,,Active,,0.305,70,5,7168,2,2,12.5,0,4.0,0
CUST-11407,Nexus AI 193,SMB,Healthcare,United Kingdom,2024-08-01,SUB-21407,Growth,Monthly,242.15,15,2024-08-01,,Active,,0.88,56,6,13419,2,6,94.3,2,2.7,0
CUST-11408,Vertex Scale 193,SMB,E-Commerce,United Kingdom,2024-08-01,SUB-21408,Starter,Monthly,461.82,24,2024-08-01,,Active,,0.599,48,4,15822,1,4,8.5,0,3.8,0
CUST-11409,Blue Systems 193,SMB,Cybersecurity,United States,2024-08-01,SUB-21409,Growth,Monthly,138.67,7,2024-08-01,,Active,,1.0,67,3,13658,1,5,10.6,0,4.4,0
CUST-11410,Apex Logic 194,Mid-Market,Fintech,United States,2024-08-01,SUB-21410,Growth,Annual,2181.49,73,2024-08-01,,Active,,0.56,80,5,600,0,1,100.1,1,2.8,0
CUST-11411,Cloud Hub 194,Enterprise,Healthcare,United States,2024-08-01,SUB-21411,Enterprise Plus,Monthly,17188.06,165,2024-08-01,2025-04-26,Churned,Support / SLA Frustration,0.359,60,3,19261,6,2,71.0,0,1.9,1
CUST-11412,Data Pay 194,Mid-Market,Logistics & Supply Chain,United States,2024-08-01,SUB-21412,Scale,Annual,2214.66,83,2024-08-01,,Active,,0.463,52,3,28855,16,6,17.3,0,4.4,0
CUST-11413,Nova Works 194,Enterprise,Healthcare,United States,2024-08-01,SUB-21413,Scale,Monthly,13556.66,450,2024-08-01,,Active,,0.78,63,4,98000,1,2,9.8,0,4.2,0
CUST-11414,Pulse Security 194,SMB,Fintech,United States,2024-08-01,SUB-21414,Growth,Monthly,178.76,8,2024-08-01,2024-12-30,Churned,Price / Budget Cuts,0.672,32,4,20371,3,3,13.4,0,4.5,1
CUST-11415,Stratum Analytics 194,SMB,Healthcare,United States,2024-08-01,SUB-21415,Starter,Annual,633.67,10,2024-08-01,,Active,,0.573,74,4,52869,2,3,23.5,0,4.0,0
CUST-11416,Sync Tech 194,Enterprise,Healthcare,India,2024-08-01,SUB-21416,Enterprise Plus,Annual,6841.31,290,2024-08-01,,Active,,0.444,61,2,35047,2,4,8.2,0,4.9,0
CUST-11417,Vanguard Sphere 194,Enterprise,Cybersecurity,United States,2024-08-02,SUB-21417,Enterprise Plus,Annual,11731.83,112,2024-08-02,2024-09-18,Churned,Support / SLA Frustration,0.859,66,5,46239,5,3,116.4,0,1.7,1
CUST-11418,Omni Labs 194,Mid-Market,SaaS / Tech,Canada,2024-08-02,SUB-21418,Scale,Annual,3193.8,86,2024-08-02,,Active,,0.494,86,1,987,7,3,13.3,0,4.2,0
CUST-11419,Hyper Flow 194,SMB,E-Commerce,United Kingdom,2024-08-02,SUB-21419,Starter,Annual,563.04,24,2024-08-02,,Active,,0.709,57,2,8874,1,5,10.9,0,4.4,0
CUST-11420,Zenith Corp 194,Mid-Market,Cybersecurity,Canada,2024-08-02,SUB-21420,Growth,Annual,1354.35,46,2024-08-02,,Active,,0.657,57,4,995,16,3,61.3,2,2.6,0
CUST-11421,Quantum Stack 194,SMB,E-Commerce,United States,2024-08-02,SUB-21421,Starter,Monthly,532.91,10,2024-08-02,2025-03-08,Churned,Switched Tool,0.517,58,4,59325,5,5,12.2,0,4.0,1
CUST-11422,Nexus AI 194,Enterprise,Fintech,India,2024-08-02,SUB-21422,Scale,Annual,16051.0,299,2024-08-02,,Active,,0.888,72,5,52680,2,2,22.4,0,4.4,0
CUST-11423,Vertex Scale 194,Enterprise,Healthcare,United Kingdom,2024-08-02,SUB-21423,Enterprise Plus,Annual,8224.63,177,2024-08-02,,Active,,0.769,49,1,29549,2,5,16.5,0,4.4,0
CUST-11424,Blue Systems 194,SMB,Healthcare,Germany,2024-08-02,SUB-21424,Starter,Monthly,500.52,20,2024-08-02,,Active,,0.635,73,4,4642,11,3,92.4,2,1.7,0
CUST-11425,Apex Logic 195,SMB,Fintech,United States,2024-08-03,SUB-21425,Growth,Annual,625.62,15,2024-08-03,,Active,,0.824,80,3,9283,16,4,23.5,0,4.9,0
CUST-11426,Cloud Hub 195,Enterprise,Cybersecurity,United States,2024-08-03,SUB-21426,Enterprise Plus,Annual,12768.09,159,2024-08-03,,Active,,0.676,51,4,11327,5,2,6.4,0,4.7,0
CUST-11427,Data Pay 195,SMB,SaaS / Tech,United Kingdom,2024-08-03,SUB-21427,Starter,Monthly,340.76,6,2024-08-03,2025-01-18,Churned,Support / SLA Frustration,0.581,85,1,5201,7,1,92.3,0,1.6,1
CUST-11428,Nova Works 195,SMB,Healthcare,United States,2024-08-03,SUB-21428,Starter,Annual,355.13,22,2024-08-03,,Active,,0.825,65,2,32277,10,3,12.3,0,3.8,0
CUST-11429,Pulse Security 195,SMB,E-Commerce,United States,2024-08-03,SUB-21429,Starter,Monthly,316.31,20,2024-08-03,2025-02-28,Churned,Support / SLA Frustration,0.999,55,5,13988,3,2,64.2,1,3.1,1
CUST-11430,Stratum Analytics 195,Mid-Market,SaaS / Tech,United States,2024-08-04,SUB-21430,Growth,Annual,1510.86,99,2024-08-04,2024-10-08,Churned,Support / SLA Frustration,0.356,49,3,3946,1,4,69.2,1,1.8,1
CUST-11431,Sync Tech 195,SMB,Cybersecurity,United Kingdom,2024-08-04,SUB-21431,Starter,Annual,291.49,8,2024-08-04,,Active,,0.604,25,4,44677,0,4,6.6,0,4.8,0
CUST-11432,Vanguard Sphere 195,Mid-Market,Logistics & Supply Chain,Australia,2024-08-04,SUB-21432,Growth,Monthly,2337.68,72,2024-08-04,,Active,,0.642,54,6,65344,4,3,15.2,0,4.0,0
CUST-11433,Omni Labs 195,SMB,E-Commerce,United States,2024-08-04,SUB-21433,Starter,Monthly,282.27,11,2024-08-04,2025-03-17,Churned,Support / SLA Frustration,0.647,38,4,15499,15,6,67.5,2,2.0,1
CUST-11434,Hyper Flow 195,Enterprise,SaaS / Tech,Germany,2024-08-05,SUB-21434,Enterprise Plus,Annual,12832.5,440,2024-08-05,,Active,,0.413,58,4,23318,3,3,7.6,0,4.0,0
CUST-11435,Zenith Corp 195,Enterprise,E-Commerce,United Kingdom,2024-08-05,SUB-21435,Scale,Monthly,5572.52,239,2024-08-05,,Active,,0.236,77,6,27844,11,5,21.8,0,4.2,0
CUST-11436,Quantum Stack 195,Mid-Market,E-Commerce,United States,2024-08-05,SUB-21436,Scale,Monthly,1179.53,84,2024-08-05,2025-01-09,Churned,Support / SLA Frustration,0.632,75,6,4441,11,5,59.5,3,2.0,1
CUST-11437,Nexus AI 195,SMB,Fintech,India,2024-08-05,SUB-21437,Growth,Annual,683.93,16,2024-08-05,2025-05-01,Churned,Switched Tool,0.882,77,3,4902,8,7,2.2,0,3.9,1
CUST-11438,Vertex Scale 195,Mid-Market,Fintech,India,2024-08-05,SUB-21438,Scale,Annual,3196.86,29,2024-08-05,2024-12-29,Churned,Support / SLA Frustration,0.622,47,3,104696,0,4,87.1,1,2.9,1
CUST-11439,Blue Systems 195,SMB,E-Commerce,Canada,2024-08-05,SUB-21439,Growth,Monthly,353.26,8,2024-08-05,2024-09-22,Churned,Competitor Alternative,0.55,100,3,2984,0,7,10.8,0,4.6,1
CUST-11440,Apex Logic 196,SMB,Healthcare,United States,2024-08-05,SUB-21440,Growth,Monthly,347.06,13,2024-08-05,,Active,,0.785,49,4,81912,2,4,4.3,0,4.2,0
CUST-11441,Cloud Hub 196,Enterprise,Fintech,United Kingdom,2024-08-06,SUB-21441,Enterprise Plus,Annual,5710.04,464,2024-08-06,,Active,,0.764,30,2,1712,10,8,4.5,0,4.9,0
CUST-11442,Data Pay 196,SMB,SaaS / Tech,United States,2024-08-06,SUB-21442,Starter,Monthly,248.77,22,2024-08-06,,Active,,0.49,41,4,20108,0,4,7.4,0,4.6,0
CUST-11443,Nova Works 196,Mid-Market,Fintech,United States,2024-08-06,SUB-21443,Growth,Monthly,3454.22,27,2024-08-06,2025-06-23,Churned,Competitor Alternative,0.753,59,4,36354,1,5,7.6,0,4.8,1
CUST-11444,Pulse Security 196,SMB,E-Commerce,United States,2024-08-06,SUB-21444,Growth,Monthly,534.52,12,2024-08-06,,Active,,1.0,83,6,36622,1,5,21.5,0,4.5,0
CUST-11445,Stratum Analytics 196,Mid-Market,E-Commerce,Germany,2024-08-07,SUB-21445,Scale,Annual,963.6,96,2024-08-07,,Active,,0.391,98,5,11542,1,3,14.1,0,3.9,0
CUST-11446,Sync Tech 196,SMB,Cybersecurity,India,2024-08-07,SUB-21446,Starter,Monthly,226.56,12,2024-08-07,,Active,,0.773,64,3,2658,1,5,14.3,0,4.0,0
CUST-11447,Vanguard Sphere 196,SMB,E-Commerce,United States,2024-08-07,SUB-21447,Growth,Annual,665.4,14,2024-08-07,2025-01-31,Churned,Price / Budget Cuts,0.636,67,2,11175,11,3,10.2,0,3.9,1
CUST-11448,Omni Labs 196,SMB,Fintech,United States,2024-08-07,SUB-21448,Starter,Monthly,335.08,11,2024-08-07,,Active,,0.684,88,4,26177,1,2,110.7,0,1.7,0
CUST-11449,Hyper Flow 196,SMB,E-Commerce,Germany,2024-08-07,SUB-21449,Growth,Monthly,246.49,21,2024-08-07,2024-12-15,Churned,Price / Budget Cuts,0.916,84,3,5264,0,1,5.5,0,4.7,1
CUST-11450,Zenith Corp 196,Mid-Market,Logistics & Supply Chain,United States,2024-08-07,SUB-21450,Scale,Annual,2427.3,77,2024-08-07,,Active,,0.746,77,3,48228,0,10,9.0,0,4.2,0
CUST-11451,Quantum Stack 196,SMB,Cybersecurity,United Kingdom,2024-08-08,SUB-21451,Starter,Monthly,746.78,7,2024-08-08,,Active,,0.687,99,6,13276,14,1,8.8,0,3.9,0
CUST-11452,Nexus AI 196,SMB,Healthcare,United States,2024-08-08,SUB-21452,Starter,Monthly,552.95,22,2024-08-08,,Active,,1.0,88,4,40367,1,5,14.2,0,4.5,0
CUST-11453,Vertex Scale 196,SMB,Healthcare,United States,2024-08-08,SUB-21453,Starter,Monthly,656.3,12,2024-08-08,,Active,,0.748,79,5,86636,16,6,11.7,0,3.8,0
CUST-11454,Blue Systems 196,Enterprise,Cybersecurity,Australia,2024-08-08,SUB-21454,Enterprise Plus,Annual,14703.81,319,2024-08-08,,Active,,0.66,38,4,16076,0,4,9.6,0,3.8,0
CUST-11455,Apex Logic 197,SMB,Fintech,United States,2024-08-08,SUB-21455,Starter,Monthly,559.07,5,2024-08-08,,Active,,0.855,94,2,38005,3,3,23.1,0,4.4,0
CUST-11456,Cloud Hub 197,SMB,E-Commerce,United States,2024-08-08,SUB-21456,Starter,Monthly,258.78,20,2024-08-08,2024-11-03,Churned,Support / SLA Frustration,0.735,57,4,66425,2,1,111.3,0,2.6,1
CUST-11457,Data Pay 197,SMB,Healthcare,United States,2024-08-08,SUB-21457,Starter,Monthly,416.87,18,2024-08-08,,Active,,0.882,72,5,82084,9,3,22.1,0,4.7,0
CUST-11458,Nova Works 197,Mid-Market,Fintech,India,2024-08-09,SUB-21458,Scale,Annual,2049.76,30,2024-08-09,,Active,,0.846,62,2,1676,2,1,3.9,0,4.0,0
CUST-11459,Pulse Security 197,SMB,Healthcare,Germany,2024-08-09,SUB-21459,Growth,Monthly,565.37,11,2024-08-09,2025-04-18,Churned,Support / SLA Frustration,0.804,78,6,19223,0,5,93.4,1,3.0,1
CUST-11460,Stratum Analytics 197,Mid-Market,Healthcare,United States,2024-08-09,SUB-21460,Scale,Annual,3636.46,30,2024-08-09,,Active,,0.44,63,4,53410,2,4,22.3,0,4.2,0
CUST-11461,Sync Tech 197,SMB,SaaS / Tech,United States,2024-08-10,SUB-21461,Starter,Monthly,498.1,5,2024-08-10,,Active,,0.696,69,7,3982,27,3,21.9,0,4.7,0
CUST-11462,Vanguard Sphere 197,Enterprise,Cybersecurity,United Kingdom,2024-08-10,SUB-21462,Enterprise Plus,Annual,7865.25,294,2024-08-10,,Active,,0.746,13,2,6783,1,4,15.6,0,4.0,0
CUST-11463,Omni Labs 197,SMB,Healthcare,United States,2024-08-10,SUB-21463,Starter,Monthly,367.76,13,2024-08-10,,Active,,0.817,43,3,65726,7,4,18.0,0,4.4,0
CUST-11464,Hyper Flow 197,SMB,Logistics & Supply Chain,United Kingdom,2024-08-10,SUB-21464,Starter,Monthly,696.17,22,2024-08-10,,Active,,0.476,84,2,4052,6,4,9.2,0,4.4,0
CUST-11465,Zenith Corp 197,Enterprise,Fintech,United States,2024-08-11,SUB-21465,Enterprise Plus,Annual,16662.62,149,2024-08-11,,Active,,0.796,46,5,11363,0,7,74.4,2,2.4,0
CUST-11466,Quantum Stack 197,SMB,E-Commerce,United States,2024-08-11,SUB-21466,Starter,Annual,233.28,21,2024-08-11,,Active,,0.851,77,3,32921,1,5,22.5,0,4.6,0
CUST-11467,Nexus AI 197,Mid-Market,Fintech,Canada,2024-08-12,SUB-21467,Growth,Monthly,1571.22,61,2024-08-12,,Active,,0.688,98,3,59290,3,4,13.5,0,4.9,0
CUST-11468,Vertex Scale 197,SMB,Cybersecurity,United States,2024-08-12,SUB-21468,Growth,Monthly,579.03,8,2024-08-12,,Active,,0.705,79,4,49765,4,3,13.9,0,4.7,0
CUST-11469,Blue Systems 197,SMB,SaaS / Tech,Germany,2024-08-12,SUB-21469,Growth,Monthly,454.24,17,2024-08-12,2025-03-15,Churned,Support / SLA Frustration,0.468,74,7,20244,2,3,73.0,1,3.2,1
CUST-11470,Apex Logic 198,SMB,SaaS / Tech,United States,2024-08-12,SUB-21470,Starter,Monthly,536.87,6,2024-08-12,2025-01-22,Churned,Support / SLA Frustration,0.557,50,6,44650,1,4,94.6,1,2.7,1
CUST-11471,Cloud Hub 198,SMB,Logistics & Supply Chain,United States,2024-08-12,SUB-21471,Starter,Monthly,306.48,11,2024-08-12,,Active,,0.644,24,6,21653,6,3,110.8,0,2.1,0
CUST-11472,Data Pay 198,SMB,E-Commerce,Australia,2024-08-13,SUB-21472,Starter,Monthly,741.7,10,2024-08-13,,Active,,0.791,63,2,28207,11,3,23.0,0,5.0,0
CUST-11473,Nova Works 198,Mid-Market,Cybersecurity,United States,2024-08-13,SUB-21473,Growth,Monthly,939.14,92,2024-08-13,,Active,,0.963,74,4,23131,3,2,19.7,0,4.0,0
CUST-11474,Pulse Security 198,Mid-Market,SaaS / Tech,Canada,2024-08-13,SUB-21474,Growth,Monthly,1012.95,35,2024-08-13,,Active,,0.637,59,6,41130,4,3,5.3,0,5.0,0
CUST-11475,Stratum Analytics 198,SMB,Cybersecurity,United States,2024-08-13,SUB-21475,Starter,Monthly,654.11,5,2024-08-13,,Active,,0.694,81,5,22128,1,7,6.2,0,4.5,0
CUST-11476,Sync Tech 198,SMB,E-Commerce,United Kingdom,2024-08-13,SUB-21476,Starter,Annual,638.63,20,2024-08-13,,Active,,0.479,58,4,40147,8,6,13.9,0,4.6,0
CUST-11477,Vanguard Sphere 198,SMB,Fintech,Canada,2024-08-13,SUB-21477,Starter,Annual,519.73,8,2024-08-13,,Active,,0.692,84,2,17764,5,2,23.1,0,3.9,0
CUST-11478,Omni Labs 198,SMB,E-Commerce,United States,2024-08-14,SUB-21478,Starter,Monthly,744.47,22,2024-08-14,2025-04-20,Churned,Support / SLA Frustration,0.967,17,4,19075,0,2,71.7,2,1.5,1
CUST-11479,Hyper Flow 198,Mid-Market,Fintech,Germany,2024-08-14,SUB-21479,Growth,Annual,3795.32,66,2024-08-14,2024-10-10,Churned,Low Adoption & License Waste,0.379,61,6,13826,6,3,22.8,0,4.4,1
CUST-11480,Zenith Corp 198,SMB,E-Commerce,United Kingdom,2024-08-14,SUB-21480,Starter,Monthly,267.54,6,2024-08-14,,Active,,0.593,47,6,105870,4,7,9.8,0,4.8,0
CUST-11481,Quantum Stack 198,Enterprise,E-Commerce,United States,2024-08-14,SUB-21481,Enterprise Plus,Annual,9537.51,269,2024-08-14,,Active,,0.735,61,3,1421,11,5,22.8,0,4.0,0
CUST-11482,Nexus AI 198,SMB,E-Commerce,United Kingdom,2024-08-14,SUB-21482,Starter,Monthly,259.22,12,2024-08-14,,Active,,0.711,62,5,2451,5,4,19.1,0,4.1,0
CUST-11483,Vertex Scale 198,Enterprise,Fintech,United Kingdom,2024-08-14,SUB-21483,Scale,Annual,14323.59,292,2024-08-14,,Active,,0.341,71,5,39920,2,2,97.5,2,3.0,0
CUST-11484,Blue Systems 198,Mid-Market,Fintech,United States,2024-08-14,SUB-21484,Growth,Monthly,2463.56,37,2024-08-14,,Active,,0.317,98,6,9298,2,4,22.8,0,4.8,0
CUST-11485,Apex Logic 199,Mid-Market,E-Commerce,United States,2024-08-14,SUB-21485,Growth,Annual,3749.59,88,2024-08-14,,Active,,0.505,86,3,5170,2,5,12.3,0,4.1,0
CUST-11486,Cloud Hub 199,Mid-Market,Cybersecurity,United States,2024-08-14,SUB-21486,Scale,Monthly,3032.9,92,2024-08-14,,Active,,1.0,48,4,3048,11,1,21.3,0,4.0,0
CUST-11487,Data Pay 199,SMB,Healthcare,United States,2024-08-15,SUB-21487,Starter,Monthly,590.55,16,2024-08-15,,Active,,0.748,60,3,52190,1,7,3.4,0,4.8,0
CUST-11488,Nova Works 199,Mid-Market,Healthcare,Canada,2024-08-15,SUB-21488,Growth,Annual,1821.55,44,2024-08-15,,Active,,0.624,100,3,14099,2,2,17.0,0,4.1,0
CUST-11489,Pulse Security 199,Mid-Market,SaaS / Tech,United States,2024-08-15,SUB-21489,Growth,Annual,3379.12,80,2024-08-15,,Active,,0.866,51,2,10251,18,5,2.5,0,4.4,0
CUST-11490,Stratum Analytics 199,Mid-Market,E-Commerce,India,2024-08-15,SUB-21490,Scale,Monthly,2106.84,50,2024-08-15,,Active,,0.199,100,4,27003,7,5,6.0,0,3.9,0
CUST-11491,Sync Tech 199,Mid-Market,Healthcare,United States,2024-08-15,SUB-21491,Growth,Monthly,1090.89,80,2024-08-15,,Active,,0.7,62,1,5585,6,9,23.9,0,4.2,0
CUST-11492,Vanguard Sphere 199,Mid-Market,Healthcare,United States,2024-08-15,SUB-21492,Growth,Monthly,2116.85,86,2024-08-15,,Active,,0.973,52,3,16427,1,1,18.5,0,4.9,0
CUST-11493,Omni Labs 199,Enterprise,Fintech,Canada,2024-08-16,SUB-21493,Scale,Annual,12539.51,499,2024-08-16,,Active,,0.405,63,3,20180,6,4,21.5,0,4.6,0
CUST-11494,Hyper Flow 199,SMB,Cybersecurity,United Kingdom,2024-08-16,SUB-21494,Starter,Monthly,615.34,20,2024-08-16,,Active,,0.702,12,5,2866,3,1,3.9,0,4.8,0
CUST-11495,Zenith Corp 199,SMB,Fintech,United Kingdom,2024-08-16,SUB-21495,Starter,Monthly,240.91,24,2024-08-16,,Active,,1.0,71,2,35978,5,4,15.6,0,4.3,0
CUST-11496,Quantum Stack 199,SMB,Healthcare,United States,2024-08-16,SUB-21496,Growth,Monthly,306.64,9,2024-08-16,2025-06-25,Churned,Support / SLA Frustration,0.552,55,4,14678,1,2,60.0,1,2.5,1
CUST-11497,Nexus AI 199,Mid-Market,Fintech,United States,2024-08-16,SUB-21497,Scale,Annual,3346.34,51,2024-08-16,,Active,,0.59,56,6,28171,6,3,15.2,0,4.7,0
CUST-11498,Vertex Scale 199,Mid-Market,Fintech,United States,2024-08-17,SUB-21498,Growth,Monthly,1162.75,51,2024-08-17,,Active,,0.876,72,3,108168,1,4,5.4,0,3.9,0
CUST-11499,Blue Systems 199,SMB,SaaS / Tech,Australia,2024-08-17,SUB-21499,Growth,Monthly,595.61,20,2024-08-17,,Active,,0.992,74,2,8692,2,1,12.2,0,3.9,0
CUST-11500,Apex Logic 200,SMB,Fintech,United States,2024-08-17,SUB-21500,Starter,Annual,429.5,12,2024-08-17,,Active,,0.249,75,2,4121,0,3,12.1,0,4.8,0
CUST-11501,Cloud Hub 200,Mid-Market,Fintech,India,2024-08-17,SUB-21501,Growth,Monthly,942.57,74,2024-08-17,,Active,,0.534,68,4,32668,3,7,63.7,2,1.6,0
CUST-11502,Data Pay 200,Enterprise,E-Commerce,United Kingdom,2024-08-17,SUB-21502,Scale,Annual,10011.86,436,2024-08-17,,Active,,0.364,38,5,6557,2,5,7.1,0,4.9,0
CUST-11503,Nova Works 200,Mid-Market,Fintech,United States,2024-08-17,SUB-21503,Growth,Monthly,2867.67,42,2024-08-17,,Active,,0.562,74,4,1824,5,5,7.1,0,4.8,0
CUST-11504,Pulse Security 200,Mid-Market,Fintech,United Kingdom,2024-08-17,SUB-21504,Growth,Monthly,2385.46,36,2024-08-17,,Active,,0.535,64,6,26226,10,2,23.0,0,4.6,0
CUST-11505,Stratum Analytics 200,Mid-Market,Logistics & Supply Chain,Germany,2024-08-17,SUB-21505,Scale,Monthly,978.17,31,2024-08-17,,Active,,1.0,87,2,34497,1,2,19.8,0,4.5,0
CUST-11506,Sync Tech 200,SMB,SaaS / Tech,India,2024-08-17,SUB-21506,Starter,Annual,283.46,14,2024-08-17,,Active,,0.674,74,6,18031,0,2,5.4,0,4.5,0
CUST-11507,Vanguard Sphere 200,SMB,Cybersecurity,United States,2024-08-18,SUB-21507,Starter,Monthly,505.63,22,2024-08-18,,Active,,0.881,49,3,18778,1,5,18.7,0,4.5,0
CUST-11508,Omni Labs 200,SMB,Logistics & Supply Chain,United States,2024-08-18,SUB-21508,Starter,Annual,411.87,21,2024-08-18,2025-02-13,Churned,Support / SLA Frustration,0.307,75,6,1219,1,9,107.2,3,1.3,1
CUST-11509,Hyper Flow 200,SMB,SaaS / Tech,United States,2024-08-18,SUB-21509,Starter,Annual,327.54,12,2024-08-18,,Active,,0.817,69,6,3757,6,3,23.0,0,4.4,0
CUST-11510,Zenith Corp 200,SMB,Fintech,United States,2024-08-18,SUB-21510,Starter,Annual,278.03,18,2024-08-18,,Active,,0.728,100,2,11124,15,0,4.0,0,4.6,0
CUST-11511,Quantum Stack 200,SMB,SaaS / Tech,United Kingdom,2024-08-18,SUB-21511,Starter,Monthly,457.87,15,2024-08-18,,Active,,0.396,57,2,14639,3,6,3.7,0,4.5,0
CUST-11512,Nexus AI 200,SMB,Logistics & Supply Chain,Germany,2024-08-18,SUB-21512,Starter,Monthly,134.86,13,2024-08-18,,Active,,1.0,67,1,27851,6,3,14.8,0,4.0,0
CUST-11513,Vertex Scale 200,Enterprise,SaaS / Tech,United States,2024-08-18,SUB-21513,Enterprise Plus,Annual,7963.54,187,2024-08-18,,Active,,0.96,59,4,41137,4,4,3.4,0,4.5,0
CUST-11514,Blue Systems 200,Mid-Market,E-Commerce,Canada,2024-08-18,SUB-21514,Growth,Annual,3739.0,51,2024-08-18,,Active,,0.578,52,5,73086,3,3,6.0,0,4.1,0
CUST-11515,Apex Logic 201,Enterprise,Fintech,United Kingdom,2024-08-18,SUB-21515,Enterprise Plus,Annual,13254.72,479,2024-08-18,,Active,,0.966,70,4,7856,2,4,7.9,0,4.0,0
CUST-11516,Cloud Hub 201,SMB,Logistics & Supply Chain,United States,2024-08-19,SUB-21516,Growth,Monthly,719.53,9,2024-08-19,,Active,,0.565,48,4,3389,5,5,119.1,1,1.9,0
CUST-11517,Data Pay 201,SMB,SaaS / Tech,United States,2024-08-19,SUB-21517,Starter,Monthly,513.21,24,2024-08-19,,Active,,0.968,85,4,49589,0,3,21.3,0,3.9,0
CUST-11518,Nova Works 201,Mid-Market,Cybersecurity,Canada,2024-08-19,SUB-21518,Growth,Annual,3734.35,53,2024-08-19,,Active,,0.809,57,6,64317,2,5,21.5,0,4.7,0
CUST-11519,Pulse Security 201,SMB,Fintech,Germany,2024-08-19,SUB-21519,Growth,Annual,557.75,23,2024-08-19,,Active,,0.948,90,3,47799,0,2,21.0,0,4.6,0
CUST-11520,Stratum Analytics 201,Enterprise,Fintech,Canada,2024-08-19,SUB-21520,Enterprise Plus,Annual,4876.78,456,2024-08-19,,Active,,0.458,76,6,39452,5,6,7.4,0,4.7,0
CUST-11521,Sync Tech 201,SMB,Fintech,United States,2024-08-19,SUB-21521,Growth,Annual,154.39,21,2024-08-19,,Active,,0.668,59,5,5920,1,2,7.9,0,4.3,0
CUST-11522,Vanguard Sphere 201,Mid-Market,SaaS / Tech,United States,2024-08-19,SUB-21522,Scale,Annual,1774.41,83,2024-08-19,,Active,,0.775,72,5,33051,4,4,69.3,2,2.9,0
CUST-11523,Omni Labs 201,Enterprise,Fintech,United States,2024-08-19,SUB-21523,Enterprise Plus,Monthly,10994.35,370,2024-08-19,,Active,,0.717,89,5,2862,1,5,14.5,0,4.5,0
CUST-11524,Hyper Flow 201,Mid-Market,Fintech,United Kingdom,2024-08-20,SUB-21524,Growth,Monthly,2056.11,42,2024-08-20,,Active,,0.811,62,4,64878,4,2,17.0,0,4.9,0
CUST-11525,Zenith Corp 201,Mid-Market,Cybersecurity,Canada,2024-08-20,SUB-21525,Growth,Monthly,2344.02,51,2024-08-20,,Active,,0.808,93,4,20246,3,2,76.1,0,3.0,0
CUST-11526,Quantum Stack 201,Mid-Market,Fintech,United States,2024-08-20,SUB-21526,Growth,Annual,915.54,46,2024-08-20,,Active,,0.556,71,5,15799,7,4,68.3,1,2.5,0
CUST-11527,Nexus AI 201,Mid-Market,Logistics & Supply Chain,Germany,2024-08-20,SUB-21527,Scale,Monthly,3297.17,94,2024-08-20,,Active,,1.0,91,4,925,1,5,11.8,0,4.5,0
CUST-11528,Vertex Scale 201,SMB,Healthcare,United Kingdom,2024-08-20,SUB-21528,Starter,Monthly,167.04,6,2024-08-20,2025-04-10,Churned,Competitor Alternative,1.0,90,4,18838,3,3,12.8,0,4.3,1
CUST-11529,Blue Systems 201,SMB,Logistics & Supply Chain,Canada,2024-08-21,SUB-21529,Starter,Monthly,253.11,10,2024-08-21,,Active,,0.526,88,5,15916,3,7,2.5,0,4.4,0
CUST-11530,Apex Logic 202,Mid-Market,E-Commerce,Australia,2024-08-21,SUB-21530,Scale,Annual,2516.38,55,2024-08-21,,Active,,0.806,100,4,21852,0,4,12.1,0,3.9,0
CUST-11531,Cloud Hub 202,SMB,Cybersecurity,United States,2024-08-21,SUB-21531,Starter,Annual,268.83,6,2024-08-21,,Active,,0.94,62,6,32240,3,4,5.2,0,3.9,0
CUST-11532,Data Pay 202,SMB,Cybersecurity,India,2024-08-21,SUB-21532,Starter,Monthly,334.04,12,2024-08-21,,Active,,0.632,46,2,3803,7,3,12.4,0,4.4,0
CUST-11533,Nova Works 202,Mid-Market,Fintech,United States,2024-08-21,SUB-21533,Scale,Annual,1245.56,62,2024-08-21,,Active,,0.563,51,5,17589,3,2,22.3,0,4.1,0
CUST-11534,Pulse Security 202,Mid-Market,Fintech,United States,2024-08-21,SUB-21534,Scale,Monthly,2970.23,29,2024-08-21,,Active,,0.406,50,4,45290,3,5,6.1,0,4.2,0
CUST-11535,Stratum Analytics 202,Enterprise,Healthcare,Germany,2024-08-21,SUB-21535,Enterprise Plus,Annual,14748.14,449,2024-08-21,,Active,,0.655,67,7,2731,10,7,3.1,0,4.6,0
CUST-11536,Sync Tech 202,Mid-Market,SaaS / Tech,India,2024-08-21,SUB-21536,Growth,Annual,1634.94,32,2024-08-21,,Active,,0.857,48,7,16428,7,6,18.8,0,4.7,0
CUST-11537,Vanguard Sphere 202,SMB,Logistics & Supply Chain,United Kingdom,2024-08-21,SUB-21537,Starter,Monthly,733.42,12,2024-08-21,,Active,,0.761,73,5,44574,3,3,15.0,0,3.9,0
CUST-11538,Omni Labs 202,Mid-Market,E-Commerce,United Kingdom,2024-08-21,SUB-21538,Growth,Annual,1401.82,39,2024-08-21,,Active,,1.0,22,5,44718,14,5,3.3,0,4.4,0
CUST-11539,Hyper Flow 202,SMB,E-Commerce,Canada,2024-08-22,SUB-21539,Growth,Annual,748.36,15,2024-08-22,,Active,,0.503,16,5,44936,8,4,9.4,0,4.8,0
CUST-11540,Zenith Corp 202,SMB,Fintech,Germany,2024-08-22,SUB-21540,Starter,Monthly,554.86,14,2024-08-22,,Active,,0.782,85,3,35048,5,3,116.0,1,2.5,0
CUST-11541,Quantum Stack 202,Enterprise,Logistics & Supply Chain,United States,2024-08-22,SUB-21541,Enterprise Plus,Annual,16996.29,216,2024-08-22,,Active,,0.758,68,4,4453,0,3,70.9,1,3.0,0
CUST-11542,Nexus AI 202,SMB,Cybersecurity,Germany,2024-08-22,SUB-21542,Starter,Monthly,174.29,8,2024-08-22,,Active,,0.688,44,5,23505,20,5,18.7,0,4.5,0
CUST-11543,Vertex Scale 202,Mid-Market,Healthcare,United States,2024-08-22,SUB-21543,Growth,Monthly,2079.1,83,2024-08-22,,Active,,0.379,36,2,11223,0,2,6.3,0,4.3,0
CUST-11544,Blue Systems 202,SMB,E-Commerce,United States,2024-08-22,SUB-21544,Growth,Annual,474.64,19,2024-08-22,,Active,,1.0,65,5,17705,12,7,23.9,0,4.5,0
CUST-11545,Apex Logic 203,Mid-Market,Fintech,United States,2024-08-22,SUB-21545,Scale,Monthly,3044.87,29,2024-08-22,,Active,,0.979,53,5,29185,3,3,10.0,0,4.2,0
CUST-11546,Cloud Hub 203,SMB,E-Commerce,United Kingdom,2024-08-22,SUB-21546,Growth,Monthly,480.28,9,2024-08-22,2025-05-24,Churned,Price / Budget Cuts,0.891,72,5,50816,0,4,12.8,0,4.1,1
CUST-11547,Data Pay 203,SMB,E-Commerce,India,2024-08-22,SUB-21547,Growth,Monthly,525.05,20,2024-08-22,2025-02-16,Churned,Competitor Alternative,0.739,60,5,29892,3,4,15.3,0,3.9,1
CUST-11548,Nova Works 203,Enterprise,Fintech,United Kingdom,2024-08-22,SUB-21548,Enterprise Plus,Annual,6508.38,441,2024-08-22,,Active,,0.548,78,3,20377,2,1,23.6,0,4.1,0
CUST-11549,Pulse Security 203,SMB,Healthcare,Australia,2024-08-23,SUB-21549,Starter,Monthly,700.44,9,2024-08-23,,Active,,0.526,57,6,27532,17,6,9.7,0,4.8,0
CUST-11550,Stratum Analytics 203,SMB,Healthcare,United States,2024-08-23,SUB-21550,Starter,Monthly,593.04,13,2024-08-23,,Active,,0.39,79,3,5953,5,6,2.5,0,3.9,0
CUST-11551,Sync Tech 203,SMB,E-Commerce,Canada,2024-08-23,SUB-21551,Starter,Monthly,504.54,21,2024-08-23,2025-01-29,Churned,Low Adoption & License Waste,0.385,26,6,9216,3,7,10.5,0,3.8,1
CUST-11552,Vanguard Sphere 203,SMB,E-Commerce,Germany,2024-08-23,SUB-21552,Starter,Monthly,616.08,13,2024-08-23,,Active,,0.488,53,6,26630,2,6,15.2,0,4.9,0
CUST-11553,Omni Labs 203,SMB,Fintech,United Kingdom,2024-08-23,SUB-21553,Starter,Annual,622.18,11,2024-08-23,2025-02-03,Churned,Support / SLA Frustration,0.334,59,4,27829,3,3,119.2,2,2.1,1
CUST-11554,Hyper Flow 203,Mid-Market,SaaS / Tech,United Kingdom,2024-08-23,SUB-21554,Growth,Annual,2346.34,77,2024-08-23,,Active,,0.416,73,6,36927,1,2,13.6,0,4.3,0
CUST-11555,Zenith Corp 203,Mid-Market,SaaS / Tech,United Kingdom,2024-08-23,SUB-21555,Scale,Annual,2823.0,79,2024-08-23,,Active,,0.618,88,3,18346,9,5,15.5,0,4.8,0
CUST-11556,Quantum Stack 203,SMB,Healthcare,Germany,2024-08-23,SUB-21556,Starter,Annual,683.64,18,2024-08-23,,Active,,0.812,97,5,21556,3,5,17.3,0,4.8,0
CUST-11557,Nexus AI 203,Mid-Market,Fintech,Germany,2024-08-23,SUB-21557,Scale,Annual,3271.83,67,2024-08-23,,Active,,0.7,52,5,43345,9,6,23.8,0,4.6,0
CUST-11558,Vertex Scale 203,SMB,SaaS / Tech,United States,2024-08-24,SUB-21558,Growth,Monthly,722.97,22,2024-08-24,,Active,,1.0,68,4,59600,3,1,107.1,1,1.6,0
CUST-11559,Blue Systems 203,SMB,Cybersecurity,Germany,2024-08-24,SUB-21559,Starter,Monthly,167.29,22,2024-08-24,,Active,,1.0,71,5,14388,0,0,4.0,0,4.4,0
CUST-11560,Apex Logic 204,Mid-Market,Fintech,United States,2024-08-24,SUB-21560,Growth,Monthly,1010.4,82,2024-08-24,,Active,,0.86,59,1,17304,2,4,5.0,0,4.0,0
CUST-11561,Cloud Hub 204,Mid-Market,Healthcare,United States,2024-08-24,SUB-21561,Growth,Annual,3270.59,77,2024-08-24,,Active,,0.332,20,4,60544,4,3,3.5,0,4.0,0
CUST-11562,Data Pay 204,SMB,Fintech,Germany,2024-08-24,SUB-21562,Starter,Monthly,146.41,18,2024-08-24,,Active,,0.811,86,5,2782,3,5,5.5,0,4.0,0
CUST-11563,Nova Works 204,Mid-Market,E-Commerce,United States,2024-08-24,SUB-21563,Scale,Monthly,1550.68,51,2024-08-24,,Active,,0.629,72,1,9418,7,2,12.6,0,4.6,0
CUST-11564,Pulse Security 204,SMB,Fintech,Germany,2024-08-24,SUB-21564,Growth,Annual,473.76,13,2024-08-24,2025-02-11,Churned,Support / SLA Frustration,0.734,74,6,55349,1,5,52.4,2,1.6,1
CUST-11565,Stratum Analytics 204,Mid-Market,Healthcare,United States,2024-08-24,SUB-21565,Scale,Monthly,1888.43,74,2024-08-24,2025-03-08,Churned,Low Adoption & License Waste,0.33,100,4,27269,3,2,22.9,0,4.5,1
CUST-11566,Sync Tech 204,SMB,SaaS / Tech,United States,2024-08-24,SUB-21566,Starter,Monthly,291.32,15,2024-08-24,,Active,,0.877,95,2,9870,2,3,12.4,0,4.6,0
CUST-11567,Vanguard Sphere 204,Enterprise,E-Commerce,United States,2024-08-24,SUB-21567,Scale,Annual,5431.57,137,2024-08-24,,Active,,0.815,79,5,7781,0,4,23.2,0,4.8,0
CUST-11568,Omni Labs 204,SMB,Healthcare,United States,2024-08-25,SUB-21568,Starter,Annual,419.69,12,2024-08-25,,Active,,0.594,96,3,822,3,6,4.8,0,4.7,0
CUST-11569,Hyper Flow 204,Mid-Market,Healthcare,Canada,2024-08-25,SUB-21569,Scale,Monthly,3085.32,38,2024-08-25,,Active,,0.641,93,2,94445,1,2,4.6,0,4.9,0
CUST-11570,Zenith Corp 204,SMB,E-Commerce,United States,2024-08-25,SUB-21570,Growth,Monthly,418.74,13,2024-08-25,,Active,,0.534,44,7,11347,0,8,15.1,0,4.6,0
CUST-11571,Quantum Stack 204,Mid-Market,Fintech,United States,2024-08-25,SUB-21571,Growth,Monthly,1863.49,68,2024-08-25,,Active,,0.629,84,5,7613,0,2,11.3,0,4.2,0
CUST-11572,Nexus AI 204,SMB,Fintech,United States,2024-08-25,SUB-21572,Starter,Monthly,607.75,10,2024-08-25,2025-05-05,Churned,Low Adoption & License Waste,0.38,70,6,6698,9,5,22.1,0,4.9,1
CUST-11573,Vertex Scale 204,SMB,Logistics & Supply Chain,United States,2024-08-25,SUB-21573,Starter,Monthly,474.38,17,2024-08-25,2025-01-22,Churned,Support / SLA Frustration,0.572,46,5,19185,5,2,86.3,1,1.9,1
CUST-11574,Blue Systems 204,Mid-Market,Fintech,Canada,2024-08-25,SUB-21574,Growth,Annual,2843.77,60,2024-08-25,,Active,,0.609,61,7,16140,0,3,61.2,2,2.3,0
CUST-11575,Apex Logic 205,Enterprise,SaaS / Tech,United States,2024-08-26,SUB-21575,Enterprise Plus,Monthly,4813.56,200,2024-08-26,,Active,,0.768,72,5,24768,6,1,79.8,1,2.5,0
CUST-11576,Cloud Hub 205,Enterprise,Cybersecurity,United Kingdom,2024-08-26,SUB-21576,Scale,Annual,8221.64,495,2024-08-26,,Active,,0.744,67,5,14155,12,6,13.5,0,3.9,0
CUST-11577,Data Pay 205,SMB,Healthcare,India,2024-08-26,SUB-21577,Starter,Monthly,194.53,17,2024-08-26,2025-05-07,Churned,Support / SLA Frustration,0.566,77,7,69892,14,4,112.4,0,3.1,1
CUST-11578,Nova Works 205,SMB,Healthcare,United Kingdom,2024-08-26,SUB-21578,Growth,Monthly,654.29,24,2024-08-26,,Active,,0.822,72,3,26271,1,2,13.7,0,3.8,0
CUST-11579,Pulse Security 205,SMB,E-Commerce,Germany,2024-08-26,SUB-21579,Starter,Monthly,544.32,21,2024-08-26,,Active,,0.683,25,6,20912,16,8,14.3,0,4.9,0
CUST-11580,Stratum Analytics 205,Mid-Market,Logistics & Supply Chain,United States,2024-08-26,SUB-21580,Growth,Annual,1825.64,46,2024-08-26,,Active,,0.583,67,1,38142,3,1,16.2,0,4.6,0
CUST-11581,Sync Tech 205,Mid-Market,Cybersecurity,United States,2024-08-27,SUB-21581,Scale,Annual,1883.32,70,2024-08-27,,Active,,0.881,75,4,11746,27,3,23.4,0,4.1,0
CUST-11582,Vanguard Sphere 205,SMB,SaaS / Tech,India,2024-08-27,SUB-21582,Starter,Annual,447.78,13,2024-08-27,,Active,,0.788,48,3,3183,2,1,12.9,0,4.9,0
CUST-11583,Omni Labs 205,Mid-Market,Fintech,Canada,2024-08-27,SUB-21583,Growth,Annual,2410.25,86,2024-08-27,,Active,,0.729,62,4,16961,5,3,119.1,2,2.7,0
CUST-11584,Hyper Flow 205,SMB,SaaS / Tech,United Kingdom,2024-08-27,SUB-21584,Growth,Annual,497.77,22,2024-08-27,,Active,,0.551,64,6,18132,7,3,23.9,0,4.6,0
CUST-11585,Zenith Corp 205,Enterprise,Healthcare,United Kingdom,2024-08-28,SUB-21585,Enterprise Plus,Monthly,16690.21,183,2024-08-28,,Active,,1.0,80,2,4902,2,4,10.2,0,4.9,0
CUST-11586,Quantum Stack 205,SMB,E-Commerce,United States,2024-08-28,SUB-21586,Starter,Annual,243.51,23,2024-08-28,,Active,,0.804,68,4,13588,4,4,22.4,0,4.9,0
CUST-11587,Nexus AI 205,Mid-Market,Fintech,United States,2024-08-28,SUB-21587,Scale,Annual,2621.45,67,2024-08-28,,Active,,0.514,62,4,31253,20,4,9.6,0,4.5,0
CUST-11588,Vertex Scale 205,Mid-Market,Fintech,Canada,2024-08-28,SUB-21588,Growth,Monthly,3647.37,37,2024-08-28,2025-01-16,Churned,Low Adoption & License Waste,0.255,75,4,61989,11,4,21.8,0,3.8,1
CUST-11589,Blue Systems 205,SMB,SaaS / Tech,United Kingdom,2024-08-28,SUB-21589,Starter,Annual,349.21,11,2024-08-28,,Active,,0.823,100,5,30625,6,0,4.0,0,4.7,0
CUST-11590,Apex Logic 206,SMB,E-Commerce,United States,2024-08-28,SUB-21590,Starter,Monthly,597.43,12,2024-08-28,2025-04-03,Churned,Competitor Alternative,0.808,50,1,41210,3,3,10.5,0,4.9,1
CUST-11591,Cloud Hub 206,SMB,Healthcare,India,2024-08-28,SUB-21591,Starter,Monthly,655.37,9,2024-08-28,2025-03-25,Churned,Support / SLA Frustration,0.782,58,4,13325,1,6,91.1,1,1.8,1
CUST-11592,Data Pay 206,Enterprise,Healthcare,United States,2024-08-28,SUB-21592,Enterprise Plus,Annual,5572.01,230,2024-08-28,,Active,,0.493,50,4,18984,5,3,13.7,0,4.1,0
CUST-11593,Nova Works 206,Enterprise,Logistics & Supply Chain,United States,2024-08-28,SUB-21593,Enterprise Plus,Annual,6928.84,269,2024-08-28,,Active,,0.566,89,4,1460,5,1,16.8,0,4.3,0
CUST-11594,Pulse Security 206,SMB,SaaS / Tech,Germany,2024-08-29,SUB-21594,Growth,Monthly,736.92,6,2024-08-29,,Active,,1.0,65,3,38997,5,5,18.6,0,3.8,0
CUST-11595,Stratum Analytics 206,SMB,Healthcare,Canada,2024-08-29,SUB-21595,Starter,Monthly,460.58,11,2024-08-29,,Active,,0.534,89,3,34831,2,4,6.7,0,4.9,0
CUST-11596,Sync Tech 206,Mid-Market,Fintech,United Kingdom,2024-08-29,SUB-21596,Growth,Annual,2144.94,38,2024-08-29,,Active,,1.0,65,6,7727,2,8,18.8,0,4.5,0
CUST-11597,Vanguard Sphere 206,Enterprise,Healthcare,United States,2024-08-29,SUB-21597,Enterprise Plus,Annual,17805.3,436,2024-08-29,,Active,,0.377,76,4,45344,4,3,13.0,0,4.2,0
CUST-11598,Omni Labs 206,Enterprise,Cybersecurity,United States,2024-08-29,SUB-21598,Enterprise Plus,Annual,13565.46,185,2024-08-29,,Active,,0.556,69,2,24188,11,3,9.3,0,4.4,0
CUST-11599,Hyper Flow 206,SMB,E-Commerce,United Kingdom,2024-08-29,SUB-21599,Starter,Monthly,521.84,15,2024-08-29,2024-10-03,Churned,Switched Tool,0.956,70,3,21264,1,5,19.5,0,4.8,1
CUST-11600,Zenith Corp 206,Mid-Market,E-Commerce,United States,2024-08-29,SUB-21600,Growth,Annual,2344.97,57,2024-08-29,2025-08-19,Churned,Support / SLA Frustration,0.866,100,3,15157,37,5,83.1,3,1.7,1
CUST-11601,Quantum Stack 206,Mid-Market,E-Commerce,Germany,2024-08-30,SUB-21601,Growth,Monthly,2735.21,79,2024-08-30,,Active,,0.759,90,6,10063,0,4,22.2,0,4.3,0
CUST-11602,Nexus AI 206,Mid-Market,Healthcare,India,2024-08-30,SUB-21602,Growth,Monthly,2577.21,27,2024-08-30,,Active,,0.584,49,6,89018,2,2,8.1,0,4.7,0
CUST-11603,Vertex Scale 206,Mid-Market,Logistics & Supply Chain,Germany,2024-08-30,SUB-21603,Scale,Annual,2045.93,32,2024-08-30,,Active,,0.714,69,4,31515,3,7,8.3,0,4.7,0
CUST-11604,Blue Systems 206,Enterprise,E-Commerce,United States,2024-08-30,SUB-21604,Scale,Annual,10250.0,420,2024-08-30,2025-01-20,Churned,Support / SLA Frustration,0.575,49,4,34508,1,3,48.7,3,1.6,1
CUST-11605,Apex Logic 207,SMB,Fintech,Canada,2024-08-31,SUB-21605,Starter,Monthly,278.28,17,2024-08-31,2025-08-04,Churned,Support / SLA Frustration,1.0,63,4,10508,5,6,116.3,2,1.6,1
CUST-11606,Cloud Hub 207,Enterprise,Fintech,United States,2024-08-31,SUB-21606,Enterprise Plus,Annual,9619.86,489,2024-08-31,2024-11-09,Churned,Support / SLA Frustration,0.503,86,4,6637,7,2,108.9,0,1.9,1
CUST-11607,Data Pay 207,SMB,E-Commerce,United States,2024-08-31,SUB-21607,Starter,Monthly,377.35,6,2024-08-31,,Active,,0.747,89,5,62387,7,10,66.5,2,2.9,0
CUST-11608,Nova Works 207,Mid-Market,Cybersecurity,United States,2024-08-31,SUB-21608,Growth,Annual,3443.17,70,2024-08-31,,Active,,0.956,56,5,11417,15,1,22.4,0,4.0,0
CUST-11609,Pulse Security 207,SMB,Healthcare,United States,2024-08-31,SUB-21609,Growth,Monthly,497.69,19,2024-08-31,,Active,,1.0,100,4,13919,9,4,10.2,0,4.0,0
CUST-11610,Stratum Analytics 207,SMB,Logistics & Supply Chain,India,2024-08-31,SUB-21610,Growth,Annual,328.5,19,2024-08-31,,Active,,0.935,57,5,16698,7,4,13.5,0,4.1,0
CUST-11611,Sync Tech 207,SMB,SaaS / Tech,United States,2024-08-31,SUB-21611,Growth,Monthly,522.0,8,2024-08-31,,Active,,0.567,45,4,16703,20,7,13.5,0,4.7,0
CUST-11612,Vanguard Sphere 207,SMB,Fintech,United States,2024-08-31,SUB-21612,Starter,Monthly,393.37,8,2024-08-31,,Active,,0.521,88,6,14408,0,2,19.5,0,4.0,0
CUST-11613,Omni Labs 207,Mid-Market,Fintech,Australia,2024-08-31,SUB-21613,Scale,Annual,3015.76,71,2024-08-31,,Active,,0.337,57,5,15813,7,2,3.2,0,4.8,0
CUST-11614,Hyper Flow 207,Mid-Market,Fintech,United States,2024-09-01,SUB-21614,Growth,Annual,1334.8,70,2024-09-01,,Active,,1.0,38,5,9037,4,9,9.0,0,4.7,0
CUST-11615,Zenith Corp 207,SMB,SaaS / Tech,Canada,2024-09-01,SUB-21615,Starter,Annual,734.7,11,2024-09-01,,Active,,0.569,42,5,9370,0,1,19.8,0,4.0,0
CUST-11616,Quantum Stack 207,SMB,Fintech,United States,2024-09-01,SUB-21616,Starter,Annual,220.05,24,2024-09-01,,Active,,1.0,70,5,16889,1,7,22.3,0,4.6,0
CUST-11617,Nexus AI 207,SMB,Healthcare,United States,2024-09-01,SUB-21617,Starter,Monthly,668.95,17,2024-09-01,2025-04-13,Churned,Support / SLA Frustration,0.533,38,3,1799,8,2,106.1,0,1.7,1
CUST-11618,Vertex Scale 207,SMB,E-Commerce,India,2024-09-01,SUB-21618,Starter,Monthly,592.33,9,2024-09-01,,Active,,0.752,65,5,10386,1,5,21.5,0,4.5,0
CUST-11619,Blue Systems 207,SMB,SaaS / Tech,United States,2024-09-01,SUB-21619,Starter,Monthly,432.77,19,2024-09-01,,Active,,0.832,24,3,58355,0,2,12.3,0,4.9,0
CUST-11620,Apex Logic 208,Mid-Market,Fintech,United Kingdom,2024-09-01,SUB-21620,Scale,Monthly,1197.07,43,2024-09-01,,Active,,0.862,97,4,25325,19,7,5.5,0,4.5,0
CUST-11621,Cloud Hub 208,Enterprise,Healthcare,United States,2024-09-02,SUB-21621,Enterprise Plus,Annual,17426.81,262,2024-09-02,2024-11-26,Churned,Support / SLA Frustration,1.0,55,0,6074,0,5,63.1,2,2.2,1
CUST-11622,Data Pay 208,SMB,E-Commerce,United States,2024-09-02,SUB-21622,Starter,Monthly,450.28,12,2024-09-02,2025-07-19,Churned,Switched Tool,0.969,66,6,17261,5,1,6.5,0,4.5,1
CUST-11623,Nova Works 208,SMB,E-Commerce,United States,2024-09-02,SUB-21623,Starter,Monthly,666.58,18,2024-09-02,2025-07-17,Churned,Support / SLA Frustration,0.491,54,4,74113,10,4,111.9,1,1.9,1
CUST-11624,Pulse Security 208,Mid-Market,Logistics & Supply Chain,United States,2024-09-02,SUB-21624,Growth,Annual,3267.38,95,2024-09-02,,Active,,0.738,66,3,35676,2,6,13.9,0,4.1,0
CUST-11625,Stratum Analytics 208,SMB,Fintech,United States,2024-09-02,SUB-21625,Starter,Monthly,378.78,15,2024-09-02,,Active,,0.303,50,1,16296,0,7,18.7,0,4.5,0
CUST-11626,Sync Tech 208,Mid-Market,Logistics & Supply Chain,Canada,2024-09-02,SUB-21626,Scale,Annual,2437.97,41,2024-09-02,,Active,,0.533,62,3,5512,19,5,4.5,0,4.2,0
CUST-11627,Vanguard Sphere 208,SMB,SaaS / Tech,United States,2024-09-02,SUB-21627,Starter,Monthly,137.15,16,2024-09-02,,Active,,0.922,77,7,6629,0,1,19.0,0,4.0,0
CUST-11628,Omni Labs 208,Enterprise,E-Commerce,United States,2024-09-02,SUB-21628,Scale,Annual,6411.35,394,2024-09-02,,Active,,0.96,75,2,9062,4,3,22.3,0,4.1,0
CUST-11629,Hyper Flow 208,Mid-Market,SaaS / Tech,United States,2024-09-03,SUB-21629,Scale,Monthly,3542.58,46,2024-09-03,,Active,,0.822,54,4,24301,7,3,21.5,0,4.7,0
CUST-11630,Zenith Corp 208,SMB,Healthcare,India,2024-09-03,SUB-21630,Starter,Monthly,499.82,5,2024-09-03,2025-05-19,Churned,Support / SLA Frustration,0.576,53,5,32712,2,6,118.5,1,1.9,1
CUST-11631,Quantum Stack 208,Mid-Market,Fintech,India,2024-09-03,SUB-21631,Growth,Monthly,3544.3,92,2024-09-03,2025-05-12,Churned,Support / SLA Frustration,0.166,73,3,28010,1,3,61.6,0,1.9,1
CUST-11632,Nexus AI 208,SMB,SaaS / Tech,Canada,2024-09-03,SUB-21632,Starter,Monthly,147.22,14,2024-09-03,2025-03-26,Churned,Switched Tool,0.717,63,5,5424,4,4,17.1,0,4.6,1
CUST-11633,Vertex Scale 208,SMB,E-Commerce,India,2024-09-03,SUB-21633,Growth,Monthly,434.36,6,2024-09-03,,Active,,0.736,47,5,35312,12,2,6.2,0,4.4,0
CUST-11634,Blue Systems 208,SMB,E-Commerce,United States,2024-09-03,SUB-21634,Starter,Monthly,264.66,11,2024-09-03,,Active,,0.571,83,3,8246,1,0,4.0,0,4.3,0
CUST-11635,Apex Logic 209,Mid-Market,Healthcare,United States,2024-09-03,SUB-21635,Scale,Monthly,3545.39,54,2024-09-03,,Active,,0.986,64,5,50697,1,1,3.1,0,4.5,0
CUST-11636,Cloud Hub 209,Mid-Market,Cybersecurity,United Kingdom,2024-09-03,SUB-21636,Growth,Annual,3590.48,82,2024-09-03,,Active,,0.614,73,4,53172,10,4,21.6,0,4.3,0
CUST-11637,Data Pay 209,Mid-Market,E-Commerce,United Kingdom,2024-09-03,SUB-21637,Scale,Annual,3196.36,57,2024-09-03,,Active,,0.527,100,3,25336,0,5,5.7,0,5.0,0
CUST-11638,Nova Works 209,SMB,Fintech,United States,2024-09-03,SUB-21638,Starter,Annual,547.08,12,2024-09-03,,Active,,0.482,46,2,7742,2,3,21.0,0,4.3,0
CUST-11639,Pulse Security 209,SMB,Healthcare,United States,2024-09-03,SUB-21639,Growth,Monthly,133.66,18,2024-09-03,,Active,,0.53,62,0,5264,9,6,3.4,0,4.6,0
CUST-11640,Stratum Analytics 209,SMB,SaaS / Tech,Australia,2024-09-03,SUB-21640,Starter,Monthly,513.58,22,2024-09-03,,Active,,0.61,79,5,65006,0,7,22.2,0,3.9,0
CUST-11641,Sync Tech 209,SMB,SaaS / Tech,Germany,2024-09-04,SUB-21641,Starter,Monthly,613.27,13,2024-09-04,2024-11-13,Churned,Price / Budget Cuts,0.561,77,6,30645,1,6,17.5,0,4.7,1
CUST-11642,Vanguard Sphere 209,SMB,E-Commerce,United States,2024-09-04,SUB-21642,Starter,Monthly,139.62,22,2024-09-04,,Active,,0.455,91,3,28049,8,3,22.4,0,3.8,0
CUST-11643,Omni Labs 209,SMB,Logistics & Supply Chain,Canada,2024-09-04,SUB-21643,Growth,Annual,738.14,8,2024-09-04,,Active,,0.535,54,4,1468,1,3,21.9,0,4.3,0
CUST-11644,Hyper Flow 209,Enterprise,Healthcare,United States,2024-09-05,SUB-21644,Enterprise Plus,Annual,14802.48,282,2024-09-05,,Active,,0.544,36,4,31576,2,6,16.9,0,4.9,0
CUST-11645,Zenith Corp 209,SMB,Healthcare,United States,2024-09-05,SUB-21645,Growth,Annual,289.79,6,2024-09-05,,Active,,0.622,49,4,13912,11,3,3.3,0,3.9,0
CUST-11646,Quantum Stack 209,Enterprise,Logistics & Supply Chain,United States,2024-09-05,SUB-21646,Enterprise Plus,Annual,13875.43,428,2024-09-05,,Active,,0.538,73,5,15585,7,3,20.3,0,4.7,0
CUST-11647,Nexus AI 209,SMB,Logistics & Supply Chain,United States,2024-09-05,SUB-21647,Growth,Annual,682.6,8,2024-09-05,,Active,,0.893,71,2,24553,15,7,117.8,4,2.6,0
CUST-11648,Vertex Scale 209,SMB,SaaS / Tech,United States,2024-09-05,SUB-21648,Growth,Monthly,125.36,9,2024-09-05,,Active,,0.661,55,3,12566,0,4,79.6,2,3.0,0
CUST-11649,Blue Systems 209,SMB,Logistics & Supply Chain,Germany,2024-09-05,SUB-21649,Starter,Monthly,698.7,12,2024-09-05,,Active,,0.752,68,2,10109,1,4,13.6,0,4.2,0
CUST-11650,Apex Logic 210,Enterprise,Fintech,United States,2024-09-06,SUB-21650,Enterprise Plus,Annual,17518.76,394,2024-09-06,,Active,,1.0,51,4,8529,2,2,10.6,0,4.9,0
CUST-11651,Cloud Hub 210,Mid-Market,Logistics & Supply Chain,United Kingdom,2024-09-06,SUB-21651,Scale,Annual,2599.81,35,2024-09-06,2025-04-13,Churned,Support / SLA Frustration,0.471,81,2,28727,11,3,90.4,2,1.4,1
CUST-11652,Data Pay 210,Mid-Market,Healthcare,United States,2024-09-06,SUB-21652,Growth,Monthly,3006.05,27,2024-09-06,,Active,,0.683,86,7,28046,2,5,8.6,0,4.7,0
CUST-11653,Nova Works 210,Mid-Market,Fintech,United States,2024-09-06,SUB-21653,Growth,Monthly,1128.6,62,2024-09-06,,Active,,0.805,71,7,1401,11,4,6.9,0,4.8,0
CUST-11654,Pulse Security 210,Enterprise,Fintech,India,2024-09-07,SUB-21654,Enterprise Plus,Annual,14763.61,330,2024-09-07,,Active,,0.589,93,4,20535,4,1,8.3,0,4.2,0
CUST-11655,Stratum Analytics 210,SMB,Healthcare,United Kingdom,2024-09-07,SUB-21655,Growth,Annual,644.96,6,2024-09-07,,Active,,1.0,76,5,13802,6,2,19.7,0,4.3,0
CUST-11656,Sync Tech 210,SMB,Healthcare,Australia,2024-09-07,SUB-21656,Starter,Annual,671.89,19,2024-09-07,,Active,,0.913,62,4,1515,11,5,20.7,0,4.0,0
CUST-11657,Vanguard Sphere 210,Mid-Market,Healthcare,Australia,2024-09-07,SUB-21657,Growth,Annual,1744.62,35,2024-09-07,,Active,,0.718,79,5,23236,0,4,20.9,0,3.8,0
CUST-11658,Omni Labs 210,Mid-Market,Fintech,United States,2024-09-07,SUB-21658,Scale,Monthly,3631.66,96,2024-09-07,2025-02-26,Churned,Support / SLA Frustration,0.186,87,7,23156,2,3,86.3,1,2.7,1
CUST-11659,Hyper Flow 210,Mid-Market,Healthcare,United States,2024-09-07,SUB-21659,Scale,Annual,1941.09,63,2024-09-07,2025-05-28,Churned,Internal Restructuring,0.742,52,4,634,3,2,8.6,0,4.8,1
CUST-11660,Zenith Corp 210,SMB,E-Commerce,Germany,2024-09-08,SUB-21660,Starter,Monthly,725.15,22,2024-09-08,2024-12-06,Churned,Switched Tool,0.851,78,6,3864,19,2,21.8,0,4.2,1
CUST-11661,Quantum Stack 210,SMB,Healthcare,Australia,2024-09-08,SUB-21661,Starter,Monthly,644.86,21,2024-09-08,,Active,,0.732,71,5,2012,3,6,14.6,0,4.9,0
CUST-11662,Nexus AI 210,SMB,Healthcare,United Kingdom,2024-09-08,SUB-21662,Starter,Monthly,543.38,14,2024-09-08,,Active,,0.799,45,4,6255,1,6,20.5,0,4.9,0
CUST-11663,Vertex Scale 210,Mid-Market,SaaS / Tech,Canada,2024-09-08,SUB-21663,Growth,Monthly,2865.77,37,2024-09-08,,Active,,0.397,48,6,30442,6,3,2.9,0,4.1,0
CUST-11664,Blue Systems 210,SMB,Logistics & Supply Chain,Canada,2024-09-08,SUB-21664,Growth,Monthly,678.73,9,2024-09-08,,Active,,0.659,59,5,13325,4,6,81.0,2,2.0,0
CUST-11665,Apex Logic 211,SMB,SaaS / Tech,United States,2024-09-08,SUB-21665,Growth,Annual,498.43,18,2024-09-08,2025-05-20,Churned,Support / SLA Frustration,0.728,83,5,64709,4,5,105.1,2,3.2,1
CUST-11666,Cloud Hub 211,Mid-Market,Healthcare,United Kingdom,2024-09-08,SUB-21666,Growth,Annual,3483.64,73,2024-09-08,,Active,,0.832,54,4,25235,7,8,8.0,0,4.4,0
CUST-11667,Data Pay 211,SMB,SaaS / Tech,Germany,2024-09-08,SUB-21667,Starter,Annual,124.62,7,2024-09-08,,Active,,0.478,51,5,100452,1,7,10.1,0,4.7,0
CUST-11668,Nova Works 211,Enterprise,Fintech,Canada,2024-09-09,SUB-21668,Enterprise Plus,Annual,17556.07,114,2024-09-09,,Active,,0.761,54,4,23126,4,5,16.3,0,4.5,0
CUST-11669,Pulse Security 211,SMB,Fintech,United States,2024-09-09,SUB-21669,Starter,Annual,612.7,12,2024-09-09,2025-01-17,Churned,Support / SLA Frustration,0.889,69,4,11586,16,1,116.8,0,1.8,1
CUST-11670,Stratum Analytics 211,Mid-Market,Healthcare,United States,2024-09-09,SUB-21670,Growth,Monthly,1712.35,74,2024-09-09,,Active,,0.571,49,0,13283,2,3,5.3,0,4.2,0
CUST-11671,Sync Tech 211,SMB,Logistics & Supply Chain,United States,2024-09-09,SUB-21671,Starter,Monthly,745.25,12,2024-09-09,,Active,,0.862,73,3,15390,5,6,85.3,2,3.0,0
CUST-11672,Vanguard Sphere 211,SMB,Fintech,United States,2024-09-09,SUB-21672,Starter,Monthly,484.37,5,2024-09-09,,Active,,1.0,95,5,8501,4,3,16.3,0,4.7,0
CUST-11673,Omni Labs 211,SMB,Fintech,India,2024-09-09,SUB-21673,Growth,Annual,227.62,7,2024-09-09,,Active,,1.0,78,2,14637,0,1,21.4,0,4.4,0
CUST-11674,Hyper Flow 211,SMB,Fintech,United States,2024-09-10,SUB-21674,Starter,Annual,154.67,13,2024-09-10,,Active,,0.5,86,4,142767,3,4,13.3,0,4.1,0
CUST-11675,Zenith Corp 211,Mid-Market,Logistics & Supply Chain,United States,2024-09-10,SUB-21675,Growth,Annual,2810.25,41,2024-09-10,,Active,,0.79,50,2,3449,3,4,18.9,0,4.9,0
CUST-11676,Quantum Stack 211,Enterprise,E-Commerce,United States,2024-09-10,SUB-21676,Scale,Annual,8690.85,227,2024-09-10,,Active,,1.0,40,7,1508,4,2,20.3,0,5.0,0
CUST-11677,Nexus AI 211,Mid-Market,Healthcare,United Kingdom,2024-09-11,SUB-21677,Growth,Monthly,2687.79,95,2024-09-11,,Active,,0.766,81,4,54710,6,5,15.6,0,4.5,0
CUST-11678,Vertex Scale 211,Mid-Market,E-Commerce,United Kingdom,2024-09-11,SUB-21678,Growth,Annual,1518.9,81,2024-09-11,,Active,,0.847,92,5,764,2,3,4.8,0,4.1,0
CUST-11679,Blue Systems 211,SMB,E-Commerce,United States,2024-09-11,SUB-21679,Starter,Monthly,385.43,18,2024-09-11,2024-12-14,Churned,Competitor Alternative,0.491,26,4,30103,4,2,21.3,0,4.4,1
CUST-11680,Apex Logic 212,Mid-Market,SaaS / Tech,United States,2024-09-11,SUB-21680,Scale,Monthly,1386.62,44,2024-09-11,2024-11-22,Churned,Support / SLA Frustration,0.675,75,5,7812,8,6,80.8,5,1.9,1
CUST-11681,Cloud Hub 212,SMB,Fintech,United States,2024-09-11,SUB-21681,Growth,Monthly,405.41,19,2024-09-11,,Active,,0.813,48,4,591,8,3,8.2,0,3.9,0
CUST-11682,Data Pay 212,SMB,Logistics & Supply Chain,United Kingdom,2024-09-11,SUB-21682,Starter,Monthly,487.9,14,2024-09-11,2025-03-17,Churned,Low Adoption & License Waste,0.222,67,3,4057,3,5,12.0,0,4.7,1
CUST-11683,Nova Works 212,SMB,Healthcare,United States,2024-09-11,SUB-21683,Starter,Monthly,505.99,17,2024-09-11,,Active,,0.771,94,4,22524,13,4,2.5,0,4.2,0
CUST-11684,Pulse Security 212,Enterprise,SaaS / Tech,India,2024-09-12,SUB-21684,Enterprise Plus,Annual,9633.85,376,2024-09-12,,Active,,0.802,40,6,112464,3,2,83.9,0,2.3,0
CUST-11685,Stratum Analytics 212,SMB,Fintech,United States,2024-09-12,SUB-21685,Starter,Annual,414.42,19,2024-09-12,,Active,,0.893,88,3,5363,0,4,8.2,0,5.0,0
CUST-11686,Sync Tech 212,SMB,Healthcare,United States,2024-09-12,SUB-21686,Starter,Monthly,404.06,24,2024-09-12,,Active,,0.352,60,4,11211,7,3,115.3,1,1.4,0
CUST-11687,Vanguard Sphere 212,Mid-Market,Healthcare,Canada,2024-09-12,SUB-21687,Growth,Annual,2147.03,65,2024-09-12,,Active,,0.693,51,2,7464,5,3,12.1,0,4.6,0
CUST-11688,Omni Labs 212,SMB,E-Commerce,United States,2024-09-12,SUB-21688,Starter,Annual,543.4,12,2024-09-12,2025-03-08,Churned,Price / Budget Cuts,0.864,49,3,1147,0,6,5.6,0,4.0,1
CUST-11689,Hyper Flow 212,SMB,Fintech,United Kingdom,2024-09-12,SUB-21689,Starter,Monthly,599.43,12,2024-09-12,,Active,,1.0,92,4,23336,3,2,10.8,0,4.0,0
CUST-11690,Zenith Corp 212,Mid-Market,SaaS / Tech,United States,2024-09-12,SUB-21690,Growth,Annual,3425.34,90,2024-09-12,,Active,,0.657,72,5,9121,36,3,6.6,0,4.8,0
CUST-11691,Quantum Stack 212,SMB,Fintech,United Kingdom,2024-09-12,SUB-21691,Starter,Annual,225.58,12,2024-09-12,,Active,,0.268,55,4,5342,4,2,19.5,0,4.7,0
CUST-11692,Nexus AI 212,Mid-Market,SaaS / Tech,Canada,2024-09-12,SUB-21692,Growth,Monthly,1860.98,75,2024-09-12,,Active,,0.772,68,7,6511,0,6,7.2,0,3.8,0
CUST-11693,Vertex Scale 212,Enterprise,Logistics & Supply Chain,India,2024-09-12,SUB-21693,Enterprise Plus,Annual,6640.63,331,2024-09-12,,Active,,0.92,88,4,22630,3,4,9.6,0,4.4,0
CUST-11694,Blue Systems 212,Mid-Market,E-Commerce,United States,2024-09-13,SUB-21694,Growth,Monthly,1915.88,56,2024-09-13,,Active,,0.482,100,5,19537,3,5,2.3,0,4.0,0
CUST-11695,Apex Logic 213,Enterprise,SaaS / Tech,United States,2024-09-13,SUB-21695,Enterprise Plus,Annual,14206.72,116,2024-09-13,,Active,,0.56,36,5,14463,5,3,14.8,0,3.8,0
CUST-11696,Cloud Hub 213,Enterprise,SaaS / Tech,United States,2024-09-13,SUB-21696,Enterprise Plus,Annual,8755.32,364,2024-09-13,,Active,,0.862,51,6,47471,4,4,13.3,0,4.4,0
CUST-11697,Data Pay 213,Enterprise,Healthcare,India,2024-09-13,SUB-21697,Scale,Annual,13990.59,360,2024-09-13,,Active,,0.714,80,3,14061,5,5,12.3,0,4.9,0
CUST-11698,Nova Works 213,SMB,Logistics & Supply Chain,India,2024-09-13,SUB-21698,Starter,Monthly,212.77,10,2024-09-13,,Active,,0.761,51,2,98195,3,6,17.3,0,4.9,0
CUST-11699,Pulse Security 213,SMB,Healthcare,United States,2024-09-13,SUB-21699,Starter,Annual,746.0,8,2024-09-13,,Active,,0.45,89,6,3253,8,2,12.1,0,4.6,0
CUST-11700,Stratum Analytics 213,SMB,E-Commerce,United States,2024-09-14,SUB-21700,Growth,Monthly,746.51,13,2024-09-14,2025-02-05,Churned,Support / SLA Frustration,0.929,55,1,11512,7,4,57.2,0,1.7,1
CUST-11701,Sync Tech 213,Mid-Market,SaaS / Tech,United States,2024-09-14,SUB-21701,Scale,Monthly,1401.39,60,2024-09-14,,Active,,0.907,100,5,4808,9,9,9.3,0,5.0,0
CUST-11702,Vanguard Sphere 213,Mid-Market,Healthcare,United States,2024-09-14,SUB-21702,Growth,Monthly,2586.08,40,2024-09-14,,Active,,0.924,37,3,26664,1,6,51.8,5,2.7,0
CUST-11703,Omni Labs 213,SMB,Healthcare,United States,2024-09-14,SUB-21703,Growth,Annual,627.92,5,2024-09-14,,Active,,0.539,74,5,51559,3,7,7.1,0,3.9,0
CUST-11704,Hyper Flow 213,Mid-Market,E-Commerce,United States,2024-09-14,SUB-21704,Scale,Annual,1628.55,79,2024-09-14,,Active,,0.717,58,3,29072,7,3,17.9,0,4.1,0
CUST-11705,Zenith Corp 213,Enterprise,Logistics & Supply Chain,United Kingdom,2024-09-14,SUB-21705,Scale,Annual,16855.85,119,2024-09-14,,Active,,0.264,100,3,9345,3,3,23.5,0,5.0,0
CUST-11706,Quantum Stack 213,SMB,Cybersecurity,India,2024-09-15,SUB-21706,Growth,Annual,199.88,7,2024-09-15,,Active,,0.911,82,6,7961,10,6,7.2,0,4.4,0
CUST-11707,Nexus AI 213,Mid-Market,E-Commerce,Australia,2024-09-15,SUB-21707,Scale,Annual,3500.61,99,2024-09-15,,Active,,0.498,94,5,16711,1,9,17.2,0,4.9,0
CUST-11708,Vertex Scale 213,SMB,SaaS / Tech,United States,2024-09-15,SUB-21708,Starter,Monthly,610.83,12,2024-09-15,2024-10-23,Churned,Support / SLA Frustration,0.271,44,2,36091,0,5,79.9,1,2.8,1
CUST-11709,Blue Systems 213,SMB,Cybersecurity,United Kingdom,2024-09-15,SUB-21709,Starter,Monthly,606.29,20,2024-09-15,2025-03-18,Churned,Competitor Alternative,0.559,70,4,51327,0,7,16.4,0,4.2,1
CUST-11710,Apex Logic 214,Mid-Market,Fintech,Germany,2024-09-15,SUB-21710,Growth,Annual,3569.63,28,2024-09-15,,Active,,0.773,43,4,58139,0,1,12.3,0,5.0,0
CUST-11711,Cloud Hub 214,Enterprise,Fintech,United States,2024-09-15,SUB-21711,Enterprise Plus,Annual,15811.65,462,2024-09-15,,Active,,1.0,64,5,49920,6,5,20.2,0,4.4,0
CUST-11712,Data Pay 214,SMB,SaaS / Tech,Canada,2024-09-15,SUB-21712,Starter,Annual,422.83,10,2024-09-15,,Active,,0.763,84,5,4907,6,4,18.1,0,4.5,0
CUST-11713,Nova Works 214,Mid-Market,Logistics & Supply Chain,United States,2024-09-15,SUB-21713,Growth,Monthly,1508.5,51,2024-09-15,2025-03-30,Churned,Competitor Alternative,0.845,44,3,69095,0,6,19.9,0,5.0,1
CUST-11714,Pulse Security 214,Enterprise,Logistics & Supply Chain,United States,2024-09-15,SUB-21714,Enterprise Plus,Annual,8904.72,365,2024-09-15,,Active,,1.0,64,4,30633,18,5,22.0,0,3.9,0
CUST-11715,Stratum Analytics 214,SMB,Healthcare,United States,2024-09-15,SUB-21715,Growth,Monthly,270.88,5,2024-09-15,2025-04-09,Churned,Support / SLA Frustration,0.267,14,4,13724,2,4,112.0,2,3.0,1
CUST-11716,Sync Tech 214,Enterprise,Fintech,United States,2024-09-16,SUB-21716,Enterprise Plus,Annual,13917.66,130,2024-09-16,,Active,,0.919,71,3,28279,0,3,3.4,0,4.2,0
CUST-11717,Vanguard Sphere 214,SMB,Healthcare,Canada,2024-09-16,SUB-21717,Starter,Monthly,365.49,8,2024-09-16,,Active,,0.583,43,6,11573,3,2,22.6,0,4.4,0
CUST-11718,Omni Labs 214,SMB,Fintech,United States,2024-09-16,SUB-21718,Starter,Monthly,150.79,16,2024-09-16,,Active,,0.918,59,4,22299,0,9,60.7,3,2.4,0
CUST-11719,Hyper Flow 214,Mid-Market,Healthcare,United States,2024-09-16,SUB-21719,Scale,Monthly,2785.1,72,2024-09-16,,Active,,0.844,80,7,1792,1,5,62.2,3,2.3,0
CUST-11720,Zenith Corp 214,Enterprise,SaaS / Tech,United States,2024-09-16,SUB-21720,Scale,Annual,12856.42,107,2024-09-16,,Active,,0.588,58,5,36489,3,9,15.7,0,3.9,0
CUST-11721,Quantum Stack 214,Enterprise,Fintech,Germany,2024-09-16,SUB-21721,Enterprise Plus,Annual,7728.86,339,2024-09-16,,Active,,0.746,34,2,23485,2,9,19.7,0,4.2,0
CUST-11722,Nexus AI 214,Mid-Market,Logistics & Supply Chain,United States,2024-09-16,SUB-21722,Growth,Annual,2242.62,93,2024-09-16,,Active,,0.813,40,4,1062,1,5,18.5,0,4.3,0
CUST-11723,Vertex Scale 214,Enterprise,Healthcare,United Kingdom,2024-09-16,SUB-21723,Enterprise Plus,Annual,4977.24,131,2024-09-16,,Active,,0.694,23,4,1108,1,4,19.2,0,4.4,0
CUST-11724,Blue Systems 214,SMB,E-Commerce,United Kingdom,2024-09-17,SUB-21724,Starter,Monthly,340.66,9,2024-09-17,,Active,,0.441,82,2,103899,21,3,3.4,0,5.0,0
CUST-11725,Apex Logic 215,Enterprise,Fintech,United States,2024-09-17,SUB-21725,Enterprise Plus,Annual,7827.65,272,2024-09-17,,Active,,0.748,93,6,14372,19,4,22.4,0,4.8,0
CUST-11726,Cloud Hub 215,SMB,Healthcare,United States,2024-09-17,SUB-21726,Starter,Monthly,332.84,12,2024-09-17,,Active,,0.37,59,4,21728,1,4,20.6,0,3.8,0
CUST-11727,Data Pay 215,SMB,Fintech,Canada,2024-09-17,SUB-21727,Growth,Monthly,641.46,22,2024-09-17,2025-03-02,Churned,Support / SLA Frustration,0.634,44,6,54981,4,4,94.9,2,2.7,1
CUST-11728,Nova Works 215,SMB,Cybersecurity,United States,2024-09-17,SUB-21728,Starter,Monthly,471.02,20,2024-09-17,,Active,,0.911,100,4,37021,3,1,21.3,0,4.0,0
CUST-11729,Pulse Security 215,SMB,Logistics & Supply Chain,United States,2024-09-17,SUB-21729,Starter,Annual,630.04,20,2024-09-17,,Active,,0.614,41,3,7177,14,4,8.0,0,4.4,0
CUST-11730,Stratum Analytics 215,Mid-Market,E-Commerce,Canada,2024-09-17,SUB-21730,Scale,Annual,1687.69,47,2024-09-17,,Active,,0.913,41,4,30269,1,3,5.1,0,4.2,0
CUST-11731,Sync Tech 215,SMB,Fintech,United States,2024-09-17,SUB-21731,Starter,Annual,362.79,8,2024-09-17,,Active,,0.659,66,4,10631,0,6,17.0,0,4.9,0
CUST-11732,Vanguard Sphere 215,SMB,Cybersecurity,United States,2024-09-17,SUB-21732,Starter,Monthly,658.53,5,2024-09-17,,Active,,0.475,85,6,57580,0,8,2.6,0,4.4,0
CUST-11733,Omni Labs 215,Mid-Market,Healthcare,United States,2024-09-17,SUB-21733,Growth,Annual,1147.22,77,2024-09-17,,Active,,1.0,76,3,43667,1,1,11.8,0,4.1,0
CUST-11734,Hyper Flow 215,Enterprise,Fintech,United States,2024-09-17,SUB-21734,Enterprise Plus,Annual,10902.26,443,2024-09-17,,Active,,0.744,64,4,39371,3,6,7.8,0,4.7,0
CUST-11735,Zenith Corp 215,SMB,E-Commerce,Canada,2024-09-17,SUB-21735,Starter,Annual,204.74,20,2024-09-17,,Active,,0.958,71,3,4583,15,2,3.5,0,4.1,0
CUST-11736,Quantum Stack 215,Mid-Market,Cybersecurity,United Kingdom,2024-09-18,SUB-21736,Growth,Annual,2707.02,30,2024-09-18,,Active,,0.527,64,5,10181,11,3,6.1,0,4.3,0
CUST-11737,Nexus AI 215,Mid-Market,Fintech,United Kingdom,2024-09-18,SUB-21737,Growth,Annual,900.7,77,2024-09-18,2025-05-30,Churned,Leadership Transition,0.617,65,2,53146,0,3,18.0,0,4.4,1
CUST-11738,Vertex Scale 215,Mid-Market,Fintech,Canada,2024-09-18,SUB-21738,Growth,Annual,1575.71,85,2024-09-18,,Active,,0.823,62,7,46649,4,7,14.7,0,4.1,0
CUST-11739,Blue Systems 215,Mid-Market,Cybersecurity,United States,2024-09-18,SUB-21739,Growth,Monthly,2212.99,42,2024-09-18,,Active,,0.855,76,6,29431,0,4,7.2,0,4.2,0
CUST-11740,Apex Logic 216,SMB,Fintech,United States,2024-09-18,SUB-21740,Growth,Monthly,202.52,13,2024-09-18,2025-07-15,Churned,Price / Budget Cuts,0.811,37,6,127366,0,5,4.7,0,4.1,1
CUST-11741,Cloud Hub 216,SMB,Fintech,United States,2024-09-18,SUB-21741,Starter,Annual,708.07,22,2024-09-18,2025-08-03,Churned,Switched Tool,0.445,42,0,8324,5,4,4.4,0,4.0,1
CUST-11742,Data Pay 216,SMB,E-Commerce,United States,2024-09-18,SUB-21742,Starter,Monthly,600.26,9,2024-09-18,,Active,,0.586,84,4,35332,18,7,19.9,0,4.1,0
CUST-11743,Nova Works 216,Enterprise,Logistics & Supply Chain,Australia,2024-09-19,SUB-21743,Enterprise Plus,Annual,13328.63,382,2024-09-19,,Active,,0.563,36,4,82751,1,9,6.5,0,4.9,0
CUST-11744,Pulse Security 216,Mid-Market,E-Commerce,Germany,2024-09-19,SUB-21744,Scale,Monthly,1904.85,90,2024-09-19,2024-10-22,Churned,Support / SLA Frustration,0.888,82,7,21743,1,3,110.6,1,2.3,1
CUST-11745,Stratum Analytics 216,Mid-Market,Cybersecurity,United States,2024-09-19,SUB-21745,Growth,Annual,1041.1,73,2024-09-19,,Active,,0.556,72,4,14463,3,3,22.9,0,4.5,0
CUST-11746,Sync Tech 216,Enterprise,SaaS / Tech,United States,2024-09-19,SUB-21746,Scale,Annual,13228.99,111,2024-09-19,,Active,,0.479,79,4,54299,6,4,20.3,0,4.8,0
CUST-11747,Vanguard Sphere 216,Mid-Market,Fintech,United States,2024-09-19,SUB-21747,Scale,Monthly,2817.25,27,2024-09-19,,Active,,0.912,83,4,14982,4,2,13.4,0,4.4,0
CUST-11748,Omni Labs 216,SMB,Cybersecurity,United States,2024-09-19,SUB-21748,Growth,Monthly,358.42,11,2024-09-19,2024-10-20,Churned,Switched Tool,0.556,55,4,8491,8,7,7.2,0,4.6,1
CUST-11749,Hyper Flow 216,Enterprise,Healthcare,United States,2024-09-20,SUB-21749,Enterprise Plus,Monthly,7902.8,140,2024-09-20,,Active,,0.495,90,2,5952,1,3,20.9,0,3.9,0
CUST-11750,Zenith Corp 216,SMB,Healthcare,United Kingdom,2024-09-20,SUB-21750,Growth,Annual,693.93,11,2024-09-20,,Active,,0.591,91,3,11594,0,6,20.4,0,4.8,0
CUST-11751,Quantum Stack 216,Mid-Market,E-Commerce,Germany,2024-09-20,SUB-21751,Growth,Annual,3516.54,81,2024-09-20,,Active,,0.634,72,4,5203,0,5,17.1,0,4.1,0
CUST-11752,Nexus AI 216,Enterprise,Healthcare,Canada,2024-09-20,SUB-21752,Enterprise Plus,Annual,6993.37,223,2024-09-20,2024-11-26,Churned,Support / SLA Frustration,0.667,88,4,1559,3,4,57.3,1,1.9,1
CUST-11753,Vertex Scale 216,Mid-Market,Fintech,United States,2024-09-20,SUB-21753,Growth,Monthly,3586.73,53,2024-09-20,,Active,,0.447,78,4,10380,8,2,4.9,0,4.2,0
CUST-11754,Blue Systems 216,SMB,Fintech,United States,2024-09-20,SUB-21754,Growth,Monthly,216.0,22,2024-09-20,,Active,,0.658,46,4,13999,23,8,13.3,0,4.6,0
CUST-11755,Apex Logic 217,SMB,Healthcare,United Kingdom,2024-09-20,SUB-21755,Starter,Monthly,304.93,11,2024-09-20,2025-05-28,Churned,Low Adoption & License Waste,0.362,71,5,5355,4,3,5.7,0,4.7,1
CUST-11756,Cloud Hub 217,SMB,Logistics & Supply Chain,Germany,2024-09-21,SUB-21756,Starter,Monthly,632.48,6,2024-09-21,2025-03-20,Churned,Support / SLA Frustration,0.578,66,3,81335,1,3,107.4,1,2.0,1
CUST-11757,Data Pay 217,Mid-Market,E-Commerce,Germany,2024-09-21,SUB-21757,Scale,Monthly,3375.81,29,2024-09-21,,Active,,0.655,100,4,10411,4,4,11.8,0,4.0,0
CUST-11758,Nova Works 217,Enterprise,Cybersecurity,India,2024-09-21,SUB-21758,Enterprise Plus,Annual,5936.86,295,2024-09-21,,Active,,0.864,100,6,17910,6,10,69.2,6,1.6,0
CUST-11759,Pulse Security 217,SMB,Healthcare,United Kingdom,2024-09-21,SUB-21759,Starter,Annual,309.17,24,2024-09-21,,Active,,0.603,74,4,11768,3,2,14.2,0,4.5,0
CUST-11760,Stratum Analytics 217,Mid-Market,Healthcare,Canada,2024-09-21,SUB-21760,Growth,Annual,2455.01,75,2024-09-21,,Active,,0.873,62,4,35430,0,2,84.4,0,2.9,0
CUST-11761,Sync Tech 217,SMB,Fintech,United States,2024-09-22,SUB-21761,Growth,Monthly,143.2,12,2024-09-22,2024-12-24,Churned,Support / SLA Frustration,0.76,92,5,5755,0,2,109.8,1,2.3,1
CUST-11762,Vanguard Sphere 217,Enterprise,Fintech,United Kingdom,2024-09-22,SUB-21762,Enterprise Plus,Monthly,12629.7,120,2024-09-22,,Active,,0.744,51,4,1332,5,3,4.7,0,4.7,0
CUST-11763,Omni Labs 217,Mid-Market,Healthcare,United States,2024-09-22,SUB-21763,Growth,Annual,3070.76,29,2024-09-22,,Active,,0.851,62,5,9908,1,4,98.3,3,1.3,0
CUST-11764,Hyper Flow 217,Mid-Market,SaaS / Tech,United States,2024-09-22,SUB-21764,Growth,Annual,2241.68,55,2024-09-22,,Active,,0.346,68,5,13302,7,5,2.3,0,5.0,0
CUST-11765,Zenith Corp 217,Mid-Market,Cybersecurity,United Kingdom,2024-09-22,SUB-21765,Growth,Monthly,1970.88,66,2024-09-22,,Active,,0.993,73,3,23589,5,4,5.3,0,4.3,0
CUST-11766,Quantum Stack 217,SMB,Cybersecurity,United States,2024-09-22,SUB-21766,Starter,Monthly,506.69,14,2024-09-22,,Active,,0.737,55,0,10209,0,5,19.8,0,4.2,0
CUST-11767,Nexus AI 217,Mid-Market,Fintech,United States,2024-09-22,SUB-21767,Scale,Monthly,3230.36,58,2024-09-22,2024-11-09,Churned,Low Adoption & License Waste,0.385,30,2,14239,5,2,21.0,0,4.8,1
CUST-11768,Vertex Scale 217,Mid-Market,Logistics & Supply Chain,United States,2024-09-22,SUB-21768,Growth,Monthly,1541.61,53,2024-09-22,,Active,,0.467,49,7,21444,12,4,11.0,0,3.9,0
CUST-11769,Blue Systems 217,Mid-Market,Healthcare,United States,2024-09-22,SUB-21769,Scale,Annual,2167.22,69,2024-09-22,,Active,,0.686,28,6,11698,19,2,11.9,0,4.5,0
CUST-11770,Apex Logic 218,Mid-Market,Fintech,United States,2024-09-22,SUB-21770,Scale,Monthly,1714.15,63,2024-09-22,,Active,,1.0,61,4,1636,0,2,57.1,1,1.2,0
CUST-11771,Cloud Hub 218,SMB,Logistics & Supply Chain,United States,2024-09-23,SUB-21771,Starter,Annual,608.16,7,2024-09-23,,Active,,0.624,89,5,4284,5,10,104.6,6,2.2,0
CUST-11772,Data Pay 218,SMB,E-Commerce,United States,2024-09-23,SUB-21772,Starter,Monthly,639.03,20,2024-09-23,2025-08-31,Churned,Support / SLA Frustration,0.619,46,6,2576,0,5,66.8,3,1.5,1
CUST-11773,Nova Works 218,SMB,Fintech,United States,2024-09-23,SUB-21773,Growth,Monthly,195.97,15,2024-09-23,2025-03-06,Churned,Low Adoption & License Waste,0.354,99,6,10883,0,6,19.6,0,4.6,1
CUST-11774,Pulse Security 218,SMB,Healthcare,Australia,2024-09-23,SUB-21774,Starter,Monthly,645.45,14,2024-09-23,,Active,,0.543,76,6,41274,3,4,18.4,0,4.5,0
CUST-11775,Stratum Analytics 218,Mid-Market,Healthcare,United States,2024-09-24,SUB-21775,Growth,Annual,1563.0,91,2024-09-24,2025-06-28,Churned,Internal Restructuring,0.961,91,4,37901,4,4,15.1,0,4.5,1
CUST-11776,Sync Tech 218,SMB,SaaS / Tech,United States,2024-09-24,SUB-21776,Starter,Monthly,439.19,18,2024-09-24,,Active,,0.933,92,7,40562,5,7,16.5,0,4.9,0
CUST-11777,Vanguard Sphere 218,Mid-Market,E-Commerce,United Kingdom,2024-09-24,SUB-21777,Scale,Monthly,3621.03,98,2024-09-24,2025-08-01,Churned,Support / SLA Frustration,0.82,100,3,1403,0,4,88.4,1,1.8,1
CUST-11778,Omni Labs 218,Mid-Market,Cybersecurity,Germany,2024-09-24,SUB-21778,Scale,Monthly,3604.6,55,2024-09-24,,Active,,0.656,47,5,90447,0,2,3.7,0,4.9,0
CUST-11779,Hyper Flow 218,SMB,Fintech,United Kingdom,2024-09-24,SUB-21779,Growth,Monthly,689.61,21,2024-09-24,,Active,,0.896,49,6,1089,10,5,6.4,0,4.0,0
CUST-11780,Zenith Corp 218,Enterprise,Healthcare,United States,2024-09-24,SUB-21780,Enterprise Plus,Annual,9008.41,406,2024-09-24,,Active,,0.6,57,6,24993,1,9,4.3,0,3.9,0
CUST-11781,Quantum Stack 218,SMB,E-Commerce,United Kingdom,2024-09-24,SUB-21781,Starter,Monthly,476.2,17,2024-09-24,,Active,,0.562,65,6,10261,5,8,5.2,0,4.2,0
CUST-11782,Nexus AI 218,Mid-Market,E-Commerce,Canada,2024-09-24,SUB-21782,Scale,Monthly,3180.27,68,2024-09-24,,Active,,0.989,100,6,2780,2,4,23.5,0,4.7,0
CUST-11783,Vertex Scale 218,SMB,Healthcare,Canada,2024-09-24,SUB-21783,Growth,Monthly,252.22,23,2024-09-24,,Active,,0.936,72,5,10456,11,5,5.5,0,5.0,0
CUST-11784,Blue Systems 218,SMB,SaaS / Tech,United Kingdom,2024-09-24,SUB-21784,Starter,Monthly,414.4,12,2024-09-24,,Active,,0.581,38,5,33075,3,2,18.1,0,4.6,0
CUST-11785,Apex Logic 219,SMB,Logistics & Supply Chain,Germany,2024-09-25,SUB-21785,Starter,Annual,406.47,14,2024-09-25,,Active,,0.614,79,5,32270,5,3,9.7,0,4.5,0
CUST-11786,Cloud Hub 219,SMB,Cybersecurity,Germany,2024-09-25,SUB-21786,Starter,Monthly,723.11,18,2024-09-25,,Active,,0.344,56,4,7185,3,5,85.1,3,2.8,0
CUST-11787,Data Pay 219,SMB,Logistics & Supply Chain,United Kingdom,2024-09-25,SUB-21787,Growth,Monthly,514.96,6,2024-09-25,2025-09-14,Churned,Support / SLA Frustration,0.485,86,3,96121,17,5,89.9,2,1.8,1
CUST-11788,Nova Works 219,Enterprise,Logistics & Supply Chain,United States,2024-09-25,SUB-21788,Scale,Annual,9842.12,419,2024-09-25,,Active,,0.744,69,5,7921,13,2,20.2,0,4.4,0
CUST-11789,Pulse Security 219,SMB,E-Commerce,United Kingdom,2024-09-25,SUB-21789,Starter,Monthly,732.57,7,2024-09-25,2025-09-13,Churned,Support / SLA Frustration,0.159,76,2,40667,5,3,118.0,0,3.1,1
CUST-11790,Stratum Analytics 219,Mid-Market,Logistics & Supply Chain,Germany,2024-09-25,SUB-21790,Growth,Monthly,1785.92,45,2024-09-25,,Active,,0.742,53,3,33885,12,5,19.9,0,5.0,0
CUST-11791,Sync Tech 219,SMB,Healthcare,United States,2024-09-26,SUB-21791,Growth,Monthly,607.5,15,2024-09-26,,Active,,0.827,67,4,1137,3,2,9.6,0,4.0,0
CUST-11792,Vanguard Sphere 219,SMB,Healthcare,Australia,2024-09-26,SUB-21792,Starter,Monthly,411.59,15,2024-09-26,,Active,,0.867,74,6,559,2,5,5.1,0,4.6,0
CUST-11793,Omni Labs 219,SMB,Healthcare,United States,2024-09-26,SUB-21793,Starter,Monthly,595.36,18,2024-09-26,2025-04-22,Churned,Support / SLA Frustration,0.946,73,5,16274,0,4,50.4,2,2.6,1
CUST-11794,Hyper Flow 219,Enterprise,E-Commerce,United States,2024-09-26,SUB-21794,Enterprise Plus,Annual,5595.65,430,2024-09-26,,Active,,0.775,36,5,9208,1,2,6.3,0,4.6,0
CUST-11795,Zenith Corp 219,Enterprise,Healthcare,Germany,2024-09-26,SUB-21795,Enterprise Plus,Annual,5293.93,412,2024-09-26,,Active,,0.489,67,2,22411,14,3,16.2,0,4.1,0
CUST-11796,Quantum Stack 219,SMB,Cybersecurity,United States,2024-09-26,SUB-21796,Starter,Monthly,294.85,23,2024-09-26,2025-02-13,Churned,Price / Budget Cuts,1.0,74,5,26652,1,7,14.9,0,3.9,1
CUST-11797,Nexus AI 219,Enterprise,Healthcare,United States,2024-09-26,SUB-21797,Enterprise Plus,Monthly,8537.59,254,2024-09-26,,Active,,0.512,46,5,23009,6,5,18.9,0,4.2,0
CUST-11798,Vertex Scale 219,Enterprise,Fintech,United States,2024-09-26,SUB-21798,Enterprise Plus,Annual,12309.77,255,2024-09-26,,Active,,0.825,73,3,6867,2,2,5.9,0,4.9,0
CUST-11799,Blue Systems 219,Enterprise,E-Commerce,United States,2024-09-26,SUB-21799,Enterprise Plus,Annual,10402.4,379,2024-09-26,,Active,,0.675,68,6,26664,2,3,15.2,0,4.1,0
CUST-11800,Apex Logic 220,SMB,Fintech,United States,2024-09-26,SUB-21800,Starter,Annual,564.22,15,2024-09-26,,Active,,0.968,75,5,6498,15,3,64.7,1,1.6,0
CUST-11801,Cloud Hub 220,SMB,Fintech,United States,2024-09-26,SUB-21801,Starter,Monthly,699.53,7,2024-09-26,,Active,,0.659,68,3,105782,5,2,19.6,0,4.3,0
CUST-11802,Data Pay 220,Mid-Market,Fintech,United States,2024-09-26,SUB-21802,Growth,Monthly,1105.24,26,2024-09-26,,Active,,1.0,79,4,7727,1,4,9.4,0,5.0,0
CUST-11803,Nova Works 220,Mid-Market,E-Commerce,Australia,2024-09-27,SUB-21803,Growth,Monthly,1366.09,87,2024-09-27,,Active,,0.678,86,3,6448,1,8,16.6,0,4.7,0
CUST-11804,Pulse Security 220,Mid-Market,Healthcare,Australia,2024-09-27,SUB-21804,Scale,Annual,2395.89,97,2024-09-27,,Active,,0.54,90,4,114652,5,2,10.7,0,4.5,0
CUST-11805,Stratum Analytics 220,SMB,SaaS / Tech,United States,2024-09-27,SUB-21805,Starter,Monthly,513.43,7,2024-09-27,,Active,,0.638,53,2,26649,7,1,20.2,0,4.1,0
CUST-11806,Sync Tech 220,SMB,SaaS / Tech,Canada,2024-09-27,SUB-21806,Starter,Annual,324.56,6,2024-09-27,,Active,,0.783,86,7,27957,1,4,20.0,0,4.4,0
CUST-11807,Vanguard Sphere 220,Mid-Market,Healthcare,United States,2024-09-27,SUB-21807,Scale,Monthly,1077.78,57,2024-09-27,,Active,,0.582,38,4,57846,2,4,2.7,0,4.4,0
CUST-11808,Omni Labs 220,Mid-Market,Healthcare,United States,2024-09-27,SUB-21808,Growth,Annual,1836.48,54,2024-09-27,,Active,,0.594,91,3,36570,1,1,21.9,0,4.4,0
CUST-11809,Hyper Flow 220,Enterprise,Healthcare,United States,2024-09-27,SUB-21809,Enterprise Plus,Annual,11199.75,198,2024-09-27,,Active,,0.855,47,4,19264,10,1,3.1,0,4.9,0
CUST-11810,Zenith Corp 220,SMB,SaaS / Tech,Australia,2024-09-28,SUB-21810,Starter,Monthly,171.48,24,2024-09-28,,Active,,0.96,67,3,10349,4,1,23.2,0,4.4,0
CUST-11811,Quantum Stack 220,SMB,Fintech,India,2024-09-28,SUB-21811,Starter,Monthly,749.63,7,2024-09-28,2025-02-22,Churned,Price / Budget Cuts,0.738,78,2,25685,1,5,11.7,0,4.8,1
CUST-11812,Nexus AI 220,Mid-Market,Fintech,United States,2024-09-28,SUB-21812,Growth,Monthly,993.35,76,2024-09-28,,Active,,0.994,72,2,30701,0,4,9.2,0,4.4,0
CUST-11813,Vertex Scale 220,Enterprise,SaaS / Tech,United States,2024-09-28,SUB-21813,Scale,Annual,6661.03,462,2024-09-28,,Active,,0.552,66,5,24901,11,4,5.3,0,4.1,0
CUST-11814,Blue Systems 220,Enterprise,E-Commerce,United States,2024-09-28,SUB-21814,Scale,Annual,12432.95,238,2024-09-28,,Active,,0.898,62,7,29898,5,4,50.5,1,2.8,0
CUST-11815,Apex Logic 221,SMB,Fintech,United Kingdom,2024-09-29,SUB-21815,Starter,Annual,591.39,17,2024-09-29,,Active,,0.822,69,3,26600,6,2,7.0,0,4.4,0
CUST-11816,Cloud Hub 221,Mid-Market,Fintech,United Kingdom,2024-09-29,SUB-21816,Growth,Annual,2621.01,83,2024-09-29,,Active,,0.734,100,4,18754,9,8,6.5,0,4.5,0
CUST-11817,Data Pay 221,SMB,Cybersecurity,United States,2024-09-29,SUB-21817,Starter,Annual,255.04,18,2024-09-29,,Active,,0.905,77,6,3877,2,4,12.2,0,3.9,0
CUST-11818,Nova Works 221,SMB,Logistics & Supply Chain,Canada,2024-09-29,SUB-21818,Growth,Annual,312.88,6,2024-09-29,2025-07-14,Churned,Support / SLA Frustration,0.993,74,3,7997,5,2,78.9,0,2.7,1
CUST-11819,Pulse Security 221,Mid-Market,SaaS / Tech,United States,2024-09-29,SUB-21819,Growth,Annual,3570.5,31,2024-09-29,,Active,,0.721,82,5,86274,13,3,20.8,0,5.0,0
CUST-11820,Stratum Analytics 221,Mid-Market,E-Commerce,India,2024-09-29,SUB-21820,Scale,Annual,3252.66,63,2024-09-29,,Active,,1.0,63,6,70792,30,2,23.1,0,4.3,0
CUST-11821,Sync Tech 221,Enterprise,E-Commerce,United Kingdom,2024-09-29,SUB-21821,Scale,Monthly,5616.91,339,2024-09-29,2025-02-04,Churned,Support / SLA Frustration,0.69,70,4,15083,5,4,92.3,2,2.9,1
CUST-11822,Vanguard Sphere 221,SMB,Cybersecurity,United States,2024-09-29,SUB-21822,Growth,Annual,468.95,21,2024-09-29,,Active,,0.809,68,4,26649,9,4,6.3,0,4.6,0
CUST-11823,Omni Labs 221,SMB,Cybersecurity,Canada,2024-09-30,SUB-21823,Growth,Monthly,295.35,18,2024-09-30,,Active,,0.828,92,4,3454,3,5,20.7,0,4.4,0
CUST-11824,Hyper Flow 221,SMB,Fintech,Germany,2024-09-30,SUB-21824,Growth,Monthly,658.18,6,2024-09-30,,Active,,1.0,64,4,10397,8,5,14.6,0,4.4,0
CUST-11825,Zenith Corp 221,SMB,Logistics & Supply Chain,United States,2024-09-30,SUB-21825,Starter,Monthly,720.95,14,2024-09-30,,Active,,0.833,91,4,13331,8,4,71.9,1,2.5,0
CUST-11826,Quantum Stack 221,Enterprise,Fintech,United States,2024-09-30,SUB-21826,Enterprise Plus,Monthly,16689.28,463,2024-09-30,,Active,,0.862,68,2,88152,8,5,11.1,0,4.6,0
CUST-11827,Nexus AI 221,SMB,Fintech,India,2024-09-30,SUB-21827,Growth,Monthly,557.84,5,2024-09-30,,Active,,0.388,53,6,19484,2,6,24.0,0,4.1,0
CUST-11828,Vertex Scale 221,SMB,SaaS / Tech,United States,2024-09-30,SUB-21828,Starter,Annual,134.83,7,2024-09-30,2025-05-10,Churned,Support / SLA Frustration,0.754,34,3,39719,4,1,96.2,0,1.6,1
CUST-11829,Blue Systems 221,Mid-Market,Healthcare,United States,2024-09-30,SUB-21829,Scale,Monthly,1805.01,84,2024-09-30,2024-12-30,Churned,Competitor Alternative,0.524,89,3,9327,2,2,2.1,0,4.5,1
CUST-11830,Apex Logic 222,SMB,Cybersecurity,United States,2024-09-30,SUB-21830,Starter,Annual,677.24,11,2024-09-30,2025-01-22,Churned,Support / SLA Frustration,0.617,50,4,5765,1,1,81.1,1,1.7,1
CUST-11831,Cloud Hub 222,SMB,Fintech,Germany,2024-10-01,SUB-21831,Starter,Monthly,435.04,21,2024-10-01,2025-01-21,Churned,Low Adoption & License Waste,0.7,54,3,5926,24,2,16.0,0,4.8,1
CUST-11832,Data Pay 222,SMB,E-Commerce,Canada,2024-10-01,SUB-21832,Starter,Monthly,164.24,15,2024-10-01,,Active,,1.0,78,5,30941,6,5,16.5,0,4.7,0
CUST-11833,Nova Works 222,SMB,Cybersecurity,India,2024-10-01,SUB-21833,Growth,Monthly,266.23,7,2024-10-01,,Active,,0.923,79,4,5636,1,6,17.8,0,3.8,0
CUST-11834,Pulse Security 222,SMB,Cybersecurity,United Kingdom,2024-10-01,SUB-21834,Growth,Annual,425.7,20,2024-10-01,,Active,,0.894,65,2,15371,5,3,6.7,0,4.9,0
CUST-11835,Stratum Analytics 222,SMB,Fintech,United States,2024-10-01,SUB-21835,Starter,Annual,426.84,23,2024-10-01,,Active,,0.24,54,6,25367,1,5,5.3,0,4.4,0
CUST-11836,Sync Tech 222,Enterprise,Healthcare,United Kingdom,2024-10-01,SUB-21836,Enterprise Plus,Annual,9039.56,175,2024-10-01,,Active,,1.0,100,3,47047,0,7,21.9,0,4.6,0
CUST-11837,Vanguard Sphere 222,Mid-Market,E-Commerce,Canada,2024-10-01,SUB-21837,Growth,Annual,1712.64,65,2024-10-01,,Active,,0.697,60,4,11369,6,1,87.2,0,1.5,0
CUST-11838,Omni Labs 222,SMB,Fintech,United States,2024-10-01,SUB-21838,Growth,Monthly,223.75,20,2024-10-01,,Active,,0.843,64,6,12227,0,3,16.9,0,4.6,0
CUST-11839,Hyper Flow 222,Mid-Market,Cybersecurity,United States,2024-10-01,SUB-21839,Scale,Annual,1070.73,73,2024-10-01,,Active,,0.989,85,6,19382,3,2,23.0,0,4.2,0
CUST-11840,Zenith Corp 222,Mid-Market,Cybersecurity,United States,2024-10-01,SUB-21840,Growth,Annual,1028.75,36,2024-10-01,,Active,,1.0,73,6,59027,5,8,6.8,0,4.2,0
CUST-11841,Quantum Stack 222,Mid-Market,Fintech,United Kingdom,2024-10-01,SUB-21841,Scale,Monthly,2430.35,95,2024-10-01,,Active,,0.981,68,4,24204,0,2,15.6,0,5.0,0
CUST-11842,Nexus AI 222,Mid-Market,Fintech,India,2024-10-01,SUB-21842,Scale,Monthly,1719.69,69,2024-10-01,2025-09-23,Churned,Support / SLA Frustration,1.0,49,5,46531,0,6,116.5,3,2.6,1
CUST-11843,Vertex Scale 222,SMB,Fintech,United Kingdom,2024-10-01,SUB-21843,Starter,Monthly,140.94,9,2024-10-01,,Active,,0.771,97,7,9551,1,5,3.5,0,4.2,0
CUST-11844,Blue Systems 222,SMB,Cybersecurity,Australia,2024-10-01,SUB-21844,Starter,Monthly,651.11,12,2024-10-01,2025-06-07,Churned,Price / Budget Cuts,0.586,58,3,8176,1,3,22.6,0,4.9,1
CUST-11845,Apex Logic 223,Mid-Market,Fintech,United States,2024-10-01,SUB-21845,Scale,Monthly,2377.64,42,2024-10-01,2025-05-31,Churned,Competitor Alternative,0.776,52,5,1108,2,5,15.7,0,4.2,1
CUST-11846,Cloud Hub 223,Enterprise,Healthcare,India,2024-10-01,SUB-21846,Enterprise Plus,Annual,13800.33,348,2024-10-01,,Active,,0.515,35,7,18787,5,4,6.9,0,4.8,0
CUST-11847,Data Pay 223,Mid-Market,Healthcare,Germany,2024-10-02,SUB-21847,Growth,Annual,2149.02,90,2024-10-02,2025-08-05,Churned,Competitor Alternative,0.636,100,6,2067,5,3,19.8,0,4.2,1
CUST-11848,Nova Works 223,SMB,E-Commerce,United States,2024-10-02,SUB-21848,Growth,Monthly,313.91,12,2024-10-02,,Active,,0.485,90,4,27789,12,4,63.2,1,1.3,0
CUST-11849,Pulse Security 223,SMB,Fintech,Australia,2024-10-02,SUB-21849,Starter,Monthly,327.52,13,2024-10-02,,Active,,0.836,58,6,31050,0,3,20.7,0,4.6,0
CUST-11850,Stratum Analytics 223,Mid-Market,Fintech,United States,2024-10-03,SUB-21850,Scale,Annual,2541.91,38,2024-10-03,2025-08-08,Churned,Support / SLA Frustration,0.858,66,1,12438,5,3,84.9,1,1.5,1
CUST-11851,Sync Tech 223,SMB,Cybersecurity,India,2024-10-03,SUB-21851,Starter,Monthly,471.99,10,2024-10-03,,Active,,0.929,47,7,18209,29,5,14.4,0,4.5,0
CUST-11852,Vanguard Sphere 223,SMB,Cybersecurity,India,2024-10-03,SUB-21852,Starter,Monthly,480.73,5,2024-10-03,,Active,,0.606,47,4,78232,4,2,9.3,0,4.9,0
CUST-11853,Omni Labs 223,SMB,SaaS / Tech,Canada,2024-10-03,SUB-21853,Starter,Monthly,613.56,5,2024-10-03,,Active,,0.914,100,3,50297,5,4,17.0,0,4.8,0
CUST-11854,Hyper Flow 223,SMB,Fintech,United Kingdom,2024-10-03,SUB-21854,Growth,Monthly,353.43,24,2024-10-03,,Active,,0.495,71,7,15492,12,3,3.4,0,4.0,0
CUST-11855,Zenith Corp 223,Mid-Market,Healthcare,United States,2024-10-03,SUB-21855,Growth,Annual,1830.85,64,2024-10-03,,Active,,0.625,100,1,6430,4,1,20.0,0,4.9,0
CUST-11856,Quantum Stack 223,SMB,E-Commerce,United Kingdom,2024-10-03,SUB-21856,Starter,Annual,536.52,17,2024-10-03,,Active,,0.546,53,4,4012,0,4,11.2,0,3.8,0
CUST-11857,Nexus AI 223,Mid-Market,Healthcare,United States,2024-10-03,SUB-21857,Scale,Annual,1762.05,73,2024-10-03,,Active,,0.439,66,5,13426,1,6,6.9,0,4.2,0
CUST-11858,Vertex Scale 223,SMB,Cybersecurity,Canada,2024-10-03,SUB-21858,Starter,Monthly,157.19,11,2024-10-03,,Active,,1.0,74,1,30634,17,3,7.7,0,4.7,0
CUST-11859,Blue Systems 223,SMB,E-Commerce,Canada,2024-10-04,SUB-21859,Growth,Monthly,526.2,22,2024-10-04,2025-08-31,Churned,Support / SLA Frustration,0.392,56,7,17388,5,2,98.7,0,2.9,1
CUST-11860,Apex Logic 224,SMB,Fintech,India,2024-10-04,SUB-21860,Growth,Monthly,737.22,18,2024-10-04,2025-08-13,Churned,Competitor Alternative,0.892,86,6,17486,7,3,9.5,0,4.8,1
CUST-11861,Cloud Hub 224,SMB,Cybersecurity,United States,2024-10-04,SUB-21861,Starter,Monthly,688.52,10,2024-10-04,2025-03-13,Churned,Support / SLA Frustration,0.559,76,4,69297,1,5,101.3,2,1.6,1
CUST-11862,Data Pay 224,Mid-Market,Cybersecurity,Germany,2024-10-04,SUB-21862,Growth,Annual,1217.6,48,2024-10-04,,Active,,0.439,28,4,37774,11,3,4.7,0,4.7,0
CUST-11863,Nova Works 224,SMB,Fintech,India,2024-10-04,SUB-21863,Growth,Monthly,226.46,20,2024-10-04,,Active,,0.506,68,6,6271,4,7,19.6,0,5.0,0
CUST-11864,Pulse Security 224,SMB,E-Commerce,Canada,2024-10-04,SUB-21864,Starter,Monthly,348.13,22,2024-10-04,,Active,,0.651,91,1,777,5,3,5.5,0,4.1,0
CUST-11865,Stratum Analytics 224,SMB,Healthcare,United States,2024-10-05,SUB-21865,Starter,Annual,310.72,19,2024-10-05,,Active,,0.679,79,7,19788,11,4,8.5,0,4.5,0
CUST-11866,Sync Tech 224,Enterprise,Healthcare,United States,2024-10-05,SUB-21866,Enterprise Plus,Annual,6009.09,364,2024-10-05,,Active,,0.815,30,2,65196,8,6,9.5,0,4.2,0
CUST-11867,Vanguard Sphere 224,Mid-Market,Fintech,United States,2024-10-05,SUB-21867,Scale,Annual,3344.12,98,2024-10-05,,Active,,0.843,68,4,3822,4,5,13.1,0,3.8,0
CUST-11868,Omni Labs 224,Enterprise,E-Commerce,United Kingdom,2024-10-06,SUB-21868,Scale,Annual,4572.18,385,2024-10-06,,Active,,0.65,43,3,68555,2,7,4.0,0,4.8,0
CUST-11869,Hyper Flow 224,SMB,Cybersecurity,United Kingdom,2024-10-06,SUB-21869,Starter,Annual,593.9,21,2024-10-06,,Active,,0.963,70,3,11760,1,3,18.5,0,4.7,0
CUST-11870,Zenith Corp 224,SMB,E-Commerce,Australia,2024-10-06,SUB-21870,Starter,Annual,330.47,17,2024-10-06,,Active,,0.74,79,4,2149,0,3,69.5,2,1.2,0
CUST-11871,Quantum Stack 224,Mid-Market,Fintech,United States,2024-10-06,SUB-21871,Scale,Annual,2584.17,84,2024-10-06,2025-03-23,Churned,Support / SLA Frustration,0.843,37,5,29591,2,5,91.5,2,1.5,1
CUST-11872,Nexus AI 224,SMB,E-Commerce,United States,2024-10-06,SUB-21872,Starter,Monthly,445.22,22,2024-10-06,2025-05-14,Churned,Support / SLA Frustration,0.811,30,5,11214,8,2,84.6,1,1.6,1
CUST-11873,Vertex Scale 224,SMB,Healthcare,United Kingdom,2024-10-06,SUB-21873,Starter,Monthly,200.62,21,2024-10-06,,Active,,0.919,71,5,30893,12,3,11.6,0,4.9,0
CUST-11874,Blue Systems 224,SMB,Logistics & Supply Chain,Germany,2024-10-06,SUB-21874,Starter,Monthly,738.25,23,2024-10-06,,Active,,0.606,87,6,7503,1,4,13.0,0,4.0,0
CUST-11875,Apex Logic 225,SMB,Healthcare,India,2024-10-06,SUB-21875,Growth,Annual,681.49,11,2024-10-06,,Active,,0.666,95,6,687,3,7,102.1,2,1.3,0
CUST-11876,Cloud Hub 225,SMB,Fintech,Germany,2024-10-06,SUB-21876,Starter,Monthly,440.79,7,2024-10-06,,Active,,0.311,66,2,10274,7,5,11.4,0,4.4,0
CUST-11877,Data Pay 225,SMB,Fintech,United States,2024-10-07,SUB-21877,Starter,Monthly,357.92,12,2024-10-07,,Active,,0.735,72,6,2444,6,8,14.6,0,5.0,0
CUST-11878,Nova Works 225,Mid-Market,SaaS / Tech,United Kingdom,2024-10-07,SUB-21878,Growth,Monthly,1041.4,58,2024-10-07,,Active,,0.702,87,4,25785,9,2,10.0,0,4.7,0
CUST-11879,Pulse Security 225,SMB,Healthcare,Germany,2024-10-07,SUB-21879,Starter,Monthly,180.51,13,2024-10-07,,Active,,0.699,43,5,8854,6,5,12.9,0,4.0,0
CUST-11880,Stratum Analytics 225,SMB,SaaS / Tech,United States,2024-10-07,SUB-21880,Starter,Monthly,255.76,17,2024-10-07,2025-06-17,Churned,Support / SLA Frustration,0.201,47,4,30660,1,4,111.3,0,3.1,1
CUST-11881,Sync Tech 225,SMB,Fintech,United States,2024-10-07,SUB-21881,Starter,Monthly,493.6,17,2024-10-07,,Active,,0.922,10,4,27222,3,5,8.0,0,4.9,0
CUST-11882,Vanguard Sphere 225,SMB,Healthcare,United States,2024-10-08,SUB-21882,Starter,Monthly,253.99,17,2024-10-08,,Active,,0.284,67,1,20569,3,8,23.9,0,4.1,0
CUST-11883,Omni Labs 225,SMB,E-Commerce,United States,2024-10-08,SUB-21883,Growth,Monthly,676.39,7,2024-10-08,,Active,,0.579,60,4,4199,3,5,14.9,0,4.5,0
CUST-11884,Hyper Flow 225,Mid-Market,Cybersecurity,Canada,2024-10-08,SUB-21884,Scale,Annual,2001.21,59,2024-10-08,,Active,,0.932,80,5,29511,7,3,9.6,0,3.8,0
CUST-11885,Zenith Corp 225,Mid-Market,Cybersecurity,United States,2024-10-08,SUB-21885,Scale,Monthly,2290.81,64,2024-10-08,,Active,,0.432,63,5,7482,4,3,77.8,1,2.8,0
CUST-11886,Quantum Stack 225,Enterprise,Fintech,United States,2024-10-08,SUB-21886,Scale,Annual,9171.23,323,2024-10-08,,Active,,0.66,58,4,14847,1,3,3.8,0,4.8,0
CUST-11887,Nexus AI 225,Mid-Market,Healthcare,United States,2024-10-08,SUB-21887,Growth,Monthly,2979.38,42,2024-10-08,2024-12-01,Churned,Support / SLA Frustration,0.925,51,3,44686,25,1,111.6,1,2.8,1
CUST-11888,Vertex Scale 225,SMB,Fintech,United Kingdom,2024-10-09,SUB-21888,Growth,Annual,571.18,7,2024-10-09,,Active,,0.519,69,5,67424,5,3,102.3,2,2.7,0
CUST-11889,Blue Systems 225,SMB,E-Commerce,United States,2024-10-09,SUB-21889,Growth,Monthly,395.47,18,2024-10-09,,Active,,0.777,100,4,825,6,4,17.9,0,4.0,0
CUST-11890,Apex Logic 226,Enterprise,E-Commerce,United Kingdom,2024-10-09,SUB-21890,Scale,Annual,12821.94,438,2024-10-09,2025-06-08,Churned,Support / SLA Frustration,0.925,87,7,25960,0,4,62.7,3,2.4,1
CUST-11891,Cloud Hub 226,Mid-Market,Cybersecurity,United States,2024-10-09,SUB-21891,Growth,Annual,2404.34,71,2024-10-09,,Active,,0.823,73,5,33029,2,0,4.0,0,4.4,0
CUST-11892,Data Pay 226,SMB,Cybersecurity,United States,2024-10-09,SUB-21892,Starter,Monthly,449.77,5,2024-10-09,2025-04-26,Churned,Switched Tool,0.701,84,4,62448,6,3,11.1,0,4.0,1
CUST-11893,Nova Works 226,Mid-Market,Healthcare,United States,2024-10-09,SUB-21893,Growth,Annual,2923.4,41,2024-10-09,,Active,,0.727,100,1,2915,1,7,106.3,2,2.5,0
CUST-11894,Pulse Security 226,SMB,E-Commerce,United States,2024-10-09,SUB-21894,Growth,Monthly,455.46,5,2024-10-09,,Active,,0.819,68,4,13420,17,5,5.7,0,3.9,0
CUST-11895,Stratum Analytics 226,SMB,Logistics & Supply Chain,United States,2024-10-09,SUB-21895,Growth,Monthly,243.14,23,2024-10-09,2025-01-27,Churned,Low Adoption & License Waste,0.18,51,4,8507,3,7,15.3,0,4.1,1
CUST-11896,Sync Tech 226,SMB,Logistics & Supply Chain,United States,2024-10-09,SUB-21896,Starter,Monthly,635.96,19,2024-10-09,,Active,,0.719,79,3,52955,4,2,3.9,0,5.0,0
CUST-11897,Vanguard Sphere 226,Mid-Market,Fintech,India,2024-10-09,SUB-21897,Scale,Monthly,3784.37,38,2024-10-09,,Active,,0.758,65,5,29227,3,0,4.0,0,4.8,0
CUST-11898,Omni Labs 226,Mid-Market,Healthcare,Canada,2024-10-09,SUB-21898,Growth,Monthly,3025.84,65,2024-10-09,,Active,,0.604,54,4,26698,1,6,7.9,0,3.9,0
CUST-11899,Hyper Flow 226,SMB,Healthcare,United States,2024-10-10,SUB-21899,Starter,Monthly,725.35,13,2024-10-10,2025-06-07,Churned,Support / SLA Frustration,0.54,10,3,19558,1,4,58.0,3,1.8,1
CUST-11900,Zenith Corp 226,SMB,Fintech,United States,2024-10-10,SUB-21900,Starter,Annual,269.5,18,2024-10-10,2025-05-29,Churned,Low Adoption & License Waste,0.218,78,5,4505,13,3,5.2,0,5.0,1
CUST-11901,Quantum Stack 226,Enterprise,Fintech,Australia,2024-10-10,SUB-21901,Enterprise Plus,Annual,11969.0,378,2024-10-10,,Active,,0.341,71,5,9529,5,3,16.4,0,4.3,0
CUST-11902,Nexus AI 226,SMB,Fintech,Canada,2024-10-10,SUB-21902,Starter,Monthly,570.61,21,2024-10-10,2025-01-04,Churned,Support / SLA Frustration,0.346,98,3,6627,6,8,76.2,3,2.9,1
CUST-11903,Vertex Scale 226,Enterprise,E-Commerce,United States,2024-10-10,SUB-21903,Enterprise Plus,Annual,8574.07,185,2024-10-10,,Active,,0.584,62,5,3749,0,4,56.8,2,2.8,0
CUST-11904,Blue Systems 226,SMB,Healthcare,Canada,2024-10-10,SUB-21904,Starter,Monthly,142.6,10,2024-10-10,2025-02-26,Churned,Low Adoption & License Waste,0.387,57,2,27777,6,6,15.4,0,3.9,1
CUST-11905,Apex Logic 227,Mid-Market,Fintech,Canada,2024-10-10,SUB-21905,Scale,Monthly,1113.31,46,2024-10-10,,Active,,0.53,73,5,5006,8,4,20.2,0,4.2,0
CUST-11906,Cloud Hub 227,SMB,Fintech,Canada,2024-10-10,SUB-21906,Starter,Monthly,383.33,19,2024-10-10,,Active,,0.752,42,2,9656,2,5,12.6,0,4.6,0
CUST-11907,Data Pay 227,Mid-Market,Logistics & Supply Chain,United States,2024-10-11,SUB-21907,Growth,Annual,1312.88,34,2024-10-11,,Active,,0.681,53,6,17545,8,6,10.1,0,4.8,0
CUST-11908,Nova Works 227,Mid-Market,Logistics & Supply Chain,United States,2024-10-11,SUB-21908,Scale,Annual,2428.56,80,2024-10-11,,Active,,0.828,56,1,30766,0,6,23.8,0,4.8,0
CUST-11909,Pulse Security 227,Enterprise,E-Commerce,United States,2024-10-11,SUB-21909,Scale,Annual,15734.0,444,2024-10-11,,Active,,0.503,65,4,33188,0,4,9.6,0,4.0,0
CUST-11910,Stratum Analytics 227,Mid-Market,Healthcare,India,2024-10-11,SUB-21910,Growth,Annual,3095.0,47,2024-10-11,,Active,,0.4,84,3,3558,1,4,94.7,1,2.0,0
CUST-11911,Sync Tech 227,SMB,Cybersecurity,United Kingdom,2024-10-11,SUB-21911,Starter,Monthly,364.03,6,2024-10-11,2024-11-15,Churned,Switched Tool,1.0,56,3,16294,18,2,6.3,0,3.8,1
CUST-11912,Vanguard Sphere 227,SMB,Fintech,United States,2024-10-11,SUB-21912,Starter,Monthly,443.66,6,2024-10-11,,Active,,0.917,77,4,7297,15,1,11.5,0,4.5,0
CUST-11913,Omni Labs 227,Mid-Market,Fintech,India,2024-10-11,SUB-21913,Growth,Monthly,1068.48,29,2024-10-11,,Active,,0.782,91,5,55826,8,3,8.6,0,4.6,0
CUST-11914,Hyper Flow 227,Mid-Market,Healthcare,India,2024-10-11,SUB-21914,Growth,Annual,3610.86,68,2024-10-11,,Active,,0.446,100,5,11909,4,4,56.2,2,1.2,0
CUST-11915,Zenith Corp 227,SMB,Fintech,Australia,2024-10-11,SUB-21915,Starter,Monthly,356.21,7,2024-10-11,,Active,,0.838,62,4,7611,1,2,59.7,1,1.9,0
CUST-11916,Quantum Stack 227,SMB,Healthcare,Germany,2024-10-11,SUB-21916,Starter,Monthly,152.68,10,2024-10-11,2025-04-23,Churned,Support / SLA Frustration,0.625,83,6,8017,0,5,58.2,1,1.4,1
CUST-11917,Nexus AI 227,SMB,Cybersecurity,Australia,2024-10-11,SUB-21917,Starter,Annual,550.14,21,2024-10-11,,Active,,0.738,69,4,5371,10,6,21.2,0,4.2,0
CUST-11918,Vertex Scale 227,Mid-Market,E-Commerce,United States,2024-10-11,SUB-21918,Scale,Monthly,3557.71,29,2024-10-11,,Active,,0.816,77,3,30077,2,3,13.0,0,4.9,0
CUST-11919,Blue Systems 227,Mid-Market,Healthcare,Germany,2024-10-12,SUB-21919,Growth,Annual,1980.11,56,2024-10-12,,Active,,0.322,34,6,634,8,3,12.2,0,4.7,0
CUST-11920,Apex Logic 228,SMB,Cybersecurity,Germany,2024-10-12,SUB-21920,Starter,Annual,440.79,23,2024-10-12,,Active,,0.32,52,3,30172,0,7,18.5,0,5.0,0
CUST-11921,Cloud Hub 228,Enterprise,Fintech,United States,2024-10-12,SUB-21921,Enterprise Plus,Annual,14033.26,216,2024-10-12,,Active,,1.0,68,4,101230,1,7,15.2,0,4.4,0
CUST-11922,Data Pay 228,SMB,Fintech,United States,2024-10-12,SUB-21922,Starter,Monthly,576.0,21,2024-10-12,,Active,,0.494,78,3,53672,2,1,15.3,0,3.9,0
CUST-11923,Nova Works 228,Mid-Market,E-Commerce,Australia,2024-10-12,SUB-21923,Growth,Annual,1800.39,34,2024-10-12,,Active,,0.65,83,3,6061,1,6,19.7,0,5.0,0
CUST-11924,Pulse Security 228,SMB,E-Commerce,United States,2024-10-13,SUB-21924,Growth,Monthly,136.99,18,2024-10-13,,Active,,0.74,86,4,8052,6,4,59.2,1,2.5,0
CUST-11925,Stratum Analytics 228,Enterprise,Fintech,Germany,2024-10-13,SUB-21925,Enterprise Plus,Monthly,15557.43,168,2024-10-13,2025-01-20,Churned,Support / SLA Frustration,0.218,53,4,60890,3,2,103.2,1,2.2,1
CUST-11926,Sync Tech 228,SMB,Healthcare,United States,2024-10-13,SUB-21926,Growth,Monthly,237.84,18,2024-10-13,,Active,,0.566,48,4,21136,17,5,9.1,0,4.7,0
CUST-11927,Vanguard Sphere 228,Mid-Market,E-Commerce,United States,2024-10-13,SUB-21927,Growth,Annual,2775.11,72,2024-10-13,,Active,,0.915,94,6,7644,6,3,16.6,0,4.2,0
CUST-11928,Omni Labs 228,SMB,SaaS / Tech,United States,2024-10-13,SUB-21928,Starter,Monthly,489.12,7,2024-10-13,2025-07-26,Churned,Support / SLA Frustration,0.872,63,3,2206,2,4,72.8,2,3.2,1
CUST-11929,Hyper Flow 228,Enterprise,E-Commerce,United States,2024-10-13,SUB-21929,Enterprise Plus,Annual,5888.31,146,2024-10-13,,Active,,0.55,71,4,65271,6,2,14.6,0,4.3,0
CUST-11930,Zenith Corp 228,SMB,Healthcare,Canada,2024-10-13,SUB-21930,Starter,Monthly,374.36,10,2024-10-13,,Active,,0.635,53,1,177630,2,3,19.5,0,4.6,0
CUST-11931,Quantum Stack 228,SMB,Fintech,United Kingdom,2024-10-13,SUB-21931,Growth,Annual,296.58,5,2024-10-13,2025-07-08,Churned,Support / SLA Frustration,0.87,69,4,10390,6,4,57.8,2,1.2,1
CUST-11932,Nexus AI 228,SMB,Healthcare,United States,2024-10-14,SUB-21932,Starter,Monthly,242.74,10,2024-10-14,,Active,,0.712,48,5,48513,21,1,15.3,0,4.2,0
CUST-11933,Vertex Scale 228,SMB,Fintech,United States,2024-10-15,SUB-21933,Growth,Annual,611.55,18,2024-10-15,2024-11-25,Churned,Support / SLA Frustration,0.21,84,5,19319,0,3,75.0,0,2.1,1
CUST-11934,Blue Systems 228,SMB,Cybersecurity,United States,2024-10-15,SUB-21934,Starter,Monthly,399.99,7,2024-10-15,2025-07-14,Churned,Price / Budget Cuts,0.502,76,5,27250,2,4,3.0,0,3.9,1
CUST-11935,Apex Logic 229,SMB,E-Commerce,United States,2024-10-15,SUB-21935,Growth,Monthly,674.55,21,2024-10-15,,Active,,0.479,100,5,8428,21,3,20.9,0,4.6,0
CUST-11936,Cloud Hub 229,Mid-Market,Healthcare,Canada,2024-10-15,SUB-21936,Growth,Annual,1321.26,87,2024-10-15,,Active,,0.825,61,4,42228,3,5,11.4,0,4.5,0
CUST-11937,Data Pay 229,SMB,SaaS / Tech,United States,2024-10-15,SUB-21937,Growth,Monthly,185.63,7,2024-10-15,2025-09-21,Churned,Support / SLA Frustration,0.777,71,4,10390,0,3,107.5,0,2.0,1
CUST-11938,Nova Works 229,Mid-Market,E-Commerce,United States,2024-10-15,SUB-21938,Scale,Monthly,1478.48,25,2024-10-15,,Active,,0.968,70,4,6543,3,4,10.7,0,4.1,0
CUST-11939,Pulse Security 229,Enterprise,Healthcare,United States,2024-10-15,SUB-21939,Enterprise Plus,Annual,15677.66,296,2024-10-15,,Active,,0.74,99,6,10683,7,1,4.3,0,4.4,0
CUST-11940,Stratum Analytics 229,Enterprise,Logistics & Supply Chain,United States,2024-10-15,SUB-21940,Enterprise Plus,Annual,9164.35,188,2024-10-15,2025-02-12,Churned,Support / SLA Frustration,1.0,100,6,5064,12,2,99.5,1,3.0,1
CUST-11941,Sync Tech 229,Mid-Market,Logistics & Supply Chain,United States,2024-10-16,SUB-21941,Scale,Monthly,1946.11,49,2024-10-16,2025-01-22,Churned,Support / SLA Frustration,1.0,83,3,5353,6,5,54.9,1,3.1,1
CUST-11942,Vanguard Sphere 229,SMB,SaaS / Tech,United States,2024-10-16,SUB-21942,Starter,Annual,512.65,15,2024-10-16,,Active,,0.569,74,4,3442,11,3,15.9,0,4.7,0
CUST-11943,Omni Labs 229,SMB,Fintech,Germany,2024-10-16,SUB-21943,Starter,Monthly,437.46,12,2024-10-16,2025-08-18,Churned,Support / SLA Frustration,0.802,32,4,44080,8,7,57.1,2,2.3,1
CUST-11944,Hyper Flow 229,SMB,E-Commerce,India,2024-10-16,SUB-21944,Starter,Monthly,483.04,6,2024-10-16,2025-02-12,Churned,Competitor Alternative,0.879,73,3,53234,2,5,11.5,0,4.2,1
CUST-11945,Zenith Corp 229,SMB,SaaS / Tech,Germany,2024-10-16,SUB-21945,Starter,Monthly,631.17,23,2024-10-16,,Active,,0.81,76,4,36164,2,5,17.0,0,4.9,0
CUST-11946,Quantum Stack 229,Mid-Market,Fintech,United States,2024-10-16,SUB-21946,Scale,Monthly,1064.11,67,2024-10-16,,Active,,0.823,100,5,20976,1,6,6.3,0,4.4,0
CUST-11947,Nexus AI 229,Enterprise,Fintech,United States,2024-10-16,SUB-21947,Enterprise Plus,Annual,12512.93,459,2024-10-16,,Active,,0.834,61,5,1008,24,3,17.2,0,4.4,0
CUST-11948,Vertex Scale 229,Mid-Market,Logistics & Supply Chain,United Kingdom,2024-10-17,SUB-21948,Growth,Annual,2902.87,86,2024-10-17,,Active,,0.774,87,7,31288,9,3,4.3,0,4.8,0
CUST-11949,Blue Systems 229,Mid-Market,Fintech,Canada,2024-10-17,SUB-21949,Scale,Monthly,3316.32,77,2024-10-17,2024-12-23,Churned,Support / SLA Frustration,0.524,100,5,42182,7,5,60.0,1,3.1,1
CUST-11950,Apex Logic 230,Enterprise,SaaS / Tech,Australia,2024-10-17,SUB-21950,Scale,Annual,6921.36,194,2024-10-17,,Active,,0.903,97,3,3871,12,2,5.4,0,3.9,0
CUST-11951,Cloud Hub 230,Mid-Market,E-Commerce,United States,2024-10-17,SUB-21951,Growth,Annual,1832.79,37,2024-10-17,,Active,,0.614,100,1,67646,1,3,13.1,0,3.8,0
CUST-11952,Data Pay 230,SMB,Healthcare,United States,2024-10-17,SUB-21952,Starter,Annual,417.93,20,2024-10-17,,Active,,0.661,99,5,28981,0,1,16.1,0,4.4,0
CUST-11953,Nova Works 230,SMB,Fintech,Canada,2024-10-18,SUB-21953,Growth,Monthly,382.37,19,2024-10-18,,Active,,0.615,91,4,2232,3,1,2.2,0,4.5,0
CUST-11954,Pulse Security 230,SMB,Logistics & Supply Chain,Germany,2024-10-18,SUB-21954,Starter,Annual,545.86,17,2024-10-18,,Active,,0.782,74,3,18177,8,9,16.9,0,4.9,0
CUST-11955,Stratum Analytics 230,SMB,Healthcare,Germany,2024-10-18,SUB-21955,Growth,Monthly,218.84,22,2024-10-18,,Active,,0.926,74,2,32357,11,2,8.6,0,4.3,0
CUST-11956,Sync Tech 230,SMB,E-Commerce,United Kingdom,2024-10-18,SUB-21956,Starter,Monthly,607.69,10,2024-10-18,,Active,,0.628,53,7,33236,1,4,15.3,0,4.6,0
CUST-11957,Vanguard Sphere 230,Mid-Market,SaaS / Tech,Australia,2024-10-18,SUB-21957,Growth,Annual,1169.3,43,2024-10-18,,Active,,0.784,72,4,14690,4,3,84.0,2,1.7,0
CUST-11958,Omni Labs 230,SMB,SaaS / Tech,United Kingdom,2024-10-19,SUB-21958,Starter,Monthly,669.37,19,2024-10-19,2025-01-23,Churned,Low Adoption & License Waste,0.302,95,4,590,2,6,18.8,0,4.2,1
CUST-11959,Hyper Flow 230,SMB,Cybersecurity,India,2024-10-19,SUB-21959,Starter,Monthly,549.88,7,2024-10-19,2024-12-28,Churned,Support / SLA Frustration,0.606,41,4,38740,4,3,49.0,1,1.6,1
CUST-11960,Zenith Corp 230,Enterprise,E-Commerce,Australia,2024-10-19,SUB-21960,Enterprise Plus,Monthly,9280.41,382,2024-10-19,,Active,,0.782,61,5,31698,9,3,14.1,0,4.1,0
CUST-11961,Quantum Stack 230,Mid-Market,Healthcare,Germany,2024-10-19,SUB-21961,Growth,Monthly,962.22,36,2024-10-19,2024-12-28,Churned,Internal Restructuring,0.944,73,3,42740,0,5,11.6,0,4.3,1
CUST-11962,Nexus AI 230,SMB,Cybersecurity,United States,2024-10-19,SUB-21962,Growth,Monthly,523.93,14,2024-10-19,2025-02-12,Churned,Support / SLA Frustration,0.473,44,5,27208,9,8,115.8,4,2.3,1
CUST-11963,Vertex Scale 230,Mid-Market,E-Commerce,United States,2024-10-20,SUB-21963,Scale,Monthly,3702.8,91,2024-10-20,,Active,,0.81,89,4,7171,7,6,4.7,0,4.9,0
CUST-11964,Blue Systems 230,SMB,Healthcare,United Kingdom,2024-10-20,SUB-21964,Growth,Monthly,481.72,7,2024-10-20,2025-09-30,Churned,Support / SLA Frustration,0.687,31,4,5435,29,4,101.5,2,2.1,1
CUST-11965,Apex Logic 231,SMB,Fintech,United States,2024-10-20,SUB-21965,Starter,Monthly,626.09,17,2024-10-20,,Active,,0.969,69,5,2911,7,9,9.2,0,4.9,0
CUST-11966,Cloud Hub 231,Mid-Market,Logistics & Supply Chain,Germany,2024-10-20,SUB-21966,Growth,Annual,1848.81,56,2024-10-20,,Active,,0.659,91,5,20190,1,4,10.5,0,4.0,0
CUST-11967,Data Pay 231,Mid-Market,Healthcare,United States,2024-10-20,SUB-21967,Growth,Monthly,1215.26,63,2024-10-20,2024-12-17,Churned,Leadership Transition,0.564,56,4,25409,2,2,9.4,0,4.8,1
CUST-11968,Nova Works 231,Mid-Market,SaaS / Tech,United States,2024-10-20,SUB-21968,Growth,Monthly,3399.41,57,2024-10-20,2025-03-13,Churned,Leadership Transition,0.679,69,3,1923,5,3,2.4,0,4.5,1
CUST-11969,Pulse Security 231,Enterprise,E-Commerce,Canada,2024-10-20,SUB-21969,Enterprise Plus,Annual,6756.09,322,2024-10-20,,Active,,0.639,63,6,19067,1,2,12.0,0,4.8,0
CUST-11970,Stratum Analytics 231,Enterprise,Fintech,United States,2024-10-20,SUB-21970,Scale,Annual,17155.44,414,2024-10-20,,Active,,0.527,94,4,2185,9,1,18.1,0,3.9,0
CUST-11971,Sync Tech 231,SMB,E-Commerce,United States,2024-10-20,SUB-21971,Starter,Monthly,163.65,10,2024-10-20,,Active,,0.47,63,5,17114,4,5,4.3,0,4.8,0
CUST-11972,Vanguard Sphere 231,Mid-Market,Fintech,United States,2024-10-20,SUB-21972,Growth,Annual,2954.21,81,2024-10-20,,Active,,0.436,94,2,4866,1,5,14.4,0,3.9,0
CUST-11973,Omni Labs 231,SMB,Healthcare,United Kingdom,2024-10-20,SUB-21973,Starter,Monthly,301.55,7,2024-10-20,,Active,,0.702,64,3,29807,6,6,20.3,0,4.6,0
CUST-11974,Hyper Flow 231,Mid-Market,E-Commerce,United States,2024-10-21,SUB-21974,Growth,Annual,2740.05,91,2024-10-21,,Active,,0.794,63,4,25375,11,4,7.4,0,4.7,0
CUST-11975,Zenith Corp 231,SMB,Healthcare,Germany,2024-10-21,SUB-21975,Starter,Monthly,211.99,22,2024-10-21,,Active,,0.877,98,3,28047,8,4,15.3,0,4.1,0
CUST-11976,Quantum Stack 231,Mid-Market,SaaS / Tech,United States,2024-10-21,SUB-21976,Growth,Annual,1208.75,48,2024-10-21,,Active,,0.566,72,4,6821,3,2,5.7,0,5.0,0
CUST-11977,Nexus AI 231,Mid-Market,Logistics & Supply Chain,India,2024-10-21,SUB-21977,Growth,Monthly,3200.77,53,2024-10-21,2025-09-30,Churned,Internal Restructuring,0.669,54,4,5497,2,3,17.1,0,4.8,1
CUST-11978,Vertex Scale 231,SMB,SaaS / Tech,United States,2024-10-21,SUB-21978,Starter,Monthly,638.32,19,2024-10-21,,Active,,0.933,65,7,14376,12,4,15.0,0,4.9,0
CUST-11979,Blue Systems 231,SMB,Fintech,United States,2024-10-21,SUB-21979,Starter,Monthly,589.93,7,2024-10-21,,Active,,0.749,54,4,16728,10,5,21.3,0,3.9,0
CUST-11980,Apex Logic 232,Mid-Market,Fintech,United States,2024-10-21,SUB-21980,Growth,Monthly,3366.23,55,2024-10-21,2025-07-21,Churned,Competitor Alternative,0.798,73,4,17613,0,3,3.2,0,4.8,1
CUST-11981,Cloud Hub 232,SMB,E-Commerce,United States,2024-10-21,SUB-21981,Growth,Annual,382.52,12,2024-10-21,,Active,,0.69,81,4,64066,5,6,119.8,0,1.5,0
CUST-11982,Data Pay 232,Mid-Market,Cybersecurity,United Kingdom,2024-10-21,SUB-21982,Scale,Annual,2265.29,39,2024-10-21,,Active,,0.743,68,5,62601,2,2,8.4,0,4.6,0
CUST-11983,Nova Works 232,Mid-Market,Logistics & Supply Chain,United States,2024-10-22,SUB-21983,Growth,Monthly,1781.71,85,2024-10-22,,Active,,0.73,67,4,49898,10,3,14.9,0,4.4,0
CUST-11984,Pulse Security 232,Enterprise,Logistics & Supply Chain,United States,2024-10-22,SUB-21984,Enterprise Plus,Annual,14711.73,202,2024-10-22,,Active,,0.457,74,7,59575,12,2,5.9,0,4.9,0
CUST-11985,Stratum Analytics 232,Enterprise,Healthcare,United Kingdom,2024-10-22,SUB-21985,Scale,Annual,14025.64,257,2024-10-22,2025-10-04,Churned,Support / SLA Frustration,0.484,57,7,33725,2,5,110.6,1,1.9,1
CUST-11986,Sync Tech 232,SMB,Healthcare,United States,2024-10-22,SUB-21986,Starter,Monthly,580.37,10,2024-10-22,,Active,,0.65,69,4,19434,1,8,89.8,5,2.2,0
CUST-11987,Vanguard Sphere 232,Mid-Market,E-Commerce,United States,2024-10-22,SUB-21987,Growth,Annual,1883.92,64,2024-10-22,2025-09-17,Churned,Support / SLA Frustration,0.794,59,1,34867,0,3,48.8,1,1.4,1
CUST-11988,Omni Labs 232,Mid-Market,Fintech,Canada,2024-10-22,SUB-21988,Growth,Annual,3152.57,47,2024-10-22,,Active,,0.947,25,7,26110,2,5,2.2,0,4.9,0
CUST-11989,Hyper Flow 232,SMB,Fintech,India,2024-10-22,SUB-21989,Starter,Monthly,387.86,9,2024-10-22,2025-09-20,Churned,Switched Tool,0.836,52,3,1534,1,4,7.1,0,4.0,1
CUST-11990,Zenith Corp 232,SMB,Cybersecurity,United States,2024-10-22,SUB-21990,Starter,Monthly,130.15,5,2024-10-22,2025-04-26,Churned,Low Adoption & License Waste,0.304,50,3,10277,6,4,15.7,0,3.8,1
CUST-11991,Quantum Stack 232,Mid-Market,Fintech,United States,2024-10-23,SUB-21991,Growth,Annual,2596.62,55,2024-10-23,,Active,,0.88,73,1,26837,4,6,12.3,0,3.9,0
CUST-11992,Nexus AI 232,SMB,Fintech,Australia,2024-10-23,SUB-21992,Starter,Monthly,453.1,20,2024-10-23,2024-12-27,Churned,Low Adoption & License Waste,0.308,47,5,30286,2,1,17.1,0,4.1,1
CUST-11993,Vertex Scale 232,Enterprise,Fintech,United States,2024-10-23,SUB-21993,Enterprise Plus,Monthly,7389.24,430,2024-10-23,,Active,,0.886,51,7,40299,5,1,48.6,1,2.5,0
CUST-11994,Blue Systems 232,SMB,Cybersecurity,Australia,2024-10-23,SUB-21994,Growth,Monthly,317.7,24,2024-10-23,2025-05-09,Churned,Switched Tool,0.782,81,5,2913,3,4,5.1,0,4.6,1
CUST-11995,Apex Logic 233,SMB,E-Commerce,United States,2024-10-24,SUB-21995,Starter,Monthly,618.85,11,2024-10-24,,Active,,0.952,66,3,32007,3,1,12.4,0,4.1,0
CUST-11996,Cloud Hub 233,SMB,SaaS / Tech,Germany,2024-10-24,SUB-21996,Starter,Monthly,476.71,21,2024-10-24,,Active,,0.837,79,6,15349,4,7,7.4,0,4.9,0
CUST-11997,Data Pay 233,Enterprise,Cybersecurity,United States,2024-10-24,SUB-21997,Enterprise Plus,Annual,8702.86,330,2024-10-24,,Active,,0.836,48,3,19132,1,6,19.1,0,4.7,0
CUST-11998,Nova Works 233,Enterprise,Healthcare,India,2024-10-24,SUB-21998,Scale,Annual,16076.79,186,2024-10-24,,Active,,0.735,100,5,1975,0,3,93.9,2,2.5,0
CUST-11999,Pulse Security 233,Mid-Market,E-Commerce,United States,2024-10-24,SUB-21999,Scale,Annual,1000.02,33,2024-10-24,,Active,,0.588,77,1,36480,15,9,9.4,0,4.6,0
CUST-12000,Stratum Analytics 233,Mid-Market,Fintech,United Kingdom,2024-10-25,SUB-22000,Scale,Annual,2797.02,77,2024-10-25,,Active,,0.502,63,3,39055,6,7,19.9,0,4.9,0
CUST-12001,Sync Tech 233,Mid-Market,Fintech,United States,2024-10-25,SUB-22001,Growth,Annual,2070.92,96,2024-10-25,,Active,,0.495,78,3,49502,12,3,22.7,0,4.5,0
CUST-12002,Vanguard Sphere 233,SMB,Logistics & Supply Chain,United States,2024-10-25,SUB-22002,Starter,Annual,350.32,18,2024-10-25,,Active,,0.554,59,4,14523,12,3,20.7,0,4.8,0
CUST-12003,Omni Labs 233,Mid-Market,SaaS / Tech,Canada,2024-10-25,SUB-22003,Scale,Monthly,3457.09,46,2024-10-25,,Active,,0.508,83,2,39304,1,5,65.4,4,2.4,0
CUST-12004,Hyper Flow 233,Mid-Market,Healthcare,United Kingdom,2024-10-26,SUB-22004,Growth,Monthly,3557.96,50,2024-10-26,2025-05-22,Churned,Support / SLA Frustration,0.892,43,4,29966,0,5,60.0,2,2.7,1
CUST-12005,Zenith Corp 233,SMB,Healthcare,India,2024-10-26,SUB-22005,Starter,Monthly,345.84,14,2024-10-26,2024-12-02,Churned,Support / SLA Frustration,0.772,36,3,18978,18,4,82.4,1,1.7,1
CUST-12006,Quantum Stack 233,Mid-Market,E-Commerce,United States,2024-10-26,SUB-22006,Scale,Monthly,1605.95,49,2024-10-26,2025-04-30,Churned,Support / SLA Frustration,0.718,64,5,21412,15,5,61.2,2,1.4,1
CUST-12007,Nexus AI 233,SMB,Fintech,Germany,2024-10-26,SUB-22007,Starter,Monthly,749.33,20,2024-10-26,2025-02-22,Churned,Switched Tool,0.829,60,3,9666,0,4,7.8,0,4.5,1
CUST-12008,Vertex Scale 233,Enterprise,Fintech,United States,2024-10-26,SUB-22008,Enterprise Plus,Annual,13916.09,255,2024-10-26,,Active,,0.467,59,3,30973,2,4,22.3,0,4.5,0
CUST-12009,Blue Systems 233,Mid-Market,Fintech,Australia,2024-10-26,SUB-22009,Scale,Monthly,2294.41,95,2024-10-26,,Active,,1.0,62,4,6729,5,6,87.6,4,2.4,0
CUST-12010,Apex Logic 234,Enterprise,Healthcare,Australia,2024-10-27,SUB-22010,Scale,Annual,10032.84,385,2024-10-27,,Active,,0.524,43,3,12429,8,6,11.9,0,4.9,0
CUST-12011,Cloud Hub 234,Enterprise,Logistics & Supply Chain,United States,2024-10-27,SUB-22011,Enterprise Plus,Annual,8352.07,175,2024-10-27,,Active,,0.5,20,3,30257,5,5,9.2,0,4.3,0
CUST-12012,Data Pay 234,SMB,Healthcare,India,2024-10-27,SUB-22012,Starter,Monthly,270.92,14,2024-10-27,,Active,,0.65,57,4,14299,0,4,94.4,1,2.3,0
CUST-12013,Nova Works 234,Enterprise,Fintech,Germany,2024-10-27,SUB-22013,Scale,Annual,14227.75,232,2024-10-27,2025-09-05,Churned,Support / SLA Frustration,0.791,67,4,3275,3,6,93.3,2,2.8,1
CUST-12014,Pulse Security 234,SMB,E-Commerce,United States,2024-10-27,SUB-22014,Starter,Monthly,179.36,19,2024-10-27,2025-07-24,Churned,Competitor Alternative,0.775,67,4,6117,7,4,11.4,0,3.9,1
CUST-12015,Stratum Analytics 234,Mid-Market,Logistics & Supply Chain,United Kingdom,2024-10-28,SUB-22015,Growth,Annual,2482.4,41,2024-10-28,,Active,,0.462,100,2,10827,4,4,103.5,2,1.2,0
CUST-12016,Sync Tech 234,Mid-Market,Fintech,United States,2024-10-28,SUB-22016,Scale,Annual,1186.09,64,2024-10-28,,Active,,0.203,56,0,41499,4,5,3.9,0,4.3,0
CUST-12017,Vanguard Sphere 234,SMB,Fintech,Germany,2024-10-28,SUB-22017,Starter,Monthly,283.33,21,2024-10-28,,Active,,0.861,64,4,3473,2,4,15.9,0,4.2,0
CUST-12018,Omni Labs 234,Enterprise,Healthcare,United States,2024-10-28,SUB-22018,Enterprise Plus,Annual,14767.17,309,2024-10-28,,Active,,0.611,43,5,21477,4,1,14.4,0,4.9,0
CUST-12019,Hyper Flow 234,SMB,SaaS / Tech,United States,2024-10-28,SUB-22019,Starter,Monthly,175.12,24,2024-10-28,2025-06-14,Churned,Competitor Alternative,0.632,59,5,49125,3,5,23.1,0,4.3,1
CUST-12020,Zenith Corp 234,SMB,E-Commerce,United States,2024-10-28,SUB-22020,Starter,Monthly,299.14,18,2024-10-28,,Active,,0.752,62,7,56515,13,8,7.7,0,4.8,0
CUST-12021,Quantum Stack 234,SMB,Logistics & Supply Chain,United Kingdom,2024-10-29,SUB-22021,Starter,Monthly,189.81,22,2024-10-29,,Active,,0.511,64,5,35117,1,8,15.0,0,4.7,0
CUST-12022,Nexus AI 234,SMB,Cybersecurity,Germany,2024-10-29,SUB-22022,Growth,Monthly,162.47,9,2024-10-29,,Active,,0.595,88,6,41463,18,3,11.4,0,4.4,0
CUST-12023,Vertex Scale 234,Enterprise,SaaS / Tech,Australia,2024-10-29,SUB-22023,Enterprise Plus,Annual,6605.08,317,2024-10-29,,Active,,0.68,47,3,60812,4,3,4.5,0,4.7,0
CUST-12024,Blue Systems 234,Mid-Market,E-Commerce,United States,2024-10-29,SUB-22024,Growth,Annual,2569.86,52,2024-10-29,,Active,,0.771,78,5,42332,0,3,11.2,0,4.4,0
CUST-12025,Apex Logic 235,Mid-Market,E-Commerce,United States,2024-10-30,SUB-22025,Growth,Annual,2022.34,80,2024-10-30,,Active,,0.886,68,3,31612,7,1,77.2,0,3.0,0
CUST-12026,Cloud Hub 235,SMB,Fintech,Canada,2024-10-30,SUB-22026,Starter,Monthly,394.99,13,2024-10-30,,Active,,0.965,52,5,12693,5,1,10.4,0,4.5,0
CUST-12027,Data Pay 235,SMB,Cybersecurity,United Kingdom,2024-10-30,SUB-22027,Starter,Annual,654.04,11,2024-10-30,2025-08-28,Churned,Support / SLA Frustration,0.94,67,4,14834,4,4,118.4,2,1.7,1
CUST-12028,Nova Works 235,Mid-Market,Healthcare,United States,2024-10-30,SUB-22028,Scale,Monthly,2538.47,54,2024-10-30,,Active,,0.47,96,3,726,10,6,5.5,0,5.0,0
CUST-12029,Pulse Security 235,SMB,Fintech,United States,2024-10-31,SUB-22029,Starter,Monthly,549.71,18,2024-10-31,,Active,,0.414,98,2,10315,5,4,105.5,1,2.1,0
CUST-12030,Stratum Analytics 235,Mid-Market,SaaS / Tech,United Kingdom,2024-10-31,SUB-22030,Growth,Monthly,2969.65,46,2024-10-31,,Active,,0.383,72,3,16900,7,5,9.1,0,4.9,0
CUST-12031,Sync Tech 235,SMB,Healthcare,United States,2024-10-31,SUB-22031,Starter,Monthly,124.15,21,2024-10-31,2025-09-21,Churned,Price / Budget Cuts,0.76,100,5,8476,0,3,5.9,0,4.5,1
CUST-12032,Vanguard Sphere 235,Mid-Market,E-Commerce,Canada,2024-10-31,SUB-22032,Growth,Annual,1875.06,50,2024-10-31,,Active,,0.91,20,5,30078,3,6,22.4,0,4.6,0
CUST-12033,Omni Labs 235,SMB,E-Commerce,United Kingdom,2024-10-31,SUB-22033,Starter,Monthly,377.28,8,2024-10-31,,Active,,0.806,58,1,8484,5,2,7.8,0,4.2,0
CUST-12034,Hyper Flow 235,SMB,Healthcare,Germany,2024-10-31,SUB-22034,Starter,Annual,186.5,6,2024-10-31,,Active,,0.717,94,5,42425,3,4,21.2,0,4.3,0
CUST-12035,Zenith Corp 235,Mid-Market,Logistics & Supply Chain,United Kingdom,2024-11-01,SUB-22035,Growth,Annual,2137.5,38,2024-11-01,,Active,,0.646,43,5,19564,6,4,13.6,0,4.6,0
CUST-12036,Quantum Stack 235,Enterprise,Healthcare,United States,2024-11-01,SUB-22036,Enterprise Plus,Annual,16856.78,335,2024-11-01,,Active,,0.648,64,3,69786,5,0,4.0,0,4.3,0
CUST-12037,Nexus AI 235,Mid-Market,Healthcare,Germany,2024-11-01,SUB-22037,Growth,Monthly,1793.03,58,2024-11-01,,Active,,0.557,100,1,643,13,1,6.5,0,4.4,0
CUST-12038,Vertex Scale 235,Mid-Market,E-Commerce,United Kingdom,2024-11-01,SUB-22038,Growth,Monthly,2308.47,34,2024-11-01,,Active,,0.163,100,4,10790,16,3,2.1,0,4.8,0
CUST-12039,Blue Systems 235,Mid-Market,SaaS / Tech,United States,2024-11-01,SUB-22039,Growth,Monthly,1587.54,35,2024-11-01,,Active,,0.724,100,5,6464,0,2,19.6,0,4.6,0
CUST-12040,Apex Logic 236,SMB,SaaS / Tech,United Kingdom,2024-11-02,SUB-22040,Starter,Monthly,295.63,10,2024-11-02,,Active,,0.668,52,7,24133,1,5,14.5,0,5.0,0
CUST-12041,Cloud Hub 236,SMB,Healthcare,United States,2024-11-02,SUB-22041,Growth,Annual,508.54,24,2024-11-02,,Active,,0.727,96,6,7277,2,5,4.7,0,3.9,0
CUST-12042,Data Pay 236,SMB,E-Commerce,Germany,2024-11-02,SUB-22042,Growth,Annual,321.54,7,2024-11-02,,Active,,1.0,35,5,11117,7,0,4.0,0,4.8,0
CUST-12043,Nova Works 236,Enterprise,Fintech,United States,2024-11-02,SUB-22043,Enterprise Plus,Monthly,7672.41,367,2024-11-02,,Active,,0.575,52,5,33426,6,6,11.5,0,4.6,0
CUST-12044,Pulse Security 236,SMB,Cybersecurity,Canada,2024-11-02,SUB-22044,Growth,Annual,238.24,5,2024-11-02,,Active,,0.804,74,6,8544,2,3,107.4,2,2.6,0
CUST-12045,Stratum Analytics 236,SMB,Healthcare,United States,2024-11-03,SUB-22045,Starter,Monthly,688.88,7,2024-11-03,2025-05-30,Churned,Low Adoption & License Waste,0.398,14,5,23446,8,5,21.9,0,4.1,1
CUST-12046,Sync Tech 236,Enterprise,SaaS / Tech,United States,2024-11-03,SUB-22046,Scale,Annual,15038.43,344,2024-11-03,,Active,,0.784,69,4,13733,7,5,5.9,0,4.5,0
CUST-12047,Vanguard Sphere 236,SMB,Fintech,Australia,2024-11-03,SUB-22047,Starter,Monthly,180.61,14,2024-11-03,2025-01-26,Churned,Price / Budget Cuts,1.0,90,6,32483,12,4,4.8,0,4.2,1
CUST-12048,Omni Labs 236,SMB,Fintech,Germany,2024-11-03,SUB-22048,Growth,Annual,447.13,10,2024-11-03,,Active,,0.778,38,1,110966,9,6,11.7,0,4.0,0
CUST-12049,Hyper Flow 236,Enterprise,E-Commerce,United States,2024-11-03,SUB-22049,Enterprise Plus,Annual,12295.88,440,2024-11-03,,Active,,0.872,45,2,32169,0,4,2.6,0,4.8,0
CUST-12050,Zenith Corp 236,Mid-Market,Logistics & Supply Chain,United States,2024-11-03,SUB-22050,Growth,Annual,931.69,84,2024-11-03,,Active,,0.243,58,5,10590,12,8,16.2,0,4.4,0
CUST-12051,Quantum Stack 236,Mid-Market,E-Commerce,United States,2024-11-03,SUB-22051,Growth,Monthly,1670.35,25,2024-11-03,2025-09-23,Churned,Leadership Transition,0.8,70,5,4836,8,3,19.8,0,4.0,1
CUST-12052,Nexus AI 236,Mid-Market,Cybersecurity,United Kingdom,2024-11-03,SUB-22052,Growth,Monthly,1827.42,33,2024-11-03,,Active,,0.766,28,4,12461,6,4,16.9,0,4.1,0
CUST-12053,Vertex Scale 236,SMB,E-Commerce,Canada,2024-11-03,SUB-22053,Starter,Monthly,143.72,15,2024-11-03,,Active,,0.564,70,3,37455,0,2,13.1,0,4.7,0
CUST-12054,Blue Systems 236,SMB,E-Commerce,Canada,2024-11-03,SUB-22054,Starter,Monthly,208.68,13,2024-11-03,2025-05-27,Churned,Switched Tool,0.577,75,3,20573,2,4,16.2,0,4.4,1
CUST-12055,Apex Logic 237,SMB,Fintech,United Kingdom,2024-11-04,SUB-22055,Starter,Annual,371.21,11,2024-11-04,,Active,,1.0,66,4,50504,5,6,19.2,0,5.0,0
CUST-12056,Cloud Hub 237,Mid-Market,Logistics & Supply Chain,Germany,2024-11-04,SUB-22056,Growth,Monthly,2606.77,72,2024-11-04,,Active,,0.758,88,4,49097,3,4,105.2,3,3.1,0
CUST-12057,Data Pay 237,Mid-Market,Fintech,United States,2024-11-04,SUB-22057,Growth,Annual,1508.07,65,2024-11-04,2025-05-20,Churned,Support / SLA Frustration,0.472,59,2,111891,49,3,108.9,2,2.2,1
CUST-12058,Nova Works 237,SMB,Logistics & Supply Chain,United States,2024-11-04,SUB-22058,Starter,Monthly,615.19,6,2024-11-04,2024-12-11,Churned,Support / SLA Frustration,0.836,74,3,18714,0,5,107.4,2,1.5,1
CUST-12059,Pulse Security 237,SMB,Cybersecurity,United Kingdom,2024-11-04,SUB-22059,Growth,Annual,607.03,12,2024-11-04,2025-04-25,Churned,Price / Budget Cuts,0.649,80,3,6490,0,2,2.1,0,4.6,1
CUST-12060,Stratum Analytics 237,Enterprise,Cybersecurity,Australia,2024-11-04,SUB-22060,Enterprise Plus,Annual,9558.74,234,2024-11-04,,Active,,0.854,57,7,514,3,4,6.5,0,3.8,0
CUST-12061,Sync Tech 237,SMB,E-Commerce,Canada,2024-11-04,SUB-22061,Growth,Monthly,239.58,17,2024-11-04,,Active,,1.0,50,2,23325,12,0,4.0,0,4.3,0
CUST-12062,Vanguard Sphere 237,SMB,SaaS / Tech,United Kingdom,2024-11-04,SUB-22062,Starter,Annual,225.7,24,2024-11-04,,Active,,0.821,54,4,6676,14,1,17.8,0,4.4,0
CUST-12063,Omni Labs 237,Mid-Market,SaaS / Tech,United Kingdom,2024-11-04,SUB-22063,Growth,Annual,1522.89,45,2024-11-04,,Active,,0.624,74,2,5001,3,2,81.9,2,2.2,0
CUST-12064,Hyper Flow 237,Enterprise,Fintech,India,2024-11-04,SUB-22064,Enterprise Plus,Annual,10642.66,166,2024-11-04,,Active,,0.587,66,5,8638,5,1,9.8,0,4.3,0
CUST-12065,Zenith Corp 237,SMB,E-Commerce,United States,2024-11-04,SUB-22065,Starter,Annual,680.52,8,2024-11-04,,Active,,0.83,93,3,29980,0,5,108.4,2,2.3,0
CUST-12066,Quantum Stack 237,Mid-Market,Fintech,United States,2024-11-05,SUB-22066,Scale,Annual,2275.75,46,2024-11-05,,Active,,0.626,75,5,5560,0,5,23.0,0,4.8,0
CUST-12067,Nexus AI 237,Mid-Market,E-Commerce,Australia,2024-11-05,SUB-22067,Scale,Monthly,1730.18,43,2024-11-05,2025-06-27,Churned,Competitor Alternative,0.532,87,3,5364,2,5,6.8,0,4.3,1
CUST-12068,Vertex Scale 237,Mid-Market,Fintech,Germany,2024-11-05,SUB-22068,Scale,Annual,2755.54,32,2024-11-05,,Active,,0.5,40,3,36133,6,9,19.8,0,4.3,0
CUST-12069,Blue Systems 237,Mid-Market,Fintech,United States,2024-11-05,SUB-22069,Scale,Annual,1230.33,73,2024-11-05,,Active,,1.0,48,1,30903,4,3,8.1,0,4.2,0
CUST-12070,Apex Logic 238,SMB,Healthcare,United States,2024-11-05,SUB-22070,Starter,Annual,342.63,14,2024-11-05,2025-05-23,Churned,Support / SLA Frustration,0.593,70,1,10650,4,5,61.2,3,1.8,1
CUST-12071,Cloud Hub 238,SMB,Healthcare,United States,2024-11-05,SUB-22071,Starter,Monthly,539.3,7,2024-11-05,2025-07-24,Churned,Price / Budget Cuts,0.706,47,2,13354,2,5,15.0,0,4.8,1
CUST-12072,Data Pay 238,Mid-Market,E-Commerce,United States,2024-11-05,SUB-22072,Scale,Annual,2630.72,45,2024-11-05,,Active,,0.812,55,6,54079,8,3,9.4,0,4.2,0
CUST-12073,Nova Works 238,SMB,Fintech,Australia,2024-11-05,SUB-22073,Growth,Monthly,467.79,9,2024-11-05,2025-02-28,Churned,Switched Tool,0.62,98,3,4716,6,6,23.7,0,4.9,1
CUST-12074,Pulse Security 238,SMB,E-Commerce,United States,2024-11-06,SUB-22074,Starter,Monthly,211.36,11,2024-11-06,,Active,,1.0,47,5,26214,1,4,7.6,0,4.0,0
CUST-12075,Stratum Analytics 238,SMB,Fintech,Germany,2024-11-06,SUB-22075,Starter,Monthly,329.53,9,2024-11-06,,Active,,1.0,48,7,14467,3,3,14.1,0,4.6,0
CUST-12076,Sync Tech 238,Mid-Market,E-Commerce,United States,2024-11-06,SUB-22076,Scale,Monthly,2089.06,27,2024-11-06,,Active,,0.453,46,5,1260,0,3,20.0,0,4.5,0
CUST-12077,Vanguard Sphere 238,Mid-Market,E-Commerce,United Kingdom,2024-11-06,SUB-22077,Scale,Monthly,952.27,69,2024-11-06,,Active,,1.0,91,4,1624,4,3,15.6,0,3.8,0
CUST-12078,Omni Labs 238,SMB,E-Commerce,United States,2024-11-06,SUB-22078,Starter,Monthly,592.35,13,2024-11-06,,Active,,0.786,63,4,18200,0,9,72.8,4,3.0,0
CUST-12079,Hyper Flow 238,SMB,SaaS / Tech,Canada,2024-11-06,SUB-22079,Starter,Monthly,276.53,17,2024-11-06,,Active,,0.537,68,3,33712,1,4,12.8,0,4.3,0
CUST-12080,Zenith Corp 238,Enterprise,Healthcare,United Kingdom,2024-11-06,SUB-22080,Enterprise Plus,Monthly,9631.47,125,2024-11-06,,Active,,0.8,100,6,5829,3,5,11.5,0,4.6,0
CUST-12081,Quantum Stack 238,Enterprise,SaaS / Tech,United Kingdom,2024-11-06,SUB-22081,Enterprise Plus,Annual,17277.08,141,2024-11-06,,Active,,0.437,31,7,13166,8,3,61.6,1,3.2,0
CUST-12082,Nexus AI 238,Mid-Market,Healthcare,United States,2024-11-07,SUB-22082,Growth,Annual,3322.98,91,2024-11-07,,Active,,0.974,95,1,38225,0,5,9.2,0,4.7,0
CUST-12083,Vertex Scale 238,SMB,E-Commerce,United States,2024-11-07,SUB-22083,Starter,Annual,200.08,16,2024-11-07,,Active,,0.887,100,7,103061,28,5,12.5,0,4.7,0
CUST-12084,Blue Systems 238,SMB,E-Commerce,United States,2024-11-07,SUB-22084,Starter,Monthly,312.28,13,2024-11-07,,Active,,0.672,96,1,44776,8,5,95.0,1,2.5,0
CUST-12085,Apex Logic 239,Mid-Market,Fintech,United States,2024-11-07,SUB-22085,Growth,Monthly,2127.12,93,2024-11-07,,Active,,0.811,57,5,13213,4,4,10.3,0,4.4,0
CUST-12086,Cloud Hub 239,Enterprise,SaaS / Tech,United Kingdom,2024-11-07,SUB-22086,Enterprise Plus,Annual,8058.45,462,2024-11-07,2025-09-26,Churned,Support / SLA Frustration,0.63,49,5,6230,2,2,56.3,0,1.6,1
CUST-12087,Data Pay 239,SMB,E-Commerce,United Kingdom,2024-11-07,SUB-22087,Starter,Monthly,714.41,18,2024-11-07,,Active,,1.0,70,2,43441,0,2,3.6,0,4.4,0
CUST-12088,Nova Works 239,SMB,Healthcare,United Kingdom,2024-11-07,SUB-22088,Starter,Annual,645.03,9,2024-11-07,,Active,,0.65,61,5,35460,4,4,9.4,0,4.0,0
CUST-12089,Pulse Security 239,Mid-Market,Fintech,United Kingdom,2024-11-07,SUB-22089,Growth,Annual,1358.63,96,2024-11-07,,Active,,0.769,73,3,3291,2,5,21.1,0,4.9,0
CUST-12090,Stratum Analytics 239,SMB,Fintech,United States,2024-11-07,SUB-22090,Starter,Monthly,721.23,9,2024-11-07,,Active,,0.476,40,6,5210,11,7,11.3,0,3.8,0
CUST-12091,Sync Tech 239,SMB,Cybersecurity,United States,2024-11-07,SUB-22091,Starter,Monthly,439.94,14,2024-11-07,,Active,,0.542,67,6,3305,5,5,6.0,0,4.8,0
CUST-12092,Vanguard Sphere 239,Mid-Market,SaaS / Tech,United States,2024-11-08,SUB-22092,Growth,Annual,1733.92,45,2024-11-08,,Active,,0.576,85,5,109548,10,1,6.3,0,4.3,0
CUST-12093,Omni Labs 239,SMB,Fintech,Germany,2024-11-08,SUB-22093,Starter,Monthly,342.47,11,2024-11-08,,Active,,0.903,63,2,3231,0,4,12.4,0,4.8,0
CUST-12094,Hyper Flow 239,Mid-Market,Healthcare,United Kingdom,2024-11-08,SUB-22094,Scale,Monthly,2566.08,98,2024-11-08,,Active,,0.811,73,4,6105,2,6,4.6,0,4.5,0
CUST-12095,Zenith Corp 239,SMB,E-Commerce,United States,2024-11-08,SUB-22095,Growth,Monthly,400.47,24,2024-11-08,,Active,,0.396,75,5,56862,3,6,14.8,0,3.9,0
CUST-12096,Quantum Stack 239,SMB,Logistics & Supply Chain,United States,2024-11-08,SUB-22096,Starter,Annual,554.31,9,2024-11-08,2025-01-12,Churned,Support / SLA Frustration,1.0,75,5,942,9,5,118.8,2,1.3,1
CUST-12097,Nexus AI 239,SMB,Fintech,Germany,2024-11-08,SUB-22097,Starter,Annual,274.34,5,2024-11-08,,Active,,0.581,53,6,33040,1,6,18.7,0,4.3,0
CUST-12098,Vertex Scale 239,SMB,Fintech,Canada,2024-11-09,SUB-22098,Growth,Monthly,174.42,6,2024-11-09,,Active,,1.0,81,4,53528,4,5,17.5,0,4.0,0
CUST-12099,Blue Systems 239,Mid-Market,Logistics & Supply Chain,United Kingdom,2024-11-09,SUB-22099,Growth,Monthly,1320.57,32,2024-11-09,,Active,,0.405,64,6,40161,12,4,2.9,0,3.8,0
CUST-12100,Apex Logic 240,SMB,Fintech,United States,2024-11-09,SUB-22100,Starter,Monthly,305.46,11,2024-11-09,2025-01-01,Churned,Price / Budget Cuts,0.63,38,3,17227,19,4,2.3,0,3.9,1
CUST-12101,Cloud Hub 240,SMB,Fintech,United States,2024-11-09,SUB-22101,Starter,Monthly,696.66,5,2024-11-09,2025-03-07,Churned,Competitor Alternative,0.605,89,4,69688,0,4,13.2,0,4.3,1
CUST-12102,Data Pay 240,Mid-Market,Cybersecurity,Australia,2024-11-09,SUB-22102,Growth,Monthly,3318.48,33,2024-11-09,,Active,,0.589,51,3,39121,0,6,23.6,0,4.7,0
CUST-12103,Nova Works 240,SMB,E-Commerce,Canada,2024-11-09,SUB-22103,Growth,Monthly,291.73,14,2024-11-09,,Active,,0.735,60,2,20895,12,3,14.9,0,3.8,0
CUST-12104,Pulse Security 240,SMB,Healthcare,United States,2024-11-09,SUB-22104,Starter,Annual,303.44,16,2024-11-09,2025-05-13,Churned,Support / SLA Frustration,0.76,51,2,20748,2,2,107.7,1,2.1,1
CUST-12105,Stratum Analytics 240,Mid-Market,Fintech,Germany,2024-11-10,SUB-22105,Scale,Annual,1908.91,60,2024-11-10,,Active,,0.664,53,4,96906,7,4,69.7,0,2.9,0
CUST-12106,Sync Tech 240,SMB,Fintech,Canada,2024-11-10,SUB-22106,Starter,Monthly,325.88,16,2024-11-10,,Active,,0.794,63,2,14744,3,5,5.2,0,3.8,0
CUST-12107,Vanguard Sphere 240,SMB,Fintech,United States,2024-11-10,SUB-22107,Starter,Monthly,223.75,10,2024-11-10,,Active,,1.0,85,2,23028,10,4,3.6,0,4.2,0
CUST-12108,Omni Labs 240,Mid-Market,Logistics & Supply Chain,United States,2024-11-10,SUB-22108,Growth,Monthly,2562.64,97,2024-11-10,,Active,,0.762,56,3,33398,2,3,18.7,0,4.3,0
CUST-12109,Hyper Flow 240,SMB,Healthcare,United States,2024-11-10,SUB-22109,Starter,Monthly,384.02,17,2024-11-10,,Active,,0.617,53,5,107088,9,6,8.6,0,4.2,0
CUST-12110,Zenith Corp 240,Enterprise,SaaS / Tech,United States,2024-11-10,SUB-22110,Enterprise Plus,Annual,13547.63,356,2024-11-10,2025-04-27,Churned,Support / SLA Frustration,0.921,50,5,2037,2,7,118.9,2,1.8,1
CUST-12111,Quantum Stack 240,Mid-Market,Cybersecurity,Canada,2024-11-11,SUB-22111,Scale,Annual,3315.07,94,2024-11-11,,Active,,0.503,54,4,28171,1,4,23.8,0,4.5,0
CUST-12112,Nexus AI 240,Mid-Market,Healthcare,United States,2024-11-11,SUB-22112,Growth,Monthly,1993.36,36,2024-11-11,,Active,,0.462,42,4,24183,21,8,3.9,0,4.7,0
CUST-12113,Vertex Scale 240,SMB,Fintech,Germany,2024-11-11,SUB-22113,Starter,Annual,408.29,22,2024-11-11,,Active,,0.618,35,6,43011,0,3,17.4,0,4.4,0
CUST-12114,Blue Systems 240,SMB,E-Commerce,Australia,2024-11-11,SUB-22114,Starter,Annual,502.08,11,2024-11-11,,Active,,1.0,93,4,26499,2,8,13.0,0,5.0,0
CUST-12115,Apex Logic 241,Mid-Market,Cybersecurity,United States,2024-11-11,SUB-22115,Growth,Annual,1151.2,25,2024-11-11,,Active,,0.398,59,4,79062,9,0,4.0,0,4.5,0
CUST-12116,Cloud Hub 241,Mid-Market,Logistics & Supply Chain,United States,2024-11-11,SUB-22116,Scale,Annual,2135.63,97,2024-11-11,,Active,,0.448,76,6,48250,1,7,3.4,0,4.8,0
CUST-12117,Data Pay 241,SMB,Fintech,Germany,2024-11-11,SUB-22117,Growth,Annual,440.37,19,2024-11-11,,Active,,1.0,66,5,2532,4,4,16.2,0,4.5,0
CUST-12118,Nova Works 241,Enterprise,SaaS / Tech,Canada,2024-11-11,SUB-22118,Enterprise Plus,Annual,10675.64,170,2024-11-11,,Active,,0.99,69,3,31048,0,7,15.5,0,4.3,0
CUST-12119,Pulse Security 241,SMB,E-Commerce,Canada,2024-11-12,SUB-22119,Starter,Monthly,503.41,6,2024-11-12,2025-06-18,Churned,Competitor Alternative,0.739,64,3,2513,10,3,12.8,0,4.6,1
CUST-12120,Stratum Analytics 241,SMB,Cybersecurity,United States,2024-11-12,SUB-22120,Starter,Monthly,215.64,10,2024-11-12,,Active,,1.0,47,5,62358,11,5,8.9,0,4.9,0
CUST-12121,Sync Tech 241,SMB,Fintech,United States,2024-11-12,SUB-22121,Growth,Monthly,234.32,14,2024-11-12,2025-06-30,Churned,Switched Tool,0.712,47,3,22904,3,4,20.4,0,3.8,1
CUST-12122,Vanguard Sphere 241,SMB,E-Commerce,United Kingdom,2024-11-12,SUB-22122,Starter,Monthly,698.94,10,2024-11-12,,Active,,0.641,64,7,25046,8,3,4.8,0,4.0,0
CUST-12123,Omni Labs 241,Mid-Market,Logistics & Supply Chain,Australia,2024-11-12,SUB-22123,Scale,Annual,2037.63,80,2024-11-12,2025-08-29,Churned,Support / SLA Frustration,0.519,28,3,19842,22,3,75.5,2,1.8,1
CUST-12124,Hyper Flow 241,SMB,Healthcare,United States,2024-11-12,SUB-22124,Starter,Monthly,216.67,7,2024-11-12,2025-01-22,Churned,Switched Tool,0.708,55,3,14758,6,5,4.8,0,4.4,1
CUST-12125,Zenith Corp 241,SMB,E-Commerce,India,2024-11-12,SUB-22125,Starter,Monthly,191.42,23,2024-11-12,2025-01-27,Churned,Support / SLA Frustration,0.632,58,4,22135,1,3,80.9,0,3.2,1
CUST-12126,Quantum Stack 241,SMB,Fintech,United States,2024-11-12,SUB-22126,Starter,Annual,247.7,8,2024-11-12,,Active,,0.417,46,2,24613,9,1,14.4,0,3.9,0
CUST-12127,Nexus AI 241,Mid-Market,Healthcare,Australia,2024-11-12,SUB-22127,Growth,Monthly,2337.06,54,2024-11-12,,Active,,0.339,86,5,5841,14,7,9.1,0,4.7,0
CUST-12128,Vertex Scale 241,SMB,Healthcare,United Kingdom,2024-11-12,SUB-22128,Growth,Monthly,225.19,10,2024-11-12,,Active,,0.663,67,6,3865,19,3,23.6,0,4.4,0
CUST-12129,Blue Systems 241,Mid-Market,Cybersecurity,United States,2024-11-13,SUB-22129,Growth,Annual,1745.36,63,2024-11-13,,Active,,1.0,42,7,13192,1,2,11.4,0,4.5,0
CUST-12130,Apex Logic 242,Mid-Market,Healthcare,United Kingdom,2024-11-13,SUB-22130,Scale,Monthly,2959.46,40,2024-11-13,,Active,,0.716,71,7,46380,6,0,4.0,0,4.7,0
CUST-12131,Cloud Hub 242,Enterprise,E-Commerce,United States,2024-11-13,SUB-22131,Scale,Annual,7185.31,133,2024-11-13,,Active,,0.923,74,3,21302,20,5,20.9,0,4.7,0
CUST-12132,Data Pay 242,SMB,SaaS / Tech,United States,2024-11-13,SUB-22132,Starter,Monthly,596.37,11,2024-11-13,2025-10-18,Churned,Support / SLA Frustration,0.515,93,4,28935,1,4,91.0,1,2.2,1
CUST-12133,Nova Works 242,SMB,Fintech,United States,2024-11-13,SUB-22133,Growth,Monthly,156.35,15,2024-11-13,2025-09-12,Churned,Support / SLA Frustration,0.453,88,5,4771,7,3,95.1,1,1.4,1
CUST-12134,Pulse Security 242,SMB,E-Commerce,United States,2024-11-14,SUB-22134,Starter,Monthly,433.61,14,2024-11-14,,Active,,0.72,61,4,24470,0,4,11.6,0,4.5,0
CUST-12135,Stratum Analytics 242,SMB,SaaS / Tech,United States,2024-11-14,SUB-22135,Starter,Monthly,716.11,11,2024-11-14,2025-09-19,Churned,Competitor Alternative,0.675,54,5,9388,2,6,15.9,0,4.3,1
CUST-12136,Sync Tech 242,Enterprise,Logistics & Supply Chain,Canada,2024-11-14,SUB-22136,Scale,Annual,16073.23,334,2024-11-14,,Active,,0.527,85,5,16043,18,7,20.0,0,4.8,0
CUST-12137,Vanguard Sphere 242,SMB,E-Commerce,United Kingdom,2024-11-15,SUB-22137,Growth,Monthly,638.64,16,2024-11-15,2025-07-01,Churned,Low Adoption & License Waste,0.308,59,4,19966,1,4,20.9,0,4.1,1
CUST-12138,Omni Labs 242,Mid-Market,SaaS / Tech,United States,2024-11-15,SUB-22138,Growth,Annual,2564.55,52,2024-11-15,,Active,,0.421,60,3,37776,17,3,9.6,0,4.6,0
CUST-12139,Hyper Flow 242,SMB,Fintech,Germany,2024-11-15,SUB-22139,Starter,Monthly,499.38,5,2024-11-15,,Active,,0.869,68,5,102741,6,4,6.7,0,4.2,0
CUST-12140,Zenith Corp 242,SMB,Cybersecurity,United Kingdom,2024-11-15,SUB-22140,Starter,Monthly,241.67,18,2024-11-15,,Active,,0.437,65,5,53952,10,7,112.8,3,3.1,0
CUST-12141,Quantum Stack 242,SMB,Fintech,Australia,2024-11-15,SUB-22141,Starter,Monthly,646.31,13,2024-11-15,,Active,,0.973,45,3,33590,5,6,18.7,0,4.1,0
CUST-12142,Nexus AI 242,SMB,SaaS / Tech,United Kingdom,2024-11-15,SUB-22142,Starter,Annual,363.42,19,2024-11-15,2025-04-09,Churned,Support / SLA Frustration,0.763,45,2,7634,14,6,114.8,3,2.8,1
CUST-12143,Vertex Scale 242,Mid-Market,Healthcare,United States,2024-11-15,SUB-22143,Scale,Annual,1411.93,85,2024-11-15,,Active,,0.73,46,6,52961,1,5,16.0,0,4.2,0
CUST-12144,Blue Systems 242,Mid-Market,Cybersecurity,United States,2024-11-15,SUB-22144,Growth,Monthly,2673.67,52,2024-11-15,2024-12-31,Churned,Low Adoption & License Waste,0.31,92,3,7654,5,5,21.0,0,4.2,1
CUST-12145,Apex Logic 243,SMB,SaaS / Tech,United Kingdom,2024-11-15,SUB-22145,Starter,Annual,680.11,21,2024-11-15,,Active,,0.996,72,7,31994,3,0,4.0,0,4.9,0
CUST-12146,Cloud Hub 243,Mid-Market,SaaS / Tech,United States,2024-11-16,SUB-22146,Growth,Annual,2776.71,59,2024-11-16,,Active,,0.785,94,4,45823,19,5,14.7,0,4.7,0
CUST-12147,Data Pay 243,Mid-Market,Fintech,United States,2024-11-16,SUB-22147,Scale,Annual,3331.64,77,2024-11-16,,Active,,0.673,100,5,50300,0,5,18.1,0,4.3,0
CUST-12148,Nova Works 243,Mid-Market,Healthcare,United States,2024-11-16,SUB-22148,Growth,Monthly,2313.29,38,2024-11-16,,Active,,0.648,76,3,519,6,3,11.9,0,4.7,0
CUST-12149,Pulse Security 243,SMB,E-Commerce,United States,2024-11-16,SUB-22149,Starter,Monthly,665.03,21,2024-11-16,,Active,,0.724,91,4,7944,1,1,16.4,0,4.5,0
CUST-12150,Stratum Analytics 243,Mid-Market,SaaS / Tech,United States,2024-11-16,SUB-22150,Scale,Annual,1172.73,50,2024-11-16,,Active,,0.716,51,2,15795,11,4,20.7,0,4.2,0
CUST-12151,Sync Tech 243,Mid-Market,Fintech,United States,2024-11-16,SUB-22151,Scale,Monthly,1599.95,82,2024-11-16,2025-02-05,Churned,Support / SLA Frustration,0.436,69,2,5967,1,2,104.0,0,2.6,1
CUST-12152,Vanguard Sphere 243,SMB,Cybersecurity,United States,2024-11-16,SUB-22152,Starter,Annual,462.04,21,2024-11-16,,Active,,0.639,34,6,56166,5,2,22.9,0,4.9,0
CUST-12153,Omni Labs 243,SMB,Logistics & Supply Chain,United Kingdom,2024-11-16,SUB-22153,Starter,Monthly,268.84,6,2024-11-16,2025-01-22,Churned,Support / SLA Frustration,0.696,84,3,39861,9,2,63.2,1,2.7,1
CUST-12154,Hyper Flow 243,Enterprise,Healthcare,United Kingdom,2024-11-17,SUB-22154,Scale,Annual,10133.63,418,2024-11-17,,Active,,0.77,89,5,18160,10,2,16.1,0,4.6,0
CUST-12155,Zenith Corp 243,Mid-Market,Logistics & Supply Chain,United States,2024-11-17,SUB-22155,Growth,Annual,3240.05,56,2024-11-17,,Active,,0.86,69,5,1300,0,5,22.6,0,4.5,0
CUST-12156,Quantum Stack 243,Enterprise,E-Commerce,United States,2024-11-18,SUB-22156,Enterprise Plus,Annual,13090.2,381,2024-11-18,,Active,,0.661,77,3,8224,5,6,12.7,0,4.1,0
CUST-12157,Nexus AI 243,Mid-Market,E-Commerce,United States,2024-11-18,SUB-22157,Scale,Annual,2652.24,57,2024-11-18,2025-06-17,Churned,Support / SLA Frustration,0.199,54,5,34472,6,2,75.5,0,2.1,1
CUST-12158,Vertex Scale 243,Mid-Market,Healthcare,United States,2024-11-18,SUB-22158,Growth,Annual,1289.28,87,2024-11-18,,Active,,0.256,73,4,12236,6,4,9.8,0,4.4,0
CUST-12159,Blue Systems 243,SMB,E-Commerce,United States,2024-11-18,SUB-22159,Growth,Monthly,641.95,6,2024-11-18,,Active,,0.917,68,5,32565,3,2,8.0,0,3.8,0
CUST-12160,Apex Logic 244,SMB,SaaS / Tech,United States,2024-11-19,SUB-22160,Starter,Monthly,648.48,12,2024-11-19,,Active,,0.612,61,2,50691,24,2,8.6,0,4.6,0
CUST-12161,Cloud Hub 244,SMB,Healthcare,United Kingdom,2024-11-19,SUB-22161,Growth,Monthly,649.29,15,2024-11-19,,Active,,0.734,10,4,11195,6,3,10.7,0,4.6,0
CUST-12162,Data Pay 244,Mid-Market,E-Commerce,United Kingdom,2024-11-19,SUB-22162,Scale,Annual,2611.08,66,2024-11-19,2025-01-27,Churned,Support / SLA Frustration,0.344,90,6,20716,7,3,109.0,2,3.1,1
CUST-12163,Nova Works 244,SMB,SaaS / Tech,United States,2024-11-19,SUB-22163,Starter,Monthly,698.41,20,2024-11-19,2025-06-16,Churned,Support / SLA Frustration,0.402,88,3,15447,9,4,73.3,2,2.3,1
CUST-12164,Pulse Security 244,Mid-Market,SaaS / Tech,United States,2024-11-19,SUB-22164,Growth,Monthly,1254.03,71,2024-11-19,2025-08-18,Churned,Support / SLA Frustration,0.631,77,3,1822,6,2,98.5,0,2.1,1
CUST-12165,Stratum Analytics 244,SMB,Fintech,United Kingdom,2024-11-19,SUB-22165,Growth,Annual,655.31,20,2024-11-19,2025-07-15,Churned,Support / SLA Frustration,0.365,52,6,16150,5,2,64.1,1,3.0,1
CUST-12166,Sync Tech 244,SMB,Logistics & Supply Chain,Germany,2024-11-19,SUB-22166,Starter,Monthly,375.43,24,2024-11-19,,Active,,0.743,60,7,32668,6,2,9.1,0,4.0,0
CUST-12167,Vanguard Sphere 244,Enterprise,E-Commerce,Canada,2024-11-19,SUB-22167,Scale,Annual,5623.75,187,2024-11-19,,Active,,0.808,70,4,24043,7,4,20.2,0,3.8,0
CUST-12168,Omni Labs 244,SMB,Healthcare,United Kingdom,2024-11-19,SUB-22168,Growth,Monthly,741.03,15,2024-11-19,,Active,,0.514,53,3,21912,4,8,11.1,0,4.0,0
CUST-12169,Hyper Flow 244,Mid-Market,Fintech,United States,2024-11-19,SUB-22169,Growth,Annual,3673.93,38,2024-11-19,,Active,,0.955,53,4,9505,0,3,18.5,0,4.6,0
CUST-12170,Zenith Corp 244,SMB,E-Commerce,United States,2024-11-19,SUB-22170,Starter,Monthly,381.82,17,2024-11-19,,Active,,0.905,67,6,8965,11,2,10.4,0,4.7,0
CUST-12171,Quantum Stack 244,Enterprise,Logistics & Supply Chain,Germany,2024-11-20,SUB-22171,Enterprise Plus,Annual,11244.42,416,2024-11-20,,Active,,0.586,31,2,30390,4,1,6.3,0,4.3,0
CUST-12172,Nexus AI 244,Mid-Market,Healthcare,United States,2024-11-20,SUB-22172,Growth,Annual,1808.33,40,2024-11-20,,Active,,0.599,64,5,63872,1,4,14.3,0,4.7,0
CUST-12173,Vertex Scale 244,SMB,SaaS / Tech,Australia,2024-11-20,SUB-22173,Starter,Monthly,460.79,6,2024-11-20,,Active,,0.568,58,4,9091,3,4,19.4,0,4.4,0
CUST-12174,Blue Systems 244,Mid-Market,Fintech,United Kingdom,2024-11-20,SUB-22174,Scale,Monthly,3695.96,87,2024-11-20,,Active,,0.557,80,5,10871,7,1,49.0,0,2.7,0
CUST-12175,Apex Logic 245,SMB,E-Commerce,Canada,2024-11-20,SUB-22175,Starter,Annual,645.13,6,2024-11-20,,Active,,0.994,53,3,2093,2,6,7.4,0,4.1,0
CUST-12176,Cloud Hub 245,Mid-Market,Cybersecurity,United States,2024-11-20,SUB-22176,Growth,Annual,1417.3,87,2024-11-20,,Active,,0.662,50,5,28101,1,5,23.8,0,3.9,0
CUST-12177,Data Pay 245,SMB,SaaS / Tech,United Kingdom,2024-11-20,SUB-22177,Growth,Monthly,634.16,9,2024-11-20,,Active,,0.491,82,4,34053,8,6,3.5,0,4.9,0
CUST-12178,Nova Works 245,SMB,Fintech,United States,2024-11-21,SUB-22178,Growth,Monthly,540.11,7,2024-11-21,,Active,,1.0,82,7,33487,0,5,9.4,0,4.8,0
CUST-12179,Pulse Security 245,SMB,E-Commerce,United States,2024-11-21,SUB-22179,Growth,Monthly,147.47,6,2024-11-21,,Active,,0.714,95,6,2242,3,6,21.1,0,4.7,0
CUST-12180,Stratum Analytics 245,Mid-Market,Fintech,United States,2024-11-21,SUB-22180,Growth,Annual,1743.26,85,2024-11-21,,Active,,0.587,76,2,26898,8,4,107.5,1,3.0,0
CUST-12181,Sync Tech 245,Mid-Market,Healthcare,India,2024-11-21,SUB-22181,Growth,Annual,2979.41,52,2024-11-21,,Active,,0.6,20,2,20618,5,2,22.4,0,4.4,0
CUST-12182,Vanguard Sphere 245,Enterprise,SaaS / Tech,United Kingdom,2024-11-21,SUB-22182,Enterprise Plus,Annual,15030.56,105,2024-11-21,,Active,,0.572,38,2,169338,1,2,17.2,0,4.7,0
CUST-12183,Omni Labs 245,Mid-Market,SaaS / Tech,United States,2024-11-21,SUB-22183,Growth,Annual,1919.64,46,2024-11-21,2025-08-25,Churned,Support / SLA Frustration,0.812,100,7,15513,1,5,115.6,2,1.2,1
CUST-12184,Hyper Flow 245,SMB,Fintech,United States,2024-11-22,SUB-22184,Starter,Monthly,241.01,16,2024-11-22,2025-06-02,Churned,Support / SLA Frustration,0.511,70,2,3814,15,11,89.7,5,2.7,1
CUST-12185,Zenith Corp 245,SMB,Cybersecurity,Canada,2024-11-22,SUB-22185,Starter,Monthly,511.08,22,2024-11-22,,Active,,0.58,50,5,75093,1,6,107.7,3,2.9,0
CUST-12186,Quantum Stack 245,SMB,E-Commerce,Canada,2024-11-22,SUB-22186,Starter,Annual,515.14,12,2024-11-22,,Active,,0.587,60,5,2000,0,6,12.9,0,4.9,0
CUST-12187,Nexus AI 245,SMB,Healthcare,United Kingdom,2024-11-22,SUB-22187,Starter,Annual,472.11,11,2024-11-22,,Active,,1.0,100,5,43772,3,6,17.3,0,4.7,0
CUST-12188,Vertex Scale 245,SMB,E-Commerce,United Kingdom,2024-11-22,SUB-22188,Growth,Monthly,253.74,17,2024-11-22,,Active,,0.957,85,1,4036,6,1,4.5,0,4.0,0
CUST-12189,Blue Systems 245,SMB,E-Commerce,United States,2024-11-22,SUB-22189,Starter,Monthly,424.02,14,2024-11-22,2025-08-22,Churned,Price / Budget Cuts,0.966,54,5,17573,3,5,9.6,0,4.0,1
CUST-12190,Apex Logic 246,Mid-Market,E-Commerce,United Kingdom,2024-11-22,SUB-22190,Scale,Annual,3522.49,84,2024-11-22,,Active,,0.556,52,3,12876,4,3,3.3,0,4.9,0
CUST-12191,Cloud Hub 246,SMB,E-Commerce,United States,2024-11-22,SUB-22191,Starter,Annual,296.11,11,2024-11-22,2025-07-07,Churned,Support / SLA Frustration,0.375,71,3,1052,1,2,82.5,0,2.9,1
CUST-12192,Data Pay 246,SMB,E-Commerce,India,2024-11-22,SUB-22192,Starter,Annual,696.05,6,2024-11-22,,Active,,1.0,68,1,30178,2,5,3.5,0,4.2,0
CUST-12193,Nova Works 246,SMB,Fintech,United Kingdom,2024-11-23,SUB-22193,Starter,Annual,281.7,21,2024-11-23,2025-03-08,Churned,Support / SLA Frustration,0.82,80,6,39477,24,7,66.4,3,2.3,1
CUST-12194,Pulse Security 246,Enterprise,Logistics & Supply Chain,United States,2024-11-23,SUB-22194,Enterprise Plus,Annual,16268.74,420,2024-11-23,2025-07-17,Churned,Support / SLA Frustration,0.741,84,4,92099,7,2,109.2,1,1.7,1
CUST-12195,Stratum Analytics 246,Mid-Market,E-Commerce,United States,2024-11-23,SUB-22195,Scale,Monthly,2696.98,62,2024-11-23,,Active,,0.57,89,2,1518,3,2,21.4,0,4.4,0
CUST-12196,Sync Tech 246,Mid-Market,Fintech,Germany,2024-11-23,SUB-22196,Growth,Annual,2516.49,91,2024-11-23,,Active,,0.885,49,3,13679,8,3,5.1,0,4.0,0
CUST-12197,Vanguard Sphere 246,SMB,SaaS / Tech,United States,2024-11-24,SUB-22197,Starter,Monthly,344.86,18,2024-11-24,2025-06-09,Churned,Price / Budget Cuts,0.71,59,2,26444,0,1,20.0,0,4.4,1
CUST-12198,Omni Labs 246,SMB,Cybersecurity,United States,2024-11-24,SUB-22198,Starter,Monthly,526.38,9,2024-11-24,,Active,,0.707,68,7,20011,5,4,113.3,2,2.2,0
CUST-12199,Hyper Flow 246,Mid-Market,Cybersecurity,United Kingdom,2024-11-24,SUB-22199,Growth,Monthly,1031.36,60,2024-11-24,2025-11-09,Churned,Support / SLA Frustration,0.332,61,5,29277,0,3,48.4,2,2.4,1
CUST-12200,Zenith Corp 246,SMB,Healthcare,United States,2024-11-24,SUB-22200,Starter,Monthly,612.65,19,2024-11-24,,Active,,1.0,55,4,24822,33,4,19.1,0,4.4,0
CUST-12201,Quantum Stack 246,Enterprise,Fintech,Canada,2024-11-24,SUB-22201,Enterprise Plus,Annual,12116.42,456,2024-11-24,,Active,,0.534,56,3,13893,0,7,19.5,0,4.3,0
CUST-12202,Nexus AI 246,Mid-Market,E-Commerce,United States,2024-11-24,SUB-22202,Scale,Monthly,2981.75,35,2024-11-24,,Active,,0.712,59,0,30856,4,5,17.7,0,4.3,0
CUST-12203,Vertex Scale 246,Enterprise,Fintech,Canada,2024-11-24,SUB-22203,Scale,Annual,15852.72,398,2024-11-24,,Active,,0.666,68,5,40480,3,2,53.4,1,1.3,0
CUST-12204,Blue Systems 246,SMB,Cybersecurity,United States,2024-11-25,SUB-22204,Starter,Monthly,319.24,14,2024-11-25,,Active,,0.492,78,5,2861,1,3,6.8,0,4.9,0
CUST-12205,Apex Logic 247,SMB,Fintech,United States,2024-11-25,SUB-22205,Starter,Monthly,267.52,16,2024-11-25,,Active,,0.853,100,3,25867,6,5,14.7,0,4.7,0
CUST-12206,Cloud Hub 247,Mid-Market,Healthcare,India,2024-11-25,SUB-22206,Growth,Monthly,2537.23,94,2024-11-25,2025-01-15,Churned,Leadership Transition,0.711,100,4,5056,4,3,2.3,0,3.8,1
CUST-12207,Data Pay 247,SMB,Healthcare,United Kingdom,2024-11-25,SUB-22207,Starter,Annual,602.8,12,2024-11-25,,Active,,0.705,83,5,33135,3,2,23.7,0,4.9,0
CUST-12208,Nova Works 247,Mid-Market,Healthcare,United States,2024-11-25,SUB-22208,Growth,Annual,2791.21,28,2024-11-25,2025-05-11,Churned,Competitor Alternative,0.604,33,7,39311,0,4,14.8,0,4.0,1
CUST-12209,Pulse Security 247,SMB,SaaS / Tech,United States,2024-11-25,SUB-22209,Starter,Monthly,447.75,5,2024-11-25,,Active,,0.922,80,3,5613,5,3,18.9,0,3.9,0
CUST-12210,Stratum Analytics 247,SMB,E-Commerce,United Kingdom,2024-11-25,SUB-22210,Starter,Monthly,245.6,21,2024-11-25,,Active,,0.65,49,4,29748,1,4,11.5,0,4.3,0
CUST-12211,Sync Tech 247,SMB,Fintech,United Kingdom,2024-11-25,SUB-22211,Starter,Monthly,696.84,12,2024-11-25,,Active,,0.903,71,5,3298,0,4,98.3,2,2.6,0
CUST-12212,Vanguard Sphere 247,Enterprise,Healthcare,Australia,2024-11-25,SUB-22212,Scale,Annual,12239.49,234,2024-11-25,2025-01-04,Churned,Support / SLA Frustration,0.647,82,3,13672,1,3,75.5,2,1.9,1
CUST-12213,Omni Labs 247,SMB,E-Commerce,Australia,2024-11-26,SUB-22213,Starter,Monthly,303.42,19,2024-11-26,2025-07-08,Churned,Support / SLA Frustration,0.33,35,6,58686,3,3,50.6,2,2.8,1
CUST-12214,Hyper Flow 247,SMB,Fintech,United Kingdom,2024-11-26,SUB-22214,Starter,Monthly,370.65,12,2024-11-26,2025-03-24,Churned,Switched Tool,0.873,68,7,11781,7,7,16.3,0,4.7,1
CUST-12215,Zenith Corp 247,Mid-Market,E-Commerce,United States,2024-11-26,SUB-22215,Growth,Annual,1677.79,49,2024-11-26,,Active,,1.0,96,1,15327,4,6,15.6,0,4.2,0
CUST-12216,Quantum Stack 247,SMB,E-Commerce,United States,2024-11-26,SUB-22216,Starter,Monthly,369.29,23,2024-11-26,2025-01-11,Churned,Competitor Alternative,0.63,92,5,69818,7,6,22.1,0,4.7,1
CUST-12217,Nexus AI 247,Mid-Market,SaaS / Tech,Canada,2024-11-26,SUB-22217,Scale,Monthly,3440.99,71,2024-11-26,2025-02-26,Churned,Low Adoption & License Waste,0.375,72,3,34219,6,5,5.9,0,3.8,1
CUST-12218,Vertex Scale 247,SMB,Cybersecurity,United States,2024-11-26,SUB-22218,Starter,Annual,575.11,17,2024-11-26,,Active,,0.666,98,4,26202,6,3,7.4,0,4.9,0
CUST-12219,Blue Systems 247,Enterprise,Cybersecurity,United States,2024-11-26,SUB-22219,Enterprise Plus,Annual,10494.65,309,2024-11-26,,Active,,0.592,55,3,17172,7,0,4.0,0,4.3,0
CUST-12220,Apex Logic 248,SMB,Cybersecurity,United States,2024-11-26,SUB-22220,Starter,Monthly,672.26,21,2024-11-26,2025-07-07,Churned,Support / SLA Frustration,0.701,62,6,24412,4,2,112.8,1,2.0,1
CUST-12221,Cloud Hub 248,SMB,Fintech,United States,2024-11-27,SUB-22221,Growth,Annual,694.48,10,2024-11-27,,Active,,1.0,56,4,6341,8,6,20.0,0,4.7,0
CUST-12222,Data Pay 248,Enterprise,Fintech,United States,2024-11-27,SUB-22222,Enterprise Plus,Annual,10435.22,399,2024-11-27,,Active,,0.845,57,2,51218,1,3,15.6,0,4.7,0
CUST-12223,Nova Works 248,Mid-Market,Healthcare,United States,2024-11-27,SUB-22223,Scale,Annual,2868.01,66,2024-11-27,,Active,,0.317,40,4,5032,11,3,15.3,0,4.1,0
CUST-12224,Pulse Security 248,Enterprise,Logistics & Supply Chain,Canada,2024-11-27,SUB-22224,Scale,Annual,7257.34,377,2024-11-27,,Active,,0.496,72,4,114071,1,2,9.1,0,4.1,0
CUST-12225,Stratum Analytics 248,Mid-Market,Cybersecurity,United States,2024-11-27,SUB-22225,Growth,Annual,2063.1,47,2024-11-27,2025-03-03,Churned,Support / SLA Frustration,0.916,42,4,14982,1,4,88.9,2,3.1,1
CUST-12226,Sync Tech 248,Mid-Market,Logistics & Supply Chain,United States,2024-11-28,SUB-22226,Growth,Monthly,3699.41,87,2024-11-28,2025-05-11,Churned,Competitor Alternative,0.459,49,4,25305,6,2,14.7,0,4.1,1
CUST-12227,Vanguard Sphere 248,SMB,Fintech,United States,2024-11-28,SUB-22227,Growth,Monthly,367.05,5,2024-11-28,,Active,,0.576,84,5,78308,8,4,12.6,0,4.2,0
CUST-12228,Omni Labs 248,Mid-Market,Cybersecurity,United Kingdom,2024-11-28,SUB-22228,Growth,Monthly,2013.67,59,2024-11-28,,Active,,0.729,94,4,8588,2,3,20.6,0,4.8,0
CUST-12229,Hyper Flow 248,Mid-Market,Healthcare,United States,2024-11-28,SUB-22229,Growth,Annual,1079.43,71,2024-11-28,,Active,,1.0,40,2,19544,1,3,2.0,0,4.2,0
CUST-12230,Zenith Corp 248,SMB,Fintech,United Kingdom,2024-11-28,SUB-22230,Starter,Monthly,464.54,20,2024-11-28,,Active,,0.888,68,2,11148,12,0,4.0,0,4.2,0
CUST-12231,Quantum Stack 248,Enterprise,Healthcare,Australia,2024-11-29,SUB-22231,Enterprise Plus,Annual,11239.73,241,2024-11-29,,Active,,0.597,52,2,92655,2,2,7.6,0,4.4,0
CUST-12232,Nexus AI 248,SMB,Fintech,United States,2024-11-29,SUB-22232,Growth,Annual,216.15,13,2024-11-29,,Active,,0.607,53,4,68407,0,3,22.7,0,4.1,0
CUST-12233,Vertex Scale 248,SMB,E-Commerce,United States,2024-11-29,SUB-22233,Starter,Annual,573.17,16,2024-11-29,,Active,,0.805,62,4,6000,5,0,4.0,0,5.0,0
CUST-12234,Blue Systems 248,SMB,Healthcare,United States,2024-11-29,SUB-22234,Starter,Monthly,447.28,8,2024-11-29,,Active,,1.0,53,5,57210,9,5,13.2,0,4.1,0
CUST-12235,Apex Logic 249,SMB,E-Commerce,Australia,2024-11-29,SUB-22235,Starter,Monthly,566.99,16,2024-11-29,,Active,,0.45,100,4,6332,0,4,50.9,2,3.1,0
CUST-12236,Cloud Hub 249,SMB,E-Commerce,Canada,2024-11-29,SUB-22236,Starter,Monthly,472.33,11,2024-11-29,,Active,,0.986,73,7,14212,4,2,15.4,0,4.6,0
CUST-12237,Data Pay 249,Mid-Market,Logistics & Supply Chain,India,2024-11-29,SUB-22237,Growth,Monthly,2639.74,77,2024-11-29,,Active,,0.308,66,6,687,9,5,17.7,0,4.2,0
CUST-12238,Nova Works 249,Enterprise,SaaS / Tech,United States,2024-11-29,SUB-22238,Enterprise Plus,Annual,12390.71,121,2024-11-29,,Active,,1.0,82,4,17982,5,7,5.6,0,5.0,0
CUST-12239,Pulse Security 249,Mid-Market,Healthcare,Australia,2024-11-29,SUB-22239,Scale,Annual,1299.88,31,2024-11-29,,Active,,0.82,87,3,30397,7,2,2.6,0,4.1,0
CUST-12240,Stratum Analytics 249,SMB,Logistics & Supply Chain,United States,2024-11-29,SUB-22240,Growth,Monthly,561.1,23,2024-11-29,2025-08-06,Churned,Switched Tool,0.566,83,5,46691,4,7,23.7,0,4.7,1
CUST-12241,Sync Tech 249,Enterprise,Cybersecurity,United States,2024-11-29,SUB-22241,Enterprise Plus,Annual,12863.19,491,2024-11-29,,Active,,0.863,49,4,48284,4,3,7.0,0,4.2,0
CUST-12242,Vanguard Sphere 249,SMB,Fintech,Germany,2024-11-29,SUB-22242,Starter,Monthly,213.7,20,2024-11-29,,Active,,0.487,72,3,64666,11,4,14.0,0,4.1,0
CUST-12243,Omni Labs 249,SMB,E-Commerce,India,2024-11-30,SUB-22243,Starter,Monthly,138.07,6,2024-11-30,,Active,,0.724,75,2,23576,9,1,13.7,0,4.6,0
CUST-12244,Hyper Flow 249,SMB,Healthcare,United States,2024-11-30,SUB-22244,Starter,Monthly,499.85,23,2024-11-30,2025-01-29,Churned,Support / SLA Frustration,0.511,61,6,8914,1,7,66.8,3,2.3,1
CUST-12245,Zenith Corp 249,SMB,Fintech,United States,2024-11-30,SUB-22245,Starter,Annual,252.0,5,2024-11-30,,Active,,0.791,80,5,6184,12,4,17.7,0,5.0,0
CUST-12246,Quantum Stack 249,Enterprise,SaaS / Tech,United States,2024-11-30,SUB-22246,Enterprise Plus,Annual,17972.2,264,2024-11-30,,Active,,0.878,61,3,4777,7,3,9.8,0,4.9,0
CUST-12247,Nexus AI 249,SMB,Logistics & Supply Chain,United States,2024-11-30,SUB-22247,Starter,Annual,490.29,24,2024-11-30,,Active,,1.0,70,4,36763,0,4,13.9,0,4.7,0
CUST-12248,Vertex Scale 249,SMB,Fintech,United States,2024-11-30,SUB-22248,Starter,Annual,562.11,18,2024-11-30,2025-04-23,Churned,Support / SLA Frustration,0.496,85,4,2559,2,6,85.1,2,1.7,1
CUST-12249,Blue Systems 249,Enterprise,Logistics & Supply Chain,Australia,2024-11-30,SUB-22249,Scale,Annual,6238.51,470,2024-11-30,,Active,,0.346,10,4,15931,12,6,57.5,4,3.0,0
CUST-12250,Apex Logic 250,Enterprise,Logistics & Supply Chain,United Kingdom,2024-11-30,SUB-22250,Scale,Annual,9083.55,175,2024-11-30,,Active,,0.856,68,3,27215,1,3,14.1,0,4.8,0
CUST-12251,Cloud Hub 250,SMB,Cybersecurity,Canada,2024-12-01,SUB-22251,Starter,Monthly,429.28,18,2024-12-01,,Active,,0.539,82,4,19835,2,4,4.1,0,4.9,0
CUST-12252,Data Pay 250,SMB,Healthcare,Canada,2024-12-01,SUB-22252,Starter,Annual,733.66,21,2024-12-01,,Active,,0.501,70,2,12596,4,5,6.4,0,4.9,0
CUST-12253,Nova Works 250,SMB,Cybersecurity,United Kingdom,2024-12-01,SUB-22253,Starter,Monthly,520.06,8,2024-12-01,,Active,,0.72,100,3,61227,2,4,5.9,0,4.8,0
CUST-12254,Pulse Security 250,SMB,Healthcare,Canada,2024-12-01,SUB-22254,Starter,Monthly,251.21,7,2024-12-01,2025-08-23,Churned,Support / SLA Frustration,0.689,75,2,16633,2,6,57.2,4,1.9,1
CUST-12255,Stratum Analytics 250,SMB,E-Commerce,United Kingdom,2024-12-01,SUB-22255,Growth,Monthly,273.75,19,2024-12-01,2025-05-15,Churned,Support / SLA Frustration,0.669,96,2,11082,3,4,112.8,0,3.0,1
CUST-12256,Sync Tech 250,SMB,Fintech,United States,2024-12-01,SUB-22256,Growth,Monthly,669.72,18,2024-12-01,2025-09-21,Churned,Price / Budget Cuts,0.702,77,5,15264,3,1,21.0,0,4.1,1
CUST-12257,Vanguard Sphere 250,Mid-Market,Fintech,United Kingdom,2024-12-02,SUB-22257,Growth,Annual,3007.46,40,2024-12-02,,Active,,0.568,93,5,67694,1,6,4.6,0,4.5,0
CUST-12258,Omni Labs 250,Mid-Market,SaaS / Tech,United Kingdom,2024-12-02,SUB-22258,Growth,Monthly,2464.55,70,2024-12-02,,Active,,0.474,93,3,15791,1,3,9.5,0,4.0,0
CUST-12259,Hyper Flow 250,Mid-Market,Healthcare,Germany,2024-12-02,SUB-22259,Growth,Annual,2089.6,64,2024-12-02,,Active,,0.796,92,2,7143,6,3,102.6,0,2.1,0
CUST-12260,Zenith Corp 250,SMB,Healthcare,Australia,2024-12-02,SUB-22260,Growth,Monthly,388.75,24,2024-12-02,2025-07-18,Churned,Support / SLA Frustration,0.502,67,6,113916,2,5,82.3,3,2.5,1
CUST-12261,Quantum Stack 250,SMB,Fintech,United States,2024-12-02,SUB-22261,Starter,Annual,335.03,9,2024-12-02,,Active,,0.634,80,6,8887,2,7,21.2,0,4.2,0
CUST-12262,Nexus AI 250,SMB,SaaS / Tech,Canada,2024-12-02,SUB-22262,Starter,Annual,231.79,10,2024-12-02,,Active,,0.622,93,3,32757,3,3,23.9,0,4.2,0
CUST-12263,Vertex Scale 250,Mid-Market,Fintech,United States,2024-12-02,SUB-22263,Scale,Monthly,3215.63,38,2024-12-02,,Active,,0.923,100,6,15472,3,3,21.3,0,4.3,0
CUST-12264,Blue Systems 250,SMB,Logistics & Supply Chain,Canada,2024-12-02,SUB-22264,Starter,Annual,315.64,21,2024-12-02,2025-06-19,Churned,Support / SLA Frustration,0.713,86,5,24889,2,4,53.0,2,1.4,1
CUST-12265,Apex Logic 251,SMB,Fintech,United States,2024-12-02,SUB-22265,Starter,Annual,396.29,8,2024-12-02,,Active,,0.541,100,3,3170,1,3,14.2,0,3.8,0
CUST-12266,Cloud Hub 251,SMB,Fintech,United States,2024-12-02,SUB-22266,Starter,Monthly,340.22,23,2024-12-02,2025-04-18,Churned,Support / SLA Frustration,0.882,100,4,9231,14,7,57.1,3,3.1,1
CUST-12267,Data Pay 251,SMB,Healthcare,United States,2024-12-02,SUB-22267,Starter,Monthly,599.26,18,2024-12-02,2025-03-10,Churned,Competitor Alternative,0.663,94,3,6170,4,2,2.0,0,4.5,1
CUST-12268,Nova Works 251,Mid-Market,E-Commerce,United Kingdom,2024-12-03,SUB-22268,Growth,Annual,2679.06,51,2024-12-03,,Active,,0.648,47,5,38399,16,3,5.2,0,4.9,0
CUST-12269,Pulse Security 251,SMB,Healthcare,United States,2024-12-03,SUB-22269,Starter,Monthly,583.4,24,2024-12-03,,Active,,0.334,87,3,54699,0,4,23.3,0,4.0,0
CUST-12270,Stratum Analytics 251,Enterprise,Healthcare,India,2024-12-03,SUB-22270,Enterprise Plus,Annual,15991.8,233,2024-12-03,,Active,,1.0,95,5,5967,2,3,12.8,0,3.8,0
CUST-12271,Sync Tech 251,Mid-Market,Cybersecurity,United States,2024-12-03,SUB-22271,Growth,Annual,3507.46,36,2024-12-03,,Active,,0.362,52,7,2191,3,5,16.5,0,4.5,0
CUST-12272,Vanguard Sphere 251,Mid-Market,E-Commerce,India,2024-12-03,SUB-22272,Growth,Annual,3356.63,95,2024-12-03,2025-10-19,Churned,Support / SLA Frustration,0.535,57,5,84027,5,2,56.8,0,1.9,1
CUST-12273,Omni Labs 251,SMB,Fintech,Canada,2024-12-03,SUB-22273,Starter,Monthly,221.72,8,2024-12-03,,Active,,0.342,33,2,1113,0,2,3.6,0,3.8,0
CUST-12274,Hyper Flow 251,SMB,Healthcare,United States,2024-12-03,SUB-22274,Growth,Monthly,237.12,14,2024-12-03,,Active,,0.69,96,6,14746,9,4,10.9,0,4.0,0
CUST-12275,Zenith Corp 251,SMB,Logistics & Supply Chain,United States,2024-12-03,SUB-22275,Growth,Monthly,664.3,16,2024-12-03,,Active,,0.566,61,4,87094,1,4,22.2,0,4.9,0
CUST-12276,Quantum Stack 251,SMB,Healthcare,Canada,2024-12-03,SUB-22276,Growth,Monthly,502.45,20,2024-12-03,,Active,,0.885,55,3,50560,6,4,6.4,0,3.9,0
CUST-12277,Nexus AI 251,SMB,Fintech,United Kingdom,2024-12-04,SUB-22277,Starter,Annual,340.6,17,2024-12-04,2025-11-08,Churned,Support / SLA Frustration,0.425,87,2,42366,3,3,63.6,1,1.2,1
CUST-12278,Vertex Scale 251,SMB,SaaS / Tech,United Kingdom,2024-12-04,SUB-22278,Starter,Annual,304.64,5,2024-12-04,,Active,,0.751,68,4,3027,7,5,14.9,0,4.9,0
CUST-12279,Blue Systems 251,Enterprise,E-Commerce,United States,2024-12-04,SUB-22279,Enterprise Plus,Annual,6177.22,379,2024-12-04,,Active,,0.819,85,2,11337,7,6,56.0,3,2.4,0
CUST-12280,Apex Logic 252,Mid-Market,E-Commerce,United States,2024-12-05,SUB-22280,Scale,Annual,1577.44,95,2024-12-05,,Active,,0.821,64,3,16164,16,3,3.4,0,4.5,0
CUST-12281,Cloud Hub 252,Mid-Market,Fintech,Australia,2024-12-05,SUB-22281,Growth,Monthly,1695.22,41,2024-12-05,,Active,,0.999,100,6,991,6,4,9.1,0,4.5,0
CUST-12282,Data Pay 252,Mid-Market,Fintech,United States,2024-12-05,SUB-22282,Growth,Annual,3499.65,98,2024-12-05,2025-10-01,Churned,Support / SLA Frustration,0.523,22,4,108822,9,2,72.2,1,3.2,1
CUST-12283,Nova Works 252,Enterprise,E-Commerce,United States,2024-12-05,SUB-22283,Enterprise Plus,Monthly,15932.99,364,2024-12-05,,Active,,1.0,80,7,13792,0,7,19.1,0,4.4,0
CUST-12284,Pulse Security 252,Enterprise,Fintech,United States,2024-12-05,SUB-22284,Enterprise Plus,Annual,9736.82,356,2024-12-05,,Active,,0.68,72,5,21696,5,5,9.2,0,3.9,0
CUST-12285,Stratum Analytics 252,Mid-Market,E-Commerce,Canada,2024-12-05,SUB-22285,Scale,Monthly,3333.16,60,2024-12-05,,Active,,1.0,81,3,63396,6,3,21.9,0,4.8,0
CUST-12286,Sync Tech 252,SMB,E-Commerce,Canada,2024-12-05,SUB-22286,Growth,Monthly,216.7,23,2024-12-05,2025-07-19,Churned,Support / SLA Frustration,0.73,49,3,20354,0,5,55.6,3,2.3,1
CUST-12287,Vanguard Sphere 252,Mid-Market,Healthcare,United States,2024-12-05,SUB-22287,Growth,Monthly,3445.82,55,2024-12-05,2025-11-17,Churned,Competitor Alternative,0.891,66,3,2016,2,6,17.6,0,4.2,1
CUST-12288,Omni Labs 252,Mid-Market,Cybersecurity,United States,2024-12-05,SUB-22288,Growth,Annual,955.4,62,2024-12-05,2025-03-25,Churned,Support / SLA Frustration,0.548,46,4,10320,6,4,71.3,3,2.7,1
CUST-12289,Hyper Flow 252,Mid-Market,Logistics & Supply Chain,United States,2024-12-05,SUB-22289,Growth,Monthly,1154.43,59,2024-12-05,,Active,,0.836,100,4,12538,1,2,12.7,0,4.7,0
CUST-12290,Zenith Corp 252,SMB,SaaS / Tech,United States,2024-12-05,SUB-22290,Growth,Monthly,561.85,16,2024-12-05,2025-08-09,Churned,Low Adoption & License Waste,0.287,35,7,13519,18,3,3.3,0,4.0,1
CUST-12291,Quantum Stack 252,Mid-Market,Fintech,United States,2024-12-05,SUB-22291,Growth,Annual,1161.39,83,2024-12-05,,Active,,0.546,68,5,20936,3,0,4.0,0,4.7,0
CUST-12292,Nexus AI 252,Mid-Market,Fintech,Australia,2024-12-06,SUB-22292,Growth,Monthly,1937.02,59,2024-12-06,2025-02-11,Churned,Support / SLA Frustration,0.678,57,5,5905,12,5,119.0,2,1.4,1
CUST-12293,Vertex Scale 252,SMB,E-Commerce,United States,2024-12-06,SUB-22293,Starter,Monthly,253.03,12,2024-12-06,,Active,,0.541,82,4,108242,8,9,110.0,3,2.9,0
CUST-12294,Blue Systems 252,Enterprise,Fintech,United States,2024-12-06,SUB-22294,Scale,Annual,12663.1,175,2024-12-06,,Active,,0.473,75,4,2251,6,4,22.9,0,4.4,0
CUST-12295,Apex Logic 253,Enterprise,Cybersecurity,India,2024-12-06,SUB-22295,Scale,Monthly,11713.24,153,2024-12-06,,Active,,0.299,74,3,28334,2,8,8.8,0,4.6,0
CUST-12296,Cloud Hub 253,Mid-Market,Fintech,United States,2024-12-06,SUB-22296,Growth,Annual,2266.88,75,2024-12-06,,Active,,0.885,67,5,4650,4,5,7.7,0,4.0,0
CUST-12297,Data Pay 253,Enterprise,E-Commerce,United Kingdom,2024-12-06,SUB-22297,Enterprise Plus,Annual,13052.1,261,2024-12-06,,Active,,0.878,73,6,20214,18,4,19.7,0,4.6,0
CUST-12298,Nova Works 253,Enterprise,Healthcare,United States,2024-12-07,SUB-22298,Enterprise Plus,Annual,8988.74,158,2024-12-07,,Active,,0.824,63,6,27250,2,1,8.0,0,4.6,0
CUST-12299,Pulse Security 253,Mid-Market,E-Commerce,United States,2024-12-07,SUB-22299,Scale,Annual,1752.69,77,2024-12-07,,Active,,0.996,100,5,9621,9,0,4.0,0,4.3,0
CUST-12300,Stratum Analytics 253,SMB,Fintech,India,2024-12-08,SUB-22300,Starter,Monthly,235.84,12,2024-12-08,,Active,,0.589,63,3,60164,3,3,23.9,0,4.3,0
CUST-12301,Sync Tech 253,SMB,Healthcare,United Kingdom,2024-12-08,SUB-22301,Starter,Monthly,304.32,18,2024-12-08,,Active,,0.411,42,4,2152,7,1,11.3,0,4.8,0
CUST-12302,Vanguard Sphere 253,SMB,Healthcare,United States,2024-12-08,SUB-22302,Starter,Annual,392.51,24,2024-12-08,,Active,,0.809,76,3,33650,5,3,13.0,0,4.3,0
CUST-12303,Omni Labs 253,Mid-Market,Logistics & Supply Chain,United Kingdom,2024-12-08,SUB-22303,Scale,Monthly,2108.81,28,2024-12-08,,Active,,0.933,66,3,1858,0,7,17.4,0,4.6,0
CUST-12304,Hyper Flow 253,SMB,Fintech,India,2024-12-08,SUB-22304,Starter,Monthly,205.15,10,2024-12-08,,Active,,0.654,91,4,14605,5,4,18.9,0,4.3,0
CUST-12305,Zenith Corp 253,Mid-Market,Cybersecurity,United States,2024-12-08,SUB-22305,Growth,Annual,1505.87,31,2024-12-08,2025-01-15,Churned,Support / SLA Frustration,0.681,75,4,3716,3,6,77.6,3,1.9,1
CUST-12306,Quantum Stack 253,Enterprise,Logistics & Supply Chain,United Kingdom,2024-12-09,SUB-22306,Enterprise Plus,Annual,11756.49,399,2024-12-09,,Active,,0.554,59,5,13756,2,2,11.9,0,4.0,0
CUST-12307,Nexus AI 253,SMB,Healthcare,Australia,2024-12-09,SUB-22307,Starter,Monthly,136.56,13,2024-12-09,,Active,,0.888,78,5,24952,2,6,18.4,0,4.5,0
CUST-12308,Vertex Scale 253,Enterprise,SaaS / Tech,United States,2024-12-09,SUB-22308,Enterprise Plus,Monthly,12247.96,163,2024-12-09,2025-05-24,Churned,Support / SLA Frustration,0.697,82,3,924,1,3,53.9,2,3.0,1
CUST-12309,Blue Systems 253,Mid-Market,Fintech,Canada,2024-12-09,SUB-22309,Growth,Annual,2290.13,39,2024-12-09,,Active,,0.394,61,4,1316,1,1,23.0,0,4.9,0
CUST-12310,Apex Logic 254,SMB,Cybersecurity,United Kingdom,2024-12-09,SUB-22310,Starter,Annual,588.75,16,2024-12-09,,Active,,0.63,60,7,10225,0,8,18.2,0,4.4,0
CUST-12311,Cloud Hub 254,SMB,E-Commerce,United Kingdom,2024-12-10,SUB-22311,Starter,Monthly,508.32,11,2024-12-10,,Active,,0.326,68,5,34358,7,5,19.1,0,4.5,0
CUST-12312,Data Pay 254,Mid-Market,Healthcare,United States,2024-12-10,SUB-22312,Growth,Monthly,1982.98,93,2024-12-10,,Active,,0.806,33,1,28274,9,1,15.4,0,4.3,0
CUST-12313,Nova Works 254,SMB,Healthcare,United States,2024-12-10,SUB-22313,Starter,Annual,718.06,24,2024-12-10,,Active,,0.952,51,3,4728,2,6,20.9,0,3.9,0
CUST-12314,Pulse Security 254,SMB,Fintech,Canada,2024-12-10,SUB-22314,Starter,Monthly,259.54,19,2024-12-10,,Active,,0.757,100,3,1664,10,3,12.8,0,4.2,0
CUST-12315,Stratum Analytics 254,Enterprise,Cybersecurity,United States,2024-12-11,SUB-22315,Enterprise Plus,Annual,7723.35,109,2024-12-11,,Active,,0.985,50,2,92098,0,4,6.2,0,4.3,0
CUST-12316,Sync Tech 254,Mid-Market,Fintech,United States,2024-12-11,SUB-22316,Growth,Annual,3221.98,47,2024-12-11,2025-02-24,Churned,Support / SLA Frustration,0.917,63,6,41484,3,9,114.5,5,1.9,1
CUST-12317,Vanguard Sphere 254,Mid-Market,SaaS / Tech,United States,2024-12-11,SUB-22317,Growth,Monthly,2335.34,57,2024-12-11,,Active,,1.0,50,3,10534,5,7,14.3,0,3.8,0
CUST-12318,Omni Labs 254,Mid-Market,Healthcare,United States,2024-12-11,SUB-22318,Growth,Monthly,1261.75,82,2024-12-11,,Active,,0.7,92,6,9050,7,8,16.0,0,4.0,0
CUST-12319,Hyper Flow 254,Mid-Market,Cybersecurity,Australia,2024-12-11,SUB-22319,Growth,Monthly,2774.05,71,2024-12-11,2025-06-27,Churned,Competitor Alternative,0.605,54,4,4711,5,6,17.9,0,4.5,1
CUST-12320,Zenith Corp 254,SMB,Fintech,United States,2024-12-11,SUB-22320,Starter,Monthly,663.72,5,2024-12-11,2025-07-05,Churned,Support / SLA Frustration,1.0,30,4,22841,2,1,91.7,1,1.6,1
CUST-12321,Quantum Stack 254,SMB,E-Commerce,Australia,2024-12-11,SUB-22321,Starter,Monthly,634.74,12,2024-12-11,,Active,,0.743,53,4,6717,4,6,20.9,0,4.0,0
CUST-12322,Nexus AI 254,SMB,E-Commerce,United States,2024-12-11,SUB-22322,Starter,Monthly,160.66,17,2024-12-11,,Active,,0.464,99,4,36081,0,1,12.6,0,4.6,0
CUST-12323,Vertex Scale 254,Mid-Market,SaaS / Tech,United Kingdom,2024-12-11,SUB-22323,Scale,Monthly,985.96,74,2024-12-11,,Active,,0.107,61,4,10110,4,2,15.7,0,4.4,0
CUST-12324,Blue Systems 254,SMB,Fintech,United States,2024-12-11,SUB-22324,Starter,Annual,507.05,7,2024-12-11,,Active,,0.694,51,4,38610,5,3,13.8,0,4.2,0
CUST-12325,Apex Logic 255,SMB,Fintech,Canada,2024-12-12,SUB-22325,Starter,Monthly,347.53,14,2024-12-12,,Active,,0.811,100,2,52182,2,6,5.8,0,3.8,0
CUST-12326,Cloud Hub 255,SMB,Fintech,Canada,2024-12-12,SUB-22326,Starter,Monthly,270.35,17,2024-12-12,,Active,,0.672,13,4,20320,1,4,13.3,0,5.0,0
CUST-12327,Data Pay 255,Enterprise,SaaS / Tech,United States,2024-12-12,SUB-22327,Enterprise Plus,Annual,11356.34,359,2024-12-12,,Active,,0.972,29,5,3098,17,3,19.8,0,4.8,0
CUST-12328,Nova Works 255,SMB,Fintech,India,2024-12-12,SUB-22328,Starter,Monthly,524.59,5,2024-12-12,2025-04-11,Churned,Switched Tool,0.753,56,3,9221,8,0,4.0,0,4.4,1
CUST-12329,Pulse Security 255,Enterprise,E-Commerce,United States,2024-12-12,SUB-22329,Enterprise Plus,Annual,4778.28,303,2024-12-12,,Active,,0.37,78,2,799,9,2,15.8,0,4.5,0
CUST-12330,Stratum Analytics 255,Mid-Market,Fintech,United Kingdom,2024-12-12,SUB-22330,Scale,Monthly,1228.78,99,2024-12-12,,Active,,1.0,99,7,6012,1,5,16.6,0,4.2,0
CUST-12331,Sync Tech 255,Enterprise,Logistics & Supply Chain,Australia,2024-12-12,SUB-22331,Enterprise Plus,Annual,7862.75,329,2024-12-12,2025-10-26,Churned,Competitor Alternative,1.0,100,4,8434,9,6,19.8,0,4.1,1
CUST-12332,Vanguard Sphere 255,SMB,Cybersecurity,India,2024-12-12,SUB-22332,Growth,Monthly,536.73,12,2024-12-12,,Active,,0.567,84,1,5789,9,5,9.2,0,4.1,0
CUST-12333,Omni Labs 255,SMB,E-Commerce,Australia,2024-12-12,SUB-22333,Starter,Monthly,564.55,12,2024-12-12,,Active,,0.872,68,4,61819,6,8,22.1,0,4.1,0
CUST-12334,Hyper Flow 255,Enterprise,Healthcare,United States,2024-12-12,SUB-22334,Scale,Annual,16026.67,395,2024-12-12,,Active,,0.521,100,4,15099,4,3,22.9,0,3.8,0
CUST-12335,Zenith Corp 255,Mid-Market,Fintech,United States,2024-12-12,SUB-22335,Growth,Monthly,1117.01,28,2024-12-12,,Active,,0.671,100,4,5832,2,2,23.4,0,4.9,0
CUST-12336,Quantum Stack 255,Mid-Market,Fintech,United States,2024-12-12,SUB-22336,Growth,Annual,1154.72,74,2024-12-12,2025-10-05,Churned,Competitor Alternative,0.421,61,4,2908,7,6,9.6,0,3.9,1
CUST-12337,Nexus AI 255,Mid-Market,Healthcare,United Kingdom,2024-12-13,SUB-22337,Scale,Monthly,2896.26,81,2024-12-13,,Active,,0.837,94,7,115099,5,6,6.5,0,3.8,0
CUST-12338,Vertex Scale 255,Enterprise,SaaS / Tech,Canada,2024-12-13,SUB-22338,Scale,Annual,12330.66,477,2024-12-13,,Active,,1.0,60,5,15322,8,3,73.7,2,3.0,0
CUST-12339,Blue Systems 255,Mid-Market,E-Commerce,United States,2024-12-13,SUB-22339,Growth,Annual,2795.14,80,2024-12-13,,Active,,0.825,48,6,5119,5,5,6.0,0,5.0,0
CUST-12340,Apex Logic 256,SMB,Cybersecurity,United Kingdom,2024-12-13,SUB-22340,Starter,Monthly,157.51,24,2024-12-13,2025-10-08,Churned,Competitor Alternative,0.855,100,3,31316,19,3,16.3,0,4.2,1
CUST-12341,Cloud Hub 256,Enterprise,Healthcare,United States,2024-12-13,SUB-22341,Scale,Annual,5095.49,270,2024-12-13,,Active,,0.504,68,5,54911,0,4,11.2,0,4.6,0
CUST-12342,Data Pay 256,Enterprise,SaaS / Tech,United States,2024-12-14,SUB-22342,Scale,Annual,16634.8,204,2024-12-14,,Active,,0.684,90,4,7368,2,3,51.4,2,2.8,0
CUST-12343,Nova Works 256,Mid-Market,E-Commerce,United Kingdom,2024-12-14,SUB-22343,Scale,Annual,2021.04,46,2024-12-14,,Active,,0.923,61,2,10512,4,3,6.7,0,4.4,0
CUST-12344,Pulse Security 256,SMB,E-Commerce,United States,2024-12-14,SUB-22344,Starter,Monthly,202.04,22,2024-12-14,,Active,,0.6,62,2,45430,4,5,8.1,0,4.2,0
CUST-12345,Stratum Analytics 256,SMB,Healthcare,Germany,2024-12-14,SUB-22345,Starter,Monthly,709.27,23,2024-12-14,,Active,,0.633,47,5,35118,21,2,15.5,0,4.0,0
CUST-12346,Sync Tech 256,SMB,E-Commerce,United States,2024-12-14,SUB-22346,Starter,Monthly,331.29,19,2024-12-14,,Active,,0.822,67,3,18219,7,1,16.7,0,4.9,0
CUST-12347,Vanguard Sphere 256,Mid-Market,E-Commerce,Canada,2024-12-14,SUB-22347,Growth,Monthly,1592.02,48,2024-12-14,,Active,,0.449,61,7,23259,4,3,3.2,0,4.5,0
CUST-12348,Omni Labs 256,SMB,SaaS / Tech,United States,2024-12-14,SUB-22348,Starter,Monthly,182.4,14,2024-12-14,,Active,,0.388,63,2,1640,2,3,9.5,0,4.2,0
CUST-12349,Hyper Flow 256,Enterprise,Cybersecurity,United States,2024-12-15,SUB-22349,Enterprise Plus,Annual,10045.76,305,2024-12-15,,Active,,0.673,69,3,2378,3,3,19.4,0,4.6,0
CUST-12350,Zenith Corp 256,SMB,Healthcare,United Kingdom,2024-12-16,SUB-22350,Starter,Monthly,724.32,24,2024-12-16,,Active,,1.0,45,4,7966,1,5,22.2,0,4.2,0
CUST-12351,Quantum Stack 256,SMB,Fintech,Germany,2024-12-16,SUB-22351,Starter,Monthly,299.87,24,2024-12-16,,Active,,0.438,65,4,12312,1,5,24.0,0,4.7,0
CUST-12352,Nexus AI 256,SMB,E-Commerce,United States,2024-12-16,SUB-22352,Starter,Monthly,121.85,11,2024-12-16,,Active,,0.482,47,6,34427,4,2,11.2,0,4.2,0
CUST-12353,Vertex Scale 256,SMB,E-Commerce,United States,2024-12-17,SUB-22353,Starter,Monthly,473.44,16,2024-12-17,2025-08-08,Churned,Low Adoption & License Waste,0.394,92,5,193756,3,1,5.8,0,4.3,1
CUST-12354,Blue Systems 256,SMB,Fintech,United Kingdom,2024-12-17,SUB-22354,Starter,Monthly,122.06,11,2024-12-17,,Active,,0.696,82,5,54362,3,6,22.4,0,4.5,0
CUST-12355,Apex Logic 257,Enterprise,SaaS / Tech,United States,2024-12-17,SUB-22355,Enterprise Plus,Monthly,7667.32,316,2024-12-17,2025-08-27,Churned,Support / SLA Frustration,1.0,61,7,49127,31,4,52.5,0,2.3,1
CUST-12356,Cloud Hub 257,SMB,Cybersecurity,Germany,2024-12-17,SUB-22356,Starter,Monthly,151.83,13,2024-12-17,,Active,,0.664,35,4,13067,6,7,23.7,0,5.0,0
CUST-12357,Data Pay 257,Enterprise,Cybersecurity,Canada,2024-12-17,SUB-22357,Scale,Annual,6484.92,490,2024-12-17,,Active,,0.868,33,5,6924,5,6,19.7,0,4.8,0
CUST-12358,Nova Works 257,SMB,Fintech,United States,2024-12-17,SUB-22358,Starter,Monthly,249.31,23,2024-12-17,,Active,,0.627,62,5,1437,10,9,15.9,0,4.0,0
CUST-12359,Pulse Security 257,Enterprise,Logistics & Supply Chain,United States,2024-12-17,SUB-22359,Enterprise Plus,Annual,12355.85,227,2024-12-17,,Active,,0.609,59,4,23535,3,7,19.3,0,4.1,0
CUST-12360,Stratum Analytics 257,Enterprise,SaaS / Tech,Canada,2024-12-17,SUB-22360,Enterprise Plus,Annual,10206.54,365,2024-12-17,,Active,,0.905,53,2,5849,6,3,115.0,1,3.1,0
CUST-12361,Sync Tech 257,Mid-Market,E-Commerce,United States,2024-12-17,SUB-22361,Scale,Annual,3580.66,95,2024-12-17,,Active,,0.471,63,1,42299,9,3,10.5,0,4.8,0
CUST-12362,Vanguard Sphere 257,Mid-Market,E-Commerce,United Kingdom,2024-12-18,SUB-22362,Growth,Annual,2132.69,69,2024-12-18,2025-07-10,Churned,Competitor Alternative,0.659,71,5,1573,9,5,13.6,0,3.9,1
CUST-12363,Omni Labs 257,Mid-Market,Logistics & Supply Chain,United States,2024-12-18,SUB-22363,Growth,Annual,2867.17,70,2024-12-18,,Active,,0.737,83,2,32093,15,3,18.9,0,4.1,0
CUST-12364,Hyper Flow 257,SMB,E-Commerce,United Kingdom,2024-12-18,SUB-22364,Starter,Monthly,548.38,12,2024-12-18,2025-10-03,Churned,Switched Tool,0.964,68,4,14973,4,6,15.9,0,4.4,1
CUST-12365,Zenith Corp 257,Enterprise,Healthcare,United States,2024-12-18,SUB-22365,Enterprise Plus,Annual,10821.46,167,2024-12-18,,Active,,0.577,78,4,2544,1,4,9.6,0,4.0,0
CUST-12366,Quantum Stack 257,Enterprise,E-Commerce,Germany,2024-12-18,SUB-22366,Scale,Annual,6534.93,353,2024-12-18,,Active,,0.688,77,3,8853,0,4,3.7,0,3.9,0
CUST-12367,Nexus AI 257,SMB,E-Commerce,United States,2024-12-18,SUB-22367,Starter,Annual,135.51,20,2024-12-18,2025-09-03,Churned,Support / SLA Frustration,0.73,75,2,36558,12,5,66.7,3,1.3,1
CUST-12368,Vertex Scale 257,Mid-Market,Fintech,United States,2024-12-18,SUB-22368,Growth,Annual,2334.29,86,2024-12-18,,Active,,0.524,44,3,41590,3,4,23.4,0,4.4,0
CUST-12369,Blue Systems 257,SMB,Cybersecurity,Germany,2024-12-18,SUB-22369,Growth,Monthly,275.73,19,2024-12-18,,Active,,0.73,60,3,6290,7,1,13.7,0,3.9,0
CUST-12370,Apex Logic 258,SMB,SaaS / Tech,United States,2024-12-19,SUB-22370,Starter,Annual,464.69,18,2024-12-19,,Active,,0.526,52,0,32944,7,6,2.9,0,5.0,0
CUST-12371,Cloud Hub 258,SMB,E-Commerce,United States,2024-12-19,SUB-22371,Starter,Annual,614.03,22,2024-12-19,,Active,,0.825,100,6,46679,3,0,4.0,0,4.9,0
CUST-12372,Data Pay 258,SMB,Fintech,United States,2024-12-19,SUB-22372,Starter,Monthly,652.55,19,2024-12-19,,Active,,0.679,59,3,35665,4,5,3.1,0,4.4,0
CUST-12373,Nova Works 258,Mid-Market,E-Commerce,United States,2024-12-19,SUB-22373,Growth,Annual,1474.19,56,2024-12-19,,Active,,0.641,82,3,28060,1,7,19.8,0,4.8,0
CUST-12374,Pulse Security 258,SMB,Fintech,India,2024-12-19,SUB-22374,Starter,Monthly,444.85,8,2024-12-19,,Active,,0.899,92,4,8614,6,3,9.4,0,4.7,0
CUST-12375,Stratum Analytics 258,Mid-Market,Fintech,Canada,2024-12-19,SUB-22375,Scale,Annual,2294.88,80,2024-12-19,,Active,,0.803,73,5,94859,1,7,6.7,0,4.0,0
CUST-12376,Sync Tech 258,Mid-Market,E-Commerce,United States,2024-12-19,SUB-22376,Growth,Annual,2277.18,88,2024-12-19,,Active,,0.812,66,7,1966,0,4,18.6,0,4.6,0
CUST-12377,Vanguard Sphere 258,SMB,Healthcare,Canada,2024-12-19,SUB-22377,Growth,Monthly,619.87,5,2024-12-19,,Active,,1.0,68,4,16081,16,4,9.3,0,5.0,0
CUST-12378,Omni Labs 258,Mid-Market,E-Commerce,United Kingdom,2024-12-19,SUB-22378,Scale,Monthly,2567.99,81,2024-12-19,,Active,,0.98,42,4,9924,5,1,17.1,0,4.4,0
CUST-12379,Hyper Flow 258,SMB,Fintech,India,2024-12-19,SUB-22379,Starter,Monthly,656.92,16,2024-12-19,,Active,,0.851,48,1,8474,2,4,20.7,0,4.1,0
CUST-12380,Zenith Corp 258,SMB,Healthcare,United States,2024-12-19,SUB-22380,Starter,Monthly,659.28,19,2024-12-19,,Active,,0.819,72,4,8159,18,7,52.6,3,2.8,0
CUST-12381,Quantum Stack 258,SMB,Fintech,United Kingdom,2024-12-20,SUB-22381,Starter,Monthly,737.59,16,2024-12-20,2025-04-28,Churned,Support / SLA Frustration,0.706,91,2,21023,2,2,60.7,1,1.4,1
CUST-12382,Nexus AI 258,SMB,Cybersecurity,United Kingdom,2024-12-20,SUB-22382,Growth,Monthly,539.59,11,2024-12-20,,Active,,0.614,47,5,13520,3,4,14.6,0,4.9,0
CUST-12383,Vertex Scale 258,Mid-Market,E-Commerce,United States,2024-12-20,SUB-22383,Growth,Monthly,2154.43,84,2024-12-20,2025-09-11,Churned,Low Adoption & License Waste,0.267,73,7,5493,1,8,2.6,0,4.4,1
CUST-12384,Blue Systems 258,Mid-Market,SaaS / Tech,United States,2024-12-20,SUB-22384,Scale,Annual,2937.91,62,2024-12-20,,Active,,1.0,80,7,39442,4,2,74.9,0,2.0,0
CUST-12385,Apex Logic 259,SMB,Healthcare,United States,2024-12-21,SUB-22385,Starter,Monthly,684.07,12,2024-12-21,,Active,,0.735,65,4,19463,3,7,19.4,0,4.6,0
CUST-12386,Cloud Hub 259,Mid-Market,Fintech,Canada,2024-12-21,SUB-22386,Growth,Annual,1522.39,65,2024-12-21,,Active,,0.786,65,5,41249,1,5,116.2,3,3.1,0
CUST-12387,Data Pay 259,SMB,Cybersecurity,United States,2024-12-21,SUB-22387,Starter,Monthly,262.12,16,2024-12-21,,Active,,0.44,68,5,61978,6,3,4.1,0,4.3,0
CUST-12388,Nova Works 259,SMB,Healthcare,Australia,2024-12-21,SUB-22388,Starter,Monthly,406.38,21,2024-12-21,,Active,,0.409,93,3,9663,0,3,6.1,0,4.2,0
CUST-12389,Pulse Security 259,SMB,Healthcare,United States,2024-12-21,SUB-22389,Growth,Monthly,641.24,7,2024-12-21,,Active,,0.713,72,5,28103,11,8,53.1,4,2.2,0
CUST-12390,Stratum Analytics 259,Mid-Market,E-Commerce,Canada,2024-12-21,SUB-22390,Scale,Annual,3179.03,96,2024-12-21,,Active,,0.569,75,4,6523,5,6,4.2,0,4.8,0
CUST-12391,Sync Tech 259,Mid-Market,Fintech,India,2024-12-21,SUB-22391,Scale,Annual,1971.7,52,2024-12-21,,Active,,0.713,27,6,77825,2,2,22.4,0,3.9,0
CUST-12392,Vanguard Sphere 259,Mid-Market,Logistics & Supply Chain,United Kingdom,2024-12-21,SUB-22392,Growth,Annual,2016.18,99,2024-12-21,,Active,,0.509,93,5,8489,4,2,4.9,0,4.0,0
CUST-12393,Omni Labs 259,Enterprise,E-Commerce,Germany,2024-12-21,SUB-22393,Enterprise Plus,Annual,10858.76,364,2024-12-21,,Active,,0.661,75,6,34743,14,4,20.2,0,4.7,0
CUST-12394,Hyper Flow 259,SMB,Healthcare,Germany,2024-12-21,SUB-22394,Growth,Monthly,160.97,14,2024-12-21,,Active,,0.63,89,6,36138,13,4,16.6,0,3.9,0
CUST-12395,Zenith Corp 259,Mid-Market,Fintech,United States,2024-12-21,SUB-22395,Scale,Annual,2622.26,32,2024-12-21,2025-02-18,Churned,Competitor Alternative,0.605,76,3,26578,9,5,4.9,0,5.0,1
CUST-12396,Quantum Stack 259,Mid-Market,Fintech,United Kingdom,2024-12-22,SUB-22396,Growth,Monthly,1771.0,47,2024-12-22,,Active,,0.965,45,2,34763,19,4,21.2,0,4.7,0
CUST-12397,Nexus AI 259,Enterprise,Logistics & Supply Chain,United States,2024-12-22,SUB-22397,Enterprise Plus,Monthly,5639.27,427,2024-12-22,2025-08-03,Churned,Support / SLA Frustration,1.0,90,3,9941,11,6,49.0,4,1.5,1
CUST-12398,Vertex Scale 259,SMB,SaaS / Tech,United Kingdom,2024-12-22,SUB-22398,Starter,Monthly,744.81,11,2024-12-22,2025-09-23,Churned,Low Adoption & License Waste,0.326,25,4,8253,32,2,13.9,0,4.0,1
CUST-12399,Blue Systems 259,SMB,Fintech,United States,2024-12-22,SUB-22399,Starter,Annual,598.01,7,2024-12-22,2025-07-02,Churned,Switched Tool,1.0,98,6,26502,12,1,15.3,0,4.7,1
CUST-12400,Apex Logic 260,Mid-Market,Fintech,Canada,2024-12-22,SUB-22400,Growth,Annual,1931.47,30,2024-12-22,,Active,,0.953,27,6,2419,9,4,20.9,0,4.6,0
CUST-12401,Cloud Hub 260,Enterprise,SaaS / Tech,United Kingdom,2024-12-22,SUB-22401,Enterprise Plus,Monthly,10074.59,344,2024-12-22,,Active,,0.453,49,5,9361,9,5,110.6,2,2.6,0
CUST-12402,Data Pay 260,Mid-Market,E-Commerce,United States,2024-12-22,SUB-22402,Scale,Monthly,2410.0,63,2024-12-22,,Active,,0.842,79,4,16739,6,4,19.8,0,4.5,0
CUST-12403,Nova Works 260,Mid-Market,Healthcare,United States,2024-12-22,SUB-22403,Scale,Monthly,1905.4,49,2024-12-22,2025-03-17,Churned,Support / SLA Frustration,0.734,63,4,61603,3,9,93.2,2,2.4,1
CUST-12404,Pulse Security 260,SMB,Healthcare,Australia,2024-12-22,SUB-22404,Starter,Monthly,346.9,15,2024-12-22,2025-11-27,Churned,Support / SLA Frustration,1.0,63,3,8014,4,6,75.1,2,2.8,1
CUST-12405,Stratum Analytics 260,SMB,Fintech,United States,2024-12-23,SUB-22405,Starter,Monthly,166.07,16,2024-12-23,2025-04-16,Churned,Competitor Alternative,1.0,100,6,23725,5,0,4.0,0,4.9,1
CUST-12406,Sync Tech 260,Mid-Market,SaaS / Tech,United States,2024-12-23,SUB-22406,Growth,Annual,2120.96,85,2024-12-23,2025-05-06,Churned,Support / SLA Frustration,1.0,47,3,23844,0,8,48.8,2,1.6,1
CUST-12407,Vanguard Sphere 260,Mid-Market,Cybersecurity,United States,2024-12-23,SUB-22407,Growth,Monthly,3499.4,73,2024-12-23,,Active,,0.592,58,2,12102,0,3,19.1,0,4.9,0
CUST-12408,Omni Labs 260,SMB,Fintech,Australia,2024-12-24,SUB-22408,Growth,Monthly,450.91,24,2024-12-24,2025-05-22,Churned,Price / Budget Cuts,0.952,56,5,3085,0,2,8.5,0,4.5,1
CUST-12409,Hyper Flow 260,Mid-Market,E-Commerce,Australia,2024-12-24,SUB-22409,Growth,Annual,1733.71,71,2024-12-24,2025-06-11,Churned,Support / SLA Frustration,0.409,10,4,5814,2,4,50.8,1,1.9,1
CUST-12410,Zenith Corp 260,SMB,Healthcare,United Kingdom,2024-12-24,SUB-22410,Starter,Monthly,378.95,21,2024-12-24,,Active,,0.48,53,2,8128,0,4,19.4,0,4.3,0
CUST-12411,Quantum Stack 260,Enterprise,Healthcare,India,2024-12-24,SUB-22411,Scale,Annual,5299.52,203,2024-12-24,,Active,,0.503,40,1,19066,3,2,99.1,2,1.9,0
CUST-12412,Nexus AI 260,Mid-Market,Healthcare,United States,2024-12-24,SUB-22412,Growth,Monthly,2027.82,72,2024-12-24,,Active,,0.686,98,4,63108,0,4,16.4,0,4.8,0
CUST-12413,Vertex Scale 260,Enterprise,Logistics & Supply Chain,Australia,2024-12-24,SUB-22413,Enterprise Plus,Annual,11297.69,126,2024-12-24,,Active,,0.668,74,5,13467,1,7,19.7,0,4.7,0
CUST-12414,Blue Systems 260,SMB,E-Commerce,United States,2024-12-24,SUB-22414,Growth,Monthly,358.55,17,2024-12-24,2025-05-22,Churned,Support / SLA Frustration,0.767,29,6,15323,2,3,78.8,1,2.4,1
CUST-12415,Apex Logic 261,SMB,E-Commerce,United States,2024-12-24,SUB-22415,Starter,Monthly,638.32,21,2024-12-24,2025-10-07,Churned,Competitor Alternative,0.934,70,5,2557,0,6,16.8,0,4.7,1
CUST-12416,Cloud Hub 261,Mid-Market,Healthcare,United States,2024-12-24,SUB-22416,Growth,Annual,2412.05,97,2024-12-24,2025-09-21,Churned,Support / SLA Frustration,1.0,55,7,46838,0,3,99.4,2,1.3,1
CUST-12417,Data Pay 261,Enterprise,Fintech,United Kingdom,2024-12-24,SUB-22417,Enterprise Plus,Annual,15027.7,468,2024-12-24,,Active,,0.689,63,5,1697,10,4,9.1,0,4.7,0
CUST-12418,Nova Works 261,Enterprise,Fintech,Canada,2024-12-24,SUB-22418,Scale,Annual,8116.59,237,2024-12-24,,Active,,0.768,73,7,8937,1,2,18.6,0,4.2,0
CUST-12419,Pulse Security 261,Mid-Market,SaaS / Tech,United States,2024-12-25,SUB-22419,Growth,Annual,3345.6,64,2024-12-25,,Active,,0.754,97,5,13151,3,5,8.7,0,4.0,0
CUST-12420,Stratum Analytics 261,Mid-Market,Fintech,Australia,2024-12-25,SUB-22420,Growth,Annual,2532.3,68,2024-12-25,,Active,,0.706,80,3,26947,3,4,62.2,2,1.5,0
CUST-12421,Sync Tech 261,Enterprise,SaaS / Tech,United States,2024-12-25,SUB-22421,Enterprise Plus,Annual,14674.89,463,2024-12-25,,Active,,0.33,77,6,11160,9,4,10.3,0,4.6,0
CUST-12422,Vanguard Sphere 261,SMB,Healthcare,United States,2024-12-25,SUB-22422,Starter,Monthly,695.83,17,2024-12-25,,Active,,0.618,64,5,21632,6,4,4.2,0,3.9,0
CUST-12423,Omni Labs 261,Mid-Market,Healthcare,United States,2024-12-25,SUB-22423,Scale,Monthly,1655.46,68,2024-12-25,2025-07-13,Churned,Support / SLA Frustration,0.94,84,7,46693,3,2,95.3,1,1.4,1
CUST-12424,Hyper Flow 261,Mid-Market,E-Commerce,United Kingdom,2024-12-25,SUB-22424,Scale,Annual,3501.79,71,2024-12-25,,Active,,0.827,80,4,45534,10,6,97.3,1,1.3,0
CUST-12425,Zenith Corp 261,SMB,Healthcare,Germany,2024-12-26,SUB-22425,Starter,Monthly,373.17,21,2024-12-26,,Active,,0.393,56,4,8048,1,7,10.0,0,3.9,0
CUST-12426,Quantum Stack 261,Enterprise,Fintech,United States,2024-12-26,SUB-22426,Enterprise Plus,Monthly,11382.41,364,2024-12-26,,Active,,0.594,41,3,22310,4,3,48.5,0,2.7,0
CUST-12427,Nexus AI 261,SMB,Healthcare,United Kingdom,2024-12-26,SUB-22427,Growth,Annual,584.14,7,2024-12-26,,Active,,0.857,59,6,6826,13,2,14.1,0,4.4,0
CUST-12428,Vertex Scale 261,Mid-Market,SaaS / Tech,United States,2024-12-26,SUB-22428,Scale,Monthly,3620.66,89,2024-12-26,2025-06-05,Churned,Internal Restructuring,0.788,90,3,4161,1,6,22.1,0,4.1,1
CUST-12429,Blue Systems 261,SMB,SaaS / Tech,United Kingdom,2024-12-26,SUB-22429,Starter,Annual,498.74,15,2024-12-26,2025-06-09,Churned,Price / Budget Cuts,0.585,91,3,31405,0,6,14.5,0,4.2,1
CUST-12430,Apex Logic 262,SMB,Healthcare,Australia,2024-12-26,SUB-22430,Starter,Annual,475.31,5,2024-12-26,,Active,,0.751,59,7,9580,3,6,10.2,0,4.8,0
CUST-12431,Cloud Hub 262,SMB,E-Commerce,United States,2024-12-26,SUB-22431,Growth,Monthly,614.78,5,2024-12-26,,Active,,0.561,61,2,11615,3,2,7.8,0,4.5,0
CUST-12432,Data Pay 262,SMB,Fintech,India,2024-12-26,SUB-22432,Starter,Monthly,746.49,11,2024-12-26,2025-04-02,Churned,Switched Tool,0.504,66,4,3575,1,3,3.5,0,5.0,1
CUST-12433,Nova Works 262,Mid-Market,Fintech,United Kingdom,2024-12-26,SUB-22433,Growth,Annual,2855.57,73,2024-12-26,,Active,,0.609,67,4,6501,13,7,22.3,0,4.5,0
CUST-12434,Pulse Security 262,SMB,Fintech,United States,2024-12-26,SUB-22434,Starter,Monthly,540.26,14,2024-12-26,,Active,,0.605,83,5,19063,11,5,2.2,0,3.9,0
CUST-12435,Stratum Analytics 262,Mid-Market,Logistics & Supply Chain,Australia,2024-12-27,SUB-22435,Scale,Monthly,2888.86,71,2024-12-27,,Active,,0.693,64,4,3244,5,5,7.7,0,4.1,0
CUST-12436,Sync Tech 262,Mid-Market,Fintech,United States,2024-12-27,SUB-22436,Scale,Monthly,2027.77,37,2024-12-27,2025-03-28,Churned,Low Adoption & License Waste,0.288,73,5,10906,5,2,22.1,0,4.8,1
CUST-12437,Vanguard Sphere 262,Mid-Market,Fintech,United States,2024-12-27,SUB-22437,Scale,Annual,3593.96,26,2024-12-27,,Active,,0.48,56,7,5873,11,7,9.6,0,4.2,0
CUST-12438,Omni Labs 262,SMB,Healthcare,United States,2024-12-27,SUB-22438,Growth,Monthly,608.09,12,2024-12-27,2025-11-01,Churned,Switched Tool,0.756,91,2,46563,1,2,7.4,0,4.0,1
CUST-12439,Hyper Flow 262,Mid-Market,Fintech,United States,2024-12-27,SUB-22439,Scale,Annual,1666.6,28,2024-12-27,,Active,,0.99,55,7,5418,4,0,4.0,0,4.8,0
CUST-12440,Zenith Corp 262,SMB,E-Commerce,Germany,2024-12-28,SUB-22440,Growth,Monthly,545.16,18,2024-12-28,,Active,,0.803,94,6,9890,11,3,3.3,0,5.0,0
CUST-12441,Quantum Stack 262,SMB,Fintech,United Kingdom,2024-12-28,SUB-22441,Growth,Monthly,474.07,19,2024-12-28,,Active,,0.721,79,5,17058,3,1,15.5,0,4.2,0
CUST-12442,Nexus AI 262,SMB,Fintech,India,2024-12-28,SUB-22442,Growth,Annual,189.09,6,2024-12-28,,Active,,0.746,71,4,23077,10,5,3.4,0,4.8,0
CUST-12443,Vertex Scale 262,SMB,E-Commerce,United States,2024-12-28,SUB-22443,Starter,Monthly,507.86,24,2024-12-28,2025-09-07,Churned,Switched Tool,0.72,21,7,21711,2,4,10.0,0,4.0,1
CUST-12444,Blue Systems 262,Mid-Market,Healthcare,United States,2024-12-28,SUB-22444,Growth,Monthly,2440.94,41,2024-12-28,2025-07-11,Churned,Support / SLA Frustration,0.356,96,4,9802,21,6,104.8,1,3.1,1
CUST-12445,Apex Logic 263,Mid-Market,SaaS / Tech,United States,2024-12-28,SUB-22445,Scale,Monthly,1260.49,63,2024-12-28,2025-06-05,Churned,Support / SLA Frustration,0.785,28,5,49813,8,4,69.4,1,2.5,1
CUST-12446,Cloud Hub 263,Mid-Market,E-Commerce,United Kingdom,2024-12-28,SUB-22446,Growth,Annual,2699.75,88,2024-12-28,2025-10-23,Churned,Support / SLA Frustration,0.909,71,4,42090,2,1,112.3,0,1.7,1
CUST-12447,Data Pay 263,Mid-Market,Healthcare,Australia,2024-12-28,SUB-22447,Scale,Annual,3536.75,47,2024-12-28,,Active,,0.522,51,1,29535,1,1,5.6,0,4.8,0
CUST-12448,Nova Works 263,Enterprise,SaaS / Tech,Canada,2024-12-28,SUB-22448,Enterprise Plus,Annual,16631.58,418,2024-12-28,2025-04-09,Churned,Support / SLA Frustration,0.633,80,1,51357,5,1,93.6,0,1.9,1
CUST-12449,Pulse Security 263,Mid-Market,Fintech,United States,2024-12-28,SUB-22449,Scale,Annual,2837.64,80,2024-12-28,,Active,,0.05,33,5,17764,11,0,4.0,0,4.5,0
CUST-12450,Stratum Analytics 263,Mid-Market,E-Commerce,Germany,2024-12-28,SUB-22450,Scale,Annual,932.63,44,2024-12-28,,Active,,0.898,71,4,15360,6,7,23.8,0,4.2,0
CUST-12451,Sync Tech 263,SMB,Healthcare,Canada,2024-12-29,SUB-22451,Starter,Monthly,649.76,7,2024-12-29,,Active,,0.881,66,2,4544,11,5,6.7,0,4.3,0
CUST-12452,Vanguard Sphere 263,SMB,Healthcare,United States,2024-12-29,SUB-22452,Growth,Annual,381.05,9,2024-12-29,,Active,,0.955,96,5,6619,2,4,12.5,0,4.9,0
CUST-12453,Omni Labs 263,Mid-Market,E-Commerce,Germany,2024-12-29,SUB-22453,Scale,Monthly,1925.23,76,2024-12-29,2025-07-31,Churned,Support / SLA Frustration,0.93,76,4,15415,4,4,82.9,3,3.0,1
CUST-12454,Hyper Flow 263,SMB,Logistics & Supply Chain,United States,2024-12-29,SUB-22454,Starter,Monthly,357.58,9,2024-12-29,,Active,,0.836,80,3,3073,9,5,7.6,0,3.8,0
CUST-12455,Zenith Corp 263,Enterprise,Cybersecurity,United States,2024-12-29,SUB-22455,Enterprise Plus,Annual,8279.18,196,2024-12-29,,Active,,0.487,61,1,20010,4,5,70.3,2,1.3,0
CUST-12456,Quantum Stack 263,Mid-Market,E-Commerce,United States,2024-12-29,SUB-22456,Growth,Annual,2427.64,45,2024-12-29,,Active,,0.625,55,2,39038,2,3,17.6,0,4.9,0
CUST-12457,Nexus AI 263,SMB,Healthcare,United States,2024-12-30,SUB-22457,Growth,Monthly,319.28,23,2024-12-30,,Active,,0.459,100,3,8382,2,3,3.8,0,4.0,0
CUST-12458,Vertex Scale 263,Mid-Market,Fintech,United States,2024-12-30,SUB-22458,Growth,Annual,2008.64,43,2024-12-30,,Active,,0.799,74,4,25589,8,2,22.3,0,4.1,0
CUST-12459,Blue Systems 263,Mid-Market,Healthcare,United States,2024-12-30,SUB-22459,Growth,Annual,3406.28,82,2024-12-30,,Active,,0.602,82,5,2543,2,8,4.3,0,4.6,0
CUST-12460,Apex Logic 264,SMB,E-Commerce,United States,2024-12-30,SUB-22460,Starter,Monthly,439.89,10,2024-12-30,,Active,,0.814,76,5,5484,11,2,17.9,0,4.1,0
CUST-12461,Cloud Hub 264,SMB,Healthcare,Canada,2024-12-30,SUB-22461,Starter,Monthly,432.22,6,2024-12-30,2025-03-08,Churned,Low Adoption & License Waste,0.356,50,5,24939,4,7,23.7,0,4.3,1
CUST-12462,Data Pay 264,SMB,Cybersecurity,Australia,2024-12-30,SUB-22462,Starter,Monthly,351.26,12,2024-12-30,,Active,,0.807,62,4,22354,10,7,115.4,3,2.0,0
CUST-12463,Nova Works 264,SMB,Healthcare,Canada,2024-12-30,SUB-22463,Starter,Annual,284.84,6,2024-12-30,,Active,,0.442,74,2,664,10,2,16.5,0,4.5,0
CUST-12464,Pulse Security 264,SMB,Healthcare,United States,2024-12-30,SUB-22464,Starter,Annual,563.18,12,2024-12-30,,Active,,0.871,49,3,5559,1,5,14.0,0,4.1,0
CUST-12465,Stratum Analytics 264,Mid-Market,Healthcare,United States,2024-12-30,SUB-22465,Growth,Annual,1556.86,42,2024-12-30,,Active,,0.728,66,6,61691,0,4,99.9,1,2.5,0
CUST-12466,Sync Tech 264,Mid-Market,Logistics & Supply Chain,United States,2024-12-30,SUB-22466,Scale,Monthly,944.26,71,2024-12-30,,Active,,0.897,82,5,11483,5,2,12.3,0,4.8,0
CUST-12467,Vanguard Sphere 264,Enterprise,SaaS / Tech,United States,2024-12-30,SUB-22467,Scale,Annual,14025.6,152,2024-12-30,2025-09-22,Churned,Support / SLA Frustration,0.595,76,5,2191,3,8,74.4,3,1.9,1
CUST-12468,Omni Labs 264,Mid-Market,E-Commerce,United Kingdom,2024-12-31,SUB-22468,Growth,Monthly,2508.03,98,2024-12-31,,Active,,0.692,52,5,40745,11,4,106.5,2,2.6,0
CUST-12469,Hyper Flow 264,SMB,Healthcare,United Kingdom,2024-12-31,SUB-22469,Growth,Monthly,344.03,5,2024-12-31,,Active,,0.908,83,5,8982,2,6,17.9,0,4.0,0
CUST-12470,Zenith Corp 264,Mid-Market,Logistics & Supply Chain,Canada,2024-12-31,SUB-22470,Scale,Monthly,2077.05,98,2024-12-31,,Active,,0.761,86,1,39469,0,6,2.3,0,4.4,0
CUST-12471,Quantum Stack 264,SMB,Fintech,Canada,2024-12-31,SUB-22471,Starter,Monthly,227.56,14,2024-12-31,,Active,,0.715,90,4,24590,6,7,7.3,0,4.1,0
CUST-12472,Nexus AI 264,SMB,Logistics & Supply Chain,United States,2024-12-31,SUB-22472,Growth,Monthly,690.92,15,2024-12-31,2025-05-17,Churned,Switched Tool,0.66,60,3,10546,2,4,18.2,0,5.0,1
CUST-12473,Vertex Scale 264,SMB,E-Commerce,United States,2024-12-31,SUB-22473,Starter,Monthly,183.91,20,2024-12-31,,Active,,0.73,22,4,15633,4,3,10.0,0,4.7,0
CUST-12474,Blue Systems 264,SMB,Healthcare,Canada,2024-12-31,SUB-22474,Starter,Monthly,497.66,23,2024-12-31,,Active,,0.659,63,4,11468,3,6,23.3,0,4.1,0
CUST-12475,Apex Logic 265,SMB,E-Commerce,United States,2024-12-31,SUB-22475,Starter,Monthly,609.25,10,2024-12-31,,Active,,0.976,57,3,18617,2,4,2.4,0,4.3,0
CUST-12476,Cloud Hub 265,Enterprise,SaaS / Tech,United States,2024-12-31,SUB-22476,Enterprise Plus,Annual,6871.35,240,2024-12-31,,Active,,0.439,66,3,12404,12,1,12.5,0,3.8,0
CUST-12477,Data Pay 265,SMB,Fintech,United States,2025-01-01,SUB-22477,Starter,Annual,298.01,8,2025-01-01,2025-05-10,Churned,Support / SLA Frustration,0.464,69,5,32213,16,1,81.3,1,1.4,1
CUST-12478,Nova Works 265,Enterprise,Logistics & Supply Chain,United States,2025-01-01,SUB-22478,Enterprise Plus,Annual,13253.97,237,2025-01-01,,Active,,0.519,45,4,4842,16,3,64.0,2,3.1,0
CUST-12479,Pulse Security 265,SMB,Healthcare,United States,2025-01-01,SUB-22479,Growth,Annual,479.82,10,2025-01-01,,Active,,0.488,83,4,6238,7,2,22.7,0,3.8,0
CUST-12480,Stratum Analytics 265,Mid-Market,Healthcare,Germany,2025-01-01,SUB-22480,Growth,Annual,3192.48,91,2025-01-01,2025-06-23,Churned,Low Adoption & License Waste,0.449,100,4,6029,22,2,7.6,0,4.9,1
CUST-12481,Sync Tech 265,SMB,Fintech,Germany,2025-01-02,SUB-22481,Growth,Annual,293.17,23,2025-01-02,,Active,,0.901,39,4,11799,5,2,12.8,0,3.9,0
CUST-12482,Vanguard Sphere 265,SMB,Healthcare,United States,2025-01-02,SUB-22482,Starter,Monthly,367.24,24,2025-01-02,,Active,,1.0,72,3,9954,8,7,6.4,0,4.6,0
CUST-12483,Omni Labs 265,Enterprise,E-Commerce,United States,2025-01-02,SUB-22483,Enterprise Plus,Annual,4619.17,260,2025-01-02,,Active,,0.777,54,4,9963,16,0,4.0,0,4.2,0
CUST-12484,Hyper Flow 265,Mid-Market,Healthcare,Canada,2025-01-02,SUB-22484,Scale,Monthly,1443.42,54,2025-01-02,2025-02-25,Churned,Support / SLA Frustration,0.789,85,4,806,6,7,92.9,1,1.8,1
CUST-12485,Zenith Corp 265,SMB,SaaS / Tech,United States,2025-01-02,SUB-22485,Growth,Monthly,653.8,21,2025-01-02,,Active,,0.548,67,7,595,6,5,17.1,0,4.2,0
CUST-12486,Quantum Stack 265,Mid-Market,Healthcare,United States,2025-01-02,SUB-22486,Scale,Annual,1321.12,31,2025-01-02,,Active,,0.773,92,3,31909,5,6,8.2,0,4.6,0
CUST-12487,Nexus AI 265,SMB,Cybersecurity,United States,2025-01-02,SUB-22487,Growth,Monthly,160.52,11,2025-01-02,2025-03-11,Churned,Switched Tool,0.758,92,2,26432,5,1,16.7,0,4.0,1
CUST-12488,Vertex Scale 265,SMB,E-Commerce,United States,2025-01-02,SUB-22488,Starter,Monthly,583.35,18,2025-01-02,,Active,,0.574,50,4,2031,13,3,21.4,0,4.8,0
CUST-12489,Blue Systems 265,Mid-Market,Logistics & Supply Chain,Canada,2025-01-02,SUB-22489,Growth,Monthly,1525.11,72,2025-01-02,,Active,,0.739,60,2,8643,19,2,102.8,1,2.9,0
CUST-12490,Apex Logic 266,Mid-Market,Fintech,Germany,2025-01-02,SUB-22490,Growth,Annual,927.77,67,2025-01-02,,Active,,1.0,50,3,12625,2,4,110.5,1,2.2,0
CUST-12491,Cloud Hub 266,Mid-Market,Healthcare,United States,2025-01-02,SUB-22491,Scale,Annual,1742.41,88,2025-01-02,,Active,,0.724,59,5,10476,4,1,4.9,0,4.2,0
CUST-12492,Data Pay 266,SMB,Healthcare,United States,2025-01-03,SUB-22492,Starter,Annual,387.37,21,2025-01-03,,Active,,1.0,83,4,1123,9,2,8.0,0,4.3,0
CUST-12493,Nova Works 266,Mid-Market,E-Commerce,United States,2025-01-03,SUB-22493,Growth,Monthly,1930.26,53,2025-01-03,,Active,,0.736,81,7,25252,12,4,17.2,0,3.9,0
CUST-12494,Pulse Security 266,SMB,Logistics & Supply Chain,United States,2025-01-03,SUB-22494,Starter,Monthly,273.38,17,2025-01-03,,Active,,0.43,71,5,42615,1,5,3.0,0,4.8,0
CUST-12495,Stratum Analytics 266,Mid-Market,Fintech,Australia,2025-01-03,SUB-22495,Growth,Annual,3384.35,80,2025-01-03,,Active,,0.675,48,5,11213,3,3,63.8,0,1.3,0
CUST-12496,Sync Tech 266,SMB,Fintech,United Kingdom,2025-01-03,SUB-22496,Starter,Monthly,516.04,6,2025-01-03,,Active,,0.6,66,5,19425,1,4,7.2,0,4.5,0
CUST-12497,Vanguard Sphere 266,SMB,Logistics & Supply Chain,United Kingdom,2025-01-03,SUB-22497,Starter,Monthly,414.29,20,2025-01-03,,Active,,0.796,57,3,5143,12,3,20.2,0,4.2,0
CUST-12498,Omni Labs 266,SMB,Fintech,Canada,2025-01-03,SUB-22498,Starter,Annual,289.67,24,2025-01-03,,Active,,0.48,66,7,19144,0,7,19.0,0,3.8,0
CUST-12499,Hyper Flow 266,Mid-Market,SaaS / Tech,Germany,2025-01-03,SUB-22499,Scale,Annual,2062.91,44,2025-01-03,,Active,,1.0,61,4,15156,13,3,71.2,1,2.4,0
CUST-12500,Zenith Corp 266,SMB,E-Commerce,Germany,2025-01-04,SUB-22500,Starter,Monthly,727.63,9,2025-01-04,,Active,,0.543,91,2,78657,7,9,19.3,0,3.9,0
CUST-12501,Quantum Stack 266,SMB,Logistics & Supply Chain,United States,2025-01-04,SUB-22501,Starter,Monthly,640.11,13,2025-01-04,,Active,,0.742,38,2,7316,9,0,4.0,0,4.5,0
CUST-12502,Nexus AI 266,SMB,Fintech,United States,2025-01-04,SUB-22502,Starter,Monthly,394.35,22,2025-01-04,,Active,,0.287,53,3,8022,5,3,9.6,0,4.8,0
CUST-12503,Vertex Scale 266,SMB,Fintech,United Kingdom,2025-01-04,SUB-22503,Growth,Monthly,355.84,21,2025-01-04,,Active,,0.422,56,4,4402,1,5,21.8,0,4.1,0
CUST-12504,Blue Systems 266,Mid-Market,E-Commerce,United States,2025-01-04,SUB-22504,Growth,Annual,2817.98,46,2025-01-04,,Active,,0.541,43,3,28218,0,4,21.2,0,4.8,0
CUST-12505,Apex Logic 267,Enterprise,Cybersecurity,Australia,2025-01-05,SUB-22505,Enterprise Plus,Annual,10296.43,371,2025-01-05,,Active,,0.845,90,5,23709,1,3,23.2,0,4.7,0
CUST-12506,Cloud Hub 267,SMB,Healthcare,United Kingdom,2025-01-05,SUB-22506,Growth,Monthly,254.82,20,2025-01-05,2025-10-20,Churned,Switched Tool,0.93,56,1,67961,6,3,7.7,0,5.0,1
CUST-12507,Data Pay 267,Mid-Market,Healthcare,Australia,2025-01-05,SUB-22507,Growth,Annual,2731.76,31,2025-01-05,,Active,,0.603,57,1,22633,1,4,20.1,0,4.0,0
CUST-12508,Nova Works 267,SMB,E-Commerce,United States,2025-01-05,SUB-22508,Growth,Monthly,741.11,11,2025-01-05,,Active,,1.0,67,6,12843,3,7,7.3,0,4.2,0
CUST-12509,Pulse Security 267,SMB,Cybersecurity,Germany,2025-01-05,SUB-22509,Growth,Annual,145.64,5,2025-01-05,2025-04-25,Churned,Competitor Alternative,0.467,75,3,6848,10,5,11.3,0,4.4,1
CUST-12510,Stratum Analytics 267,Enterprise,Logistics & Supply Chain,United States,2025-01-05,SUB-22510,Enterprise Plus,Annual,11414.27,231,2025-01-05,,Active,,1.0,100,0,85274,9,1,3.4,0,4.7,0
CUST-12511,Sync Tech 267,SMB,Cybersecurity,Australia,2025-01-05,SUB-22511,Starter,Monthly,222.75,20,2025-01-05,2025-05-06,Churned,Support / SLA Frustration,0.83,53,5,7273,0,5,70.0,0,1.3,1
CUST-12512,Vanguard Sphere 267,Mid-Market,Fintech,United States,2025-01-05,SUB-22512,Growth,Monthly,1958.04,98,2025-01-05,,Active,,0.404,96,6,44606,0,2,9.7,0,4.8,0
CUST-12513,Omni Labs 267,SMB,Fintech,United Kingdom,2025-01-05,SUB-22513,Starter,Monthly,137.05,19,2025-01-05,2025-05-13,Churned,Low Adoption & License Waste,0.389,82,4,15981,15,5,10.5,0,4.5,1
CUST-12514,Hyper Flow 267,SMB,E-Commerce,Canada,2025-01-05,SUB-22514,Growth,Annual,484.75,21,2025-01-05,,Active,,0.835,40,4,19735,9,4,11.0,0,4.4,0
CUST-12515,Zenith Corp 267,SMB,Logistics & Supply Chain,United States,2025-01-05,SUB-22515,Starter,Annual,556.87,6,2025-01-05,,Active,,0.953,66,6,49308,3,3,5.4,0,4.8,0
CUST-12516,Quantum Stack 267,Enterprise,Healthcare,United States,2025-01-05,SUB-22516,Enterprise Plus,Annual,6354.86,210,2025-01-05,,Active,,0.677,68,2,27691,5,6,12.2,0,4.8,0
CUST-12517,Nexus AI 267,Mid-Market,Fintech,Australia,2025-01-06,SUB-22517,Scale,Monthly,1241.69,35,2025-01-06,,Active,,0.425,70,4,24507,11,5,94.2,2,1.5,0
CUST-12518,Vertex Scale 267,SMB,SaaS / Tech,United States,2025-01-06,SUB-22518,Starter,Monthly,414.36,11,2025-01-06,2025-09-29,Churned,Support / SLA Frustration,0.172,87,2,4448,1,5,54.5,3,2.2,1
CUST-12519,Blue Systems 267,SMB,Fintech,United Kingdom,2025-01-06,SUB-22519,Starter,Monthly,372.73,11,2025-01-06,,Active,,0.697,68,5,41246,4,3,104.7,1,1.5,0
CUST-12520,Apex Logic 268,SMB,Healthcare,United States,2025-01-06,SUB-22520,Growth,Monthly,598.53,13,2025-01-06,2025-10-22,Churned,Support / SLA Frustration,1.0,98,4,50386,4,1,50.4,0,1.7,1
CUST-12521,Cloud Hub 268,Enterprise,E-Commerce,Germany,2025-01-06,SUB-22521,Enterprise Plus,Annual,14582.67,338,2025-01-06,2025-07-30,Churned,Support / SLA Frustration,0.595,89,0,12481,4,5,99.7,1,1.9,1
CUST-12522,Data Pay 268,Mid-Market,E-Commerce,United Kingdom,2025-01-06,SUB-22522,Scale,Annual,3103.21,76,2025-01-06,,Active,,0.696,57,3,17500,0,5,16.4,0,4.2,0
CUST-12523,Nova Works 268,Mid-Market,SaaS / Tech,United States,2025-01-07,SUB-22523,Growth,Monthly,3580.68,93,2025-01-07,,Active,,0.887,49,4,40070,0,6,4.5,0,4.9,0
CUST-12524,Pulse Security 268,SMB,Healthcare,United States,2025-01-07,SUB-22524,Growth,Annual,669.53,18,2025-01-07,2025-05-26,Churned,Switched Tool,0.911,50,5,12823,0,2,19.9,0,3.9,1
CUST-12525,Stratum Analytics 268,Mid-Market,E-Commerce,United Kingdom,2025-01-07,SUB-22525,Growth,Annual,1236.99,28,2025-01-07,2025-06-07,Churned,Competitor Alternative,0.712,68,3,35368,9,2,16.6,0,4.6,1
CUST-12526,Sync Tech 268,Mid-Market,E-Commerce,United States,2025-01-07,SUB-22526,Scale,Annual,970.33,54,2025-01-07,,Active,,0.671,72,5,45739,3,4,18.5,0,4.7,0
CUST-12527,Vanguard Sphere 268,SMB,E-Commerce,United States,2025-01-07,SUB-22527,Starter,Annual,147.75,8,2025-01-07,,Active,,0.819,85,7,23250,1,4,8.5,0,4.8,0
CUST-12528,Omni Labs 268,Enterprise,E-Commerce,United Kingdom,2025-01-07,SUB-22528,Enterprise Plus,Annual,11993.0,158,2025-01-07,,Active,,0.953,88,4,14209,8,1,16.3,0,4.0,0
CUST-12529,Hyper Flow 268,SMB,Healthcare,United States,2025-01-07,SUB-22529,Starter,Monthly,183.52,8,2025-01-07,,Active,,0.4,62,7,26927,1,1,14.7,0,4.5,0
CUST-12530,Zenith Corp 268,SMB,Fintech,United States,2025-01-08,SUB-22530,Starter,Monthly,592.04,6,2025-01-08,,Active,,0.534,52,4,6870,0,1,12.8,0,4.7,0
CUST-12531,Quantum Stack 268,SMB,Fintech,United Kingdom,2025-01-08,SUB-22531,Growth,Monthly,602.57,11,2025-01-08,2025-09-03,Churned,Competitor Alternative,0.849,87,6,7009,2,3,2.7,0,4.2,1
CUST-12532,Nexus AI 268,Mid-Market,Fintech,United States,2025-01-08,SUB-22532,Scale,Annual,1260.79,28,2025-01-08,2025-07-22,Churned,Support / SLA Frustration,0.625,74,4,16470,2,2,114.8,0,1.6,1
CUST-12533,Vertex Scale 268,Enterprise,E-Commerce,United States,2025-01-08,SUB-22533,Enterprise Plus,Annual,16887.84,209,2025-01-08,2025-08-13,Churned,Low Adoption & License Waste,0.05,85,3,8562,5,3,6.9,0,4.4,1
CUST-12534,Blue Systems 268,SMB,Logistics & Supply Chain,United States,2025-01-09,SUB-22534,Growth,Monthly,701.92,14,2025-01-09,2025-10-13,Churned,Competitor Alternative,0.756,73,5,23550,1,4,20.5,0,4.3,1
CUST-12535,Apex Logic 269,SMB,SaaS / Tech,United Kingdom,2025-01-09,SUB-22535,Growth,Monthly,324.51,13,2025-01-09,,Active,,0.478,37,3,19754,9,3,19.9,0,4.9,0
CUST-12536,Cloud Hub 269,SMB,SaaS / Tech,United Kingdom,2025-01-09,SUB-22536,Growth,Monthly,594.9,6,2025-01-09,,Active,,0.781,80,5,21245,3,2,21.1,0,4.1,0
CUST-12537,Data Pay 269,Enterprise,Healthcare,Canada,2025-01-10,SUB-22537,Enterprise Plus,Annual,8459.87,203,2025-01-10,,Active,,0.695,62,5,4795,9,7,16.5,0,4.2,0
CUST-12538,Nova Works 269,SMB,Healthcare,United States,2025-01-10,SUB-22538,Growth,Annual,629.32,20,2025-01-10,2025-12-15,Churned,Support / SLA Frustration,0.606,97,3,90809,12,5,72.2,2,1.6,1
CUST-12539,Pulse Security 269,SMB,Healthcare,United States,2025-01-10,SUB-22539,Starter,Annual,262.94,14,2025-01-10,,Active,,0.791,85,4,56827,3,4,14.2,0,4.8,0
CUST-12540,Stratum Analytics 269,SMB,Fintech,United States,2025-01-10,SUB-22540,Starter,Monthly,720.25,8,2025-01-10,2025-09-16,Churned,Support / SLA Frustration,0.67,26,6,5584,4,3,82.5,1,2.7,1
CUST-12541,Sync Tech 269,SMB,Fintech,United States,2025-01-10,SUB-22541,Starter,Monthly,662.13,22,2025-01-10,,Active,,0.485,57,3,3090,5,6,13.9,0,4.1,0
CUST-12542,Vanguard Sphere 269,SMB,E-Commerce,India,2025-01-10,SUB-22542,Growth,Monthly,681.09,23,2025-01-10,,Active,,1.0,68,5,5046,0,2,22.1,0,4.6,0
CUST-12543,Omni Labs 269,SMB,Cybersecurity,United States,2025-01-10,SUB-22543,Starter,Monthly,380.96,11,2025-01-10,2025-10-05,Churned,Switched Tool,0.698,87,1,7842,1,5,2.4,0,4.2,1
CUST-12544,Hyper Flow 269,Enterprise,Fintech,United States,2025-01-10,SUB-22544,Scale,Annual,12095.06,285,2025-01-10,,Active,,0.583,78,5,24214,4,3,9.2,0,4.5,0
CUST-12545,Zenith Corp 269,Mid-Market,Fintech,United States,2025-01-10,SUB-22545,Growth,Monthly,1407.31,33,2025-01-10,,Active,,0.684,74,0,33635,10,2,19.3,0,4.9,0
CUST-12546,Quantum Stack 269,Enterprise,SaaS / Tech,United Kingdom,2025-01-11,SUB-22546,Enterprise Plus,Annual,5307.41,242,2025-01-11,,Active,,0.955,79,3,53027,4,2,5.8,0,4.5,0
CUST-12547,Nexus AI 269,Mid-Market,Healthcare,United Kingdom,2025-01-11,SUB-22547,Scale,Monthly,1952.08,39,2025-01-11,2025-04-16,Churned,Internal Restructuring,0.896,98,4,34282,7,5,21.2,0,4.0,1
CUST-12548,Vertex Scale 269,Mid-Market,Logistics & Supply Chain,United Kingdom,2025-01-11,SUB-22548,Scale,Monthly,2774.19,85,2025-01-11,,Active,,0.735,100,6,55935,5,4,15.3,0,4.6,0
CUST-12549,Blue Systems 269,Enterprise,SaaS / Tech,Germany,2025-01-11,SUB-22549,Enterprise Plus,Annual,16599.06,409,2025-01-11,,Active,,0.571,100,5,4950,0,2,13.5,0,3.9,0
CUST-12550,Apex Logic 270,Mid-Market,Cybersecurity,United States,2025-01-11,SUB-22550,Scale,Annual,3522.24,71,2025-01-11,,Active,,0.764,93,4,9353,12,6,14.5,0,4.9,0
CUST-12551,Cloud Hub 270,Enterprise,Healthcare,United States,2025-01-11,SUB-22551,Enterprise Plus,Annual,13381.01,439,2025-01-11,,Active,,0.482,100,4,7206,9,2,20.4,0,4.0,0
CUST-12552,Data Pay 270,SMB,SaaS / Tech,United States,2025-01-11,SUB-22552,Starter,Monthly,639.72,10,2025-01-11,2025-06-08,Churned,Support / SLA Frustration,0.978,67,4,14916,1,5,78.6,2,1.6,1
CUST-12553,Nova Works 270,SMB,E-Commerce,United Kingdom,2025-01-11,SUB-22553,Starter,Monthly,447.08,5,2025-01-11,,Active,,0.678,78,2,13433,12,4,15.6,0,3.9,0
CUST-12554,Pulse Security 270,Enterprise,E-Commerce,United Kingdom,2025-01-11,SUB-22554,Scale,Annual,8040.62,198,2025-01-11,,Active,,0.754,23,4,81788,8,3,9.9,0,4.8,0
CUST-12555,Stratum Analytics 270,SMB,Healthcare,United Kingdom,2025-01-12,SUB-22555,Growth,Monthly,601.3,6,2025-01-12,,Active,,0.471,60,1,14353,0,3,10.5,0,4.8,0
CUST-12556,Sync Tech 270,SMB,Fintech,Canada,2025-01-12,SUB-22556,Starter,Monthly,655.46,19,2025-01-12,,Active,,0.64,85,1,4633,13,6,8.0,0,4.7,0
CUST-12557,Vanguard Sphere 270,Mid-Market,E-Commerce,United Kingdom,2025-01-12,SUB-22557,Scale,Annual,2990.39,65,2025-01-12,,Active,,0.689,66,3,33297,2,5,3.4,0,4.8,0
CUST-12558,Omni Labs 270,Enterprise,E-Commerce,India,2025-01-12,SUB-22558,Enterprise Plus,Annual,11792.82,120,2025-01-12,,Active,,1.0,33,3,43714,3,2,21.1,0,5.0,0
CUST-12559,Hyper Flow 270,SMB,Logistics & Supply Chain,United Kingdom,2025-01-12,SUB-22559,Starter,Monthly,132.41,6,2025-01-12,2025-02-21,Churned,Support / SLA Frustration,0.479,78,4,833,4,5,88.7,2,2.7,1
CUST-12560,Zenith Corp 270,SMB,SaaS / Tech,Canada,2025-01-12,SUB-22560,Growth,Monthly,666.89,24,2025-01-12,,Active,,0.863,85,5,639,4,5,4.2,0,4.6,0
CUST-12561,Quantum Stack 270,SMB,SaaS / Tech,United States,2025-01-13,SUB-22561,Growth,Monthly,683.75,10,2025-01-13,,Active,,0.217,87,4,6416,10,3,22.9,0,3.9,0
CUST-12562,Nexus AI 270,Enterprise,Fintech,United Kingdom,2025-01-13,SUB-22562,Scale,Annual,11089.43,139,2025-01-13,2025-03-21,Churned,Low Adoption & License Waste,0.907,92,1,30872,27,4,3.5,0,3.9,1
CUST-12563,Vertex Scale 270,Enterprise,SaaS / Tech,India,2025-01-13,SUB-22563,Enterprise Plus,Annual,16151.41,343,2025-01-13,,Active,,0.415,83,4,22580,12,5,2.6,0,4.7,0
CUST-12564,Blue Systems 270,Mid-Market,E-Commerce,United States,2025-01-13,SUB-22564,Growth,Annual,2242.08,96,2025-01-13,,Active,,0.852,53,5,38894,2,4,5.1,0,3.8,0
CUST-12565,Apex Logic 271,Mid-Market,Logistics & Supply Chain,Canada,2025-01-13,SUB-22565,Growth,Annual,2801.9,57,2025-01-13,,Active,,0.775,30,4,11000,2,3,19.2,0,4.6,0
CUST-12566,Cloud Hub 271,Mid-Market,Cybersecurity,Canada,2025-01-13,SUB-22566,Growth,Annual,1577.6,50,2025-01-13,,Active,,0.917,46,2,29902,2,3,78.3,1,2.9,0
CUST-12567,Data Pay 271,Mid-Market,Fintech,United States,2025-01-13,SUB-22567,Scale,Annual,1596.69,53,2025-01-13,,Active,,0.828,80,3,11769,5,3,22.1,0,4.2,0
CUST-12568,Nova Works 271,SMB,Logistics & Supply Chain,United Kingdom,2025-01-13,SUB-22568,Starter,Monthly,377.16,24,2025-01-13,2025-07-03,Churned,Support / SLA Frustration,0.804,43,3,12715,9,5,77.7,2,2.7,1
CUST-12569,Pulse Security 271,SMB,Fintech,United States,2025-01-13,SUB-22569,Starter,Monthly,281.52,6,2025-01-13,,Active,,0.599,66,3,8783,2,5,19.4,0,5.0,0
CUST-12570,Stratum Analytics 271,Mid-Market,Healthcare,Australia,2025-01-14,SUB-22570,Growth,Monthly,1803.56,58,2025-01-14,2025-06-22,Churned,Support / SLA Frustration,0.768,67,5,61243,2,2,75.7,1,3.0,1
CUST-12571,Sync Tech 271,SMB,E-Commerce,Germany,2025-01-14,SUB-22571,Growth,Annual,314.45,21,2025-01-14,,Active,,0.647,60,2,84529,1,3,6.7,0,4.7,0
CUST-12572,Vanguard Sphere 271,Mid-Market,Fintech,United States,2025-01-14,SUB-22572,Growth,Monthly,1985.98,54,2025-01-14,,Active,,0.886,54,4,11553,3,1,12.9,0,4.6,0
CUST-12573,Omni Labs 271,Mid-Market,SaaS / Tech,United States,2025-01-14,SUB-22573,Growth,Monthly,3500.67,98,2025-01-14,,Active,,0.562,74,0,27207,7,4,6.3,0,4.2,0
CUST-12574,Hyper Flow 271,Mid-Market,Fintech,United Kingdom,2025-01-14,SUB-22574,Growth,Monthly,2103.37,59,2025-01-14,2025-07-10,Churned,Competitor Alternative,0.5,99,7,26756,18,6,4.6,0,4.6,1
CUST-12575,Zenith Corp 271,SMB,Fintech,United States,2025-01-14,SUB-22575,Growth,Annual,258.8,11,2025-01-14,,Active,,0.64,98,2,55203,3,3,13.8,0,3.9,0
CUST-12576,Quantum Stack 271,SMB,E-Commerce,United States,2025-01-14,SUB-22576,Growth,Monthly,345.65,24,2025-01-14,,Active,,0.879,67,6,69075,5,7,4.1,0,4.0,0
CUST-12577,Nexus AI 271,SMB,SaaS / Tech,United Kingdom,2025-01-14,SUB-22577,Starter,Annual,512.62,21,2025-01-14,,Active,,0.751,66,4,20358,4,1,22.7,0,4.5,0
CUST-12578,Vertex Scale 271,Mid-Market,Cybersecurity,United States,2025-01-14,SUB-22578,Growth,Monthly,1003.63,64,2025-01-14,,Active,,0.596,82,7,18706,18,4,11.5,0,4.7,0
CUST-12579,Blue Systems 271,SMB,SaaS / Tech,United States,2025-01-14,SUB-22579,Starter,Monthly,414.27,23,2025-01-14,,Active,,0.405,100,3,16432,0,4,109.7,0,1.8,0
CUST-12580,Apex Logic 272,Enterprise,SaaS / Tech,Germany,2025-01-15,SUB-22580,Enterprise Plus,Monthly,13409.61,102,2025-01-15,2025-11-12,Churned,Support / SLA Frustration,0.591,58,7,10006,0,3,80.7,1,2.4,1
CUST-12581,Cloud Hub 272,SMB,Healthcare,India,2025-01-15,SUB-22581,Starter,Monthly,525.37,24,2025-01-15,2025-07-03,Churned,Competitor Alternative,0.728,76,5,8590,3,7,18.6,0,4.5,1
CUST-12582,Data Pay 272,SMB,Fintech,Canada,2025-01-15,SUB-22582,Starter,Monthly,348.29,11,2025-01-15,,Active,,0.689,66,3,23702,17,0,4.0,0,5.0,0
CUST-12583,Nova Works 272,Mid-Market,Fintech,Germany,2025-01-15,SUB-22583,Growth,Annual,2762.66,48,2025-01-15,,Active,,0.982,60,7,11927,1,3,20.3,0,4.6,0
CUST-12584,Pulse Security 272,SMB,E-Commerce,United States,2025-01-15,SUB-22584,Starter,Monthly,409.18,16,2025-01-15,2025-11-04,Churned,Support / SLA Frustration,0.6,73,5,49891,29,5,109.9,1,2.9,1
CUST-12585,Stratum Analytics 272,SMB,SaaS / Tech,United States,2025-01-16,SUB-22585,Starter,Monthly,472.01,23,2025-01-16,,Active,,0.406,54,5,8633,0,4,6.2,0,4.7,0
CUST-12586,Sync Tech 272,Enterprise,Healthcare,United States,2025-01-16,SUB-22586,Enterprise Plus,Annual,9298.47,308,2025-01-16,,Active,,0.738,48,4,40817,4,5,20.6,0,4.7,0
CUST-12587,Vanguard Sphere 272,SMB,SaaS / Tech,Canada,2025-01-16,SUB-22587,Starter,Monthly,261.43,18,2025-01-16,2025-12-20,Churned,Support / SLA Frustration,0.835,82,4,32500,3,2,96.4,1,1.6,1
CUST-12588,Omni Labs 272,Mid-Market,E-Commerce,India,2025-01-16,SUB-22588,Scale,Monthly,2297.3,99,2025-01-16,,Active,,0.554,62,3,18590,6,1,19.5,0,4.5,0
CUST-12589,Hyper Flow 272,SMB,Fintech,Canada,2025-01-16,SUB-22589,Starter,Annual,637.55,9,2025-01-16,,Active,,0.788,61,4,768,7,5,79.0,0,2.8,0
CUST-12590,Zenith Corp 272,SMB,Fintech,India,2025-01-16,SUB-22590,Growth,Annual,130.63,8,2025-01-16,,Active,,0.411,64,7,4711,19,3,6.4,0,4.1,0
CUST-12591,Quantum Stack 272,SMB,Logistics & Supply Chain,United Kingdom,2025-01-16,SUB-22591,Starter,Annual,244.54,20,2025-01-16,2025-08-25,Churned,Support / SLA Frustration,0.846,92,6,27899,3,5,102.4,3,3.0,1
CUST-12592,Nexus AI 272,SMB,SaaS / Tech,United States,2025-01-16,SUB-22592,Growth,Monthly,649.93,13,2025-01-16,2025-07-19,Churned,Low Adoption & License Waste,0.309,74,1,8996,9,5,12.1,0,4.6,1
CUST-12593,Vertex Scale 272,SMB,Logistics & Supply Chain,United States,2025-01-17,SUB-22593,Growth,Monthly,416.48,19,2025-01-17,2025-03-25,Churned,Support / SLA Frustration,0.323,92,1,4742,3,4,117.8,3,1.3,1
CUST-12594,Blue Systems 272,Enterprise,Fintech,United States,2025-01-17,SUB-22594,Scale,Annual,10297.79,150,2025-01-17,,Active,,0.628,98,7,12815,2,6,15.4,0,4.1,0
CUST-12595,Apex Logic 273,SMB,Cybersecurity,United States,2025-01-17,SUB-22595,Starter,Annual,681.06,24,2025-01-17,,Active,,0.813,71,3,31186,5,5,5.1,0,4.5,0
CUST-12596,Cloud Hub 273,Mid-Market,Fintech,Canada,2025-01-17,SUB-22596,Growth,Annual,1534.44,86,2025-01-17,,Active,,0.484,50,2,29843,19,5,8.2,0,4.7,0
CUST-12597,Data Pay 273,Mid-Market,Fintech,United States,2025-01-18,SUB-22597,Growth,Monthly,2835.32,92,2025-01-18,,Active,,0.644,85,5,4709,14,4,19.3,0,4.3,0
CUST-12598,Nova Works 273,Mid-Market,Cybersecurity,United Kingdom,2025-01-18,SUB-22598,Growth,Monthly,2696.43,87,2025-01-18,,Active,,0.687,68,4,7015,2,3,4.4,0,4.6,0
CUST-12599,Pulse Security 273,Enterprise,Healthcare,United Kingdom,2025-01-18,SUB-22599,Enterprise Plus,Annual,13038.85,468,2025-01-18,,Active,,0.687,70,3,21212,19,4,4.7,0,4.9,0
CUST-12600,Stratum Analytics 273,SMB,SaaS / Tech,United States,2025-01-18,SUB-22600,Growth,Monthly,124.89,7,2025-01-18,2025-12-18,Churned,Support / SLA Frustration,0.703,87,2,4052,12,3,84.3,2,1.6,1
CUST-12601,Sync Tech 273,Enterprise,Fintech,United States,2025-01-18,SUB-22601,Enterprise Plus,Annual,7382.51,192,2025-01-18,,Active,,1.0,24,6,2273,6,8,8.1,0,4.4,0
CUST-12602,Vanguard Sphere 273,SMB,E-Commerce,United States,2025-01-19,SUB-22602,Starter,Monthly,302.33,9,2025-01-19,2025-06-17,Churned,Low Adoption & License Waste,0.376,56,4,18591,9,2,8.7,0,3.9,1
CUST-12603,Omni Labs 273,Mid-Market,Cybersecurity,United States,2025-01-19,SUB-22603,Scale,Monthly,1053.14,34,2025-01-19,,Active,,0.743,74,5,57235,0,3,22.8,0,4.4,0
CUST-12604,Hyper Flow 273,Enterprise,Healthcare,Germany,2025-01-19,SUB-22604,Enterprise Plus,Annual,15181.05,387,2025-01-19,2025-10-31,Churned,Support / SLA Frustration,0.628,64,4,9968,1,2,87.0,0,1.5,1
CUST-12605,Zenith Corp 273,SMB,SaaS / Tech,United States,2025-01-19,SUB-22605,Growth,Annual,187.59,17,2025-01-19,,Active,,0.838,75,2,1705,5,2,7.2,0,4.7,0
CUST-12606,Quantum Stack 273,Enterprise,Fintech,United Kingdom,2025-01-19,SUB-22606,Enterprise Plus,Annual,17500.47,418,2025-01-19,,Active,,0.811,95,3,2507,7,2,23.8,0,3.9,0
CUST-12607,Nexus AI 273,Mid-Market,E-Commerce,India,2025-01-19,SUB-22607,Scale,Annual,1212.45,83,2025-01-19,,Active,,0.867,68,6,43455,3,5,79.5,1,2.9,0
CUST-12608,Vertex Scale 273,SMB,Healthcare,Germany,2025-01-20,SUB-22608,Starter,Annual,693.78,22,2025-01-20,,Active,,0.674,39,4,4491,1,5,12.2,0,5.0,0
CUST-12609,Blue Systems 273,Enterprise,Fintech,India,2025-01-20,SUB-22609,Scale,Annual,5147.73,214,2025-01-20,2025-04-23,Churned,Support / SLA Frustration,0.372,100,7,47103,4,3,76.1,2,1.5,1
CUST-12610,Apex Logic 274,SMB,Healthcare,United States,2025-01-20,SUB-22610,Starter,Monthly,126.55,11,2025-01-20,2025-12-15,Churned,Support / SLA Frustration,0.612,39,5,8477,1,3,86.6,1,2.2,1
CUST-12611,Cloud Hub 274,Enterprise,Fintech,United States,2025-01-20,SUB-22611,Scale,Monthly,13558.26,262,2025-01-20,,Active,,0.78,86,1,8660,13,3,22.8,0,4.9,0
CUST-12612,Data Pay 274,Mid-Market,Cybersecurity,United States,2025-01-20,SUB-22612,Growth,Monthly,2760.93,86,2025-01-20,2025-10-11,Churned,Support / SLA Frustration,0.823,87,3,17266,9,4,105.3,0,2.0,1
CUST-12613,Nova Works 274,SMB,Healthcare,United States,2025-01-20,SUB-22613,Starter,Monthly,396.86,10,2025-01-20,,Active,,0.449,74,5,32465,1,5,11.4,0,4.8,0
CUST-12614,Pulse Security 274,Mid-Market,Fintech,India,2025-01-20,SUB-22614,Growth,Annual,3616.43,80,2025-01-20,,Active,,0.841,97,6,19143,16,0,4.0,0,4.7,0
CUST-12615,Stratum Analytics 274,Enterprise,Healthcare,United Kingdom,2025-01-20,SUB-22615,Enterprise Plus,Annual,6516.27,300,2025-01-20,,Active,,0.714,70,2,1136,1,4,11.4,0,4.4,0
CUST-12616,Sync Tech 274,Mid-Market,Healthcare,United States,2025-01-20,SUB-22616,Scale,Monthly,1555.15,32,2025-01-20,,Active,,0.651,32,4,21092,15,4,19.2,0,4.9,0
CUST-12617,Vanguard Sphere 274,Mid-Market,SaaS / Tech,United States,2025-01-20,SUB-22617,Growth,Monthly,2481.57,49,2025-01-20,,Active,,0.99,63,3,33035,1,3,15.8,0,4.0,0
CUST-12618,Omni Labs 274,SMB,Cybersecurity,United States,2025-01-20,SUB-22618,Starter,Annual,418.13,20,2025-01-20,2025-06-02,Churned,Support / SLA Frustration,0.362,36,5,102700,5,3,108.2,1,2.5,1
CUST-12619,Hyper Flow 274,Mid-Market,Healthcare,United Kingdom,2025-01-20,SUB-22619,Scale,Annual,1384.92,76,2025-01-20,2025-10-27,Churned,Support / SLA Frustration,0.746,100,4,28067,4,2,62.1,0,1.6,1
CUST-12620,Zenith Corp 274,SMB,Logistics & Supply Chain,Canada,2025-01-21,SUB-22620,Growth,Annual,655.59,21,2025-01-21,,Active,,0.686,100,1,37274,1,5,21.5,0,4.7,0
CUST-12621,Quantum Stack 274,SMB,E-Commerce,Germany,2025-01-21,SUB-22621,Starter,Monthly,569.45,18,2025-01-21,,Active,,0.444,100,3,23607,4,8,9.3,0,4.5,0
CUST-12622,Nexus AI 274,Mid-Market,Fintech,India,2025-01-21,SUB-22622,Growth,Annual,1371.51,81,2025-01-21,2025-05-31,Churned,Support / SLA Frustration,1.0,59,5,33512,0,3,55.4,0,1.7,1
CUST-12623,Vertex Scale 274,SMB,SaaS / Tech,United States,2025-01-21,SUB-22623,Starter,Monthly,606.79,11,2025-01-21,,Active,,0.775,58,4,12749,3,3,7.6,0,4.7,0
CUST-12624,Blue Systems 274,Mid-Market,E-Commerce,United States,2025-01-21,SUB-22624,Scale,Annual,1993.82,49,2025-01-21,,Active,,0.637,74,2,74737,4,9,8.3,0,4.6,0
CUST-12625,Apex Logic 275,SMB,SaaS / Tech,United States,2025-01-21,SUB-22625,Growth,Monthly,132.72,24,2025-01-21,2025-05-01,Churned,Support / SLA Frustration,0.816,86,6,9547,13,3,106.7,1,1.6,1
CUST-12626,Cloud Hub 275,Enterprise,Logistics & Supply Chain,United States,2025-01-21,SUB-22626,Enterprise Plus,Annual,5530.56,223,2025-01-21,,Active,,0.742,100,6,2023,2,2,23.6,0,4.8,0
CUST-12627,Data Pay 275,SMB,Healthcare,India,2025-01-21,SUB-22627,Starter,Monthly,293.79,13,2025-01-21,,Active,,0.716,44,7,6222,5,3,18.4,0,3.8,0
CUST-12628,Nova Works 275,Mid-Market,Cybersecurity,United Kingdom,2025-01-21,SUB-22628,Growth,Annual,2399.21,51,2025-01-21,2025-11-13,Churned,Support / SLA Frustration,0.672,93,3,100052,0,7,60.5,4,3.2,1
CUST-12629,Pulse Security 275,Mid-Market,SaaS / Tech,Canada,2025-01-21,SUB-22629,Growth,Monthly,1315.77,25,2025-01-21,,Active,,0.521,75,5,4591,1,8,13.3,0,3.9,0
CUST-12630,Stratum Analytics 275,SMB,E-Commerce,United States,2025-01-22,SUB-22630,Starter,Monthly,565.37,16,2025-01-22,2025-12-24,Churned,Support / SLA Frustration,0.801,45,3,9107,11,5,90.6,0,2.0,1
CUST-12631,Sync Tech 275,SMB,E-Commerce,United States,2025-01-22,SUB-22631,Starter,Monthly,315.28,12,2025-01-22,,Active,,0.674,79,6,2735,12,1,16.5,0,4.8,0
CUST-12632,Vanguard Sphere 275,Enterprise,Healthcare,United States,2025-01-22,SUB-22632,Enterprise Plus,Annual,14913.39,330,2025-01-22,,Active,,0.589,100,6,2145,2,1,50.4,1,1.5,0
CUST-12633,Omni Labs 275,Mid-Market,Cybersecurity,United Kingdom,2025-01-23,SUB-22633,Growth,Annual,3692.06,26,2025-01-23,,Active,,0.76,100,4,12872,3,3,16.3,0,4.6,0
CUST-12634,Hyper Flow 275,SMB,SaaS / Tech,Canada,2025-01-23,SUB-22634,Starter,Monthly,522.22,9,2025-01-23,2025-03-11,Churned,Price / Budget Cuts,0.725,70,3,15013,2,5,17.6,0,3.9,1
CUST-12635,Zenith Corp 275,SMB,Fintech,United States,2025-01-23,SUB-22635,Growth,Monthly,672.78,11,2025-01-23,2025-09-17,Churned,Low Adoption & License Waste,0.367,60,5,51966,3,5,5.8,0,4.0,1
CUST-12636,Quantum Stack 275,SMB,Healthcare,Canada,2025-01-23,SUB-22636,Growth,Monthly,279.23,23,2025-01-23,2025-07-04,Churned,Price / Budget Cuts,0.833,78,6,23874,3,3,6.7,0,3.9,1
CUST-12637,Nexus AI 275,SMB,E-Commerce,Germany,2025-01-23,SUB-22637,Starter,Monthly,408.86,24,2025-01-23,2025-10-13,Churned,Support / SLA Frustration,0.395,29,4,9783,4,2,74.3,1,3.1,1
CUST-12638,Vertex Scale 275,SMB,Fintech,United States,2025-01-23,SUB-22638,Starter,Monthly,124.45,14,2025-01-23,,Active,,0.534,100,4,947,6,4,5.4,0,4.0,0
CUST-12639,Blue Systems 275,SMB,Fintech,Canada,2025-01-23,SUB-22639,Growth,Monthly,219.57,13,2025-01-23,,Active,,0.574,72,3,13517,6,4,15.6,0,4.0,0
CUST-12640,Apex Logic 276,Mid-Market,E-Commerce,United States,2025-01-23,SUB-22640,Growth,Annual,2184.83,85,2025-01-23,,Active,,0.585,38,4,10327,7,3,2.7,0,4.5,0
CUST-12641,Cloud Hub 276,Enterprise,Healthcare,United Kingdom,2025-01-23,SUB-22641,Enterprise Plus,Annual,17472.94,112,2025-01-23,,Active,,0.662,77,4,14814,2,6,53.5,4,2.6,0
CUST-12642,Data Pay 276,SMB,Healthcare,Canada,2025-01-24,SUB-22642,Starter,Monthly,599.36,19,2025-01-24,2025-07-15,Churned,Support / SLA Frustration,0.532,100,5,17788,4,6,86.5,0,2.1,1
CUST-12643,Nova Works 276,SMB,Healthcare,Australia,2025-01-24,SUB-22643,Growth,Annual,456.51,20,2025-01-24,,Active,,0.732,82,5,18653,0,2,12.5,0,4.9,0
CUST-12644,Pulse Security 276,Enterprise,Fintech,United States,2025-01-24,SUB-22644,Scale,Annual,15496.58,384,2025-01-24,,Active,,0.69,71,3,9715,7,5,23.4,0,4.2,0
CUST-12645,Stratum Analytics 276,Mid-Market,SaaS / Tech,United States,2025-01-24,SUB-22645,Growth,Monthly,3123.13,97,2025-01-24,,Active,,0.879,44,3,97892,5,3,18.6,0,4.7,0
CUST-12646,Sync Tech 276,SMB,E-Commerce,United States,2025-01-24,SUB-22646,Growth,Monthly,595.47,18,2025-01-24,,Active,,0.873,87,5,17867,8,1,21.5,0,4.5,0
CUST-12647,Vanguard Sphere 276,SMB,Fintech,United States,2025-01-24,SUB-22647,Growth,Monthly,216.54,9,2025-01-24,,Active,,0.751,79,5,2996,0,4,23.9,0,4.0,0
CUST-12648,Omni Labs 276,Mid-Market,Healthcare,Canada,2025-01-24,SUB-22648,Growth,Monthly,3251.15,62,2025-01-24,,Active,,0.662,64,6,3647,2,4,93.7,2,2.7,0
CUST-12649,Hyper Flow 276,Mid-Market,E-Commerce,India,2025-01-25,SUB-22649,Growth,Monthly,1806.52,28,2025-01-25,,Active,,0.68,76,3,33036,15,6,2.4,0,4.0,0
CUST-12650,Zenith Corp 276,Mid-Market,Fintech,United States,2025-01-25,SUB-22650,Growth,Monthly,3192.36,52,2025-01-25,2025-08-13,Churned,Support / SLA Frustration,0.606,40,2,26916,1,1,68.4,0,1.4,1
CUST-12651,Quantum Stack 276,Mid-Market,Fintech,United States,2025-01-25,SUB-22651,Growth,Monthly,3320.02,74,2025-01-25,,Active,,0.508,100,3,3990,1,4,12.6,0,4.5,0
CUST-12652,Nexus AI 276,Mid-Market,Fintech,United States,2025-01-25,SUB-22652,Growth,Annual,3541.25,45,2025-01-25,,Active,,0.889,76,4,21597,0,5,4.6,0,4.4,0
CUST-12653,Vertex Scale 276,Enterprise,Logistics & Supply Chain,United States,2025-01-25,SUB-22653,Scale,Annual,17746.47,364,2025-01-25,,Active,,0.433,72,4,7012,6,5,14.8,0,4.3,0
CUST-12654,Blue Systems 276,SMB,SaaS / Tech,United States,2025-01-25,SUB-22654,Starter,Monthly,132.86,8,2025-01-25,,Active,,0.767,72,2,6907,6,5,12.8,0,4.5,0
CUST-12655,Apex Logic 277,Mid-Market,SaaS / Tech,United States,2025-01-25,SUB-22655,Growth,Annual,3463.12,39,2025-01-25,,Active,,0.567,100,5,1018,2,5,18.3,0,4.4,0
CUST-12656,Cloud Hub 277,SMB,SaaS / Tech,Canada,2025-01-25,SUB-22656,Starter,Monthly,500.49,11,2025-01-25,,Active,,0.873,59,3,25392,0,4,3.5,0,4.7,0
CUST-12657,Data Pay 277,SMB,SaaS / Tech,United States,2025-01-25,SUB-22657,Growth,Monthly,561.1,17,2025-01-25,,Active,,1.0,52,4,31795,5,3,13.0,0,4.5,0
CUST-12658,Nova Works 277,Mid-Market,E-Commerce,United Kingdom,2025-01-26,SUB-22658,Growth,Monthly,2497.04,92,2025-01-26,,Active,,0.494,39,4,85662,3,5,19.1,0,4.5,0
CUST-12659,Pulse Security 277,SMB,E-Commerce,Canada,2025-01-26,SUB-22659,Growth,Annual,171.46,10,2025-01-26,,Active,,0.564,100,3,17062,2,5,17.9,0,4.4,0
CUST-12660,Stratum Analytics 277,Mid-Market,Fintech,United States,2025-01-26,SUB-22660,Scale,Annual,2851.39,70,2025-01-26,,Active,,0.777,48,4,575,0,5,7.8,0,4.9,0
CUST-12661,Sync Tech 277,SMB,E-Commerce,United Kingdom,2025-01-26,SUB-22661,Starter,Annual,262.83,13,2025-01-26,,Active,,0.73,73,5,79698,3,4,20.9,0,4.9,0
CUST-12662,Vanguard Sphere 277,Mid-Market,SaaS / Tech,United Kingdom,2025-01-26,SUB-22662,Growth,Annual,1156.24,67,2025-01-26,,Active,,0.304,48,3,868,4,5,15.2,0,4.4,0
CUST-12663,Omni Labs 277,SMB,E-Commerce,United Kingdom,2025-01-26,SUB-22663,Starter,Monthly,318.97,9,2025-01-26,2025-06-27,Churned,Support / SLA Frustration,0.479,58,5,2985,21,2,97.4,0,3.1,1
CUST-12664,Hyper Flow 277,SMB,Healthcare,United States,2025-01-27,SUB-22664,Starter,Annual,559.77,7,2025-01-27,,Active,,0.718,46,3,46548,4,2,13.7,0,4.1,0
CUST-12665,Zenith Corp 277,Mid-Market,Healthcare,United States,2025-01-27,SUB-22665,Scale,Annual,3636.04,87,2025-01-27,,Active,,0.866,84,3,24821,5,4,4.3,0,4.8,0
CUST-12666,Quantum Stack 277,Enterprise,E-Commerce,Germany,2025-01-27,SUB-22666,Enterprise Plus,Monthly,6379.45,170,2025-01-27,,Active,,0.307,68,3,7483,1,3,2.4,0,4.4,0
CUST-12667,Nexus AI 277,SMB,SaaS / Tech,Canada,2025-01-27,SUB-22667,Starter,Annual,315.83,16,2025-01-27,,Active,,0.643,86,2,5590,4,3,96.7,2,2.5,0
CUST-12668,Vertex Scale 277,SMB,Logistics & Supply Chain,United States,2025-01-27,SUB-22668,Starter,Monthly,275.22,17,2025-01-27,,Active,,0.979,68,5,25228,0,1,3.9,0,4.5,0
CUST-12669,Blue Systems 277,Mid-Market,Healthcare,United States,2025-01-27,SUB-22669,Scale,Annual,2134.49,52,2025-01-27,,Active,,0.743,98,3,16614,3,4,7.0,0,4.0,0
CUST-12670,Apex Logic 278,SMB,SaaS / Tech,United States,2025-01-27,SUB-22670,Growth,Annual,724.66,13,2025-01-27,,Active,,0.434,87,4,25438,24,2,10.5,0,4.8,0
CUST-12671,Cloud Hub 278,Mid-Market,E-Commerce,United States,2025-01-27,SUB-22671,Growth,Monthly,3614.05,73,2025-01-27,,Active,,0.882,71,6,49543,4,2,17.6,0,4.2,0
CUST-12672,Data Pay 278,SMB,Logistics & Supply Chain,United Kingdom,2025-01-27,SUB-22672,Starter,Monthly,331.4,12,2025-01-27,,Active,,0.93,64,4,11001,7,4,8.5,0,4.5,0
CUST-12673,Nova Works 278,Mid-Market,E-Commerce,United States,2025-01-27,SUB-22673,Growth,Annual,3059.2,45,2025-01-27,,Active,,0.617,53,4,98717,1,5,4.3,0,5.0,0
CUST-12674,Pulse Security 278,SMB,E-Commerce,United States,2025-01-27,SUB-22674,Growth,Annual,161.75,17,2025-01-27,,Active,,0.447,56,6,49767,2,6,103.3,3,2.8,0
CUST-12675,Stratum Analytics 278,Mid-Market,E-Commerce,Canada,2025-01-28,SUB-22675,Scale,Monthly,3124.8,39,2025-01-28,,Active,,0.843,100,5,25323,7,5,14.6,0,4.0,0
CUST-12676,Sync Tech 278,Mid-Market,SaaS / Tech,United States,2025-01-28,SUB-22676,Scale,Monthly,1373.19,66,2025-01-28,,Active,,0.635,71,5,16688,3,0,4.0,0,4.7,0
CUST-12677,Vanguard Sphere 278,Enterprise,Cybersecurity,Canada,2025-01-28,SUB-22677,Enterprise Plus,Annual,17787.8,123,2025-01-28,,Active,,0.536,24,3,22855,2,9,5.2,0,4.9,0
CUST-12678,Omni Labs 278,Enterprise,Fintech,Canada,2025-01-28,SUB-22678,Enterprise Plus,Annual,11618.97,411,2025-01-28,,Active,,0.44,78,5,22099,2,0,4.0,0,4.4,0
CUST-12679,Hyper Flow 278,SMB,Fintech,United States,2025-01-28,SUB-22679,Starter,Monthly,718.98,20,2025-01-28,2025-12-31,Churned,Low Adoption & License Waste,0.854,76,5,13467,29,2,2.4,0,4.9,1
CUST-12680,Zenith Corp 278,Mid-Market,Cybersecurity,Canada,2025-01-28,SUB-22680,Growth,Annual,2133.39,83,2025-01-28,,Active,,1.0,83,2,17241,1,6,15.2,0,4.3,0
CUST-12681,Quantum Stack 278,SMB,E-Commerce,Canada,2025-01-28,SUB-22681,Growth,Annual,537.1,6,2025-01-28,,Active,,0.844,57,4,12530,2,4,7.3,0,4.8,0
CUST-12682,Nexus AI 278,Enterprise,E-Commerce,United States,2025-01-28,SUB-22682,Scale,Annual,7529.13,131,2025-01-28,,Active,,0.601,63,3,42546,10,4,15.3,0,4.1,0
CUST-12683,Vertex Scale 278,Mid-Market,E-Commerce,United States,2025-01-28,SUB-22683,Scale,Annual,3209.2,74,2025-01-28,2025-10-09,Churned,Internal Restructuring,1.0,60,2,32411,4,5,19.8,0,4.9,1
CUST-12684,Blue Systems 278,Mid-Market,Fintech,United Kingdom,2025-01-28,SUB-22684,Scale,Annual,1663.5,70,2025-01-28,,Active,,0.749,90,6,3759,5,0,4.0,0,5.0,0
CUST-12685,Apex Logic 279,Enterprise,SaaS / Tech,India,2025-01-28,SUB-22685,Scale,Annual,11559.42,190,2025-01-28,,Active,,0.823,63,3,6474,5,5,56.2,2,1.5,0
CUST-12686,Cloud Hub 279,Enterprise,SaaS / Tech,United Kingdom,2025-01-28,SUB-22686,Enterprise Plus,Monthly,5608.28,143,2025-01-28,2025-07-24,Churned,Support / SLA Frustration,0.582,76,3,11790,0,4,55.5,0,1.8,1
CUST-12687,Data Pay 279,Mid-Market,Healthcare,United States,2025-01-28,SUB-22687,Scale,Annual,1014.19,51,2025-01-28,,Active,,0.499,20,3,25016,12,0,4.0,0,4.2,0
CUST-12688,Nova Works 279,Mid-Market,Healthcare,Canada,2025-01-29,SUB-22688,Growth,Monthly,2371.17,93,2025-01-29,,Active,,0.792,31,3,43519,6,3,2.9,0,4.1,0
CUST-12689,Pulse Security 279,Mid-Market,Logistics & Supply Chain,United States,2025-01-29,SUB-22689,Scale,Monthly,2281.72,31,2025-01-29,2025-11-07,Churned,Support / SLA Frustration,0.675,87,3,36252,3,3,118.9,0,3.0,1
CUST-12690,Stratum Analytics 279,SMB,Fintech,United Kingdom,2025-01-29,SUB-22690,Growth,Annual,608.94,5,2025-01-29,,Active,,0.621,46,4,3578,0,4,112.7,2,2.6,0
CUST-12691,Sync Tech 279,SMB,Logistics & Supply Chain,Canada,2025-01-29,SUB-22691,Growth,Monthly,365.23,9,2025-01-29,,Active,,0.997,49,3,34666,1,3,8.4,0,4.6,0
CUST-12692,Vanguard Sphere 279,Enterprise,Healthcare,United Kingdom,2025-01-29,SUB-22692,Scale,Annual,6806.97,369,2025-01-29,,Active,,0.763,86,7,9245,0,2,16.7,0,4.6,0
CUST-12693,Omni Labs 279,Mid-Market,E-Commerce,Germany,2025-01-29,SUB-22693,Growth,Annual,2237.73,65,2025-01-29,2025-03-04,Churned,Low Adoption & License Waste,0.367,69,5,683,2,6,21.6,0,4.6,1
CUST-12694,Hyper Flow 279,SMB,Cybersecurity,Canada,2025-01-29,SUB-22694,Starter,Monthly,676.26,10,2025-01-29,,Active,,0.592,54,6,11169,4,2,13.1,0,4.3,0
CUST-12695,Zenith Corp 279,SMB,SaaS / Tech,United Kingdom,2025-01-30,SUB-22695,Starter,Monthly,235.63,5,2025-01-30,,Active,,0.82,92,4,2802,3,3,3.4,0,4.2,0
CUST-12696,Quantum Stack 279,SMB,Healthcare,United States,2025-01-30,SUB-22696,Starter,Annual,228.24,24,2025-01-30,,Active,,0.561,50,1,17335,1,2,5.1,0,4.0,0
CUST-12697,Nexus AI 279,Mid-Market,SaaS / Tech,Germany,2025-01-30,SUB-22697,Growth,Monthly,1416.83,86,2025-01-30,,Active,,0.52,44,5,23538,2,3,84.3,0,2.9,0
CUST-12698,Vertex Scale 279,SMB,Healthcare,India,2025-01-30,SUB-22698,Starter,Annual,582.17,22,2025-01-30,,Active,,0.884,46,4,30168,4,3,14.2,0,4.8,0
CUST-12699,Blue Systems 279,SMB,Healthcare,United States,2025-01-30,SUB-22699,Starter,Monthly,400.38,20,2025-01-30,,Active,,0.512,91,3,2969,12,3,22.0,0,4.7,0
CUST-12700,Apex Logic 280,SMB,Cybersecurity,United States,2025-01-30,SUB-22700,Growth,Annual,232.59,14,2025-01-30,,Active,,0.725,98,5,20586,17,6,15.0,0,4.0,0
CUST-12701,Cloud Hub 280,SMB,SaaS / Tech,United States,2025-01-30,SUB-22701,Growth,Monthly,516.19,5,2025-01-30,,Active,,0.922,66,2,7079,1,2,16.7,0,4.5,0
CUST-12702,Data Pay 280,Enterprise,E-Commerce,Canada,2025-01-31,SUB-22702,Enterprise Plus,Annual,14157.83,461,2025-01-31,,Active,,0.623,69,4,8454,11,3,7.7,0,4.6,0
CUST-12703,Nova Works 280,Enterprise,Healthcare,Canada,2025-01-31,SUB-22703,Scale,Annual,17943.04,162,2025-01-31,,Active,,0.747,82,6,4456,8,3,66.1,1,2.1,0
CUST-12704,Pulse Security 280,SMB,Fintech,United States,2025-01-31,SUB-22704,Growth,Monthly,550.29,9,2025-01-31,,Active,,0.908,77,5,31997,5,6,23.4,0,4.6,0
CUST-12705,Stratum Analytics 280,SMB,Fintech,Germany,2025-01-31,SUB-22705,Starter,Monthly,237.34,18,2025-01-31,,Active,,1.0,65,3,10010,7,9,7.9,0,4.2,0
CUST-12706,Sync Tech 280,Enterprise,E-Commerce,United States,2025-01-31,SUB-22706,Enterprise Plus,Annual,8553.14,479,2025-01-31,,Active,,1.0,94,4,6656,0,10,5.6,0,4.7,0
CUST-12707,Vanguard Sphere 280,Mid-Market,SaaS / Tech,Canada,2025-01-31,SUB-22707,Growth,Monthly,3652.84,74,2025-01-31,,Active,,0.964,81,2,4604,0,2,19.8,0,4.6,0
CUST-12708,Omni Labs 280,Enterprise,E-Commerce,United States,2025-02-01,SUB-22708,Enterprise Plus,Annual,15929.64,234,2025-02-01,,Active,,0.52,73,4,5524,5,7,14.9,0,4.2,0
CUST-12709,Hyper Flow 280,Mid-Market,Logistics & Supply Chain,United States,2025-02-01,SUB-22709,Scale,Monthly,1687.31,55,2025-02-01,,Active,,0.988,57,5,14071,3,1,12.4,0,4.9,0
CUST-12710,Zenith Corp 280,SMB,Fintech,United States,2025-02-01,SUB-22710,Growth,Annual,595.99,7,2025-02-01,,Active,,0.618,86,4,569,4,1,77.4,0,3.0,0
CUST-12711,Quantum Stack 280,SMB,Healthcare,United States,2025-02-01,SUB-22711,Growth,Monthly,482.63,7,2025-02-01,,Active,,0.801,54,5,14952,1,4,12.1,0,4.6,0
CUST-12712,Nexus AI 280,Mid-Market,Fintech,United Kingdom,2025-02-01,SUB-22712,Growth,Annual,2312.44,25,2025-02-01,,Active,,0.952,52,2,39462,8,5,12.6,0,3.9,0
CUST-12713,Vertex Scale 280,Mid-Market,Healthcare,United Kingdom,2025-02-01,SUB-22713,Scale,Annual,3143.69,60,2025-02-01,2025-04-17,Churned,Low Adoption & License Waste,0.234,61,2,47738,3,4,2.6,0,4.9,1
CUST-12714,Blue Systems 280,Enterprise,Fintech,United States,2025-02-01,SUB-22714,Enterprise Plus,Annual,12699.47,314,2025-02-01,,Active,,0.421,89,1,56997,4,4,113.2,2,1.6,0
CUST-12715,Apex Logic 281,Mid-Market,Cybersecurity,United States,2025-02-01,SUB-22715,Growth,Annual,1094.02,29,2025-02-01,2025-06-02,Churned,Support / SLA Frustration,0.45,97,6,19462,8,2,56.3,0,1.5,1
CUST-12716,Cloud Hub 281,SMB,Fintech,United States,2025-02-01,SUB-22716,Starter,Annual,548.19,11,2025-02-01,,Active,,0.563,91,6,35836,5,2,4.5,0,4.9,0
CUST-12717,Data Pay 281,SMB,Cybersecurity,Canada,2025-02-01,SUB-22717,Starter,Annual,482.55,11,2025-02-01,,Active,,0.905,74,4,33017,11,4,14.9,0,4.8,0
CUST-12718,Nova Works 281,SMB,Healthcare,Canada,2025-02-02,SUB-22718,Starter,Monthly,488.36,10,2025-02-02,,Active,,0.895,65,5,2773,5,6,4.6,0,4.6,0
CUST-12719,Pulse Security 281,Enterprise,Cybersecurity,United States,2025-02-02,SUB-22719,Enterprise Plus,Annual,16689.32,406,2025-02-02,,Active,,0.889,92,2,21495,0,2,11.7,0,5.0,0
CUST-12720,Stratum Analytics 281,SMB,E-Commerce,United Kingdom,2025-02-02,SUB-22720,Starter,Monthly,464.46,11,2025-02-02,,Active,,0.148,98,4,16904,7,3,4.8,0,4.4,0
CUST-12721,Sync Tech 281,SMB,Cybersecurity,United States,2025-02-02,SUB-22721,Starter,Monthly,662.06,22,2025-02-02,,Active,,1.0,94,2,5075,9,2,16.3,0,3.9,0
CUST-12722,Vanguard Sphere 281,SMB,Fintech,India,2025-02-02,SUB-22722,Starter,Monthly,529.69,20,2025-02-02,2025-03-31,Churned,Support / SLA Frustration,0.853,85,4,22028,13,5,113.0,2,3.1,1
CUST-12723,Omni Labs 281,Mid-Market,SaaS / Tech,India,2025-02-03,SUB-22723,Growth,Annual,2873.79,90,2025-02-03,,Active,,0.82,100,4,23610,6,2,5.4,0,4.1,0
CUST-12724,Hyper Flow 281,Mid-Market,Cybersecurity,Canada,2025-02-03,SUB-22724,Scale,Annual,1260.68,88,2025-02-03,2025-03-20,Churned,Low Adoption & License Waste,0.291,97,6,50396,8,3,22.3,0,4.2,1
CUST-12725,Zenith Corp 281,Mid-Market,Fintech,India,2025-02-03,SUB-22725,Scale,Annual,2594.41,92,2025-02-03,2025-12-31,Churned,Support / SLA Frustration,0.725,95,3,12769,6,2,64.6,0,1.7,1
CUST-12726,Quantum Stack 281,Enterprise,Fintech,Germany,2025-02-03,SUB-22726,Enterprise Plus,Annual,7329.45,392,2025-02-03,,Active,,0.313,79,6,61475,1,2,6.2,0,4.7,0
CUST-12727,Nexus AI 281,Mid-Market,Healthcare,Germany,2025-02-03,SUB-22727,Growth,Monthly,1332.53,74,2025-02-03,2025-05-04,Churned,Low Adoption & License Waste,0.66,22,2,17285,22,4,19.3,0,4.5,1
CUST-12728,Vertex Scale 281,Mid-Market,Cybersecurity,United Kingdom,2025-02-03,SUB-22728,Scale,Monthly,2499.57,29,2025-02-03,,Active,,0.983,69,3,30239,6,2,19.3,0,4.0,0
CUST-12729,Blue Systems 281,Mid-Market,E-Commerce,United States,2025-02-04,SUB-22729,Scale,Annual,1828.83,99,2025-02-04,,Active,,0.768,65,4,7403,8,3,9.7,0,4.8,0
CUST-12730,Apex Logic 282,SMB,E-Commerce,United States,2025-02-04,SUB-22730,Starter,Monthly,451.59,20,2025-02-04,2025-09-17,Churned,Support / SLA Frustration,0.862,63,4,30502,4,2,90.9,0,1.9,1
CUST-12731,Cloud Hub 282,Mid-Market,Fintech,United States,2025-02-04,SUB-22731,Scale,Monthly,3793.45,59,2025-02-04,2025-08-30,Churned,Support / SLA Frustration,0.701,58,3,22357,8,5,114.6,0,3.0,1
CUST-12732,Data Pay 282,Enterprise,Fintech,United Kingdom,2025-02-04,SUB-22732,Enterprise Plus,Annual,9576.47,282,2025-02-04,,Active,,0.869,47,4,37863,1,2,2.4,0,4.4,0
CUST-12733,Nova Works 282,SMB,Logistics & Supply Chain,United States,2025-02-05,SUB-22733,Growth,Annual,331.24,14,2025-02-05,,Active,,0.878,63,3,31361,6,6,6.9,0,4.5,0
CUST-12734,Pulse Security 282,SMB,Fintech,United States,2025-02-06,SUB-22734,Starter,Monthly,300.33,10,2025-02-06,2025-06-10,Churned,Competitor Alternative,0.728,77,6,4653,10,2,22.3,0,3.8,1
CUST-12735,Stratum Analytics 282,SMB,E-Commerce,United States,2025-02-06,SUB-22735,Growth,Monthly,534.3,21,2025-02-06,,Active,,0.613,47,3,4922,24,4,15.0,0,4.8,0
CUST-12736,Sync Tech 282,SMB,Cybersecurity,United States,2025-02-06,SUB-22736,Growth,Monthly,175.84,6,2025-02-06,,Active,,0.453,76,3,1938,0,6,117.0,1,2.9,0
CUST-12737,Vanguard Sphere 282,SMB,Fintech,United Kingdom,2025-02-06,SUB-22737,Starter,Annual,435.27,12,2025-02-06,2025-06-18,Churned,Low Adoption & License Waste,0.393,82,5,111564,0,3,10.1,0,4.3,1
CUST-12738,Omni Labs 282,SMB,SaaS / Tech,India,2025-02-06,SUB-22738,Starter,Monthly,426.03,11,2025-02-06,2025-12-31,Churned,Low Adoption & License Waste,0.627,82,3,107759,23,3,13.0,0,4.8,1
CUST-12739,Hyper Flow 282,Enterprise,Fintech,Canada,2025-02-07,SUB-22739,Scale,Annual,13591.38,431,2025-02-07,,Active,,0.618,76,6,3946,1,3,54.3,1,2.6,0
CUST-12740,Zenith Corp 282,Mid-Market,E-Commerce,United Kingdom,2025-02-07,SUB-22740,Scale,Monthly,2893.74,29,2025-02-07,,Active,,0.916,80,4,19622,6,1,4.1,0,4.3,0
CUST-12741,Quantum Stack 282,Mid-Market,Fintech,United Kingdom,2025-02-07,SUB-22741,Growth,Monthly,1575.56,51,2025-02-07,,Active,,0.96,56,5,34161,2,6,16.4,0,4.3,0
CUST-12742,Nexus AI 282,Mid-Market,SaaS / Tech,United States,2025-02-07,SUB-22742,Growth,Annual,3148.71,44,2025-02-07,,Active,,0.546,64,3,61585,5,4,72.1,0,3.1,0
CUST-12743,Vertex Scale 282,Enterprise,Healthcare,United States,2025-02-07,SUB-22743,Enterprise Plus,Annual,13652.05,391,2025-02-07,,Active,,0.74,70,4,9366,0,4,11.4,0,4.9,0
CUST-12744,Blue Systems 282,SMB,E-Commerce,India,2025-02-07,SUB-22744,Starter,Monthly,271.14,18,2025-02-07,,Active,,0.394,95,4,1782,1,9,11.1,0,4.8,0
CUST-12745,Apex Logic 283,SMB,E-Commerce,United States,2025-02-07,SUB-22745,Growth,Monthly,266.36,6,2025-02-07,,Active,,1.0,65,1,17691,0,4,23.9,0,4.0,0
CUST-12746,Cloud Hub 283,SMB,Fintech,United States,2025-02-07,SUB-22746,Starter,Annual,226.91,11,2025-02-07,,Active,,0.714,81,4,30724,25,3,3.8,0,5.0,0
CUST-12747,Data Pay 283,Enterprise,SaaS / Tech,Canada,2025-02-08,SUB-22747,Enterprise Plus,Monthly,7140.81,488,2025-02-08,,Active,,0.626,49,3,2909,0,4,4.1,0,4.8,0
CUST-12748,Nova Works 283,SMB,Healthcare,United States,2025-02-08,SUB-22748,Growth,Monthly,705.55,20,2025-02-08,2025-08-25,Churned,Price / Budget Cuts,0.833,85,3,5497,7,4,20.2,0,4.6,1
CUST-12749,Pulse Security 283,SMB,SaaS / Tech,United States,2025-02-08,SUB-22749,Growth,Monthly,441.58,23,2025-02-08,2025-12-31,Churned,Support / SLA Frustration,0.922,72,5,9889,2,3,61.2,1,2.5,1
CUST-12750,Stratum Analytics 283,Mid-Market,Fintech,United States,2025-02-08,SUB-22750,Growth,Annual,3111.99,67,2025-02-08,2025-12-31,Churned,Competitor Alternative,0.804,58,6,45976,6,3,21.9,0,4.7,1
CUST-12751,Sync Tech 283,SMB,SaaS / Tech,United States,2025-02-08,SUB-22751,Growth,Annual,511.38,9,2025-02-08,,Active,,1.0,47,2,5250,3,5,13.3,0,4.0,0
CUST-12752,Vanguard Sphere 283,Mid-Market,Fintech,United States,2025-02-09,SUB-22752,Scale,Annual,3344.9,31,2025-02-09,,Active,,0.768,52,4,30637,13,6,112.1,1,2.0,0
CUST-12753,Omni Labs 283,Mid-Market,Healthcare,United States,2025-02-09,SUB-22753,Growth,Annual,1865.83,71,2025-02-09,,Active,,0.662,59,2,716,13,5,14.7,0,5.0,0
CUST-12754,Hyper Flow 283,SMB,Fintech,United Kingdom,2025-02-09,SUB-22754,Starter,Monthly,248.69,22,2025-02-09,,Active,,0.736,33,6,7698,7,1,76.2,0,1.5,0
CUST-12755,Zenith Corp 283,Mid-Market,SaaS / Tech,Germany,2025-02-09,SUB-22755,Growth,Annual,2730.98,93,2025-02-09,,Active,,0.816,75,3,63424,0,7,21.1,0,4.7,0
CUST-12756,Quantum Stack 283,Mid-Market,Healthcare,United States,2025-02-09,SUB-22756,Scale,Monthly,1082.27,88,2025-02-09,2025-10-02,Churned,Support / SLA Frustration,0.733,48,4,7641,3,7,69.2,1,2.0,1
CUST-12757,Nexus AI 283,SMB,Logistics & Supply Chain,Germany,2025-02-09,SUB-22757,Growth,Monthly,316.29,23,2025-02-09,,Active,,0.397,100,4,73465,4,1,5.0,0,4.3,0
CUST-12758,Vertex Scale 283,SMB,Logistics & Supply Chain,United States,2025-02-09,SUB-22758,Starter,Monthly,387.23,13,2025-02-09,,Active,,0.414,52,5,36667,1,4,17.9,0,4.4,0
CUST-12759,Blue Systems 283,Enterprise,Fintech,United States,2025-02-09,SUB-22759,Enterprise Plus,Annual,15201.95,353,2025-02-09,,Active,,0.736,74,5,3922,7,6,109.8,2,2.6,0
CUST-12760,Apex Logic 284,Enterprise,E-Commerce,United States,2025-02-10,SUB-22760,Enterprise Plus,Annual,17589.27,364,2025-02-10,,Active,,0.683,30,3,37088,10,7,7.8,0,4.6,0
CUST-12761,Cloud Hub 284,Enterprise,Fintech,United Kingdom,2025-02-10,SUB-22761,Scale,Annual,6845.14,125,2025-02-10,,Active,,0.646,52,3,14551,10,5,12.9,0,3.9,0
CUST-12762,Data Pay 284,SMB,Healthcare,United States,2025-02-10,SUB-22762,Starter,Monthly,239.05,11,2025-02-10,,Active,,0.725,83,4,3452,1,3,17.5,0,4.3,0
CUST-12763,Nova Works 284,Mid-Market,SaaS / Tech,United Kingdom,2025-02-10,SUB-22763,Scale,Annual,1351.15,99,2025-02-10,,Active,,0.667,70,1,52294,1,7,5.2,0,4.9,0
CUST-12764,Pulse Security 284,Enterprise,SaaS / Tech,Canada,2025-02-10,SUB-22764,Enterprise Plus,Annual,7626.06,320,2025-02-10,,Active,,0.793,96,5,1169,4,8,16.5,0,4.9,0
CUST-12765,Stratum Analytics 284,SMB,E-Commerce,United Kingdom,2025-02-10,SUB-22765,Starter,Monthly,392.67,16,2025-02-10,,Active,,0.79,78,5,4059,2,3,5.9,0,4.3,0
CUST-12766,Sync Tech 284,SMB,Healthcare,United Kingdom,2025-02-10,SUB-22766,Growth,Monthly,184.04,21,2025-02-10,,Active,,0.688,91,4,46137,9,2,21.0,0,4.5,0
CUST-12767,Vanguard Sphere 284,Mid-Market,Healthcare,India,2025-02-11,SUB-22767,Growth,Monthly,1987.64,55,2025-02-11,2025-06-03,Churned,Internal Restructuring,0.706,72,4,44070,2,2,9.8,0,3.9,1
CUST-12768,Omni Labs 284,SMB,Fintech,United States,2025-02-11,SUB-22768,Starter,Monthly,464.43,8,2025-02-11,,Active,,0.606,99,4,7574,9,4,3.3,0,4.4,0
CUST-12769,Hyper Flow 284,SMB,SaaS / Tech,United States,2025-02-11,SUB-22769,Starter,Monthly,570.08,14,2025-02-11,,Active,,0.712,79,4,4110,7,3,7.3,0,4.3,0
CUST-12770,Zenith Corp 284,Enterprise,E-Commerce,Canada,2025-02-11,SUB-22770,Enterprise Plus,Annual,6323.15,319,2025-02-11,,Active,,0.548,31,3,14291,0,2,112.0,1,2.2,0
CUST-12771,Quantum Stack 284,Mid-Market,SaaS / Tech,United Kingdom,2025-02-11,SUB-22771,Growth,Monthly,3704.81,52,2025-02-11,,Active,,0.588,69,5,42454,8,3,8.6,0,4.6,0
CUST-12772,Nexus AI 284,SMB,Fintech,United States,2025-02-11,SUB-22772,Starter,Monthly,299.74,20,2025-02-11,,Active,,0.852,73,4,8301,5,5,23.3,0,4.2,0
CUST-12773,Vertex Scale 284,Mid-Market,Healthcare,United States,2025-02-11,SUB-22773,Scale,Annual,3332.54,39,2025-02-11,,Active,,0.904,64,1,42880,0,6,13.2,0,4.3,0
CUST-12774,Blue Systems 284,SMB,Healthcare,United States,2025-02-11,SUB-22774,Growth,Monthly,508.36,6,2025-02-11,2025-06-24,Churned,Support / SLA Frustration,0.299,57,4,61494,1,2,100.1,1,2.5,1
CUST-12775,Apex Logic 285,Mid-Market,Fintech,United States,2025-02-11,SUB-22775,Growth,Monthly,2283.9,92,2025-02-11,,Active,,0.607,32,5,33848,1,4,2.0,0,4.5,0
CUST-12776,Cloud Hub 285,Enterprise,Healthcare,United States,2025-02-11,SUB-22776,Enterprise Plus,Monthly,17765.23,281,2025-02-11,,Active,,0.551,58,5,62067,8,3,2.8,0,4.9,0
CUST-12777,Data Pay 285,Mid-Market,Logistics & Supply Chain,India,2025-02-11,SUB-22777,Growth,Monthly,1542.45,89,2025-02-11,,Active,,0.623,39,5,8529,2,2,6.0,0,4.0,0
CUST-12778,Nova Works 285,Mid-Market,Logistics & Supply Chain,Canada,2025-02-12,SUB-22778,Growth,Monthly,1131.58,82,2025-02-12,,Active,,0.54,84,1,23642,21,2,118.1,0,2.7,0
CUST-12779,Pulse Security 285,Mid-Market,E-Commerce,United States,2025-02-12,SUB-22779,Growth,Monthly,2376.54,45,2025-02-12,,Active,,0.843,72,4,8524,11,2,15.0,0,4.2,0
CUST-12780,Stratum Analytics 285,Enterprise,E-Commerce,Canada,2025-02-12,SUB-22780,Enterprise Plus,Annual,17806.76,245,2025-02-12,,Active,,0.343,66,5,16378,7,4,18.3,0,4.2,0
CUST-12781,Sync Tech 285,SMB,Fintech,India,2025-02-12,SUB-22781,Starter,Monthly,553.16,5,2025-02-12,,Active,,0.808,64,4,9004,0,1,7.2,0,4.6,0
CUST-12782,Vanguard Sphere 285,SMB,Logistics & Supply Chain,United States,2025-02-13,SUB-22782,Starter,Monthly,387.01,24,2025-02-13,,Active,,0.471,22,3,6682,9,2,2.5,0,4.3,0
CUST-12783,Omni Labs 285,SMB,Fintech,United States,2025-02-13,SUB-22783,Starter,Monthly,559.48,20,2025-02-13,,Active,,0.705,56,6,15959,1,4,19.7,0,4.7,0
CUST-12784,Hyper Flow 285,SMB,Cybersecurity,United Kingdom,2025-02-13,SUB-22784,Starter,Monthly,463.64,18,2025-02-13,,Active,,0.911,53,2,36015,8,7,116.7,5,1.5,0
CUST-12785,Zenith Corp 285,Mid-Market,E-Commerce,Canada,2025-02-13,SUB-22785,Growth,Monthly,3449.33,38,2025-02-13,2025-08-20,Churned,Support / SLA Frustration,1.0,66,5,16969,3,3,87.2,0,2.9,1
CUST-12786,Quantum Stack 285,SMB,Healthcare,United States,2025-02-13,SUB-22786,Growth,Annual,703.51,24,2025-02-13,,Active,,0.908,40,3,100712,6,5,20.7,0,4.6,0
CUST-12787,Nexus AI 285,Mid-Market,Cybersecurity,Australia,2025-02-13,SUB-22787,Growth,Annual,2809.87,27,2025-02-13,,Active,,0.77,52,4,39550,12,2,9.0,0,4.2,0
CUST-12788,Vertex Scale 285,SMB,Fintech,United States,2025-02-13,SUB-22788,Starter,Monthly,418.2,5,2025-02-13,,Active,,0.612,51,5,42157,0,4,15.4,0,4.9,0
CUST-12789,Blue Systems 285,SMB,E-Commerce,United States,2025-02-13,SUB-22789,Starter,Annual,510.05,16,2025-02-13,,Active,,0.775,73,4,3706,0,6,16.1,0,4.6,0
CUST-12790,Apex Logic 286,SMB,E-Commerce,United States,2025-02-13,SUB-22790,Starter,Monthly,677.05,10,2025-02-13,2025-09-10,Churned,Switched Tool,0.775,85,4,37216,3,1,20.2,0,4.4,1
CUST-12791,Cloud Hub 286,SMB,Fintech,United States,2025-02-14,SUB-22791,Growth,Monthly,141.31,12,2025-02-14,2025-12-31,Churned,Price / Budget Cuts,0.722,45,4,9561,3,3,12.6,0,4.2,1
CUST-12792,Data Pay 286,SMB,Healthcare,Canada,2025-02-14,SUB-22792,Starter,Monthly,300.89,24,2025-02-14,,Active,,0.778,63,4,37417,7,3,19.6,0,3.8,0
CUST-12793,Nova Works 286,Mid-Market,SaaS / Tech,Australia,2025-02-14,SUB-22793,Scale,Annual,1181.37,38,2025-02-14,2025-07-29,Churned,Support / SLA Frustration,0.661,45,7,63171,2,5,85.7,4,2.5,1
CUST-12794,Pulse Security 286,Mid-Market,SaaS / Tech,United States,2025-02-14,SUB-22794,Growth,Annual,3126.38,79,2025-02-14,,Active,,0.74,70,5,12186,14,4,13.2,0,4.3,0
CUST-12795,Stratum Analytics 286,SMB,Fintech,Australia,2025-02-14,SUB-22795,Starter,Monthly,132.99,12,2025-02-14,,Active,,0.99,66,3,35829,10,7,20.6,0,4.0,0
CUST-12796,Sync Tech 286,Enterprise,Cybersecurity,Germany,2025-02-14,SUB-22796,Enterprise Plus,Annual,15780.55,490,2025-02-14,,Active,,0.625,94,6,48602,0,4,61.2,2,1.8,0
CUST-12797,Vanguard Sphere 286,SMB,Fintech,United States,2025-02-15,SUB-22797,Starter,Annual,359.2,5,2025-02-15,,Active,,1.0,52,4,73815,0,7,77.5,3,2.5,0
CUST-12798,Omni Labs 286,SMB,Fintech,United Kingdom,2025-02-15,SUB-22798,Starter,Monthly,516.86,20,2025-02-15,2025-04-08,Churned,Switched Tool,0.657,100,4,16330,12,5,8.8,0,5.0,1
CUST-12799,Hyper Flow 286,Mid-Market,Healthcare,United States,2025-02-15,SUB-22799,Scale,Monthly,1673.32,90,2025-02-15,2025-09-17,Churned,Support / SLA Frustration,0.978,69,5,15661,10,3,95.3,1,2.1,1
CUST-12800,Zenith Corp 286,SMB,Fintech,United Kingdom,2025-02-15,SUB-22800,Starter,Monthly,742.0,24,2025-02-15,,Active,,0.588,86,2,25733,10,4,11.8,0,4.9,0
CUST-12801,Quantum Stack 286,SMB,Fintech,United States,2025-02-15,SUB-22801,Starter,Monthly,284.74,13,2025-02-15,,Active,,0.756,56,2,15397,11,2,3.8,0,4.3,0
CUST-12802,Nexus AI 286,SMB,Cybersecurity,Canada,2025-02-15,SUB-22802,Starter,Monthly,432.48,9,2025-02-15,,Active,,0.502,90,5,16842,5,5,6.5,0,4.0,0
CUST-12803,Vertex Scale 286,SMB,Healthcare,United States,2025-02-15,SUB-22803,Starter,Annual,158.87,12,2025-02-15,,Active,,0.469,83,7,24237,13,1,14.9,0,4.8,0
CUST-12804,Blue Systems 286,SMB,Fintech,Germany,2025-02-15,SUB-22804,Starter,Monthly,282.51,11,2025-02-15,2025-12-31,Churned,Support / SLA Frustration,0.385,100,5,18378,8,5,113.5,3,3.2,1
CUST-12805,Apex Logic 287,SMB,Fintech,Germany,2025-02-15,SUB-22805,Starter,Monthly,689.9,9,2025-02-15,2025-03-23,Churned,Low Adoption & License Waste,0.389,62,3,1153,8,3,4.4,0,4.3,1
CUST-12806,Cloud Hub 287,SMB,SaaS / Tech,United States,2025-02-15,SUB-22806,Starter,Annual,342.96,11,2025-02-15,,Active,,0.738,84,3,18018,4,0,4.0,0,4.5,0
CUST-12807,Data Pay 287,Mid-Market,Logistics & Supply Chain,United States,2025-02-16,SUB-22807,Scale,Annual,2902.35,70,2025-02-16,,Active,,0.728,87,2,13392,32,3,3.0,0,4.2,0
CUST-12808,Nova Works 287,Mid-Market,Healthcare,United States,2025-02-16,SUB-22808,Growth,Monthly,1903.02,28,2025-02-16,,Active,,0.401,97,6,31212,0,3,12.0,0,4.3,0
CUST-12809,Pulse Security 287,SMB,Fintech,United Kingdom,2025-02-16,SUB-22809,Starter,Monthly,178.43,17,2025-02-16,,Active,,1.0,66,6,18789,3,4,116.3,1,2.3,0
CUST-12810,Stratum Analytics 287,Mid-Market,Fintech,United States,2025-02-16,SUB-22810,Growth,Monthly,919.55,98,2025-02-16,,Active,,0.927,54,6,1283,2,3,7.6,0,4.2,0
CUST-12811,Sync Tech 287,SMB,Fintech,United Kingdom,2025-02-16,SUB-22811,Starter,Monthly,570.94,8,2025-02-16,2025-06-02,Churned,Support / SLA Frustration,0.66,99,3,5531,2,6,91.5,4,2.9,1
CUST-12812,Vanguard Sphere 287,SMB,Fintech,United States,2025-02-16,SUB-22812,Starter,Annual,275.5,8,2025-02-16,,Active,,0.619,71,5,52591,7,5,12.0,0,4.0,0
CUST-12813,Omni Labs 287,Mid-Market,Healthcare,United States,2025-02-17,SUB-22813,Scale,Annual,2459.6,28,2025-02-17,2025-12-20,Churned,Support / SLA Frustration,0.534,49,4,44394,0,5,64.5,4,1.4,1
CUST-12814,Hyper Flow 287,SMB,Fintech,United States,2025-02-17,SUB-22814,Growth,Annual,346.9,6,2025-02-17,,Active,,0.583,65,4,60042,0,3,13.9,0,3.9,0
CUST-12815,Zenith Corp 287,SMB,E-Commerce,United States,2025-02-17,SUB-22815,Starter,Monthly,556.33,18,2025-02-17,2025-09-07,Churned,Price / Budget Cuts,1.0,68,6,11896,6,7,8.7,0,4.1,1
CUST-12816,Quantum Stack 287,Mid-Market,Healthcare,Canada,2025-02-17,SUB-22816,Growth,Monthly,2370.81,58,2025-02-17,2025-10-20,Churned,Support / SLA Frustration,0.636,96,4,9885,38,4,111.3,2,1.6,1
CUST-12817,Nexus AI 287,Enterprise,Cybersecurity,Australia,2025-02-17,SUB-22817,Scale,Annual,11900.09,225,2025-02-17,,Active,,0.674,83,6,811,3,8,20.0,0,3.9,0
CUST-12818,Vertex Scale 287,Enterprise,Cybersecurity,United States,2025-02-17,SUB-22818,Enterprise Plus,Annual,15815.33,499,2025-02-17,2025-12-12,Churned,Low Adoption & License Waste,0.18,68,3,2448,2,2,9.8,0,4.2,1
CUST-12819,Blue Systems 287,Mid-Market,E-Commerce,United Kingdom,2025-02-17,SUB-22819,Growth,Monthly,3431.66,99,2025-02-17,2025-08-04,Churned,Leadership Transition,0.479,71,4,28304,16,6,12.4,0,4.4,1
CUST-12820,Apex Logic 288,SMB,Healthcare,United States,2025-02-17,SUB-22820,Starter,Monthly,264.15,17,2025-02-17,2025-05-23,Churned,Switched Tool,0.98,57,7,20322,9,4,14.1,0,4.2,1
CUST-12821,Cloud Hub 288,Mid-Market,Healthcare,United Kingdom,2025-02-17,SUB-22821,Scale,Monthly,1500.8,88,2025-02-17,,Active,,0.935,62,3,22858,6,5,9.6,0,4.8,0
CUST-12822,Data Pay 288,SMB,Healthcare,United States,2025-02-17,SUB-22822,Starter,Annual,461.79,22,2025-02-17,,Active,,0.478,87,3,750,7,8,8.0,0,4.6,0
CUST-12823,Nova Works 288,Mid-Market,SaaS / Tech,United Kingdom,2025-02-17,SUB-22823,Scale,Monthly,916.31,35,2025-02-17,2025-08-30,Churned,Support / SLA Frustration,0.771,84,6,7989,15,4,90.9,2,2.9,1
CUST-12824,Pulse Security 288,Mid-Market,E-Commerce,India,2025-02-18,SUB-22824,Growth,Annual,2010.8,50,2025-02-18,2025-12-31,Churned,Support / SLA Frustration,0.71,89,5,16003,3,3,91.8,2,2.3,1
CUST-12825,Stratum Analytics 288,SMB,Logistics & Supply Chain,United States,2025-02-18,SUB-22825,Starter,Monthly,507.72,20,2025-02-18,,Active,,0.696,72,2,10086,0,6,57.5,5,1.6,0
CUST-12826,Sync Tech 288,SMB,Cybersecurity,Canada,2025-02-18,SUB-22826,Starter,Monthly,320.1,13,2025-02-18,,Active,,1.0,70,5,16942,2,5,12.8,0,3.9,0
CUST-12827,Vanguard Sphere 288,Enterprise,Healthcare,United States,2025-02-18,SUB-22827,Enterprise Plus,Annual,15811.88,460,2025-02-18,2025-04-28,Churned,Support / SLA Frustration,0.811,43,7,15576,2,7,112.4,4,3.0,1
CUST-12828,Omni Labs 288,Mid-Market,E-Commerce,United States,2025-02-18,SUB-22828,Growth,Annual,3641.06,80,2025-02-18,,Active,,0.643,48,4,72355,6,3,16.4,0,4.2,0
CUST-12829,Hyper Flow 288,Enterprise,Fintech,United States,2025-02-18,SUB-22829,Enterprise Plus,Annual,5525.75,127,2025-02-18,,Active,,0.691,72,5,11112,5,5,2.3,0,4.9,0
CUST-12830,Zenith Corp 288,Mid-Market,Fintech,United States,2025-02-18,SUB-22830,Growth,Annual,2119.94,36,2025-02-18,2025-10-10,Churned,Internal Restructuring,0.854,47,3,51846,12,5,18.0,0,4.1,1
CUST-12831,Quantum Stack 288,SMB,Healthcare,United States,2025-02-18,SUB-22831,Growth,Monthly,352.0,6,2025-02-18,2025-08-14,Churned,Support / SLA Frustration,0.727,76,5,28824,3,3,78.9,1,1.5,1
CUST-12832,Nexus AI 288,Enterprise,Fintech,United States,2025-02-18,SUB-22832,Enterprise Plus,Annual,14533.47,421,2025-02-18,,Active,,0.608,53,2,21338,1,5,3.5,0,4.7,0
CUST-12833,Vertex Scale 288,Mid-Market,Logistics & Supply Chain,United States,2025-02-19,SUB-22833,Growth,Annual,3181.9,48,2025-02-19,,Active,,0.398,80,3,688,0,3,17.7,0,4.9,0
CUST-12834,Blue Systems 288,Mid-Market,Fintech,United States,2025-02-19,SUB-22834,Growth,Annual,3575.67,47,2025-02-19,,Active,,0.449,63,4,14674,0,4,23.0,0,4.8,0
CUST-12835,Apex Logic 289,SMB,E-Commerce,United Kingdom,2025-02-19,SUB-22835,Growth,Annual,172.62,18,2025-02-19,,Active,,0.758,99,2,87194,3,5,18.2,0,4.3,0
CUST-12836,Cloud Hub 289,SMB,E-Commerce,India,2025-02-19,SUB-22836,Starter,Monthly,205.91,11,2025-02-19,,Active,,0.487,80,2,6020,4,0,4.0,0,4.5,0
CUST-12837,Data Pay 289,Enterprise,SaaS / Tech,United States,2025-02-19,SUB-22837,Scale,Annual,13977.32,481,2025-02-19,,Active,,0.84,81,3,69749,3,2,12.0,0,3.8,0
CUST-12838,Nova Works 289,SMB,Healthcare,United States,2025-02-20,SUB-22838,Growth,Monthly,557.35,22,2025-02-20,,Active,,0.488,57,6,12168,5,3,14.5,0,4.6,0
CUST-12839,Pulse Security 289,Mid-Market,Logistics & Supply Chain,United States,2025-02-20,SUB-22839,Growth,Annual,3049.52,42,2025-02-20,,Active,,0.245,54,4,30415,13,8,13.0,0,4.3,0
CUST-12840,Stratum Analytics 289,Mid-Market,E-Commerce,Germany,2025-02-20,SUB-22840,Scale,Annual,1770.36,83,2025-02-20,2025-10-23,Churned,Support / SLA Frustration,0.71,59,6,12684,10,2,59.1,1,1.2,1
CUST-12841,Sync Tech 289,SMB,Healthcare,United Kingdom,2025-02-20,SUB-22841,Starter,Monthly,739.28,18,2025-02-20,2025-11-14,Churned,Support / SLA Frustration,0.87,21,6,32257,15,2,119.7,2,1.6,1
CUST-12842,Vanguard Sphere 289,SMB,Fintech,United States,2025-02-20,SUB-22842,Starter,Monthly,444.71,22,2025-02-20,2025-08-26,Churned,Competitor Alternative,0.575,61,3,28566,1,2,9.1,0,4.2,1
CUST-12843,Omni Labs 289,SMB,E-Commerce,United States,2025-02-20,SUB-22843,Starter,Annual,166.92,15,2025-02-20,,Active,,0.71,100,3,16997,1,7,22.0,0,4.1,0
CUST-12844,Hyper Flow 289,SMB,Logistics & Supply Chain,United States,2025-02-20,SUB-22844,Growth,Annual,253.76,18,2025-02-20,,Active,,0.769,77,7,13917,2,3,64.1,2,3.1,0
CUST-12845,Zenith Corp 289,Mid-Market,E-Commerce,United States,2025-02-21,SUB-22845,Scale,Monthly,3176.7,34,2025-02-21,,Active,,0.879,76,3,12493,7,6,63.0,4,2.6,0
CUST-12846,Quantum Stack 289,SMB,Logistics & Supply Chain,India,2025-02-21,SUB-22846,Starter,Monthly,743.0,17,2025-02-21,,Active,,0.911,55,4,41703,6,4,14.4,0,4.9,0
CUST-12847,Nexus AI 289,Mid-Market,E-Commerce,India,2025-02-21,SUB-22847,Scale,Monthly,2204.79,35,2025-02-21,,Active,,0.518,73,7,20969,0,3,17.6,0,4.5,0
CUST-12848,Vertex Scale 289,SMB,Fintech,United States,2025-02-21,SUB-22848,Starter,Monthly,559.24,21,2025-02-21,2025-09-01,Churned,Price / Budget Cuts,0.886,49,4,32828,6,5,21.6,0,4.7,1
CUST-12849,Blue Systems 289,Mid-Market,Fintech,United Kingdom,2025-02-22,SUB-22849,Growth,Annual,1389.76,98,2025-02-22,,Active,,0.846,50,4,11761,1,1,12.3,0,4.0,0
CUST-12850,Apex Logic 290,SMB,Healthcare,United States,2025-02-22,SUB-22850,Starter,Annual,721.88,14,2025-02-22,,Active,,0.662,90,5,45801,9,2,115.9,1,1.5,0
CUST-12851,Cloud Hub 290,Mid-Market,SaaS / Tech,United States,2025-02-22,SUB-22851,Scale,Annual,1194.94,71,2025-02-22,,Active,,0.709,75,3,13721,0,3,13.1,0,4.1,0
CUST-12852,Data Pay 290,Mid-Market,SaaS / Tech,Germany,2025-02-22,SUB-22852,Scale,Annual,3341.2,42,2025-02-22,2025-09-09,Churned,Low Adoption & License Waste,0.525,80,6,23916,30,3,9.5,0,4.3,1
CUST-12853,Nova Works 290,SMB,Healthcare,United Kingdom,2025-02-22,SUB-22853,Starter,Monthly,686.24,15,2025-02-22,,Active,,0.824,31,3,6116,4,2,106.3,1,3.0,0
CUST-12854,Pulse Security 290,Enterprise,E-Commerce,United States,2025-02-22,SUB-22854,Enterprise Plus,Annual,5160.25,134,2025-02-22,2025-10-23,Churned,Support / SLA Frustration,0.707,77,6,16182,0,6,66.9,1,2.9,1
CUST-12855,Stratum Analytics 290,SMB,Healthcare,United States,2025-02-22,SUB-22855,Starter,Monthly,451.14,22,2025-02-22,,Active,,1.0,65,3,5650,13,3,4.3,0,4.7,0
CUST-12856,Sync Tech 290,Mid-Market,Healthcare,Germany,2025-02-22,SUB-22856,Growth,Annual,3234.93,47,2025-02-22,,Active,,0.835,95,4,24760,3,5,10.5,0,4.6,0
CUST-12857,Vanguard Sphere 290,Enterprise,Fintech,United Kingdom,2025-02-22,SUB-22857,Enterprise Plus,Annual,6764.23,297,2025-02-22,,Active,,0.592,86,5,35969,3,3,23.4,0,4.1,0
CUST-12858,Omni Labs 290,Enterprise,Fintech,United States,2025-02-23,SUB-22858,Scale,Annual,11196.2,186,2025-02-23,2025-12-12,Churned,Support / SLA Frustration,0.665,33,4,41564,4,2,116.6,1,2.5,1
CUST-12859,Hyper Flow 290,Mid-Market,Fintech,United States,2025-02-23,SUB-22859,Growth,Annual,2284.37,54,2025-02-23,,Active,,0.43,34,3,9599,10,6,3.2,0,5.0,0
CUST-12860,Zenith Corp 290,SMB,Fintech,United States,2025-02-23,SUB-22860,Starter,Monthly,567.51,18,2025-02-23,,Active,,0.791,76,5,1433,1,2,22.3,0,3.9,0
CUST-12861,Quantum Stack 290,Mid-Market,Fintech,Australia,2025-02-23,SUB-22861,Growth,Annual,2348.51,91,2025-02-23,2025-10-08,Churned,Support / SLA Frustration,0.558,16,5,3466,0,3,117.8,1,1.8,1
CUST-12862,Nexus AI 290,SMB,Fintech,United Kingdom,2025-02-24,SUB-22862,Starter,Annual,178.62,23,2025-02-24,2025-12-31,Churned,Support / SLA Frustration,0.355,86,4,9659,5,4,76.9,0,1.3,1
CUST-12863,Vertex Scale 290,SMB,E-Commerce,United States,2025-02-24,SUB-22863,Growth,Monthly,306.07,22,2025-02-24,,Active,,0.635,63,5,146892,0,6,16.1,0,3.9,0
CUST-12864,Blue Systems 290,Mid-Market,Healthcare,United Kingdom,2025-02-24,SUB-22864,Growth,Annual,2969.16,54,2025-02-24,,Active,,0.756,58,3,8923,9,9,11.2,0,4.5,0
CUST-12865,Apex Logic 291,SMB,Cybersecurity,Canada,2025-02-24,SUB-22865,Starter,Annual,688.14,15,2025-02-24,,Active,,1.0,94,5,43683,9,2,18.1,0,3.9,0
CUST-12866,Cloud Hub 291,SMB,Fintech,United States,2025-02-24,SUB-22866,Growth,Monthly,714.47,23,2025-02-24,,Active,,0.448,98,6,9613,0,3,10.7,0,4.1,0
CUST-12867,Data Pay 291,SMB,Healthcare,United States,2025-02-24,SUB-22867,Starter,Monthly,499.05,18,2025-02-24,,Active,,0.754,72,4,40005,1,7,6.2,0,4.1,0
CUST-12868,Nova Works 291,Mid-Market,Healthcare,United Kingdom,2025-02-25,SUB-22868,Growth,Monthly,1431.65,50,2025-02-25,2025-12-31,Churned,Support / SLA Frustration,0.525,71,4,26854,11,1,81.1,1,2.0,1
CUST-12869,Pulse Security 291,Mid-Market,Fintech,United Kingdom,2025-02-25,SUB-22869,Scale,Annual,2175.55,97,2025-02-25,,Active,,0.785,81,1,21961,20,4,9.3,0,4.8,0
CUST-12870,Stratum Analytics 291,SMB,Logistics & Supply Chain,Canada,2025-02-25,SUB-22870,Starter,Monthly,575.14,19,2025-02-25,,Active,,0.782,57,6,45087,0,2,23.5,0,4.6,0
CUST-12871,Sync Tech 291,SMB,Fintech,India,2025-02-25,SUB-22871,Starter,Annual,447.42,10,2025-02-25,,Active,,0.755,53,3,15983,14,5,3.8,0,4.7,0
CUST-12872,Vanguard Sphere 291,SMB,Cybersecurity,United States,2025-02-26,SUB-22872,Growth,Monthly,265.33,17,2025-02-26,2025-12-07,Churned,Support / SLA Frustration,0.699,64,6,10291,2,1,87.2,0,2.4,1
CUST-12873,Omni Labs 291,Mid-Market,Logistics & Supply Chain,United States,2025-02-26,SUB-22873,Growth,Annual,1275.65,85,2025-02-26,,Active,,0.806,68,3,15712,2,0,4.0,0,4.6,0
CUST-12874,Hyper Flow 291,SMB,E-Commerce,Australia,2025-02-26,SUB-22874,Starter,Annual,413.1,10,2025-02-26,,Active,,0.639,59,5,36578,1,4,16.5,0,3.9,0
CUST-12875,Zenith Corp 291,Mid-Market,E-Commerce,United States,2025-02-26,SUB-22875,Growth,Monthly,1949.87,28,2025-02-26,2025-08-27,Churned,Low Adoption & License Waste,0.208,54,2,6680,0,4,23.3,0,4.3,1
CUST-12876,Quantum Stack 291,Mid-Market,SaaS / Tech,United Kingdom,2025-02-26,SUB-22876,Scale,Monthly,1637.8,55,2025-02-26,2025-10-16,Churned,Support / SLA Frustration,0.55,76,4,2061,1,2,87.1,2,2.0,1
CUST-12877,Nexus AI 291,Mid-Market,Healthcare,United Kingdom,2025-02-27,SUB-22877,Scale,Annual,2545.47,65,2025-02-27,,Active,,0.541,77,5,51186,17,2,116.3,0,3.0,0
CUST-12878,Vertex Scale 291,SMB,E-Commerce,United Kingdom,2025-02-27,SUB-22878,Starter,Monthly,418.17,5,2025-02-27,,Active,,0.422,69,2,1689,0,4,3.1,0,4.4,0
CUST-12879,Blue Systems 291,Mid-Market,Fintech,United States,2025-02-27,SUB-22879,Scale,Annual,2245.86,68,2025-02-27,,Active,,0.957,92,4,9813,8,2,20.1,0,4.8,0
CUST-12880,Apex Logic 292,Mid-Market,Fintech,Canada,2025-02-27,SUB-22880,Scale,Annual,3033.09,34,2025-02-27,2025-09-12,Churned,Support / SLA Frustration,0.669,56,4,112936,8,2,103.1,0,1.7,1
CUST-12881,Cloud Hub 292,SMB,E-Commerce,Germany,2025-02-27,SUB-22881,Starter,Monthly,680.35,16,2025-02-27,,Active,,0.715,67,4,45409,4,3,7.6,0,4.9,0
CUST-12882,Data Pay 292,Mid-Market,E-Commerce,United Kingdom,2025-02-27,SUB-22882,Growth,Annual,1902.12,65,2025-02-27,2025-03-31,Churned,Low Adoption & License Waste,0.258,100,3,24803,8,4,21.4,0,4.1,1
CUST-12883,Nova Works 292,Enterprise,Logistics & Supply Chain,United States,2025-02-28,SUB-22883,Scale,Monthly,16611.33,113,2025-02-28,,Active,,0.683,78,6,10936,0,4,11.4,0,4.2,0
CUST-12884,Pulse Security 292,Enterprise,Fintech,United States,2025-02-28,SUB-22884,Enterprise Plus,Annual,7812.79,309,2025-02-28,,Active,,0.664,86,2,4327,0,4,8.6,0,4.6,0
CUST-12885,Stratum Analytics 292,SMB,Logistics & Supply Chain,United States,2025-02-28,SUB-22885,Starter,Annual,507.28,24,2025-02-28,,Active,,0.792,79,6,24765,15,1,9.1,0,4.5,0
CUST-12886,Sync Tech 292,SMB,Fintech,United States,2025-02-28,SUB-22886,Starter,Monthly,326.55,22,2025-02-28,,Active,,0.63,61,3,52330,12,5,16.1,0,4.4,0
CUST-12887,Vanguard Sphere 292,Mid-Market,Healthcare,United States,2025-02-28,SUB-22887,Scale,Annual,3509.85,36,2025-02-28,,Active,,0.414,100,6,57511,5,2,4.7,0,4.3,0
CUST-12888,Omni Labs 292,SMB,Healthcare,Australia,2025-02-28,SUB-22888,Starter,Monthly,363.12,15,2025-02-28,,Active,,0.866,48,5,8490,3,3,87.4,1,1.6,0
CUST-12889,Hyper Flow 292,SMB,Healthcare,Canada,2025-02-28,SUB-22889,Starter,Annual,304.56,14,2025-02-28,2025-11-03,Churned,Support / SLA Frustration,0.979,44,4,15547,1,2,68.4,1,2.4,1
CUST-12890,Zenith Corp 292,Mid-Market,Fintech,United Kingdom,2025-02-28,SUB-22890,Growth,Annual,1151.36,85,2025-02-28,,Active,,0.556,67,3,5852,7,7,2.4,0,5.0,0
CUST-12891,Quantum Stack 292,SMB,E-Commerce,United Kingdom,2025-02-28,SUB-22891,Growth,Annual,277.04,18,2025-02-28,,Active,,0.692,73,3,551,3,3,17.1,0,4.7,0
CUST-12892,Nexus AI 292,SMB,Logistics & Supply Chain,United States,2025-02-28,SUB-22892,Growth,Monthly,658.78,15,2025-02-28,,Active,,0.778,71,6,41061,2,4,79.9,0,2.1,0
CUST-12893,Vertex Scale 292,SMB,Healthcare,Australia,2025-03-01,SUB-22893,Growth,Annual,733.41,13,2025-03-01,,Active,,0.694,74,5,3250,16,2,21.3,0,4.9,0
CUST-12894,Blue Systems 292,Mid-Market,E-Commerce,United States,2025-03-01,SUB-22894,Scale,Annual,2437.24,85,2025-03-01,,Active,,0.674,41,7,27837,1,7,23.8,0,4.3,0
CUST-12895,Apex Logic 293,SMB,Logistics & Supply Chain,United States,2025-03-01,SUB-22895,Growth,Monthly,382.7,20,2025-03-01,,Active,,0.567,49,3,3867,10,1,16.3,0,4.9,0
CUST-12896,Cloud Hub 293,SMB,SaaS / Tech,United States,2025-03-01,SUB-22896,Growth,Annual,490.34,22,2025-03-01,,Active,,0.62,99,4,9219,9,3,51.8,2,2.9,0
CUST-12897,Data Pay 293,Mid-Market,E-Commerce,Germany,2025-03-01,SUB-22897,Scale,Monthly,3495.68,81,2025-03-01,2025-12-31,Churned,Low Adoption & License Waste,0.502,65,3,22874,25,3,11.2,0,5.0,1
CUST-12898,Nova Works 293,Mid-Market,Healthcare,India,2025-03-01,SUB-22898,Scale,Monthly,3404.69,86,2025-03-01,,Active,,0.694,71,5,9942,1,2,80.1,2,2.8,0
CUST-12899,Pulse Security 293,Enterprise,Logistics & Supply Chain,United States,2025-03-01,SUB-22899,Scale,Annual,12016.21,383,2025-03-01,,Active,,0.855,86,3,46389,7,1,11.0,0,4.0,0
CUST-12900,Stratum Analytics 293,Enterprise,E-Commerce,India,2025-03-02,SUB-22900,Enterprise Plus,Annual,8699.84,408,2025-03-02,,Active,,0.339,59,5,50230,2,3,14.4,0,4.7,0
CUST-12901,Sync Tech 293,SMB,Fintech,United States,2025-03-02,SUB-22901,Growth,Monthly,358.69,12,2025-03-02,,Active,,0.668,90,3,14403,5,2,17.0,0,4.0,0
CUST-12902,Vanguard Sphere 293,Enterprise,Healthcare,United States,2025-03-02,SUB-22902,Enterprise Plus,Annual,13493.65,243,2025-03-02,2025-09-19,Churned,Support / SLA Frustration,0.368,58,3,787,1,5,102.6,1,2.8,1
CUST-12903,Omni Labs 293,Mid-Market,Logistics & Supply Chain,Germany,2025-03-02,SUB-22903,Growth,Annual,1550.04,27,2025-03-02,,Active,,0.636,57,3,2470,2,2,4.7,0,4.3,0
CUST-12904,Hyper Flow 293,SMB,Fintech,Germany,2025-03-03,SUB-22904,Starter,Annual,405.23,10,2025-03-03,2025-05-28,Churned,Support / SLA Frustration,0.85,68,4,11749,10,2,79.4,0,1.9,1
CUST-12905,Zenith Corp 293,Enterprise,Cybersecurity,United Kingdom,2025-03-03,SUB-22905,Enterprise Plus,Monthly,11887.63,358,2025-03-03,,Active,,0.684,42,2,63331,2,1,104.1,1,3.2,0
CUST-12906,Quantum Stack 293,SMB,Fintech,United Kingdom,2025-03-04,SUB-22906,Growth,Monthly,224.93,10,2025-03-04,2025-09-01,Churned,Support / SLA Frustration,0.894,100,5,11159,3,5,107.2,1,1.2,1
CUST-12907,Nexus AI 293,Mid-Market,SaaS / Tech,Germany,2025-03-04,SUB-22907,Growth,Monthly,913.31,89,2025-03-04,,Active,,0.506,61,3,19328,3,6,5.3,0,4.3,0
CUST-12908,Vertex Scale 293,Mid-Market,Healthcare,Canada,2025-03-04,SUB-22908,Growth,Monthly,3653.36,99,2025-03-04,,Active,,0.617,25,4,18138,7,6,11.2,0,4.3,0
CUST-12909,Blue Systems 293,Mid-Market,E-Commerce,India,2025-03-04,SUB-22909,Scale,Annual,2947.88,40,2025-03-04,,Active,,1.0,69,6,74497,2,2,73.5,0,2.9,0
CUST-12910,Apex Logic 294,Mid-Market,Logistics & Supply Chain,United Kingdom,2025-03-04,SUB-22910,Scale,Annual,1847.71,93,2025-03-04,,Active,,0.885,46,6,21609,0,5,3.6,0,4.5,0
CUST-12911,Cloud Hub 294,Enterprise,Healthcare,Australia,2025-03-04,SUB-22911,Scale,Annual,10196.09,380,2025-03-04,2025-04-04,Churned,Support / SLA Frustration,0.506,86,5,101599,3,5,108.0,2,2.4,1
CUST-12912,Data Pay 294,SMB,E-Commerce,Australia,2025-03-04,SUB-22912,Starter,Monthly,674.41,7,2025-03-04,,Active,,0.936,68,3,4065,22,3,15.5,0,4.1,0
CUST-12913,Nova Works 294,SMB,Fintech,United States,2025-03-04,SUB-22913,Starter,Monthly,520.75,13,2025-03-04,,Active,,0.567,86,3,15430,1,6,12.9,0,4.0,0
CUST-12914,Pulse Security 294,Mid-Market,Fintech,Germany,2025-03-04,SUB-22914,Growth,Annual,1244.93,50,2025-03-04,,Active,,0.683,85,2,10294,8,4,12.9,0,3.9,0
CUST-12915,Stratum Analytics 294,SMB,Fintech,United States,2025-03-04,SUB-22915,Starter,Monthly,232.54,20,2025-03-04,,Active,,0.776,69,1,3535,11,4,105.0,2,2.0,0
CUST-12916,Sync Tech 294,SMB,SaaS / Tech,United States,2025-03-04,SUB-22916,Growth,Monthly,442.14,24,2025-03-04,,Active,,0.892,83,4,1198,2,4,11.4,0,4.3,0
CUST-12917,Vanguard Sphere 294,SMB,Fintech,United Kingdom,2025-03-05,SUB-22917,Starter,Monthly,209.54,22,2025-03-05,2025-12-04,Churned,Support / SLA Frustration,0.408,81,4,123782,5,1,103.2,1,2.4,1
CUST-12918,Omni Labs 294,Mid-Market,Fintech,United States,2025-03-05,SUB-22918,Growth,Annual,3719.45,97,2025-03-05,2025-11-10,Churned,Support / SLA Frustration,0.088,83,6,41892,15,2,111.5,1,1.3,1
CUST-12919,Hyper Flow 294,Mid-Market,Healthcare,United Kingdom,2025-03-05,SUB-22919,Growth,Monthly,1308.93,76,2025-03-05,,Active,,0.995,42,1,92861,6,0,4.0,0,5.0,0
CUST-12920,Zenith Corp 294,Mid-Market,E-Commerce,Germany,2025-03-05,SUB-22920,Growth,Annual,3160.08,53,2025-03-05,,Active,,0.61,78,2,10029,12,3,13.9,0,4.6,0
CUST-12921,Quantum Stack 294,SMB,SaaS / Tech,United States,2025-03-05,SUB-22921,Starter,Monthly,263.68,18,2025-03-05,2025-11-05,Churned,Low Adoption & License Waste,0.35,80,4,10190,0,3,5.6,0,4.4,1
CUST-12922,Nexus AI 294,SMB,Fintech,United States,2025-03-05,SUB-22922,Starter,Monthly,288.27,12,2025-03-05,,Active,,0.621,58,2,12511,9,1,22.9,0,3.8,0
CUST-12923,Vertex Scale 294,Mid-Market,Fintech,India,2025-03-05,SUB-22923,Growth,Monthly,1193.37,60,2025-03-05,2025-08-25,Churned,Internal Restructuring,0.806,100,5,60964,6,3,11.4,0,4.5,1
CUST-12924,Blue Systems 294,Mid-Market,Cybersecurity,United States,2025-03-05,SUB-22924,Growth,Monthly,1112.9,87,2025-03-05,,Active,,0.915,58,5,18131,0,4,17.1,0,3.8,0
CUST-12925,Apex Logic 295,SMB,Healthcare,United States,2025-03-05,SUB-22925,Starter,Annual,247.46,7,2025-03-05,,Active,,0.93,52,3,1813,8,2,5.4,0,4.1,0
CUST-12926,Cloud Hub 295,SMB,Logistics & Supply Chain,United States,2025-03-05,SUB-22926,Starter,Monthly,141.63,14,2025-03-05,,Active,,0.623,49,4,4314,7,1,18.4,0,4.7,0
CUST-12927,Data Pay 295,SMB,Logistics & Supply Chain,United Kingdom,2025-03-05,SUB-22927,Starter,Monthly,329.07,22,2025-03-05,,Active,,0.773,55,5,41933,1,6,11.9,0,4.6,0
CUST-12928,Nova Works 295,SMB,SaaS / Tech,United Kingdom,2025-03-06,SUB-22928,Starter,Monthly,279.35,12,2025-03-06,,Active,,0.539,75,5,32800,6,3,8.0,0,4.9,0
CUST-12929,Pulse Security 295,Mid-Market,Fintech,Germany,2025-03-06,SUB-22929,Growth,Annual,1171.32,33,2025-03-06,2025-10-11,Churned,Low Adoption & License Waste,0.117,61,5,27562,0,8,21.0,0,4.4,1
CUST-12930,Stratum Analytics 295,SMB,Logistics & Supply Chain,United States,2025-03-06,SUB-22930,Starter,Monthly,204.82,19,2025-03-06,,Active,,1.0,24,3,11121,6,7,12.6,0,4.9,0
CUST-12931,Sync Tech 295,SMB,SaaS / Tech,Germany,2025-03-06,SUB-22931,Starter,Monthly,389.85,8,2025-03-06,,Active,,0.875,55,3,14184,0,3,16.3,0,4.1,0
CUST-12932,Vanguard Sphere 295,Enterprise,E-Commerce,United Kingdom,2025-03-06,SUB-22932,Enterprise Plus,Annual,12162.87,327,2025-03-06,,Active,,0.386,62,3,13179,0,3,19.6,0,4.9,0
CUST-12933,Omni Labs 295,SMB,Healthcare,United States,2025-03-06,SUB-22933,Starter,Monthly,651.64,21,2025-03-06,,Active,,0.685,47,6,18883,0,8,82.2,3,2.8,0
CUST-12934,Hyper Flow 295,SMB,Healthcare,United Kingdom,2025-03-07,SUB-22934,Growth,Monthly,181.23,20,2025-03-07,,Active,,0.668,68,4,3135,2,7,14.4,0,4.1,0
CUST-12935,Zenith Corp 295,Mid-Market,Fintech,Canada,2025-03-07,SUB-22935,Growth,Annual,2301.42,94,2025-03-07,2025-12-31,Churned,Support / SLA Frustration,0.877,68,3,3762,3,3,94.1,2,2.1,1
CUST-12936,Quantum Stack 295,SMB,E-Commerce,United Kingdom,2025-03-07,SUB-22936,Starter,Monthly,383.47,7,2025-03-07,2025-11-12,Churned,Price / Budget Cuts,0.931,52,6,71403,20,3,16.4,0,4.5,1
CUST-12937,Nexus AI 295,SMB,E-Commerce,United States,2025-03-07,SUB-22937,Growth,Monthly,303.5,11,2025-03-07,,Active,,0.687,85,3,14911,3,5,8.7,0,4.3,0
CUST-12938,Vertex Scale 295,SMB,Healthcare,United States,2025-03-07,SUB-22938,Starter,Monthly,126.56,9,2025-03-07,2025-10-06,Churned,Support / SLA Frustration,1.0,56,6,66305,7,6,48.0,1,1.7,1
CUST-12939,Blue Systems 295,Enterprise,E-Commerce,United States,2025-03-07,SUB-22939,Enterprise Plus,Annual,8958.99,448,2025-03-07,,Active,,0.414,100,3,29702,0,3,2.1,0,4.1,0
CUST-12940,Apex Logic 296,Mid-Market,Healthcare,United States,2025-03-07,SUB-22940,Scale,Monthly,1690.4,93,2025-03-07,,Active,,0.497,76,4,23430,19,2,12.6,0,4.7,0
CUST-12941,Cloud Hub 296,SMB,E-Commerce,United Kingdom,2025-03-08,SUB-22941,Growth,Annual,504.47,5,2025-03-08,,Active,,0.534,83,7,6537,0,7,9.5,0,5.0,0
CUST-12942,Data Pay 296,Mid-Market,Cybersecurity,United States,2025-03-08,SUB-22942,Scale,Monthly,3189.08,37,2025-03-08,,Active,,0.404,78,3,10874,8,6,22.8,0,4.1,0
CUST-12943,Nova Works 296,SMB,Fintech,Canada,2025-03-08,SUB-22943,Starter,Annual,716.39,18,2025-03-08,,Active,,0.776,58,6,6289,19,3,22.5,0,4.7,0
CUST-12944,Pulse Security 296,SMB,Healthcare,United States,2025-03-08,SUB-22944,Starter,Annual,537.98,14,2025-03-08,,Active,,0.856,80,3,2266,0,1,57.3,1,2.2,0
CUST-12945,Stratum Analytics 296,Enterprise,Fintech,United States,2025-03-09,SUB-22945,Enterprise Plus,Annual,13381.89,170,2025-03-09,,Active,,0.384,53,2,147318,3,3,22.6,0,4.5,0
CUST-12946,Sync Tech 296,SMB,E-Commerce,United Kingdom,2025-03-09,SUB-22946,Starter,Monthly,515.78,5,2025-03-09,,Active,,0.828,73,3,7468,12,4,5.6,0,4.3,0
CUST-12947,Vanguard Sphere 296,SMB,SaaS / Tech,United States,2025-03-09,SUB-22947,Growth,Annual,572.38,15,2025-03-09,,Active,,0.606,56,7,43409,1,3,21.9,0,3.8,0
CUST-12948,Omni Labs 296,Mid-Market,Cybersecurity,India,2025-03-09,SUB-22948,Growth,Annual,1415.34,89,2025-03-09,,Active,,0.786,37,3,6394,3,4,11.9,0,3.8,0
CUST-12949,Hyper Flow 296,SMB,Healthcare,United States,2025-03-10,SUB-22949,Growth,Monthly,185.28,22,2025-03-10,2025-09-06,Churned,Support / SLA Frustration,0.88,75,3,22029,4,4,67.4,2,1.9,1
CUST-12950,Zenith Corp 296,SMB,Cybersecurity,United States,2025-03-10,SUB-22950,Starter,Monthly,376.63,12,2025-03-10,2025-11-13,Churned,Competitor Alternative,0.784,80,4,10188,9,2,15.7,0,4.3,1
CUST-12951,Quantum Stack 296,SMB,Fintech,Germany,2025-03-10,SUB-22951,Starter,Monthly,413.85,22,2025-03-10,,Active,,0.454,63,7,43881,3,9,87.9,3,1.5,0
CUST-12952,Nexus AI 296,SMB,E-Commerce,United Kingdom,2025-03-10,SUB-22952,Starter,Monthly,308.97,20,2025-03-10,2025-10-17,Churned,Price / Budget Cuts,0.785,56,5,32645,6,5,3.7,0,4.4,1
CUST-12953,Vertex Scale 296,Mid-Market,Fintech,United States,2025-03-11,SUB-22953,Growth,Annual,3223.48,38,2025-03-11,,Active,,0.542,68,6,57334,5,1,7.5,0,4.2,0
CUST-12954,Blue Systems 296,SMB,Logistics & Supply Chain,United States,2025-03-11,SUB-22954,Starter,Monthly,449.42,8,2025-03-11,,Active,,1.0,100,4,30188,1,4,23.7,0,4.0,0
CUST-12955,Apex Logic 297,SMB,E-Commerce,Canada,2025-03-11,SUB-22955,Starter,Monthly,341.55,19,2025-03-11,2025-12-31,Churned,Price / Budget Cuts,0.765,75,3,14315,10,3,19.0,0,4.6,1
CUST-12956,Cloud Hub 297,SMB,SaaS / Tech,Australia,2025-03-12,SUB-22956,Growth,Monthly,613.42,11,2025-03-12,,Active,,0.585,75,3,14532,7,6,19.4,0,3.9,0
CUST-12957,Data Pay 297,SMB,Logistics & Supply Chain,India,2025-03-12,SUB-22957,Starter,Monthly,225.89,10,2025-03-12,2025-04-22,Churned,Support / SLA Frustration,0.693,81,3,1865,0,1,87.9,0,1.8,1
CUST-12958,Nova Works 297,Mid-Market,Fintech,United States,2025-03-12,SUB-22958,Scale,Monthly,2330.58,84,2025-03-12,,Active,,0.486,66,7,65866,8,3,17.7,0,4.0,0
CUST-12959,Pulse Security 297,SMB,Fintech,Australia,2025-03-12,SUB-22959,Starter,Monthly,583.62,11,2025-03-12,,Active,,0.872,77,3,7064,3,5,20.5,0,4.7,0
CUST-12960,Stratum Analytics 297,Mid-Market,Logistics & Supply Chain,United States,2025-03-12,SUB-22960,Growth,Monthly,3493.91,38,2025-03-12,,Active,,1.0,73,4,19019,6,4,20.6,0,4.6,0
CUST-12961,Sync Tech 297,Mid-Market,Healthcare,United States,2025-03-12,SUB-22961,Growth,Annual,1710.42,76,2025-03-12,,Active,,0.745,64,7,7934,3,6,4.6,0,3.9,0
CUST-12962,Vanguard Sphere 297,Mid-Market,Fintech,Germany,2025-03-12,SUB-22962,Growth,Monthly,3512.35,97,2025-03-12,2025-12-31,Churned,Support / SLA Frustration,0.364,64,4,13468,0,10,119.2,3,2.5,1
CUST-12963,Omni Labs 297,SMB,E-Commerce,United States,2025-03-12,SUB-22963,Starter,Monthly,703.61,6,2025-03-12,,Active,,0.881,51,6,23804,5,5,18.8,0,4.1,0
CUST-12964,Hyper Flow 297,SMB,E-Commerce,United States,2025-03-12,SUB-22964,Starter,Monthly,247.76,23,2025-03-12,,Active,,0.777,100,3,27861,1,5,16.0,0,4.0,0
CUST-12965,Zenith Corp 297,SMB,Fintech,United States,2025-03-12,SUB-22965,Starter,Annual,403.42,11,2025-03-12,,Active,,0.748,73,0,29528,8,8,14.2,0,4.0,0
CUST-12966,Quantum Stack 297,SMB,Healthcare,United States,2025-03-13,SUB-22966,Starter,Monthly,424.66,14,2025-03-13,,Active,,0.578,73,2,13204,6,7,21.9,0,4.0,0
CUST-12967,Nexus AI 297,SMB,Fintech,Canada,2025-03-13,SUB-22967,Starter,Monthly,423.31,21,2025-03-13,2025-06-06,Churned,Support / SLA Frustration,0.531,68,2,54542,7,2,119.8,1,2.0,1
CUST-12968,Vertex Scale 297,SMB,Healthcare,United Kingdom,2025-03-13,SUB-22968,Growth,Monthly,122.74,23,2025-03-13,,Active,,0.859,77,6,2012,0,2,13.7,0,4.4,0
CUST-12969,Blue Systems 297,Mid-Market,Logistics & Supply Chain,United States,2025-03-13,SUB-22969,Scale,Annual,2935.01,26,2025-03-13,,Active,,0.578,46,3,18773,1,4,15.5,0,4.9,0
CUST-12970,Apex Logic 298,Mid-Market,Cybersecurity,United Kingdom,2025-03-13,SUB-22970,Growth,Annual,1178.51,97,2025-03-13,,Active,,0.669,77,1,25751,9,7,8.9,0,4.2,0
CUST-12971,Cloud Hub 298,Mid-Market,E-Commerce,India,2025-03-13,SUB-22971,Scale,Monthly,1084.76,49,2025-03-13,,Active,,0.697,30,4,18215,0,3,15.1,0,4.4,0
CUST-12972,Data Pay 298,SMB,Fintech,Germany,2025-03-13,SUB-22972,Starter,Monthly,226.41,16,2025-03-13,,Active,,0.616,100,4,44138,0,1,2.8,0,4.7,0
CUST-12973,Nova Works 298,SMB,Cybersecurity,United States,2025-03-13,SUB-22973,Starter,Monthly,709.8,16,2025-03-13,,Active,,0.77,67,5,60615,2,4,59.7,2,2.7,0
CUST-12974,Pulse Security 298,Mid-Market,E-Commerce,Australia,2025-03-13,SUB-22974,Scale,Annual,1547.64,92,2025-03-13,2025-10-07,Churned,Support / SLA Frustration,0.614,95,5,30525,10,6,73.4,3,1.2,1
CUST-12975,Stratum Analytics 298,Enterprise,Fintech,Canada,2025-03-13,SUB-22975,Enterprise Plus,Annual,12197.84,473,2025-03-13,,Active,,0.666,84,4,34173,0,3,83.5,1,2.1,0
CUST-12976,Sync Tech 298,SMB,Cybersecurity,United States,2025-03-13,SUB-22976,Starter,Annual,713.48,14,2025-03-13,,Active,,0.59,87,6,25831,6,6,14.4,0,3.9,0
CUST-12977,Vanguard Sphere 298,Enterprise,SaaS / Tech,United States,2025-03-14,SUB-22977,Enterprise Plus,Annual,16536.4,438,2025-03-14,2025-08-16,Churned,Support / SLA Frustration,0.827,62,5,20304,1,3,119.2,1,1.8,1
CUST-12978,Omni Labs 298,SMB,SaaS / Tech,United States,2025-03-14,SUB-22978,Starter,Annual,401.39,8,2025-03-14,,Active,,0.44,65,2,49477,2,3,16.7,0,4.5,0
CUST-12979,Hyper Flow 298,SMB,SaaS / Tech,Canada,2025-03-14,SUB-22979,Starter,Monthly,182.42,24,2025-03-14,,Active,,0.941,66,1,5319,1,5,96.4,1,2.5,0
CUST-12980,Zenith Corp 298,Mid-Market,Fintech,United States,2025-03-14,SUB-22980,Growth,Annual,1371.84,76,2025-03-14,,Active,,0.697,98,7,11315,1,5,102.1,0,1.6,0
CUST-12981,Quantum Stack 298,Mid-Market,Fintech,United Kingdom,2025-03-14,SUB-22981,Growth,Annual,3141.99,96,2025-03-14,,Active,,0.649,77,4,14254,1,7,9.3,0,3.9,0
CUST-12982,Nexus AI 298,SMB,SaaS / Tech,United States,2025-03-14,SUB-22982,Starter,Annual,175.77,19,2025-03-14,,Active,,0.989,73,4,45744,1,3,16.2,0,3.9,0
CUST-12983,Vertex Scale 298,SMB,Fintech,India,2025-03-14,SUB-22983,Starter,Monthly,735.27,21,2025-03-14,,Active,,0.614,70,5,18679,19,3,15.0,0,4.1,0
CUST-12984,Blue Systems 298,SMB,Healthcare,United States,2025-03-14,SUB-22984,Growth,Monthly,510.31,19,2025-03-14,2025-12-31,Churned,Switched Tool,0.785,56,4,662,4,1,8.0,0,3.8,1
CUST-12985,Apex Logic 299,SMB,SaaS / Tech,India,2025-03-14,SUB-22985,Starter,Monthly,296.16,16,2025-03-14,2025-06-18,Churned,Support / SLA Frustration,0.995,72,2,34044,4,4,80.7,3,3.2,1
CUST-12986,Cloud Hub 299,Enterprise,SaaS / Tech,India,2025-03-14,SUB-22986,Scale,Annual,12162.41,241,2025-03-14,,Active,,0.522,73,4,69893,3,6,8.0,0,4.8,0
CUST-12987,Data Pay 299,SMB,E-Commerce,United States,2025-03-14,SUB-22987,Starter,Monthly,461.62,7,2025-03-14,,Active,,0.689,46,5,8385,4,3,21.2,0,4.8,0
CUST-12988,Nova Works 299,SMB,SaaS / Tech,United States,2025-03-14,SUB-22988,Starter,Monthly,318.54,13,2025-03-14,,Active,,0.784,70,3,11928,1,5,7.0,0,4.3,0
CUST-12989,Pulse Security 299,SMB,Logistics & Supply Chain,United States,2025-03-14,SUB-22989,Starter,Monthly,533.03,7,2025-03-14,,Active,,0.735,68,1,10019,2,3,16.4,0,4.3,0
CUST-12990,Stratum Analytics 299,Mid-Market,SaaS / Tech,India,2025-03-14,SUB-22990,Scale,Monthly,3085.57,59,2025-03-14,2025-10-13,Churned,Competitor Alternative,0.717,76,3,42153,13,5,9.8,0,3.8,1
CUST-12991,Sync Tech 299,SMB,Fintech,United Kingdom,2025-03-15,SUB-22991,Growth,Monthly,584.07,22,2025-03-15,,Active,,0.491,53,7,36658,16,2,17.1,0,4.5,0
CUST-12992,Vanguard Sphere 299,SMB,Healthcare,United States,2025-03-15,SUB-22992,Growth,Monthly,661.39,7,2025-03-15,,Active,,0.741,64,3,9125,4,3,13.9,0,4.3,0
CUST-12993,Omni Labs 299,Mid-Market,Healthcare,United States,2025-03-15,SUB-22993,Growth,Annual,2790.35,36,2025-03-15,,Active,,0.922,54,3,76982,4,9,21.0,0,4.9,0
CUST-12994,Hyper Flow 299,Enterprise,Fintech,United States,2025-03-15,SUB-22994,Enterprise Plus,Annual,12628.34,442,2025-03-15,,Active,,0.465,66,7,7627,2,4,10.4,0,4.3,0
CUST-12995,Zenith Corp 299,SMB,Healthcare,India,2025-03-15,SUB-22995,Growth,Monthly,746.09,18,2025-03-15,2025-09-10,Churned,Support / SLA Frustration,0.706,58,2,49882,1,5,107.3,2,3.1,1
CUST-12996,Quantum Stack 299,Mid-Market,Fintech,Canada,2025-03-15,SUB-22996,Scale,Monthly,3769.31,86,2025-03-15,,Active,,0.708,58,1,26150,0,2,3.8,0,4.3,0
CUST-12997,Nexus AI 299,Mid-Market,E-Commerce,Germany,2025-03-15,SUB-22997,Growth,Annual,2878.25,69,2025-03-15,2025-11-08,Churned,Support / SLA Frustration,0.883,49,3,7027,2,1,64.2,1,2.7,1
CUST-12998,Vertex Scale 299,Mid-Market,Cybersecurity,United States,2025-03-16,SUB-22998,Scale,Annual,2143.31,66,2025-03-16,2025-08-15,Churned,Support / SLA Frustration,0.5,67,4,13443,1,3,59.7,0,2.5,1
CUST-12999,Blue Systems 299,SMB,Fintech,United States,2025-03-16,SUB-22999,Growth,Monthly,194.75,9,2025-03-16,,Active,,0.55,83,2,1828,4,3,21.7,0,4.1,0
CUST-13000,Apex Logic 300,SMB,SaaS / Tech,Australia,2025-03-16,SUB-23000,Starter,Annual,261.36,20,2025-03-16,,Active,,0.948,57,5,12644,5,14,22.4,0,4.1,0
CUST-13001,Cloud Hub 300,SMB,SaaS / Tech,United States,2025-03-16,SUB-23001,Growth,Monthly,474.82,19,2025-03-16,2025-10-08,Churned,Low Adoption & License Waste,0.923,40,6,53501,25,1,5.5,0,4.8,1
CUST-13002,Data Pay 300,Mid-Market,Fintech,India,2025-03-16,SUB-23002,Scale,Monthly,1065.86,43,2025-03-16,2025-07-12,Churned,Competitor Alternative,0.92,55,0,12716,2,3,3.7,0,4.4,1
CUST-13003,Nova Works 300,SMB,Cybersecurity,United States,2025-03-16,SUB-23003,Starter,Monthly,567.61,11,2025-03-16,2025-12-31,Churned,Support / SLA Frustration,0.718,71,5,15026,8,2,75.0,0,2.0,1
CUST-13004,Pulse Security 300,SMB,E-Commerce,United States,2025-03-16,SUB-23004,Growth,Monthly,748.98,5,2025-03-16,,Active,,0.485,86,5,42203,34,3,3.5,0,4.9,0
CUST-13005,Stratum Analytics 300,SMB,Healthcare,Canada,2025-03-16,SUB-23005,Starter,Monthly,136.07,20,2025-03-16,,Active,,0.62,68,3,30709,5,0,4.0,0,4.7,0
CUST-13006,Sync Tech 300,SMB,SaaS / Tech,Australia,2025-03-16,SUB-23006,Starter,Monthly,153.12,10,2025-03-16,,Active,,0.54,76,2,52287,0,2,2.8,0,4.8,0
CUST-13007,Vanguard Sphere 300,Enterprise,Healthcare,Australia,2025-03-16,SUB-23007,Enterprise Plus,Monthly,10096.11,487,2025-03-16,,Active,,0.464,79,4,17974,0,3,9.7,0,4.0,0
CUST-13008,Omni Labs 300,SMB,SaaS / Tech,United States,2025-03-17,SUB-23008,Starter,Monthly,625.76,10,2025-03-17,,Active,,0.893,39,7,17776,19,5,5.9,0,4.4,0
CUST-13009,Hyper Flow 300,Enterprise,Fintech,United States,2025-03-17,SUB-23009,Scale,Annual,9771.58,154,2025-03-17,2025-11-18,Churned,Support / SLA Frustration,0.826,100,6,49802,11,6,62.9,4,2.0,1
CUST-13010,Zenith Corp 300,SMB,Logistics & Supply Chain,United Kingdom,2025-03-17,SUB-23010,Starter,Monthly,545.82,13,2025-03-17,,Active,,0.619,83,3,114942,10,4,7.2,0,4.0,0
CUST-13011,Quantum Stack 300,Mid-Market,Healthcare,United Kingdom,2025-03-17,SUB-23011,Scale,Annual,2959.86,93,2025-03-17,,Active,,0.638,97,5,38027,6,5,85.9,2,1.8,0
CUST-13012,Nexus AI 300,Mid-Market,E-Commerce,Canada,2025-03-17,SUB-23012,Scale,Annual,2873.85,56,2025-03-17,,Active,,0.821,51,7,20101,18,3,14.4,0,4.5,0
CUST-13013,Vertex Scale 300,Mid-Market,Fintech,United States,2025-03-17,SUB-23013,Scale,Annual,2160.75,40,2025-03-17,,Active,,0.814,90,7,46754,2,2,19.1,0,4.4,0
CUST-13014,Blue Systems 300,SMB,SaaS / Tech,Australia,2025-03-17,SUB-23014,Starter,Monthly,664.59,5,2025-03-17,2025-08-07,Churned,Support / SLA Frustration,0.708,28,2,29164,9,6,61.5,0,1.4,1
CUST-13015,Apex Logic 301,Mid-Market,SaaS / Tech,United Kingdom,2025-03-17,SUB-23015,Growth,Annual,2831.1,37,2025-03-17,,Active,,0.793,83,7,9226,14,4,4.9,0,4.9,0
CUST-13016,Cloud Hub 301,SMB,E-Commerce,Germany,2025-03-18,SUB-23016,Starter,Monthly,635.79,5,2025-03-18,,Active,,0.672,100,2,2042,1,4,16.8,0,4.2,0
CUST-13017,Data Pay 301,Mid-Market,E-Commerce,United Kingdom,2025-03-18,SUB-23017,Growth,Monthly,1279.15,42,2025-03-18,,Active,,0.972,68,3,24825,2,3,6.7,0,4.2,0
CUST-13018,Nova Works 301,Enterprise,E-Commerce,United States,2025-03-18,SUB-23018,Enterprise Plus,Monthly,8379.13,295,2025-03-18,,Active,,0.511,69,2,5577,4,3,2.9,0,4.7,0
CUST-13019,Pulse Security 301,SMB,Logistics & Supply Chain,Australia,2025-03-18,SUB-23019,Starter,Monthly,165.29,16,2025-03-18,,Active,,1.0,59,6,11960,0,2,12.1,0,4.3,0
CUST-13020,Stratum Analytics 301,Mid-Market,E-Commerce,United Kingdom,2025-03-18,SUB-23020,Scale,Monthly,2926.3,53,2025-03-18,,Active,,0.961,74,2,27560,0,4,7.5,0,4.6,0
CUST-13021,Sync Tech 301,Mid-Market,Logistics & Supply Chain,Germany,2025-03-18,SUB-23021,Growth,Annual,2650.48,80,2025-03-18,,Active,,0.749,86,4,2707,1,3,76.7,2,1.9,0
CUST-13022,Vanguard Sphere 301,SMB,Logistics & Supply Chain,Australia,2025-03-18,SUB-23022,Growth,Monthly,571.53,23,2025-03-18,,Active,,0.937,53,1,4801,9,3,6.7,0,4.9,0
CUST-13023,Omni Labs 301,Mid-Market,Healthcare,United Kingdom,2025-03-19,SUB-23023,Scale,Monthly,2747.02,64,2025-03-19,,Active,,0.65,57,3,5219,4,7,7.7,0,4.3,0
CUST-13024,Hyper Flow 301,Enterprise,Fintech,United Kingdom,2025-03-19,SUB-23024,Scale,Annual,11057.1,163,2025-03-19,,Active,,0.846,14,5,3652,0,4,23.4,0,4.3,0
CUST-13025,Zenith Corp 301,Mid-Market,Healthcare,United States,2025-03-19,SUB-23025,Growth,Monthly,2424.29,27,2025-03-19,2025-12-27,Churned,Support / SLA Frustration,0.769,77,1,3130,7,4,72.9,1,1.9,1
CUST-13026,Quantum Stack 301,SMB,Logistics & Supply Chain,United States,2025-03-19,SUB-23026,Starter,Annual,216.8,24,2025-03-19,,Active,,1.0,75,2,41700,1,2,18.2,0,4.1,0
CUST-13027,Nexus AI 301,SMB,Fintech,United States,2025-03-19,SUB-23027,Starter,Monthly,152.93,17,2025-03-19,,Active,,0.328,91,4,1207,5,3,13.2,0,3.8,0
CUST-13028,Vertex Scale 301,SMB,E-Commerce,United States,2025-03-19,SUB-23028,Starter,Annual,699.12,21,2025-03-19,,Active,,0.695,92,3,43348,2,3,112.1,0,2.8,0
CUST-13029,Blue Systems 301,SMB,Logistics & Supply Chain,United States,2025-03-19,SUB-23029,Starter,Monthly,408.79,11,2025-03-19,,Active,,0.845,79,6,16302,4,4,4.4,0,4.7,0
CUST-13030,Apex Logic 302,Mid-Market,Healthcare,United States,2025-03-19,SUB-23030,Scale,Annual,2104.41,57,2025-03-19,2025-09-26,Churned,Support / SLA Frustration,0.866,77,5,55699,9,3,79.6,1,3.1,1
CUST-13031,Cloud Hub 302,Mid-Market,E-Commerce,United States,2025-03-20,SUB-23031,Growth,Monthly,1532.68,32,2025-03-20,2025-10-16,Churned,Internal Restructuring,0.753,86,5,4680,14,4,20.5,0,3.9,1
CUST-13032,Data Pay 302,SMB,Fintech,United States,2025-03-20,SUB-23032,Starter,Annual,167.21,13,2025-03-20,,Active,,0.695,64,4,13782,5,6,81.6,2,1.4,0
CUST-13033,Nova Works 302,Enterprise,Fintech,United States,2025-03-20,SUB-23033,Scale,Annual,8006.1,137,2025-03-20,,Active,,0.609,82,5,32523,0,4,11.4,0,4.8,0
CUST-13034,Pulse Security 302,Mid-Market,SaaS / Tech,United States,2025-03-20,SUB-23034,Growth,Annual,3702.49,50,2025-03-20,,Active,,0.978,61,6,6934,2,8,50.4,2,1.9,0
CUST-13035,Stratum Analytics 302,Mid-Market,Fintech,United Kingdom,2025-03-20,SUB-23035,Scale,Monthly,1709.4,81,2025-03-20,,Active,,0.946,71,2,17358,3,4,9.2,0,4.4,0
CUST-13036,Sync Tech 302,Mid-Market,Healthcare,United Kingdom,2025-03-20,SUB-23036,Scale,Annual,3778.23,26,2025-03-20,,Active,,1.0,59,5,943,3,5,8.6,0,4.7,0
CUST-13037,Vanguard Sphere 302,SMB,Logistics & Supply Chain,United States,2025-03-20,SUB-23037,Starter,Monthly,242.3,18,2025-03-20,,Active,,0.854,92,4,64547,3,7,15.0,0,4.8,0
CUST-13038,Omni Labs 302,Enterprise,Healthcare,United Kingdom,2025-03-20,SUB-23038,Enterprise Plus,Monthly,10902.34,488,2025-03-20,,Active,,0.473,42,1,60904,3,5,5.8,0,4.1,0
CUST-13039,Hyper Flow 302,SMB,Cybersecurity,Germany,2025-03-20,SUB-23039,Starter,Annual,443.77,17,2025-03-20,,Active,,0.825,69,2,51181,2,3,23.7,0,4.1,0
CUST-13040,Zenith Corp 302,Mid-Market,Cybersecurity,United States,2025-03-20,SUB-23040,Growth,Monthly,2107.59,64,2025-03-20,2025-08-15,Churned,Support / SLA Frustration,0.642,91,3,16461,1,3,83.1,1,1.5,1
CUST-13041,Quantum Stack 302,SMB,Healthcare,United Kingdom,2025-03-21,SUB-23041,Growth,Monthly,279.5,20,2025-03-21,2025-07-19,Churned,Support / SLA Frustration,0.858,60,2,10688,9,2,113.5,0,2.1,1
CUST-13042,Nexus AI 302,Enterprise,Fintech,Australia,2025-03-21,SUB-23042,Enterprise Plus,Annual,5267.37,232,2025-03-21,,Active,,0.536,94,4,13788,2,3,15.0,0,5.0,0
CUST-13043,Vertex Scale 302,Mid-Market,SaaS / Tech,Germany,2025-03-21,SUB-23043,Growth,Annual,2809.33,53,2025-03-21,,Active,,0.872,100,5,21947,0,2,109.9,2,1.3,0
CUST-13044,Blue Systems 302,SMB,E-Commerce,United States,2025-03-21,SUB-23044,Growth,Monthly,306.07,19,2025-03-21,2025-05-17,Churned,Support / SLA Frustration,0.481,95,0,1056,12,3,62.3,1,2.7,1
CUST-13045,Apex Logic 303,SMB,Fintech,United Kingdom,2025-03-21,SUB-23045,Starter,Monthly,525.46,8,2025-03-21,,Active,,0.761,73,2,54167,1,6,21.8,0,4.9,0
CUST-13046,Cloud Hub 303,Mid-Market,SaaS / Tech,United States,2025-03-22,SUB-23046,Scale,Annual,2243.11,94,2025-03-22,,Active,,0.309,42,4,16823,0,3,21.7,0,4.7,0
CUST-13047,Data Pay 303,Mid-Market,Fintech,United Kingdom,2025-03-22,SUB-23047,Growth,Monthly,1954.1,32,2025-03-22,,Active,,0.517,49,4,56247,6,2,15.1,0,4.4,0
CUST-13048,Nova Works 303,Mid-Market,Logistics & Supply Chain,Australia,2025-03-22,SUB-23048,Growth,Monthly,2081.76,54,2025-03-22,,Active,,0.426,55,5,2626,0,4,10.4,0,4.9,0
CUST-13049,Pulse Security 303,Mid-Market,Fintech,United Kingdom,2025-03-22,SUB-23049,Scale,Annual,1757.2,85,2025-03-22,,Active,,0.374,70,4,17013,3,5,6.9,0,4.8,0
CUST-13050,Stratum Analytics 303,Mid-Market,Fintech,India,2025-03-23,SUB-23050,Scale,Annual,3477.5,39,2025-03-23,,Active,,0.773,63,3,28519,10,4,15.1,0,4.3,0
CUST-13051,Sync Tech 303,Mid-Market,Fintech,United States,2025-03-23,SUB-23051,Growth,Monthly,3519.45,41,2025-03-23,,Active,,0.734,52,2,6006,6,3,10.9,0,3.9,0
CUST-13052,Vanguard Sphere 303,Mid-Market,Cybersecurity,Australia,2025-03-23,SUB-23052,Growth,Annual,1658.0,82,2025-03-23,2025-12-01,Churned,Support / SLA Frustration,0.584,72,6,1394,4,7,82.3,1,2.7,1
CUST-13053,Omni Labs 303,Mid-Market,SaaS / Tech,United Kingdom,2025-03-23,SUB-23053,Growth,Annual,2594.01,91,2025-03-23,,Active,,0.983,43,7,58396,2,1,13.6,0,4.7,0
CUST-13054,Hyper Flow 303,SMB,Logistics & Supply Chain,United States,2025-03-23,SUB-23054,Starter,Monthly,703.88,9,2025-03-23,,Active,,0.743,58,3,15959,11,1,12.6,0,5.0,0
CUST-13055,Zenith Corp 303,SMB,Healthcare,United Kingdom,2025-03-23,SUB-23055,Growth,Monthly,129.12,9,2025-03-23,2025-12-14,Churned,Low Adoption & License Waste,0.396,96,3,4768,3,4,5.2,0,4.3,1
CUST-13056,Quantum Stack 303,SMB,Healthcare,United States,2025-03-23,SUB-23056,Starter,Monthly,452.6,9,2025-03-23,,Active,,0.631,43,5,1579,1,0,4.0,0,4.3,0
CUST-13057,Nexus AI 303,Enterprise,Fintech,United States,2025-03-24,SUB-23057,Enterprise Plus,Annual,9757.37,247,2025-03-24,,Active,,0.724,97,2,10493,7,5,9.1,0,5.0,0
CUST-13058,Vertex Scale 303,Enterprise,E-Commerce,Germany,2025-03-24,SUB-23058,Enterprise Plus,Annual,7274.82,180,2025-03-24,,Active,,0.776,45,4,21577,0,0,4.0,0,4.6,0
CUST-13059,Blue Systems 303,SMB,E-Commerce,United States,2025-03-24,SUB-23059,Starter,Annual,502.45,19,2025-03-24,2025-11-27,Churned,Support / SLA Frustration,0.148,100,1,1326,4,7,117.0,2,2.9,1
CUST-13060,Apex Logic 304,Mid-Market,E-Commerce,Canada,2025-03-24,SUB-23060,Scale,Annual,1052.06,96,2025-03-24,2025-07-08,Churned,Support / SLA Frustration,0.278,45,3,5349,4,2,70.4,1,1.4,1
CUST-13061,Cloud Hub 304,Enterprise,Healthcare,United States,2025-03-24,SUB-23061,Scale,Annual,16824.02,379,2025-03-24,,Active,,0.803,31,5,35855,3,11,2.1,0,4.9,0
CUST-13062,Data Pay 304,SMB,Cybersecurity,United States,2025-03-24,SUB-23062,Starter,Monthly,139.03,17,2025-03-24,,Active,,0.622,90,5,44543,10,2,18.2,0,3.9,0
CUST-13063,Nova Works 304,SMB,Fintech,Australia,2025-03-24,SUB-23063,Starter,Monthly,126.93,21,2025-03-24,,Active,,0.881,22,4,36719,2,3,4.9,0,4.1,0
CUST-13064,Pulse Security 304,SMB,Cybersecurity,United States,2025-03-25,SUB-23064,Growth,Annual,339.0,17,2025-03-25,,Active,,0.48,62,5,49825,4,11,8.0,0,4.0,0
CUST-13065,Stratum Analytics 304,Mid-Market,Fintech,United Kingdom,2025-03-25,SUB-23065,Growth,Annual,1153.3,83,2025-03-25,,Active,,0.766,73,3,23965,1,7,93.2,5,1.8,0
CUST-13066,Sync Tech 304,Enterprise,E-Commerce,United Kingdom,2025-03-25,SUB-23066,Scale,Annual,15717.46,344,2025-03-25,,Active,,0.531,63,6,7738,0,5,48.0,1,2.8,0
CUST-13067,Vanguard Sphere 304,SMB,Healthcare,United Kingdom,2025-03-25,SUB-23067,Starter,Monthly,478.47,17,2025-03-25,,Active,,0.651,62,2,14490,7,1,18.1,0,4.6,0
CUST-13068,Omni Labs 304,Mid-Market,Healthcare,India,2025-03-25,SUB-23068,Scale,Annual,1522.23,29,2025-03-25,,Active,,0.873,47,5,118568,5,4,4.6,0,4.5,0
CUST-13069,Hyper Flow 304,SMB,E-Commerce,United Kingdom,2025-03-25,SUB-23069,Starter,Monthly,190.08,12,2025-03-25,,Active,,0.737,76,4,46978,0,5,8.8,0,4.5,0
CUST-13070,Zenith Corp 304,SMB,Healthcare,United States,2025-03-25,SUB-23070,Starter,Monthly,719.3,18,2025-03-25,,Active,,0.661,79,2,10142,4,0,4.0,0,4.8,0
CUST-13071,Quantum Stack 304,SMB,Healthcare,Germany,2025-03-26,SUB-23071,Starter,Monthly,126.53,19,2025-03-26,,Active,,0.415,34,7,13800,8,3,22.9,0,4.8,0
CUST-13072,Nexus AI 304,Mid-Market,SaaS / Tech,United States,2025-03-26,SUB-23072,Growth,Monthly,3027.39,63,2025-03-26,2025-11-18,Churned,Support / SLA Frustration,0.92,88,5,508,0,2,54.0,0,2.8,1
CUST-13073,Vertex Scale 304,Mid-Market,SaaS / Tech,United Kingdom,2025-03-26,SUB-23073,Scale,Monthly,1606.95,64,2025-03-26,,Active,,0.683,80,5,8414,5,6,14.0,0,4.6,0
CUST-13074,Blue Systems 304,SMB,Logistics & Supply Chain,Australia,2025-03-26,SUB-23074,Starter,Monthly,232.89,9,2025-03-26,,Active,,1.0,100,1,21030,5,3,22.3,0,4.4,0
CUST-13075,Apex Logic 305,SMB,Fintech,United Kingdom,2025-03-26,SUB-23075,Starter,Annual,697.67,18,2025-03-26,2025-08-28,Churned,Switched Tool,0.812,88,2,24821,14,2,12.1,0,4.9,1
CUST-13076,Cloud Hub 305,SMB,E-Commerce,Germany,2025-03-26,SUB-23076,Starter,Monthly,554.27,24,2025-03-26,2025-10-10,Churned,Support / SLA Frustration,0.872,47,2,10001,0,5,52.6,4,1.8,1
CUST-13077,Data Pay 305,Enterprise,E-Commerce,United Kingdom,2025-03-26,SUB-23077,Enterprise Plus,Annual,9353.64,441,2025-03-26,,Active,,0.669,58,4,65405,0,4,9.2,0,4.9,0
CUST-13078,Nova Works 305,Mid-Market,Healthcare,Germany,2025-03-26,SUB-23078,Scale,Monthly,915.84,47,2025-03-26,,Active,,0.553,67,2,5359,5,3,53.0,2,2.7,0
CUST-13079,Pulse Security 305,SMB,E-Commerce,India,2025-03-27,SUB-23079,Starter,Monthly,432.13,10,2025-03-27,,Active,,0.813,94,3,22866,10,3,8.0,0,4.2,0
CUST-13080,Stratum Analytics 305,SMB,Healthcare,United States,2025-03-27,SUB-23080,Growth,Monthly,657.95,8,2025-03-27,,Active,,0.92,71,5,21837,5,2,117.0,1,3.1,0
CUST-13081,Sync Tech 305,SMB,Fintech,United States,2025-03-27,SUB-23081,Starter,Monthly,501.36,6,2025-03-27,2025-08-07,Churned,Support / SLA Frustration,0.918,76,2,17518,2,4,75.2,3,2.8,1
CUST-13082,Vanguard Sphere 305,Mid-Market,Fintech,United States,2025-03-27,SUB-23082,Scale,Monthly,3422.59,90,2025-03-27,2025-12-31,Churned,Support / SLA Frustration,0.543,54,4,41415,2,4,62.1,2,2.0,1
CUST-13083,Omni Labs 305,SMB,Fintech,Canada,2025-03-27,SUB-23083,Starter,Monthly,654.5,24,2025-03-27,2025-07-15,Churned,Support / SLA Frustration,0.846,68,4,18822,7,3,112.7,2,2.1,1
CUST-13084,Hyper Flow 305,SMB,SaaS / Tech,United States,2025-03-27,SUB-23084,Growth,Monthly,415.7,9,2025-03-27,,Active,,0.688,78,7,12711,19,3,3.5,0,4.9,0
CUST-13085,Zenith Corp 305,SMB,SaaS / Tech,United States,2025-03-27,SUB-23085,Growth,Monthly,297.5,11,2025-03-27,,Active,,0.69,65,3,31781,3,4,14.3,0,4.7,0
CUST-13086,Quantum Stack 305,Mid-Market,Cybersecurity,United States,2025-03-27,SUB-23086,Scale,Annual,1136.3,35,2025-03-27,,Active,,0.578,37,4,10703,6,5,5.6,0,4.2,0
CUST-13087,Nexus AI 305,Enterprise,SaaS / Tech,Australia,2025-03-27,SUB-23087,Enterprise Plus,Annual,11353.27,406,2025-03-27,,Active,,0.924,90,7,12904,0,2,11.4,0,3.9,0
CUST-13088,Vertex Scale 305,SMB,Fintech,Canada,2025-03-28,SUB-23088,Growth,Annual,181.99,16,2025-03-28,,Active,,0.429,100,2,7672,9,2,16.8,0,3.9,0
CUST-13089,Blue Systems 305,Mid-Market,Logistics & Supply Chain,United States,2025-03-28,SUB-23089,Scale,Annual,1978.67,90,2025-03-28,2025-06-06,Churned,Support / SLA Frustration,0.612,48,4,1673,1,3,57.3,1,2.9,1
CUST-13090,Apex Logic 306,Mid-Market,Logistics & Supply Chain,United States,2025-03-28,SUB-23090,Scale,Annual,1130.6,44,2025-03-28,2025-07-09,Churned,Support / SLA Frustration,1.0,62,4,2382,0,5,74.2,0,2.8,1
CUST-13091,Cloud Hub 306,SMB,Healthcare,United States,2025-03-28,SUB-23091,Starter,Annual,431.15,16,2025-03-28,,Active,,0.455,75,5,38477,1,1,3.6,0,5.0,0
CUST-13092,Data Pay 306,Mid-Market,E-Commerce,United States,2025-03-28,SUB-23092,Growth,Monthly,2697.92,69,2025-03-28,,Active,,0.568,30,5,20543,1,8,11.7,0,4.2,0
CUST-13093,Nova Works 306,SMB,Cybersecurity,United States,2025-03-28,SUB-23093,Growth,Monthly,705.24,10,2025-03-28,2025-05-29,Churned,Support / SLA Frustration,1.0,94,4,18306,1,2,64.9,0,2.8,1
CUST-13094,Pulse Security 306,Mid-Market,E-Commerce,India,2025-03-29,SUB-23094,Growth,Annual,2374.97,41,2025-03-29,,Active,,1.0,57,4,84535,2,5,7.3,0,4.1,0
CUST-13095,Stratum Analytics 306,SMB,Cybersecurity,Australia,2025-03-29,SUB-23095,Starter,Annual,555.1,14,2025-03-29,,Active,,0.468,70,3,1706,1,1,18.4,0,4.4,0
CUST-13096,Sync Tech 306,SMB,Fintech,United States,2025-03-29,SUB-23096,Starter,Monthly,735.72,11,2025-03-29,,Active,,0.797,81,5,27854,3,10,17.3,0,4.9,0
CUST-13097,Vanguard Sphere 306,Enterprise,Fintech,United States,2025-03-29,SUB-23097,Enterprise Plus,Annual,13730.77,281,2025-03-29,,Active,,0.636,70,4,12271,2,4,22.5,0,4.9,0
CUST-13098,Omni Labs 306,Enterprise,Healthcare,United States,2025-03-29,SUB-23098,Enterprise Plus,Annual,15302.84,137,2025-03-29,,Active,,0.559,76,3,25213,2,8,16.3,0,4.7,0
CUST-13099,Hyper Flow 306,Mid-Market,E-Commerce,United States,2025-03-29,SUB-23099,Scale,Annual,974.47,41,2025-03-29,2025-12-31,Churned,Support / SLA Frustration,0.703,53,4,8242,0,7,67.1,3,3.1,1
CUST-13100,Zenith Corp 306,Enterprise,Logistics & Supply Chain,United States,2025-03-29,SUB-23100,Enterprise Plus,Annual,7451.54,145,2025-03-29,2025-09-07,Churned,Support / SLA Frustration,0.525,73,2,72273,3,3,111.4,1,2.2,1
CUST-13101,Quantum Stack 306,SMB,Cybersecurity,United States,2025-03-29,SUB-23101,Starter,Monthly,498.55,18,2025-03-29,2025-12-31,Churned,Support / SLA Frustration,0.769,82,3,4381,9,3,98.7,2,2.4,1
CUST-13102,Nexus AI 306,SMB,Healthcare,United States,2025-03-30,SUB-23102,Starter,Monthly,734.76,15,2025-03-30,,Active,,0.99,60,4,26477,3,4,14.2,0,4.1,0
CUST-13103,Vertex Scale 306,Mid-Market,Fintech,Canada,2025-03-30,SUB-23103,Growth,Monthly,3712.21,34,2025-03-30,2025-11-25,Churned,Support / SLA Frustration,0.597,77,4,43184,2,7,98.4,4,2.0,1
CUST-13104,Blue Systems 306,Mid-Market,Logistics & Supply Chain,Canada,2025-03-30,SUB-23104,Growth,Monthly,2446.68,55,2025-03-30,,Active,,0.58,70,7,31856,13,2,12.5,0,4.2,0
CUST-13105,Apex Logic 307,Mid-Market,E-Commerce,United Kingdom,2025-03-30,SUB-23105,Scale,Annual,1912.49,99,2025-03-30,,Active,,0.489,78,4,27582,0,9,14.0,0,4.2,0
CUST-13106,Cloud Hub 307,SMB,Fintech,United States,2025-03-30,SUB-23106,Starter,Monthly,628.89,18,2025-03-30,,Active,,0.6,21,3,20550,0,5,17.3,0,4.6,0
CUST-13107,Data Pay 307,Enterprise,E-Commerce,India,2025-03-30,SUB-23107,Enterprise Plus,Annual,13101.07,336,2025-03-30,,Active,,0.63,52,4,20585,5,3,21.0,0,4.7,0
CUST-13108,Nova Works 307,SMB,SaaS / Tech,Australia,2025-03-30,SUB-23108,Starter,Annual,294.66,10,2025-03-30,2025-10-02,Churned,Switched Tool,0.83,100,4,30100,2,5,10.9,0,4.3,1
CUST-13109,Pulse Security 307,SMB,SaaS / Tech,United States,2025-03-31,SUB-23109,Starter,Monthly,721.06,9,2025-03-31,,Active,,0.686,100,5,4825,13,4,50.2,4,1.4,0
CUST-13110,Stratum Analytics 307,SMB,E-Commerce,United States,2025-03-31,SUB-23110,Starter,Annual,371.25,21,2025-03-31,2025-12-31,Churned,Competitor Alternative,1.0,13,7,4838,0,3,9.2,0,4.9,1
CUST-13111,Sync Tech 307,Mid-Market,Healthcare,United Kingdom,2025-03-31,SUB-23111,Scale,Annual,1670.8,41,2025-03-31,,Active,,0.677,100,7,10521,12,9,119.4,6,3.1,0
CUST-13112,Vanguard Sphere 307,SMB,Cybersecurity,United States,2025-04-01,SUB-23112,Starter,Monthly,527.52,20,2025-04-01,,Active,,0.735,29,5,36670,3,5,17.8,0,3.8,0
CUST-13113,Omni Labs 307,Enterprise,SaaS / Tech,United States,2025-04-01,SUB-23113,Enterprise Plus,Annual,7577.92,103,2025-04-01,2025-10-31,Churned,Low Adoption & License Waste,0.138,82,2,12498,1,6,3.4,0,4.7,1
CUST-13114,Hyper Flow 307,Mid-Market,Healthcare,United Kingdom,2025-04-01,SUB-23114,Scale,Monthly,3128.02,30,2025-04-01,,Active,,0.717,85,5,41123,8,7,4.7,0,4.9,0
CUST-13115,Zenith Corp 307,SMB,Healthcare,United Kingdom,2025-04-01,SUB-23115,Growth,Annual,186.52,13,2025-04-01,2025-07-06,Churned,Switched Tool,0.467,77,7,38050,7,3,15.6,0,4.1,1
CUST-13116,Quantum Stack 307,SMB,SaaS / Tech,United States,2025-04-01,SUB-23116,Starter,Monthly,548.1,8,2025-04-01,,Active,,1.0,85,3,4585,2,4,20.5,0,4.1,0
CUST-13117,Nexus AI 307,Enterprise,Fintech,United Kingdom,2025-04-01,SUB-23117,Scale,Annual,6169.58,215,2025-04-01,,Active,,0.973,50,6,40230,6,0,4.0,0,4.3,0
CUST-13118,Vertex Scale 307,Mid-Market,Fintech,Australia,2025-04-01,SUB-23118,Scale,Annual,3322.54,60,2025-04-01,,Active,,0.838,71,5,6055,16,3,58.5,1,2.6,0
CUST-13119,Blue Systems 307,Mid-Market,E-Commerce,United States,2025-04-01,SUB-23119,Growth,Annual,2957.54,63,2025-04-01,,Active,,0.83,55,2,44329,1,5,22.1,0,4.5,0
CUST-13120,Apex Logic 308,Mid-Market,Healthcare,United Kingdom,2025-04-02,SUB-23120,Growth,Monthly,1091.39,95,2025-04-02,2025-12-09,Churned,Support / SLA Frustration,0.557,100,5,41803,2,3,109.9,0,2.4,1
CUST-13121,Cloud Hub 308,Mid-Market,E-Commerce,United States,2025-04-02,SUB-23121,Growth,Monthly,2450.56,62,2025-04-02,,Active,,0.726,43,5,25161,0,3,18.3,0,3.9,0
CUST-13122,Data Pay 308,Enterprise,Fintech,United States,2025-04-02,SUB-23122,Scale,Annual,14996.89,456,2025-04-02,,Active,,0.807,45,1,27141,12,5,23.0,0,4.7,0
CUST-13123,Nova Works 308,Mid-Market,SaaS / Tech,United Kingdom,2025-04-02,SUB-23123,Growth,Annual,1073.84,76,2025-04-02,2025-12-31,Churned,Support / SLA Frustration,0.495,59,7,27386,7,5,96.4,2,1.2,1
CUST-13124,Pulse Security 308,SMB,Healthcare,United States,2025-04-02,SUB-23124,Starter,Annual,539.49,14,2025-04-02,,Active,,0.541,88,5,3726,3,4,13.7,0,4.8,0
CUST-13125,Stratum Analytics 308,SMB,Fintech,United States,2025-04-02,SUB-23125,Starter,Annual,560.5,6,2025-04-02,,Active,,0.541,53,2,16401,13,2,19.0,0,4.1,0
CUST-13126,Sync Tech 308,SMB,Fintech,United States,2025-04-03,SUB-23126,Growth,Monthly,175.86,20,2025-04-03,,Active,,0.493,78,4,6211,4,4,13.8,0,4.4,0
CUST-13127,Vanguard Sphere 308,Enterprise,Cybersecurity,United Kingdom,2025-04-03,SUB-23127,Enterprise Plus,Annual,9982.33,108,2025-04-03,,Active,,0.931,58,2,41436,6,4,18.7,0,4.6,0
CUST-13128,Omni Labs 308,SMB,Logistics & Supply Chain,Canada,2025-04-03,SUB-23128,Starter,Monthly,569.84,17,2025-04-03,,Active,,0.36,65,6,17816,0,3,6.9,0,5.0,0
CUST-13129,Hyper Flow 308,SMB,Fintech,United States,2025-04-03,SUB-23129,Starter,Monthly,517.63,13,2025-04-03,2025-12-31,Churned,Low Adoption & License Waste,0.357,89,5,35031,9,2,22.1,0,4.9,1
CUST-13130,Zenith Corp 308,SMB,SaaS / Tech,United Kingdom,2025-04-03,SUB-23130,Starter,Annual,611.05,20,2025-04-03,2025-05-22,Churned,Price / Budget Cuts,0.618,100,3,17121,1,2,10.7,0,4.5,1
CUST-13131,Quantum Stack 308,SMB,E-Commerce,United States,2025-04-03,SUB-23131,Starter,Monthly,491.07,14,2025-04-03,2025-07-21,Churned,Low Adoption & License Waste,0.089,61,3,46964,4,5,11.5,0,4.2,1
CUST-13132,Nexus AI 308,SMB,Cybersecurity,United Kingdom,2025-04-04,SUB-23132,Starter,Monthly,523.62,6,2025-04-04,,Active,,0.8,80,2,21438,16,1,18.7,0,4.1,0
CUST-13133,Vertex Scale 308,SMB,Healthcare,United States,2025-04-04,SUB-23133,Starter,Monthly,571.42,15,2025-04-04,2025-11-30,Churned,Competitor Alternative,0.586,77,5,36616,4,2,13.4,0,4.4,1
CUST-13134,Blue Systems 308,Mid-Market,SaaS / Tech,United Kingdom,2025-04-04,SUB-23134,Growth,Annual,3676.21,94,2025-04-04,,Active,,0.583,51,1,38531,2,3,2.7,0,4.0,0
CUST-13135,Apex Logic 309,SMB,Fintech,Australia,2025-04-04,SUB-23135,Starter,Annual,250.94,8,2025-04-04,,Active,,0.865,72,3,30443,1,2,23.5,0,4.8,0
CUST-13136,Cloud Hub 309,SMB,Healthcare,India,2025-04-04,SUB-23136,Starter,Annual,558.35,15,2025-04-04,,Active,,0.688,73,5,4739,12,5,18.5,0,4.7,0
CUST-13137,Data Pay 309,SMB,Cybersecurity,United States,2025-04-04,SUB-23137,Starter,Monthly,238.96,21,2025-04-04,,Active,,0.758,51,5,27804,12,4,119.1,1,1.9,0
CUST-13138,Nova Works 309,SMB,E-Commerce,India,2025-04-05,SUB-23138,Starter,Monthly,127.44,24,2025-04-05,2025-12-31,Churned,Switched Tool,0.839,82,3,20336,5,1,8.0,0,4.5,1
CUST-13139,Pulse Security 309,Enterprise,Healthcare,United States,2025-04-05,SUB-23139,Enterprise Plus,Annual,5804.39,379,2025-04-05,,Active,,0.605,67,5,9506,1,3,23.8,0,4.0,0
CUST-13140,Stratum Analytics 309,Mid-Market,Fintech,Australia,2025-04-05,SUB-23140,Growth,Monthly,3656.59,80,2025-04-05,,Active,,0.426,73,4,50541,3,1,22.1,0,4.5,0
CUST-13141,Sync Tech 309,SMB,SaaS / Tech,United States,2025-04-05,SUB-23141,Growth,Annual,296.35,10,2025-04-05,,Active,,0.938,81,7,108456,9,2,19.4,0,4.5,0
CUST-13142,Vanguard Sphere 309,SMB,E-Commerce,United States,2025-04-06,SUB-23142,Starter,Monthly,157.78,22,2025-04-06,,Active,,1.0,97,5,102118,0,3,23.3,0,4.7,0
CUST-13143,Omni Labs 309,SMB,Healthcare,United States,2025-04-06,SUB-23143,Growth,Monthly,131.85,5,2025-04-06,,Active,,0.503,73,7,47996,0,5,17.9,0,4.6,0
CUST-13144,Hyper Flow 309,Mid-Market,Cybersecurity,United States,2025-04-06,SUB-23144,Growth,Annual,2227.94,68,2025-04-06,,Active,,0.812,51,5,51162,0,4,10.0,0,4.3,0
CUST-13145,Zenith Corp 309,Mid-Market,Fintech,Canada,2025-04-06,SUB-23145,Scale,Annual,1365.05,85,2025-04-06,2025-09-08,Churned,Support / SLA Frustration,0.482,50,5,9657,25,4,95.0,3,2.2,1
CUST-13146,Quantum Stack 309,SMB,Healthcare,India,2025-04-06,SUB-23146,Starter,Monthly,601.52,23,2025-04-06,,Active,,0.863,52,3,53653,0,8,11.1,0,4.0,0
CUST-13147,Nexus AI 309,SMB,Cybersecurity,United Kingdom,2025-04-06,SUB-23147,Growth,Annual,436.99,6,2025-04-06,2025-10-03,Churned,Support / SLA Frustration,0.386,65,1,25053,0,3,77.2,3,1.6,1
CUST-13148,Vertex Scale 309,SMB,Healthcare,Canada,2025-04-06,SUB-23148,Growth,Annual,244.38,22,2025-04-06,,Active,,0.314,47,4,67591,1,5,11.8,0,4.2,0
CUST-13149,Blue Systems 309,Mid-Market,Healthcare,Canada,2025-04-06,SUB-23149,Scale,Monthly,1250.91,61,2025-04-06,,Active,,0.657,34,5,3319,2,3,3.1,0,4.4,0
CUST-13150,Apex Logic 310,SMB,E-Commerce,United States,2025-04-06,SUB-23150,Growth,Monthly,203.53,8,2025-04-06,,Active,,0.29,62,5,2294,7,3,7.9,0,3.9,0
CUST-13151,Cloud Hub 310,Mid-Market,Logistics & Supply Chain,United States,2025-04-07,SUB-23151,Scale,Annual,2946.93,52,2025-04-07,,Active,,0.731,66,2,1729,7,5,95.8,1,1.5,0
CUST-13152,Data Pay 310,SMB,Fintech,United States,2025-04-07,SUB-23152,Starter,Monthly,327.71,18,2025-04-07,,Active,,0.699,58,2,22145,1,5,22.9,0,4.1,0
CUST-13153,Nova Works 310,Mid-Market,Cybersecurity,United States,2025-04-07,SUB-23153,Growth,Annual,3172.56,88,2025-04-07,2025-08-20,Churned,Leadership Transition,0.866,79,3,10620,10,6,13.7,0,4.9,1
CUST-13154,Pulse Security 310,Mid-Market,SaaS / Tech,United States,2025-04-07,SUB-23154,Scale,Annual,1597.71,93,2025-04-07,,Active,,0.566,43,4,12515,0,2,23.2,0,4.1,0
CUST-13155,Stratum Analytics 310,SMB,Fintech,United States,2025-04-07,SUB-23155,Starter,Monthly,300.14,23,2025-04-07,2025-12-31,Churned,Switched Tool,0.489,52,4,45843,4,4,15.5,0,4.3,1
CUST-13156,Sync Tech 310,SMB,SaaS / Tech,United States,2025-04-07,SUB-23156,Growth,Annual,605.36,8,2025-04-07,,Active,,0.905,79,4,1135,0,4,15.8,0,4.9,0
CUST-13157,Vanguard Sphere 310,Enterprise,Healthcare,United States,2025-04-07,SUB-23157,Scale,Annual,12280.3,230,2025-04-07,,Active,,0.611,67,3,15476,0,2,23.7,0,4.3,0
CUST-13158,Omni Labs 310,SMB,Healthcare,India,2025-04-07,SUB-23158,Starter,Annual,134.07,16,2025-04-07,,Active,,0.507,51,6,30356,2,1,10.4,0,3.9,0
CUST-13159,Hyper Flow 310,Mid-Market,SaaS / Tech,United States,2025-04-07,SUB-23159,Growth,Monthly,2784.48,92,2025-04-07,,Active,,0.396,60,6,18974,0,6,23.5,0,4.9,0
CUST-13160,Zenith Corp 310,Mid-Market,Cybersecurity,United Kingdom,2025-04-07,SUB-23160,Growth,Annual,2728.89,75,2025-04-07,,Active,,0.87,49,7,5036,8,0,4.0,0,4.2,0
CUST-13161,Quantum Stack 310,Enterprise,Fintech,United Kingdom,2025-04-07,SUB-23161,Enterprise Plus,Annual,8868.38,159,2025-04-07,,Active,,0.614,97,4,20890,5,5,3.3,0,4.2,0
CUST-13162,Nexus AI 310,Mid-Market,Healthcare,United Kingdom,2025-04-08,SUB-23162,Scale,Annual,2223.32,61,2025-04-08,2025-12-31,Churned,Support / SLA Frustration,0.884,48,4,114500,5,4,102.3,1,2.5,1
CUST-13163,Vertex Scale 310,SMB,E-Commerce,United States,2025-04-08,SUB-23163,Starter,Monthly,138.56,24,2025-04-08,,Active,,0.63,49,4,3561,3,5,21.7,0,4.0,0
CUST-13164,Blue Systems 310,Enterprise,Healthcare,United States,2025-04-08,SUB-23164,Enterprise Plus,Annual,7082.96,132,2025-04-08,,Active,,0.876,72,5,13766,2,3,17.0,0,5.0,0
CUST-13165,Apex Logic 311,Mid-Market,Healthcare,United States,2025-04-08,SUB-23165,Scale,Annual,1565.49,53,2025-04-08,,Active,,0.807,100,5,21497,1,4,14.3,0,4.1,0
CUST-13166,Cloud Hub 311,SMB,Fintech,United States,2025-04-08,SUB-23166,Starter,Monthly,526.46,22,2025-04-08,,Active,,0.517,26,7,5215,4,1,3.6,0,4.7,0
CUST-13167,Data Pay 311,Enterprise,SaaS / Tech,United States,2025-04-08,SUB-23167,Scale,Annual,5865.04,319,2025-04-08,,Active,,0.717,44,1,12584,5,0,4.0,0,4.9,0
CUST-13168,Nova Works 311,SMB,Healthcare,United Kingdom,2025-04-08,SUB-23168,Starter,Annual,366.77,21,2025-04-08,,Active,,1.0,48,2,74687,1,1,9.5,0,4.7,0
CUST-13169,Pulse Security 311,Mid-Market,Fintech,Canada,2025-04-08,SUB-23169,Growth,Annual,3604.93,62,2025-04-08,,Active,,0.688,54,4,63216,15,5,15.9,0,4.3,0
CUST-13170,Stratum Analytics 311,SMB,Logistics & Supply Chain,United Kingdom,2025-04-08,SUB-23170,Growth,Monthly,248.38,9,2025-04-08,,Active,,0.507,61,3,30650,14,8,18.3,0,4.7,0
CUST-13171,Sync Tech 311,Mid-Market,Logistics & Supply Chain,United States,2025-04-08,SUB-23171,Scale,Monthly,1074.53,49,2025-04-08,,Active,,0.889,89,4,6860,14,6,21.0,0,4.1,0
CUST-13172,Vanguard Sphere 311,Mid-Market,E-Commerce,United States,2025-04-08,SUB-23172,Growth,Monthly,2123.4,94,2025-04-08,2025-12-31,Churned,Internal Restructuring,0.542,53,4,40666,9,7,17.5,0,4.3,1
CUST-13173,Omni Labs 311,Mid-Market,Healthcare,Germany,2025-04-09,SUB-23173,Scale,Monthly,2832.52,54,2025-04-09,,Active,,0.924,45,5,29949,0,3,9.8,0,4.6,0
CUST-13174,Hyper Flow 311,Enterprise,E-Commerce,United States,2025-04-09,SUB-23174,Scale,Annual,9383.02,240,2025-04-09,,Active,,0.821,44,4,10603,10,4,9.1,0,4.1,0
CUST-13175,Zenith Corp 311,Mid-Market,Healthcare,Canada,2025-04-09,SUB-23175,Scale,Annual,3081.07,54,2025-04-09,,Active,,0.752,66,4,5670,1,2,65.6,2,2.4,0
CUST-13176,Quantum Stack 311,SMB,Fintech,Canada,2025-04-09,SUB-23176,Starter,Monthly,719.14,21,2025-04-09,,Active,,0.574,65,7,19400,21,5,8.2,0,4.7,0
CUST-13177,Nexus AI 311,SMB,SaaS / Tech,United States,2025-04-09,SUB-23177,Starter,Monthly,704.51,7,2025-04-09,2025-12-31,Churned,Price / Budget Cuts,0.68,61,4,16377,15,5,3.4,0,4.7,1
CUST-13178,Vertex Scale 311,SMB,Fintech,United States,2025-04-09,SUB-23178,Starter,Monthly,479.69,13,2025-04-09,,Active,,0.665,63,2,36729,3,2,14.5,0,3.8,0
CUST-13179,Blue Systems 311,SMB,Fintech,United States,2025-04-09,SUB-23179,Starter,Monthly,182.42,17,2025-04-09,,Active,,0.929,72,6,2651,2,7,9.4,0,3.9,0
CUST-13180,Apex Logic 312,Enterprise,Fintech,United States,2025-04-09,SUB-23180,Enterprise Plus,Annual,5411.2,355,2025-04-09,,Active,,0.93,56,6,12136,7,3,12.7,0,4.7,0
CUST-13181,Cloud Hub 312,Mid-Market,Fintech,United States,2025-04-09,SUB-23181,Growth,Annual,2629.71,70,2025-04-09,,Active,,0.827,87,3,19593,3,7,69.1,1,2.6,0
CUST-13182,Data Pay 312,Mid-Market,Fintech,United States,2025-04-09,SUB-23182,Growth,Annual,1585.9,75,2025-04-09,,Active,,0.699,87,4,18974,9,6,22.6,0,5.0,0
CUST-13183,Nova Works 312,Mid-Market,Cybersecurity,United States,2025-04-09,SUB-23183,Growth,Monthly,3047.76,88,2025-04-09,2025-08-15,Churned,Leadership Transition,0.705,58,4,45465,17,2,2.6,0,4.6,1
CUST-13184,Pulse Security 312,SMB,Healthcare,United Kingdom,2025-04-10,SUB-23184,Starter,Monthly,643.54,9,2025-04-10,,Active,,0.735,11,5,1136,3,4,21.2,0,4.0,0
CUST-13185,Stratum Analytics 312,SMB,Fintech,Germany,2025-04-10,SUB-23185,Starter,Annual,695.72,13,2025-04-10,,Active,,0.999,75,7,77628,9,4,17.7,0,4.6,0
CUST-13186,Sync Tech 312,Mid-Market,Fintech,United States,2025-04-10,SUB-23186,Growth,Monthly,1609.47,95,2025-04-10,,Active,,0.803,72,3,46778,0,2,7.5,0,3.9,0
CUST-13187,Vanguard Sphere 312,Mid-Market,Cybersecurity,India,2025-04-10,SUB-23187,Growth,Monthly,1901.21,85,2025-04-10,,Active,,0.465,68,4,14965,2,3,19.6,0,4.9,0
CUST-13188,Omni Labs 312,SMB,E-Commerce,Australia,2025-04-10,SUB-23188,Growth,Monthly,654.55,7,2025-04-10,,Active,,0.955,62,0,10106,1,5,12.8,0,4.1,0
CUST-13189,Hyper Flow 312,SMB,Healthcare,Australia,2025-04-10,SUB-23189,Growth,Monthly,667.61,18,2025-04-10,,Active,,1.0,89,3,18878,2,7,98.1,2,1.2,0
CUST-13190,Zenith Corp 312,Mid-Market,Logistics & Supply Chain,Germany,2025-04-11,SUB-23190,Growth,Monthly,1163.74,77,2025-04-11,,Active,,0.875,58,4,46250,24,2,2.4,0,3.9,0
CUST-13191,Quantum Stack 312,SMB,Healthcare,United States,2025-04-11,SUB-23191,Starter,Annual,736.91,23,2025-04-11,2025-10-06,Churned,Support / SLA Frustration,0.44,48,3,21421,17,4,104.6,1,3.0,1
CUST-13192,Nexus AI 312,SMB,Healthcare,United States,2025-04-11,SUB-23192,Growth,Monthly,555.95,18,2025-04-11,,Active,,0.924,100,5,54500,2,1,17.5,0,4.8,0
CUST-13193,Vertex Scale 312,Mid-Market,Fintech,United Kingdom,2025-04-11,SUB-23193,Growth,Monthly,3455.27,81,2025-04-11,,Active,,0.35,65,1,12297,3,5,16.8,0,4.1,0
CUST-13194,Blue Systems 312,Mid-Market,Healthcare,United Kingdom,2025-04-11,SUB-23194,Scale,Monthly,2198.16,97,2025-04-11,2025-12-22,Churned,Support / SLA Frustration,0.639,54,3,86468,7,5,84.2,1,1.5,1
CUST-13195,Apex Logic 313,SMB,Healthcare,Germany,2025-04-12,SUB-23195,Starter,Monthly,355.03,17,2025-04-12,,Active,,0.96,41,3,29408,2,5,15.8,0,4.2,0
CUST-13196,Cloud Hub 313,SMB,SaaS / Tech,Australia,2025-04-12,SUB-23196,Growth,Monthly,444.17,11,2025-04-12,,Active,,0.949,75,4,4391,4,4,19.0,0,4.3,0
CUST-13197,Data Pay 313,SMB,Healthcare,United Kingdom,2025-04-12,SUB-23197,Starter,Monthly,124.35,7,2025-04-12,,Active,,0.436,68,3,18941,0,1,116.8,1,1.9,0
CUST-13198,Nova Works 313,Enterprise,E-Commerce,United States,2025-04-12,SUB-23198,Scale,Monthly,13447.09,480,2025-04-12,,Active,,0.849,100,5,32502,4,5,2.7,0,4.0,0
CUST-13199,Pulse Security 313,Mid-Market,Fintech,United States,2025-04-12,SUB-23199,Growth,Annual,3197.79,37,2025-04-12,,Active,,1.0,76,4,64649,1,0,4.0,0,4.5,0
CUST-13200,Stratum Analytics 313,SMB,Fintech,United States,2025-04-12,SUB-23200,Starter,Monthly,308.03,12,2025-04-12,,Active,,0.795,39,5,36445,9,4,4.8,0,4.5,0
CUST-13201,Sync Tech 313,SMB,Healthcare,United Kingdom,2025-04-12,SUB-23201,Starter,Annual,331.36,20,2025-04-12,,Active,,0.374,96,3,31908,2,2,21.1,0,3.9,0
CUST-13202,Vanguard Sphere 313,Mid-Market,Cybersecurity,United Kingdom,2025-04-13,SUB-23202,Growth,Annual,1088.27,66,2025-04-13,2025-12-31,Churned,Support / SLA Frustration,0.464,44,4,72635,5,4,87.3,2,2.7,1
CUST-13203,Omni Labs 313,SMB,Healthcare,Germany,2025-04-13,SUB-23203,Starter,Monthly,636.04,10,2025-04-13,2025-06-02,Churned,Competitor Alternative,0.69,78,4,2987,9,6,7.6,0,4.8,1
CUST-13204,Hyper Flow 313,SMB,SaaS / Tech,United Kingdom,2025-04-13,SUB-23204,Starter,Annual,730.45,18,2025-04-13,,Active,,0.708,40,5,37874,10,4,19.2,0,4.3,0
CUST-13205,Zenith Corp 313,SMB,Healthcare,India,2025-04-13,SUB-23205,Starter,Annual,426.05,9,2025-04-13,,Active,,0.931,48,2,42785,0,6,7.9,0,4.5,0
CUST-13206,Quantum Stack 313,SMB,Fintech,United Kingdom,2025-04-13,SUB-23206,Growth,Monthly,505.96,14,2025-04-13,2025-12-31,Churned,Price / Budget Cuts,0.883,68,4,1044,13,4,17.4,0,3.8,1
CUST-13207,Nexus AI 313,SMB,Fintech,Germany,2025-04-13,SUB-23207,Starter,Monthly,571.69,12,2025-04-13,,Active,,0.747,73,5,9378,4,6,9.1,0,4.2,0
CUST-13208,Vertex Scale 313,Mid-Market,Healthcare,United States,2025-04-14,SUB-23208,Growth,Monthly,1331.18,65,2025-04-14,,Active,,0.851,79,2,33812,6,3,87.2,0,1.8,0
CUST-13209,Blue Systems 313,SMB,Fintech,Germany,2025-04-14,SUB-23209,Starter,Monthly,131.85,18,2025-04-14,,Active,,0.443,14,5,27262,0,2,7.7,0,4.1,0
CUST-13210,Apex Logic 314,Mid-Market,Fintech,United Kingdom,2025-04-14,SUB-23210,Growth,Annual,3001.41,73,2025-04-14,,Active,,0.729,52,5,37500,7,5,119.5,2,3.0,0
CUST-13211,Cloud Hub 314,SMB,SaaS / Tech,United States,2025-04-14,SUB-23211,Growth,Monthly,453.92,19,2025-04-14,,Active,,0.549,50,3,38626,4,4,2.8,0,4.1,0
CUST-13212,Data Pay 314,Mid-Market,Fintech,United States,2025-04-14,SUB-23212,Growth,Annual,1567.13,42,2025-04-14,,Active,,0.57,59,5,19297,20,2,2.0,0,4.4,0
CUST-13213,Nova Works 314,SMB,E-Commerce,India,2025-04-14,SUB-23213,Starter,Monthly,627.05,23,2025-04-14,,Active,,0.844,61,5,18238,3,6,10.3,0,4.5,0
CUST-13214,Pulse Security 314,Mid-Market,Healthcare,United States,2025-04-14,SUB-23214,Scale,Annual,1558.51,67,2025-04-14,,Active,,0.659,71,7,73126,13,9,21.0,0,4.5,0
CUST-13215,Stratum Analytics 314,Enterprise,E-Commerce,United States,2025-04-14,SUB-23215,Enterprise Plus,Annual,11322.89,153,2025-04-14,,Active,,0.537,100,5,48331,8,6,13.3,0,4.4,0
CUST-13216,Sync Tech 314,Mid-Market,E-Commerce,United States,2025-04-15,SUB-23216,Growth,Annual,1919.9,91,2025-04-15,,Active,,0.515,35,2,10272,3,6,3.1,0,4.1,0
CUST-13217,Vanguard Sphere 314,Enterprise,Healthcare,United Kingdom,2025-04-15,SUB-23217,Scale,Monthly,4611.33,478,2025-04-15,,Active,,0.939,66,5,4290,0,4,116.4,3,2.0,0
CUST-13218,Omni Labs 314,SMB,Healthcare,Germany,2025-04-15,SUB-23218,Starter,Monthly,237.89,18,2025-04-15,2025-11-16,Churned,Support / SLA Frustration,0.709,80,6,1937,2,6,116.5,1,1.6,1
CUST-13219,Hyper Flow 314,SMB,SaaS / Tech,United States,2025-04-15,SUB-23219,Growth,Annual,200.06,11,2025-04-15,,Active,,0.826,83,4,32941,2,1,18.8,0,4.1,0
CUST-13220,Zenith Corp 314,SMB,Logistics & Supply Chain,United States,2025-04-15,SUB-23220,Starter,Annual,547.34,9,2025-04-15,,Active,,0.758,81,3,554,1,6,9.1,0,4.5,0
CUST-13221,Quantum Stack 314,Mid-Market,Fintech,Australia,2025-04-15,SUB-23221,Scale,Monthly,2790.87,33,2025-04-15,,Active,,0.949,36,7,14534,3,3,20.7,0,5.0,0
CUST-13222,Nexus AI 314,Enterprise,Fintech,Canada,2025-04-16,SUB-23222,Enterprise Plus,Annual,9135.51,227,2025-04-16,,Active,,0.755,57,3,27246,0,2,9.7,0,4.3,0
CUST-13223,Vertex Scale 314,Enterprise,Logistics & Supply Chain,India,2025-04-16,SUB-23223,Enterprise Plus,Annual,6306.96,290,2025-04-16,,Active,,0.583,67,5,82959,1,2,22.0,0,4.2,0
CUST-13224,Blue Systems 314,Mid-Market,Healthcare,United States,2025-04-16,SUB-23224,Growth,Monthly,3736.28,48,2025-04-16,2025-12-31,Churned,Competitor Alternative,0.718,59,5,16544,3,3,19.6,0,4.7,1
CUST-13225,Apex Logic 315,SMB,E-Commerce,United States,2025-04-16,SUB-23225,Starter,Monthly,421.96,9,2025-04-16,2025-12-31,Churned,Support / SLA Frustration,0.297,61,5,17810,3,4,101.0,0,1.4,1
CUST-13226,Cloud Hub 315,Mid-Market,Healthcare,United States,2025-04-16,SUB-23226,Scale,Annual,2795.78,53,2025-04-16,,Active,,0.622,70,1,91341,8,7,4.8,0,5.0,0
CUST-13227,Data Pay 315,Mid-Market,Fintech,Canada,2025-04-17,SUB-23227,Scale,Monthly,2375.56,77,2025-04-17,,Active,,1.0,68,2,38781,4,4,19.8,0,4.0,0
CUST-13228,Nova Works 315,Enterprise,E-Commerce,United States,2025-04-17,SUB-23228,Enterprise Plus,Annual,6958.43,198,2025-04-17,2025-05-29,Churned,Support / SLA Frustration,0.417,38,4,33288,5,4,72.2,2,1.4,1
CUST-13229,Pulse Security 315,Mid-Market,E-Commerce,United States,2025-04-17,SUB-23229,Growth,Monthly,1965.43,32,2025-04-17,,Active,,0.693,83,2,9730,1,7,17.2,0,4.0,0
CUST-13230,Stratum Analytics 315,SMB,Fintech,United States,2025-04-17,SUB-23230,Growth,Monthly,404.9,9,2025-04-17,,Active,,0.871,80,6,11880,0,2,13.7,0,4.5,0
CUST-13231,Sync Tech 315,SMB,E-Commerce,United States,2025-04-17,SUB-23231,Starter,Monthly,677.7,8,2025-04-17,,Active,,0.823,38,5,38068,2,2,88.6,1,1.6,0
CUST-13232,Vanguard Sphere 315,Mid-Market,SaaS / Tech,Germany,2025-04-17,SUB-23232,Growth,Monthly,2747.64,57,2025-04-17,2025-10-29,Churned,Support / SLA Frustration,0.832,100,5,2268,2,5,103.4,2,1.5,1
CUST-13233,Omni Labs 315,Enterprise,E-Commerce,United States,2025-04-17,SUB-23233,Enterprise Plus,Annual,12471.97,448,2025-04-17,2025-12-31,Churned,Internal Restructuring,0.788,62,6,18583,1,8,19.1,0,4.0,1
CUST-13234,Hyper Flow 315,Mid-Market,Fintech,United Kingdom,2025-04-17,SUB-23234,Growth,Monthly,3660.86,62,2025-04-17,2025-12-31,Churned,Low Adoption & License Waste,0.333,75,3,11651,0,7,9.3,0,4.2,1
CUST-13235,Zenith Corp 315,Mid-Market,E-Commerce,India,2025-04-17,SUB-23235,Scale,Monthly,3166.16,86,2025-04-17,,Active,,0.811,80,4,5253,0,4,103.3,2,2.7,0
CUST-13236,Quantum Stack 315,Mid-Market,SaaS / Tech,United States,2025-04-17,SUB-23236,Growth,Monthly,3173.06,77,2025-04-17,,Active,,1.0,58,3,4672,1,6,7.3,0,4.9,0
CUST-13237,Nexus AI 315,SMB,SaaS / Tech,Canada,2025-04-18,SUB-23237,Growth,Annual,398.48,21,2025-04-18,,Active,,0.972,75,4,3280,2,3,21.1,0,4.7,0
CUST-13238,Vertex Scale 315,SMB,E-Commerce,Australia,2025-04-18,SUB-23238,Growth,Annual,484.89,21,2025-04-18,,Active,,1.0,64,3,37909,5,11,6.4,0,4.6,0
CUST-13239,Blue Systems 315,SMB,Fintech,Australia,2025-04-18,SUB-23239,Growth,Monthly,131.78,19,2025-04-18,,Active,,0.635,64,3,18537,7,5,4.9,0,4.1,0
CUST-13240,Apex Logic 316,Mid-Market,SaaS / Tech,United States,2025-04-19,SUB-23240,Scale,Monthly,3120.85,57,2025-04-19,,Active,,0.677,69,2,35485,6,8,8.1,0,4.1,0
CUST-13241,Cloud Hub 316,Mid-Market,SaaS / Tech,United States,2025-04-19,SUB-23241,Scale,Monthly,2578.17,95,2025-04-19,,Active,,0.69,60,4,18350,11,4,18.6,0,4.8,0
CUST-13242,Data Pay 316,SMB,Fintech,United States,2025-04-19,SUB-23242,Growth,Monthly,475.13,15,2025-04-19,,Active,,0.858,76,3,15052,4,4,10.8,0,4.6,0
CUST-13243,Nova Works 316,SMB,Healthcare,Canada,2025-04-19,SUB-23243,Starter,Monthly,442.79,16,2025-04-19,,Active,,0.498,54,2,29542,6,1,70.8,1,2.7,0
CUST-13244,Pulse Security 316,SMB,Healthcare,Canada,2025-04-19,SUB-23244,Starter,Monthly,471.08,15,2025-04-19,2025-10-24,Churned,Support / SLA Frustration,0.541,100,6,13225,7,6,79.5,3,1.2,1
CUST-13245,Stratum Analytics 316,Mid-Market,SaaS / Tech,United Kingdom,2025-04-19,SUB-23245,Growth,Annual,3458.96,48,2025-04-19,,Active,,0.743,62,5,7408,2,3,5.6,0,3.9,0
CUST-13246,Sync Tech 316,SMB,Fintech,United States,2025-04-20,SUB-23246,Starter,Monthly,488.23,15,2025-04-20,,Active,,0.494,64,5,21401,1,3,22.5,0,4.8,0
CUST-13247,Vanguard Sphere 316,Mid-Market,E-Commerce,United States,2025-04-20,SUB-23247,Growth,Annual,2420.15,84,2025-04-20,2025-07-27,Churned,Support / SLA Frustration,0.626,93,3,23161,6,9,61.4,5,1.3,1
CUST-13248,Omni Labs 316,SMB,Cybersecurity,United Kingdom,2025-04-20,SUB-23248,Starter,Annual,175.4,18,2025-04-20,,Active,,0.468,55,3,16420,3,5,11.2,0,4.7,0
CUST-13249,Hyper Flow 316,SMB,SaaS / Tech,United States,2025-04-20,SUB-23249,Starter,Annual,544.91,9,2025-04-20,,Active,,0.659,56,7,85797,16,2,7.1,0,4.9,0
CUST-13250,Zenith Corp 316,SMB,Cybersecurity,Canada,2025-04-21,SUB-23250,Starter,Monthly,706.96,9,2025-04-21,,Active,,0.75,52,3,3923,1,3,4.4,0,4.9,0
CUST-13251,Quantum Stack 316,Enterprise,Cybersecurity,United States,2025-04-21,SUB-23251,Enterprise Plus,Monthly,8802.79,357,2025-04-21,2025-07-01,Churned,Support / SLA Frustration,0.794,56,5,11549,2,5,105.2,2,1.4,1
CUST-13252,Nexus AI 316,SMB,Fintech,United States,2025-04-21,SUB-23252,Starter,Annual,515.35,23,2025-04-21,,Active,,0.496,45,3,40826,0,0,4.0,0,4.4,0
CUST-13253,Vertex Scale 316,Enterprise,E-Commerce,United States,2025-04-21,SUB-23253,Enterprise Plus,Annual,12720.13,266,2025-04-21,,Active,,0.897,88,4,2565,6,6,6.9,0,4.6,0
CUST-13254,Blue Systems 316,Mid-Market,Healthcare,United States,2025-04-21,SUB-23254,Scale,Annual,1996.31,58,2025-04-21,2025-12-31,Churned,Low Adoption & License Waste,0.242,70,4,9754,2,3,19.1,0,4.5,1
CUST-13255,Apex Logic 317,Enterprise,Logistics & Supply Chain,United States,2025-04-21,SUB-23255,Enterprise Plus,Annual,13074.35,185,2025-04-21,,Active,,0.552,71,4,10648,8,4,19.4,0,4.7,0
CUST-13256,Cloud Hub 317,SMB,Healthcare,United States,2025-04-21,SUB-23256,Starter,Monthly,600.26,14,2025-04-21,,Active,,0.637,68,3,10615,6,3,13.9,0,4.5,0
CUST-13257,Data Pay 317,Mid-Market,Cybersecurity,United States,2025-04-21,SUB-23257,Growth,Monthly,1293.84,79,2025-04-21,,Active,,0.885,58,6,27879,18,3,21.5,0,4.6,0
CUST-13258,Nova Works 317,Mid-Market,E-Commerce,United States,2025-04-21,SUB-23258,Scale,Monthly,3612.72,79,2025-04-21,2025-11-27,Churned,Support / SLA Frustration,0.775,81,5,43010,4,2,102.9,1,1.2,1
CUST-13259,Pulse Security 317,SMB,SaaS / Tech,United States,2025-04-21,SUB-23259,Starter,Monthly,366.4,5,2025-04-21,,Active,,0.747,62,4,1267,8,5,16.1,0,4.6,0
CUST-13260,Stratum Analytics 317,Mid-Market,Fintech,Canada,2025-04-21,SUB-23260,Scale,Annual,2929.4,79,2025-04-21,,Active,,1.0,74,4,2815,5,1,20.5,0,5.0,0
CUST-13261,Sync Tech 317,SMB,Fintech,United States,2025-04-21,SUB-23261,Growth,Monthly,576.92,11,2025-04-21,2025-12-11,Churned,Competitor Alternative,0.839,72,3,19255,7,8,18.0,0,4.0,1
CUST-13262,Vanguard Sphere 317,Mid-Market,SaaS / Tech,United Kingdom,2025-04-21,SUB-23262,Scale,Annual,3518.23,37,2025-04-21,,Active,,0.494,60,5,16760,4,6,16.4,0,4.7,0
CUST-13263,Omni Labs 317,Enterprise,Fintech,Canada,2025-04-21,SUB-23263,Enterprise Plus,Annual,14973.98,399,2025-04-21,,Active,,0.46,86,3,188371,2,0,4.0,0,4.4,0
CUST-13264,Hyper Flow 317,SMB,Logistics & Supply Chain,United Kingdom,2025-04-21,SUB-23264,Starter,Annual,311.5,14,2025-04-21,,Active,,0.522,78,3,23741,1,6,17.2,0,4.3,0
CUST-13265,Zenith Corp 317,Enterprise,Fintech,Australia,2025-04-22,SUB-23265,Enterprise Plus,Annual,13451.72,271,2025-04-22,,Active,,1.0,62,4,66488,0,3,8.6,0,3.9,0
CUST-13266,Quantum Stack 317,Mid-Market,SaaS / Tech,United States,2025-04-22,SUB-23266,Scale,Annual,2719.38,70,2025-04-22,,Active,,0.813,33,4,6587,11,3,3.5,0,4.0,0
CUST-13267,Nexus AI 317,SMB,Healthcare,Canada,2025-04-22,SUB-23267,Starter,Monthly,350.25,8,2025-04-22,2025-09-24,Churned,Support / SLA Frustration,0.94,39,5,21129,6,4,79.1,2,2.2,1
CUST-13268,Vertex Scale 317,SMB,E-Commerce,Australia,2025-04-22,SUB-23268,Starter,Monthly,232.34,13,2025-04-22,2025-10-22,Churned,Low Adoption & License Waste,0.955,86,3,35109,22,4,12.3,0,3.9,1
CUST-13269,Blue Systems 317,SMB,SaaS / Tech,Germany,2025-04-22,SUB-23269,Starter,Annual,202.65,17,2025-04-22,,Active,,0.72,85,1,37097,6,8,20.3,0,4.3,0
CUST-13270,Apex Logic 318,Mid-Market,Healthcare,United States,2025-04-22,SUB-23270,Scale,Monthly,1152.31,33,2025-04-22,2025-12-31,Churned,Support / SLA Frustration,0.689,84,3,58120,1,4,112.7,1,1.9,1
CUST-13271,Cloud Hub 318,Enterprise,Fintech,United States,2025-04-23,SUB-23271,Scale,Annual,12907.08,261,2025-04-23,,Active,,0.708,65,1,27507,3,4,13.1,0,3.8,0
CUST-13272,Data Pay 318,SMB,Fintech,United States,2025-04-23,SUB-23272,Growth,Monthly,741.08,7,2025-04-23,,Active,,0.825,26,6,32495,6,5,8.6,0,5.0,0
CUST-13273,Nova Works 318,SMB,E-Commerce,United Kingdom,2025-04-23,SUB-23273,Starter,Monthly,132.0,23,2025-04-23,,Active,,0.446,70,2,36518,1,3,15.3,0,4.8,0
CUST-13274,Pulse Security 318,SMB,E-Commerce,Canada,2025-04-24,SUB-23274,Starter,Monthly,320.38,9,2025-04-24,,Active,,0.45,56,5,11812,6,5,64.5,1,1.2,0
CUST-13275,Stratum Analytics 318,SMB,SaaS / Tech,United States,2025-04-24,SUB-23275,Starter,Monthly,507.71,24,2025-04-24,,Active,,0.557,10,3,53775,6,3,6.8,0,4.9,0
CUST-13276,Sync Tech 318,SMB,E-Commerce,United Kingdom,2025-04-24,SUB-23276,Starter,Monthly,142.22,21,2025-04-24,2025-11-18,Churned,Competitor Alternative,0.61,62,4,4272,8,4,4.6,0,4.1,1
CUST-13277,Vanguard Sphere 318,Mid-Market,Healthcare,Canada,2025-04-25,SUB-23277,Growth,Monthly,2462.15,37,2025-04-25,,Active,,1.0,100,4,15061,3,3,3.9,0,4.1,0
CUST-13278,Omni Labs 318,Mid-Market,Healthcare,United States,2025-04-25,SUB-23278,Growth,Monthly,1784.74,45,2025-04-25,2025-07-18,Churned,Leadership Transition,0.823,32,5,20431,11,4,17.1,0,4.1,1
CUST-13279,Hyper Flow 318,SMB,Fintech,Germany,2025-04-25,SUB-23279,Starter,Monthly,176.21,20,2025-04-25,,Active,,0.528,35,5,11546,6,5,11.5,0,4.0,0
CUST-13280,Zenith Corp 318,Mid-Market,Healthcare,Canada,2025-04-25,SUB-23280,Scale,Monthly,1212.96,66,2025-04-25,,Active,,0.523,78,5,22850,4,7,5.3,0,4.3,0
CUST-13281,Quantum Stack 318,Mid-Market,Cybersecurity,United States,2025-04-25,SUB-23281,Growth,Monthly,3263.44,65,2025-04-25,,Active,,1.0,68,5,6340,1,5,9.7,0,4.2,0
CUST-13282,Nexus AI 318,SMB,Logistics & Supply Chain,United Kingdom,2025-04-25,SUB-23282,Growth,Monthly,294.23,17,2025-04-25,,Active,,0.732,56,0,19122,12,4,18.6,0,4.7,0
CUST-13283,Vertex Scale 318,SMB,Healthcare,United States,2025-04-25,SUB-23283,Starter,Monthly,269.91,23,2025-04-25,,Active,,0.553,69,3,30684,21,8,15.7,0,5.0,0
CUST-13284,Blue Systems 318,Mid-Market,E-Commerce,United Kingdom,2025-04-25,SUB-23284,Growth,Monthly,3022.75,82,2025-04-25,,Active,,0.773,100,6,28359,3,3,18.8,0,4.7,0
CUST-13285,Apex Logic 319,Enterprise,Logistics & Supply Chain,Australia,2025-04-26,SUB-23285,Enterprise Plus,Annual,13761.91,319,2025-04-26,,Active,,0.78,89,2,13791,2,4,17.0,0,3.9,0
CUST-13286,Cloud Hub 319,Mid-Market,Healthcare,Germany,2025-04-26,SUB-23286,Growth,Annual,1648.95,94,2025-04-26,,Active,,0.591,86,5,24806,4,6,14.1,0,4.8,0
CUST-13287,Data Pay 319,SMB,Fintech,United States,2025-04-26,SUB-23287,Starter,Monthly,237.6,7,2025-04-26,,Active,,0.775,68,4,150548,9,4,3.3,0,4.1,0
CUST-13288,Nova Works 319,SMB,Fintech,United States,2025-04-27,SUB-23288,Starter,Monthly,698.99,11,2025-04-27,,Active,,0.588,100,5,5379,13,7,118.4,3,2.7,0
CUST-13289,Pulse Security 319,Mid-Market,E-Commerce,United States,2025-04-27,SUB-23289,Growth,Monthly,1934.55,93,2025-04-27,,Active,,0.472,44,1,6584,3,4,15.2,0,4.5,0
CUST-13290,Stratum Analytics 319,Enterprise,Cybersecurity,United Kingdom,2025-04-27,SUB-23290,Enterprise Plus,Annual,11700.76,412,2025-04-27,,Active,,0.443,89,5,12145,2,10,3.7,0,4.6,0
CUST-13291,Sync Tech 319,SMB,SaaS / Tech,United States,2025-04-27,SUB-23291,Starter,Annual,198.11,23,2025-04-27,,Active,,1.0,55,7,32118,4,8,3.1,0,3.9,0
CUST-13292,Vanguard Sphere 319,Mid-Market,Fintech,United Kingdom,2025-04-27,SUB-23292,Scale,Annual,3282.43,69,2025-04-27,,Active,,0.838,65,5,18924,2,4,23.7,0,4.8,0
CUST-13293,Omni Labs 319,SMB,Fintech,United States,2025-04-27,SUB-23293,Starter,Annual,611.94,8,2025-04-27,,Active,,0.32,68,7,22085,1,5,19.5,0,4.7,0
CUST-13294,Hyper Flow 319,SMB,SaaS / Tech,United States,2025-04-27,SUB-23294,Growth,Annual,621.7,5,2025-04-27,,Active,,0.853,74,6,32090,10,3,16.8,0,5.0,0
CUST-13295,Zenith Corp 319,Enterprise,Logistics & Supply Chain,United States,2025-04-27,SUB-23295,Scale,Annual,6626.37,292,2025-04-27,,Active,,0.561,91,3,11300,1,4,22.8,0,4.1,0
CUST-13296,Quantum Stack 319,SMB,E-Commerce,Australia,2025-04-27,SUB-23296,Starter,Monthly,485.38,16,2025-04-27,2025-09-19,Churned,Support / SLA Frustration,0.466,56,3,4468,4,3,51.0,3,1.5,1
CUST-13297,Nexus AI 319,Enterprise,E-Commerce,Canada,2025-04-27,SUB-23297,Scale,Annual,6173.7,405,2025-04-27,2025-11-13,Churned,Support / SLA Frustration,0.499,66,3,79755,2,3,99.1,2,1.4,1
CUST-13298,Vertex Scale 319,Mid-Market,Fintech,United States,2025-04-27,SUB-23298,Growth,Monthly,1977.92,99,2025-04-27,,Active,,0.608,52,3,12592,9,4,3.2,0,4.3,0
CUST-13299,Blue Systems 319,SMB,Logistics & Supply Chain,United States,2025-04-27,SUB-23299,Starter,Annual,494.74,24,2025-04-27,,Active,,0.925,64,1,2131,1,5,15.1,0,4.1,0
CUST-13300,Apex Logic 320,Mid-Market,SaaS / Tech,United Kingdom,2025-04-28,SUB-23300,Scale,Annual,2467.39,93,2025-04-28,,Active,,0.66,38,3,12470,2,1,13.5,0,4.6,0
CUST-13301,Cloud Hub 320,SMB,Healthcare,United States,2025-04-28,SUB-23301,Starter,Annual,633.17,22,2025-04-28,,Active,,0.937,50,1,57915,0,6,9.3,0,4.2,0
CUST-13302,Data Pay 320,SMB,SaaS / Tech,United Kingdom,2025-04-28,SUB-23302,Growth,Monthly,176.84,15,2025-04-28,,Active,,0.89,73,7,22530,2,4,12.8,0,4.8,0
CUST-13303,Nova Works 320,Mid-Market,Fintech,Germany,2025-04-28,SUB-23303,Scale,Monthly,3201.11,93,2025-04-28,,Active,,0.481,60,3,1979,8,4,2.7,0,4.9,0
CUST-13304,Pulse Security 320,Mid-Market,Fintech,United Kingdom,2025-04-28,SUB-23304,Growth,Annual,1951.08,75,2025-04-28,,Active,,1.0,71,5,9747,0,4,11.8,0,4.5,0
CUST-13305,Stratum Analytics 320,Mid-Market,Fintech,United Kingdom,2025-04-28,SUB-23305,Growth,Monthly,1537.32,25,2025-04-28,2025-06-02,Churned,Support / SLA Frustration,0.563,81,4,13877,4,3,87.6,1,2.5,1
CUST-13306,Sync Tech 320,Mid-Market,Fintech,United Kingdom,2025-04-29,SUB-23306,Growth,Monthly,1914.0,81,2025-04-29,,Active,,0.286,24,3,17674,8,4,22.5,0,4.8,0
CUST-13307,Vanguard Sphere 320,Enterprise,Healthcare,India,2025-04-29,SUB-23307,Enterprise Plus,Annual,5722.54,384,2025-04-29,,Active,,0.393,72,2,27632,2,2,14.5,0,4.6,0
CUST-13308,Omni Labs 320,Mid-Market,Healthcare,India,2025-04-29,SUB-23308,Growth,Monthly,2466.74,51,2025-04-29,2025-12-31,Churned,Low Adoption & License Waste,1.0,76,1,44031,26,4,3.6,0,4.2,1
CUST-13309,Hyper Flow 320,Mid-Market,E-Commerce,United Kingdom,2025-04-29,SUB-23309,Growth,Annual,2621.99,68,2025-04-29,,Active,,0.606,74,4,20210,3,6,6.0,0,4.5,0
CUST-13310,Zenith Corp 320,SMB,E-Commerce,United States,2025-04-29,SUB-23310,Growth,Annual,303.2,6,2025-04-29,,Active,,0.516,41,4,8992,19,8,23.6,0,4.7,0
CUST-13311,Quantum Stack 320,SMB,Healthcare,United States,2025-04-29,SUB-23311,Starter,Monthly,727.34,18,2025-04-29,,Active,,0.961,78,2,14461,3,2,8.0,0,4.3,0
CUST-13312,Nexus AI 320,SMB,Fintech,United States,2025-04-30,SUB-23312,Growth,Monthly,211.04,10,2025-04-30,2025-12-31,Churned,Price / Budget Cuts,0.636,58,5,30412,9,3,5.8,0,4.5,1
CUST-13313,Vertex Scale 320,Enterprise,E-Commerce,United Kingdom,2025-04-30,SUB-23313,Scale,Annual,9109.86,442,2025-04-30,,Active,,0.549,53,5,96599,1,3,6.0,0,4.7,0
CUST-13314,Blue Systems 320,Mid-Market,Healthcare,United Kingdom,2025-04-30,SUB-23314,Scale,Annual,2944.67,74,2025-04-30,,Active,,0.992,48,4,52803,2,4,11.7,0,4.1,0
CUST-13315,Apex Logic 321,SMB,Healthcare,United States,2025-04-30,SUB-23315,Starter,Monthly,245.65,19,2025-04-30,,Active,,0.649,85,5,90984,1,3,11.4,0,3.9,0
CUST-13316,Cloud Hub 321,Mid-Market,Logistics & Supply Chain,United States,2025-04-30,SUB-23316,Growth,Annual,2220.8,89,2025-04-30,,Active,,0.779,56,5,19516,4,5,23.8,0,3.9,0
CUST-13317,Data Pay 321,Enterprise,SaaS / Tech,United States,2025-04-30,SUB-23317,Scale,Annual,9927.55,122,2025-04-30,,Active,,0.417,87,5,8430,4,4,14.4,0,3.9,0
CUST-13318,Nova Works 321,SMB,Logistics & Supply Chain,India,2025-04-30,SUB-23318,Starter,Monthly,658.47,19,2025-04-30,,Active,,0.423,45,4,90344,8,8,3.5,0,3.8,0
CUST-13319,Pulse Security 321,SMB,E-Commerce,United Kingdom,2025-05-02,SUB-23319,Growth,Monthly,709.73,8,2025-05-02,2025-08-10,Churned,Support / SLA Frustration,0.638,84,2,9320,8,3,119.9,1,1.2,1
CUST-13320,Stratum Analytics 321,SMB,Fintech,Canada,2025-05-02,SUB-23320,Starter,Monthly,549.39,22,2025-05-02,,Active,,0.608,85,5,9064,0,1,23.8,0,3.9,0
CUST-13321,Sync Tech 321,Enterprise,SaaS / Tech,United States,2025-05-02,SUB-23321,Scale,Monthly,13919.13,168,2025-05-02,,Active,,0.425,89,4,15506,2,3,7.0,0,3.9,0
CUST-13322,Vanguard Sphere 321,SMB,Fintech,United Kingdom,2025-05-02,SUB-23322,Starter,Monthly,696.94,18,2025-05-02,2025-07-16,Churned,Competitor Alternative,0.61,44,6,29953,15,0,4.0,0,4.8,1
CUST-13323,Omni Labs 321,SMB,Healthcare,United States,2025-05-02,SUB-23323,Growth,Monthly,710.08,14,2025-05-02,,Active,,0.618,82,7,30158,5,2,102.3,0,2.3,0
CUST-13324,Hyper Flow 321,SMB,Fintech,United Kingdom,2025-05-02,SUB-23324,Starter,Annual,746.1,11,2025-05-02,,Active,,0.854,70,5,11575,0,4,11.8,0,4.6,0
CUST-13325,Zenith Corp 321,SMB,Logistics & Supply Chain,United States,2025-05-03,SUB-23325,Starter,Annual,299.91,22,2025-05-03,2025-09-04,Churned,Support / SLA Frustration,0.122,76,4,2373,10,5,78.4,2,2.8,1
CUST-13326,Quantum Stack 321,SMB,Fintech,United States,2025-05-03,SUB-23326,Starter,Monthly,701.11,15,2025-05-03,,Active,,0.773,41,1,51585,21,3,21.3,0,3.9,0
CUST-13327,Nexus AI 321,SMB,Cybersecurity,United States,2025-05-03,SUB-23327,Growth,Monthly,735.57,6,2025-05-03,,Active,,0.44,99,2,20821,0,5,8.1,0,4.8,0
CUST-13328,Vertex Scale 321,Enterprise,Logistics & Supply Chain,United States,2025-05-03,SUB-23328,Enterprise Plus,Annual,7087.57,255,2025-05-03,,Active,,0.35,50,5,13903,5,6,3.6,0,4.5,0
CUST-13329,Blue Systems 321,SMB,E-Commerce,Australia,2025-05-03,SUB-23329,Starter,Annual,488.42,24,2025-05-03,,Active,,0.604,61,3,4763,4,7,23.5,0,3.9,0
CUST-13330,Apex Logic 322,SMB,SaaS / Tech,United States,2025-05-03,SUB-23330,Starter,Monthly,145.4,7,2025-05-03,,Active,,0.572,83,4,100460,0,4,16.9,0,3.9,0
CUST-13331,Cloud Hub 322,SMB,E-Commerce,United States,2025-05-03,SUB-23331,Starter,Monthly,672.26,11,2025-05-03,,Active,,0.465,100,4,41590,8,5,9.8,0,4.9,0
CUST-13332,Data Pay 322,Mid-Market,Logistics & Supply Chain,United Kingdom,2025-05-03,SUB-23332,Growth,Monthly,2887.55,76,2025-05-03,2025-10-04,Churned,Leadership Transition,0.684,52,4,2504,0,2,5.2,0,4.5,1
CUST-13333,Nova Works 322,Mid-Market,Healthcare,Germany,2025-05-04,SUB-23333,Scale,Annual,3636.67,30,2025-05-04,,Active,,0.546,75,4,31446,0,9,8.0,0,4.7,0
CUST-13334,Pulse Security 322,SMB,SaaS / Tech,United States,2025-05-04,SUB-23334,Starter,Monthly,427.23,6,2025-05-04,2025-12-31,Churned,Support / SLA Frustration,0.926,45,5,60695,2,4,72.6,0,2.4,1
CUST-13335,Stratum Analytics 322,SMB,E-Commerce,Canada,2025-05-04,SUB-23335,Starter,Monthly,175.35,13,2025-05-04,2025-12-11,Churned,Support / SLA Frustration,0.835,76,5,19791,18,2,54.0,0,2.1,1
CUST-13336,Sync Tech 322,SMB,Cybersecurity,Germany,2025-05-04,SUB-23336,Starter,Monthly,189.38,18,2025-05-04,,Active,,0.569,55,4,40418,6,7,50.8,2,1.6,0
CUST-13337,Vanguard Sphere 322,SMB,E-Commerce,United States,2025-05-04,SUB-23337,Starter,Monthly,249.49,17,2025-05-04,,Active,,0.885,90,4,17329,7,6,21.0,0,3.8,0
CUST-13338,Omni Labs 322,SMB,E-Commerce,United States,2025-05-04,SUB-23338,Starter,Annual,639.34,22,2025-05-04,,Active,,0.591,74,5,1902,2,8,5.3,0,4.5,0
CUST-13339,Hyper Flow 322,SMB,SaaS / Tech,United States,2025-05-04,SUB-23339,Starter,Monthly,494.23,5,2025-05-04,,Active,,0.537,70,5,60831,2,6,7.8,0,4.4,0
CUST-13340,Zenith Corp 322,SMB,Logistics & Supply Chain,Germany,2025-05-04,SUB-23340,Starter,Monthly,469.93,23,2025-05-04,2025-12-31,Churned,Support / SLA Frustration,0.394,85,3,46616,9,4,110.9,3,1.5,1
CUST-13341,Quantum Stack 322,SMB,E-Commerce,United States,2025-05-04,SUB-23341,Starter,Annual,168.96,19,2025-05-04,,Active,,0.596,65,3,22896,0,3,16.9,0,4.4,0
CUST-13342,Nexus AI 322,SMB,Fintech,United States,2025-05-05,SUB-23342,Starter,Annual,506.86,21,2025-05-05,,Active,,0.808,51,3,67583,1,3,12.4,0,4.0,0
CUST-13343,Vertex Scale 322,Mid-Market,E-Commerce,United Kingdom,2025-05-05,SUB-23343,Scale,Annual,1648.77,97,2025-05-05,,Active,,0.758,15,4,8647,9,2,69.9,1,2.4,0
CUST-13344,Blue Systems 322,Mid-Market,Cybersecurity,United Kingdom,2025-05-05,SUB-23344,Scale,Annual,3289.76,37,2025-05-05,,Active,,0.807,43,1,102433,11,3,19.7,0,4.7,0
CUST-13345,Apex Logic 323,SMB,SaaS / Tech,United States,2025-05-05,SUB-23345,Starter,Annual,175.26,22,2025-05-05,,Active,,0.792,66,3,11617,12,4,3.4,0,4.9,0
CUST-13346,Cloud Hub 323,Mid-Market,Logistics & Supply Chain,United Kingdom,2025-05-05,SUB-23346,Growth,Annual,3361.1,85,2025-05-05,,Active,,0.561,53,2,55411,0,7,10.3,0,4.7,0
CUST-13347,Data Pay 323,Mid-Market,Fintech,United States,2025-05-05,SUB-23347,Growth,Monthly,2993.32,78,2025-05-05,,Active,,0.803,61,6,18520,3,4,5.2,0,4.3,0
CUST-13348,Nova Works 323,Mid-Market,E-Commerce,United States,2025-05-05,SUB-23348,Scale,Annual,1813.75,88,2025-05-05,,Active,,0.779,66,2,25444,14,5,10.7,0,4.5,0
CUST-13349,Pulse Security 323,Mid-Market,E-Commerce,United Kingdom,2025-05-05,SUB-23349,Scale,Annual,966.76,89,2025-05-05,2025-09-01,Churned,Low Adoption & License Waste,0.335,72,4,8801,10,1,15.9,0,4.0,1
CUST-13350,Stratum Analytics 323,Mid-Market,Logistics & Supply Chain,India,2025-05-05,SUB-23350,Growth,Annual,1906.3,56,2025-05-05,,Active,,0.626,64,4,12888,3,4,5.2,0,3.9,0
CUST-13351,Sync Tech 323,Mid-Market,Fintech,United States,2025-05-05,SUB-23351,Growth,Monthly,1128.93,97,2025-05-05,,Active,,0.994,38,5,7271,3,2,12.1,0,4.4,0
CUST-13352,Vanguard Sphere 323,SMB,Logistics & Supply Chain,Germany,2025-05-06,SUB-23352,Growth,Monthly,673.94,18,2025-05-06,,Active,,0.722,61,5,16339,4,6,17.8,0,4.9,0
CUST-13353,Omni Labs 323,SMB,E-Commerce,United Kingdom,2025-05-06,SUB-23353,Starter,Annual,182.57,11,2025-05-06,2025-07-28,Churned,Switched Tool,0.875,30,5,9188,6,4,9.6,0,4.6,1
CUST-13354,Hyper Flow 323,Mid-Market,Fintech,United States,2025-05-06,SUB-23354,Growth,Monthly,2162.79,64,2025-05-06,,Active,,0.42,74,7,9333,4,4,23.5,0,4.3,0
CUST-13355,Zenith Corp 323,Enterprise,Healthcare,Canada,2025-05-06,SUB-23355,Enterprise Plus,Annual,17093.16,311,2025-05-06,,Active,,0.507,64,4,12785,7,7,23.0,0,4.7,0
CUST-13356,Quantum Stack 323,SMB,Healthcare,United States,2025-05-06,SUB-23356,Starter,Monthly,514.03,14,2025-05-06,2025-09-25,Churned,Support / SLA Frustration,0.851,52,4,89407,12,5,49.8,1,1.5,1
CUST-13357,Nexus AI 323,Mid-Market,E-Commerce,Australia,2025-05-06,SUB-23357,Growth,Monthly,1348.16,89,2025-05-06,,Active,,1.0,100,7,8635,15,5,22.0,0,4.6,0
CUST-13358,Vertex Scale 323,SMB,Fintech,Germany,2025-05-06,SUB-23358,Growth,Monthly,549.83,22,2025-05-06,,Active,,0.763,77,5,7796,1,5,21.3,0,4.0,0
CUST-13359,Blue Systems 323,SMB,Fintech,United States,2025-05-06,SUB-23359,Starter,Monthly,548.72,13,2025-05-06,,Active,,0.543,89,6,18081,4,0,4.0,0,4.5,0
CUST-13360,Apex Logic 324,SMB,Logistics & Supply Chain,United States,2025-05-06,SUB-23360,Starter,Monthly,190.33,20,2025-05-06,,Active,,0.527,58,4,7893,6,4,21.6,0,4.0,0
CUST-13361,Cloud Hub 324,Mid-Market,Fintech,United States,2025-05-06,SUB-23361,Growth,Monthly,1349.24,65,2025-05-06,,Active,,1.0,66,2,5774,8,2,15.2,0,4.6,0
CUST-13362,Data Pay 324,SMB,Fintech,United States,2025-05-06,SUB-23362,Growth,Monthly,677.17,22,2025-05-06,,Active,,0.566,30,5,13258,0,5,8.2,0,4.9,0
CUST-13363,Nova Works 324,Mid-Market,E-Commerce,United States,2025-05-06,SUB-23363,Growth,Monthly,1390.92,39,2025-05-06,2025-11-15,Churned,Support / SLA Frustration,0.966,58,4,7676,2,5,107.0,1,2.2,1
CUST-13364,Pulse Security 324,SMB,E-Commerce,United States,2025-05-06,SUB-23364,Starter,Monthly,188.2,7,2025-05-06,2025-11-07,Churned,Price / Budget Cuts,1.0,15,5,16127,8,6,6.5,0,3.9,1
CUST-13365,Stratum Analytics 324,SMB,SaaS / Tech,United Kingdom,2025-05-06,SUB-23365,Starter,Monthly,674.51,13,2025-05-06,2025-07-30,Churned,Support / SLA Frustration,0.762,60,3,3641,7,5,94.2,2,3.0,1
CUST-13366,Sync Tech 324,Mid-Market,Healthcare,United States,2025-05-07,SUB-23366,Growth,Annual,1671.24,35,2025-05-07,,Active,,0.452,53,2,2645,0,3,65.7,1,1.7,0
CUST-13367,Vanguard Sphere 324,Mid-Market,SaaS / Tech,Germany,2025-05-07,SUB-23367,Growth,Monthly,1723.66,88,2025-05-07,,Active,,0.479,69,4,24645,17,3,12.0,0,4.4,0
CUST-13368,Omni Labs 324,Mid-Market,E-Commerce,Germany,2025-05-07,SUB-23368,Scale,Annual,951.79,84,2025-05-07,,Active,,0.435,25,2,37600,7,2,10.2,0,4.0,0
CUST-13369,Hyper Flow 324,SMB,Fintech,United States,2025-05-07,SUB-23369,Starter,Monthly,368.37,23,2025-05-07,,Active,,0.868,84,6,31246,4,2,6.3,0,4.5,0
CUST-13370,Zenith Corp 324,Mid-Market,Fintech,Germany,2025-05-07,SUB-23370,Scale,Annual,942.95,39,2025-05-07,2025-12-31,Churned,Leadership Transition,0.765,100,3,13492,0,0,4.0,0,4.6,1
CUST-13371,Quantum Stack 324,SMB,Healthcare,United States,2025-05-07,SUB-23371,Starter,Monthly,647.84,11,2025-05-07,,Active,,0.557,61,5,1822,3,4,9.3,0,4.9,0
CUST-13372,Nexus AI 324,Mid-Market,Healthcare,United States,2025-05-07,SUB-23372,Growth,Annual,926.0,96,2025-05-07,,Active,,0.613,92,5,21855,8,3,15.5,0,4.0,0
CUST-13373,Vertex Scale 324,SMB,SaaS / Tech,United Kingdom,2025-05-08,SUB-23373,Starter,Monthly,201.46,14,2025-05-08,,Active,,0.331,80,5,613,0,4,16.1,0,4.0,0
CUST-13374,Blue Systems 324,SMB,E-Commerce,United States,2025-05-08,SUB-23374,Growth,Annual,397.77,5,2025-05-08,,Active,,0.916,49,2,3594,0,1,5.5,0,4.0,0
CUST-13375,Apex Logic 325,SMB,Healthcare,United Kingdom,2025-05-08,SUB-23375,Growth,Monthly,560.81,14,2025-05-08,,Active,,1.0,54,5,14809,7,5,6.9,0,4.0,0
CUST-13376,Cloud Hub 325,SMB,Fintech,India,2025-05-08,SUB-23376,Growth,Monthly,443.87,18,2025-05-08,,Active,,0.621,86,4,54896,0,8,2.3,0,4.4,0
CUST-13377,Data Pay 325,Mid-Market,Fintech,Australia,2025-05-08,SUB-23377,Growth,Annual,1819.5,31,2025-05-08,,Active,,0.809,66,3,44508,3,2,66.5,0,1.8,0
CUST-13378,Nova Works 325,Enterprise,E-Commerce,United Kingdom,2025-05-08,SUB-23378,Enterprise Plus,Annual,6100.15,352,2025-05-08,,Active,,0.635,76,2,47149,10,5,5.9,0,4.8,0
CUST-13379,Pulse Security 325,SMB,Healthcare,Canada,2025-05-08,SUB-23379,Growth,Monthly,259.88,22,2025-05-08,2025-09-09,Churned,Support / SLA Frustration,1.0,86,3,11084,5,2,84.5,2,2.5,1
CUST-13380,Stratum Analytics 325,Mid-Market,E-Commerce,United States,2025-05-08,SUB-23380,Scale,Annual,2083.52,75,2025-05-08,,Active,,0.565,51,1,3956,3,2,22.9,0,4.2,0
CUST-13381,Sync Tech 325,Mid-Market,Fintech,United States,2025-05-08,SUB-23381,Growth,Monthly,2544.69,84,2025-05-08,,Active,,0.584,43,4,5288,0,7,6.9,0,5.0,0
CUST-13382,Vanguard Sphere 325,Enterprise,SaaS / Tech,Canada,2025-05-09,SUB-23382,Enterprise Plus,Annual,17879.57,255,2025-05-09,,Active,,0.682,62,2,2093,8,5,73.0,1,3.0,0
CUST-13383,Omni Labs 325,Mid-Market,Logistics & Supply Chain,United States,2025-05-09,SUB-23383,Scale,Annual,1717.5,95,2025-05-09,,Active,,0.613,54,4,16278,0,2,19.8,0,3.9,0
CUST-13384,Hyper Flow 325,Enterprise,Healthcare,United States,2025-05-09,SUB-23384,Scale,Annual,11019.43,260,2025-05-09,,Active,,0.412,40,5,57312,0,11,18.5,0,4.3,0
CUST-13385,Zenith Corp 325,SMB,E-Commerce,United States,2025-05-09,SUB-23385,Starter,Annual,164.44,12,2025-05-09,,Active,,0.868,60,4,44148,2,4,8.1,0,4.6,0
CUST-13386,Quantum Stack 325,Mid-Market,Cybersecurity,United Kingdom,2025-05-09,SUB-23386,Growth,Monthly,2644.33,66,2025-05-09,2025-12-15,Churned,Support / SLA Frustration,0.655,58,6,3884,4,3,117.1,1,1.6,1
CUST-13387,Nexus AI 325,SMB,Healthcare,United States,2025-05-09,SUB-23387,Starter,Monthly,175.3,8,2025-05-09,,Active,,0.53,81,5,69184,0,5,15.4,0,4.6,0
CUST-13388,Vertex Scale 325,Enterprise,E-Commerce,United Kingdom,2025-05-09,SUB-23388,Enterprise Plus,Annual,11161.89,230,2025-05-09,,Active,,0.416,39,4,13480,13,2,5.0,0,4.5,0
CUST-13389,Blue Systems 325,SMB,Fintech,United States,2025-05-10,SUB-23389,Starter,Monthly,746.35,12,2025-05-10,2025-12-06,Churned,Competitor Alternative,1.0,50,2,76744,0,3,20.6,0,4.5,1
CUST-13390,Apex Logic 326,Mid-Market,E-Commerce,United States,2025-05-10,SUB-23390,Scale,Monthly,2750.01,67,2025-05-10,,Active,,0.858,86,3,1813,20,2,7.7,0,4.1,0
CUST-13391,Cloud Hub 326,SMB,Fintech,United States,2025-05-10,SUB-23391,Starter,Monthly,628.78,6,2025-05-10,2025-12-31,Churned,Price / Budget Cuts,0.646,68,7,3362,4,2,17.4,0,4.8,1
CUST-13392,Data Pay 326,SMB,Cybersecurity,United States,2025-05-10,SUB-23392,Growth,Monthly,654.79,5,2025-05-10,,Active,,0.446,49,6,15141,4,0,4.0,0,4.3,0
CUST-13393,Nova Works 326,Mid-Market,SaaS / Tech,India,2025-05-10,SUB-23393,Scale,Annual,2991.53,56,2025-05-10,,Active,,0.813,50,5,44594,10,4,59.7,2,2.1,0
CUST-13394,Pulse Security 326,SMB,SaaS / Tech,United States,2025-05-10,SUB-23394,Starter,Monthly,222.94,15,2025-05-10,2025-12-22,Churned,Support / SLA Frustration,0.404,71,2,36522,2,4,64.4,0,2.5,1
CUST-13395,Stratum Analytics 326,SMB,SaaS / Tech,United States,2025-05-10,SUB-23395,Starter,Monthly,584.94,6,2025-05-10,,Active,,0.7,74,4,14198,9,4,23.9,0,4.0,0
CUST-13396,Sync Tech 326,SMB,E-Commerce,United Kingdom,2025-05-11,SUB-23396,Starter,Monthly,306.08,24,2025-05-11,2025-12-31,Churned,Support / SLA Frustration,0.389,89,4,36440,1,3,92.3,2,3.0,1
CUST-13397,Vanguard Sphere 326,SMB,Healthcare,United States,2025-05-11,SUB-23397,Starter,Annual,187.91,15,2025-05-11,,Active,,0.63,84,3,103309,11,4,16.0,0,4.6,0
CUST-13398,Omni Labs 326,Mid-Market,Logistics & Supply Chain,United States,2025-05-11,SUB-23398,Growth,Annual,989.03,67,2025-05-11,,Active,,0.824,73,3,39401,2,4,10.4,0,5.0,0
CUST-13399,Hyper Flow 326,SMB,Cybersecurity,United States,2025-05-11,SUB-23399,Starter,Annual,499.09,24,2025-05-11,2025-09-04,Churned,Support / SLA Frustration,0.701,55,6,8307,4,5,68.7,2,1.6,1
CUST-13400,Zenith Corp 326,Enterprise,E-Commerce,Australia,2025-05-11,SUB-23400,Enterprise Plus,Monthly,15395.56,183,2025-05-11,,Active,,0.222,63,6,2506,5,2,16.3,0,4.3,0
CUST-13401,Quantum Stack 326,Enterprise,Cybersecurity,United Kingdom,2025-05-11,SUB-23401,Scale,Annual,12865.03,440,2025-05-11,2025-11-14,Churned,Competitor Alternative,0.971,59,4,27406,9,2,3.6,0,4.9,1
CUST-13402,Nexus AI 326,SMB,E-Commerce,United States,2025-05-12,SUB-23402,Starter,Monthly,527.89,13,2025-05-12,2025-12-23,Churned,Support / SLA Frustration,0.913,80,6,8201,2,2,101.6,2,1.6,1
CUST-13403,Vertex Scale 326,Mid-Market,E-Commerce,United States,2025-05-12,SUB-23403,Growth,Annual,3761.32,60,2025-05-12,,Active,,0.203,44,4,12071,2,4,8.6,0,4.0,0
CUST-13404,Blue Systems 326,SMB,E-Commerce,United States,2025-05-12,SUB-23404,Starter,Annual,443.91,10,2025-05-12,,Active,,0.678,35,3,27450,1,3,18.0,0,4.0,0
CUST-13405,Apex Logic 327,SMB,Fintech,United States,2025-05-12,SUB-23405,Starter,Monthly,121.74,16,2025-05-12,,Active,,0.841,51,4,25535,1,3,83.2,2,2.1,0
CUST-13406,Cloud Hub 327,SMB,Fintech,United Kingdom,2025-05-12,SUB-23406,Starter,Monthly,145.65,5,2025-05-12,,Active,,0.633,77,3,20927,14,1,10.9,0,4.1,0
CUST-13407,Data Pay 327,SMB,Fintech,India,2025-05-12,SUB-23407,Growth,Annual,121.36,8,2025-05-12,,Active,,0.822,58,4,20607,1,4,11.4,0,4.5,0
CUST-13408,Nova Works 327,Mid-Market,E-Commerce,United States,2025-05-12,SUB-23408,Scale,Monthly,1886.38,75,2025-05-12,,Active,,0.837,99,6,7312,14,3,88.5,2,2.5,0
CUST-13409,Pulse Security 327,Enterprise,Healthcare,Germany,2025-05-12,SUB-23409,Enterprise Plus,Monthly,5261.72,425,2025-05-12,,Active,,0.485,92,3,7977,7,1,4.7,0,4.3,0
CUST-13410,Stratum Analytics 327,Mid-Market,Healthcare,United States,2025-05-13,SUB-23410,Growth,Annual,1456.68,77,2025-05-13,,Active,,0.677,50,1,99804,1,4,18.3,0,4.3,0
CUST-13411,Sync Tech 327,Enterprise,Cybersecurity,United States,2025-05-13,SUB-23411,Enterprise Plus,Annual,13925.2,355,2025-05-13,,Active,,0.501,62,6,10692,1,3,7.6,0,4.6,0
CUST-13412,Vanguard Sphere 327,Enterprise,Healthcare,United States,2025-05-13,SUB-23412,Enterprise Plus,Annual,10290.32,160,2025-05-13,,Active,,0.383,91,3,9977,3,2,23.0,0,4.7,0
CUST-13413,Omni Labs 327,Mid-Market,E-Commerce,United States,2025-05-13,SUB-23413,Growth,Monthly,2905.03,78,2025-05-13,,Active,,0.626,38,2,13579,4,6,6.6,0,4.3,0
CUST-13414,Hyper Flow 327,SMB,Fintech,India,2025-05-13,SUB-23414,Starter,Monthly,351.5,23,2025-05-13,,Active,,0.819,74,1,10099,7,0,4.0,0,4.6,0
CUST-13415,Zenith Corp 327,SMB,Fintech,United States,2025-05-13,SUB-23415,Starter,Monthly,592.59,23,2025-05-13,2025-12-31,Churned,Competitor Alternative,0.63,56,7,6165,12,3,17.5,0,4.6,1
CUST-13416,Quantum Stack 327,Mid-Market,SaaS / Tech,United States,2025-05-13,SUB-23416,Growth,Annual,2147.08,49,2025-05-13,,Active,,0.595,75,5,15643,3,1,12.5,0,4.8,0
CUST-13417,Nexus AI 327,SMB,E-Commerce,Australia,2025-05-13,SUB-23417,Starter,Monthly,199.42,16,2025-05-13,2025-12-31,Churned,Low Adoption & License Waste,0.226,64,4,16438,1,2,8.6,0,4.0,1
CUST-13418,Vertex Scale 327,Mid-Market,SaaS / Tech,Germany,2025-05-14,SUB-23418,Scale,Annual,2332.21,89,2025-05-14,,Active,,0.684,51,3,18181,21,7,9.3,0,4.2,0
CUST-13419,Blue Systems 327,Enterprise,Fintech,Canada,2025-05-14,SUB-23419,Enterprise Plus,Annual,4836.85,142,2025-05-14,,Active,,0.54,45,6,12548,3,4,7.6,0,4.0,0
CUST-13420,Apex Logic 328,SMB,E-Commerce,India,2025-05-14,SUB-23420,Starter,Annual,214.13,20,2025-05-14,,Active,,0.646,62,4,28535,5,4,21.9,0,4.1,0
CUST-13421,Cloud Hub 328,SMB,Healthcare,United States,2025-05-14,SUB-23421,Growth,Monthly,186.61,8,2025-05-14,,Active,,0.44,67,5,6667,17,7,48.0,3,2.4,0
CUST-13422,Data Pay 328,SMB,Fintech,Germany,2025-05-14,SUB-23422,Growth,Monthly,627.75,24,2025-05-14,,Active,,0.235,59,3,97343,2,2,23.1,0,4.7,0
CUST-13423,Nova Works 328,Enterprise,Fintech,Canada,2025-05-14,SUB-23423,Enterprise Plus,Annual,8695.37,327,2025-05-14,,Active,,0.511,54,3,13769,1,2,19.6,0,4.6,0
CUST-13424,Pulse Security 328,SMB,Fintech,Germany,2025-05-14,SUB-23424,Starter,Monthly,605.69,6,2025-05-14,,Active,,0.471,83,5,8905,8,7,5.4,0,4.4,0
CUST-13425,Stratum Analytics 328,SMB,Healthcare,Canada,2025-05-14,SUB-23425,Growth,Annual,433.72,22,2025-05-14,2025-07-08,Churned,Support / SLA Frustration,0.773,73,6,11905,3,6,55.1,4,2.6,1
CUST-13426,Sync Tech 328,SMB,Fintech,United States,2025-05-15,SUB-23426,Starter,Monthly,220.42,22,2025-05-15,,Active,,0.548,87,2,13231,0,4,20.0,0,4.3,0
CUST-13427,Vanguard Sphere 328,SMB,Cybersecurity,Canada,2025-05-15,SUB-23427,Growth,Monthly,671.24,19,2025-05-15,2025-12-31,Churned,Support / SLA Frustration,0.598,47,2,7875,0,7,116.1,4,1.5,1
CUST-13428,Omni Labs 328,SMB,Healthcare,United States,2025-05-15,SUB-23428,Starter,Monthly,433.02,16,2025-05-15,,Active,,0.946,69,2,8888,11,2,16.2,0,3.9,0
CUST-13429,Hyper Flow 328,SMB,Fintech,United States,2025-05-15,SUB-23429,Growth,Annual,200.81,14,2025-05-15,,Active,,0.539,46,4,31379,1,4,17.8,0,4.9,0
CUST-13430,Zenith Corp 328,SMB,Fintech,United States,2025-05-15,SUB-23430,Starter,Monthly,482.65,19,2025-05-15,,Active,,0.78,45,7,18414,3,3,90.4,2,3.2,0
CUST-13431,Quantum Stack 328,SMB,E-Commerce,India,2025-05-16,SUB-23431,Starter,Monthly,120.0,11,2025-05-16,,Active,,0.673,16,6,1444,6,3,7.1,0,3.9,0
CUST-13432,Nexus AI 328,SMB,Fintech,United States,2025-05-16,SUB-23432,Starter,Annual,172.51,6,2025-05-16,,Active,,0.681,78,3,55768,15,5,4.1,0,4.1,0
CUST-13433,Vertex Scale 328,Mid-Market,Logistics & Supply Chain,United Kingdom,2025-05-16,SUB-23433,Growth,Monthly,2510.77,70,2025-05-16,2025-12-31,Churned,Support / SLA Frustration,0.679,68,0,45394,8,4,108.3,1,2.4,1
CUST-13434,Blue Systems 328,SMB,Cybersecurity,United States,2025-05-16,SUB-23434,Starter,Annual,133.62,22,2025-05-16,,Active,,0.781,73,6,2261,3,2,5.5,0,4.9,0
CUST-13435,Apex Logic 329,Mid-Market,Fintech,Australia,2025-05-16,SUB-23435,Growth,Monthly,1376.83,75,2025-05-16,,Active,,0.672,28,5,10984,3,2,16.8,0,4.7,0
CUST-13436,Cloud Hub 329,Mid-Market,E-Commerce,United States,2025-05-16,SUB-23436,Scale,Annual,3029.86,51,2025-05-16,,Active,,0.665,64,3,23394,2,4,21.4,0,4.7,0
CUST-13437,Data Pay 329,SMB,Fintech,Canada,2025-05-16,SUB-23437,Starter,Annual,637.19,10,2025-05-16,2025-10-28,Churned,Support / SLA Frustration,0.711,74,6,31282,0,6,74.5,3,1.9,1
CUST-13438,Nova Works 329,SMB,E-Commerce,Germany,2025-05-17,SUB-23438,Starter,Monthly,326.21,13,2025-05-17,,Active,,0.27,49,2,11977,1,5,15.7,0,3.9,0
CUST-13439,Pulse Security 329,SMB,Healthcare,United States,2025-05-17,SUB-23439,Growth,Monthly,350.68,21,2025-05-17,,Active,,0.738,66,3,39421,18,6,14.4,0,3.8,0
CUST-13440,Stratum Analytics 329,Mid-Market,Healthcare,United States,2025-05-17,SUB-23440,Growth,Annual,2127.31,77,2025-05-17,,Active,,0.392,99,4,11956,1,7,18.5,0,4.7,0
CUST-13441,Sync Tech 329,SMB,Fintech,Canada,2025-05-17,SUB-23441,Starter,Monthly,338.13,9,2025-05-17,2025-12-18,Churned,Support / SLA Frustration,1.0,68,6,83469,9,3,56.1,1,2.0,1
CUST-13442,Vanguard Sphere 329,Mid-Market,SaaS / Tech,India,2025-05-18,SUB-23442,Scale,Annual,2659.52,62,2025-05-18,,Active,,1.0,57,3,18676,12,4,22.0,0,4.2,0
CUST-13443,Omni Labs 329,SMB,Healthcare,Canada,2025-05-18,SUB-23443,Starter,Monthly,227.48,6,2025-05-18,,Active,,0.68,72,6,12451,0,6,6.0,0,4.6,0
CUST-13444,Hyper Flow 329,SMB,Fintech,United States,2025-05-18,SUB-23444,Starter,Monthly,224.58,17,2025-05-18,,Active,,0.908,87,5,22538,3,3,22.0,0,4.6,0
CUST-13445,Zenith Corp 329,SMB,SaaS / Tech,India,2025-05-18,SUB-23445,Growth,Annual,428.93,19,2025-05-18,,Active,,0.997,89,4,12999,11,9,16.4,0,4.9,0
CUST-13446,Quantum Stack 329,SMB,E-Commerce,United States,2025-05-18,SUB-23446,Starter,Monthly,737.09,6,2025-05-18,,Active,,0.804,79,5,52140,0,5,22.4,0,4.4,0
CUST-13447,Nexus AI 329,SMB,Logistics & Supply Chain,United Kingdom,2025-05-18,SUB-23447,Growth,Monthly,210.79,14,2025-05-18,2025-12-31,Churned,Support / SLA Frustration,0.599,85,3,7681,22,3,78.2,1,2.6,1
CUST-13448,Vertex Scale 329,SMB,Fintech,Germany,2025-05-18,SUB-23448,Starter,Monthly,132.19,19,2025-05-18,,Active,,0.861,67,1,11751,12,7,7.2,0,4.1,0
CUST-13449,Blue Systems 329,Enterprise,SaaS / Tech,United States,2025-05-18,SUB-23449,Enterprise Plus,Annual,7148.59,244,2025-05-18,,Active,,0.538,92,2,16364,17,2,17.0,0,4.9,0
CUST-13450,Apex Logic 330,Mid-Market,SaaS / Tech,Canada,2025-05-18,SUB-23450,Growth,Monthly,1477.17,71,2025-05-18,2025-12-31,Churned,Internal Restructuring,0.646,44,4,13391,0,1,21.7,0,4.2,1
CUST-13451,Cloud Hub 330,SMB,Fintech,United Kingdom,2025-05-18,SUB-23451,Starter,Monthly,460.49,13,2025-05-18,,Active,,0.478,60,6,17512,3,7,2.5,0,4.1,0
CUST-13452,Data Pay 330,SMB,SaaS / Tech,India,2025-05-18,SUB-23452,Starter,Monthly,637.46,19,2025-05-18,2025-12-31,Churned,Competitor Alternative,0.62,67,3,32725,0,3,5.8,0,4.3,1
CUST-13453,Nova Works 330,Mid-Market,Healthcare,United States,2025-05-19,SUB-23453,Growth,Monthly,3303.7,64,2025-05-19,2025-09-22,Churned,Competitor Alternative,0.925,85,4,13197,1,4,20.8,0,4.9,1
CUST-13454,Pulse Security 330,SMB,Cybersecurity,United States,2025-05-19,SUB-23454,Starter,Monthly,343.81,15,2025-05-19,2025-10-03,Churned,Competitor Alternative,0.673,35,3,19473,6,2,2.4,0,3.9,1
CUST-13455,Stratum Analytics 330,Mid-Market,Fintech,Germany,2025-05-19,SUB-23455,Scale,Monthly,2853.22,75,2025-05-19,,Active,,0.685,71,7,42360,8,3,84.6,2,2.5,0
CUST-13456,Sync Tech 330,SMB,E-Commerce,United States,2025-05-19,SUB-23456,Starter,Annual,517.24,13,2025-05-19,2025-12-31,Churned,Competitor Alternative,0.61,42,4,23466,7,2,20.3,0,4.1,1
CUST-13457,Vanguard Sphere 330,SMB,Healthcare,United States,2025-05-19,SUB-23457,Growth,Annual,240.66,16,2025-05-19,,Active,,1.0,54,2,23836,0,2,66.9,1,2.1,0
CUST-13458,Omni Labs 330,SMB,Cybersecurity,Australia,2025-05-19,SUB-23458,Starter,Monthly,377.26,5,2025-05-19,,Active,,0.596,88,2,6597,0,1,12.4,0,4.2,0
CUST-13459,Hyper Flow 330,SMB,Healthcare,United States,2025-05-19,SUB-23459,Starter,Annual,483.38,22,2025-05-19,2025-10-14,Churned,Support / SLA Frustration,0.672,52,6,5240,7,3,55.6,1,2.2,1
CUST-13460,Zenith Corp 330,Mid-Market,Cybersecurity,Australia,2025-05-19,SUB-23460,Growth,Annual,2955.02,89,2025-05-19,2025-12-31,Churned,Support / SLA Frustration,0.888,35,1,17305,2,6,79.3,1,1.5,1
CUST-13461,Quantum Stack 330,Mid-Market,Cybersecurity,United States,2025-05-19,SUB-23461,Growth,Annual,1360.34,32,2025-05-19,,Active,,0.505,66,3,5244,8,2,92.9,1,1.5,0
CUST-13462,Nexus AI 330,SMB,Healthcare,United States,2025-05-19,SUB-23462,Starter,Monthly,547.24,24,2025-05-19,2025-09-26,Churned,Support / SLA Frustration,0.415,52,2,9404,5,7,95.8,2,2.6,1
CUST-13463,Vertex Scale 330,SMB,Logistics & Supply Chain,Canada,2025-05-19,SUB-23463,Starter,Monthly,249.2,7,2025-05-19,2025-09-18,Churned,Support / SLA Frustration,0.565,61,6,10166,9,5,68.8,1,1.5,1
CUST-13464,Blue Systems 330,Mid-Market,Cybersecurity,United Kingdom,2025-05-20,SUB-23464,Scale,Annual,1821.29,75,2025-05-20,,Active,,1.0,46,4,21385,4,4,15.1,0,4.7,0
CUST-13465,Apex Logic 331,SMB,Healthcare,United Kingdom,2025-05-20,SUB-23465,Starter,Monthly,308.66,20,2025-05-20,,Active,,0.443,100,5,12425,0,1,2.7,0,4.9,0
CUST-13466,Cloud Hub 331,Mid-Market,Healthcare,United Kingdom,2025-05-20,SUB-23466,Growth,Annual,967.21,84,2025-05-20,2025-10-22,Churned,Support / SLA Frustration,0.946,82,4,29965,6,3,55.9,3,1.6,1
CUST-13467,Data Pay 331,SMB,E-Commerce,Germany,2025-05-20,SUB-23467,Starter,Annual,255.69,10,2025-05-20,,Active,,0.731,37,4,6387,10,6,12.5,0,4.8,0
CUST-13468,Nova Works 331,SMB,Healthcare,United States,2025-05-20,SUB-23468,Starter,Monthly,292.53,18,2025-05-20,,Active,,0.981,62,6,44392,11,4,20.9,0,4.9,0
CUST-13469,Pulse Security 331,Mid-Market,Fintech,United States,2025-05-20,SUB-23469,Scale,Annual,2109.87,69,2025-05-20,2025-12-31,Churned,Support / SLA Frustration,0.619,100,5,8090,0,2,101.4,1,1.4,1
CUST-13470,Stratum Analytics 331,Enterprise,Fintech,United States,2025-05-21,SUB-23470,Enterprise Plus,Annual,7342.64,124,2025-05-21,,Active,,0.639,68,2,3369,12,4,17.6,0,4.6,0
CUST-13471,Sync Tech 331,SMB,Healthcare,United Kingdom,2025-05-21,SUB-23471,Starter,Monthly,220.64,11,2025-05-21,2025-10-07,Churned,Support / SLA Frustration,0.682,95,6,13457,3,4,82.4,1,1.4,1
CUST-13472,Vanguard Sphere 331,SMB,Healthcare,United States,2025-05-21,SUB-23472,Starter,Monthly,242.64,15,2025-05-21,,Active,,0.57,32,2,8084,4,3,15.5,0,4.8,0
CUST-13473,Omni Labs 331,SMB,Fintech,United States,2025-05-21,SUB-23473,Growth,Monthly,539.94,10,2025-05-21,,Active,,0.777,91,3,43605,2,4,20.8,0,4.8,0
CUST-13474,Hyper Flow 331,SMB,Logistics & Supply Chain,United States,2025-05-22,SUB-23474,Growth,Monthly,563.82,6,2025-05-22,,Active,,0.79,67,3,8720,0,4,78.5,0,2.8,0
CUST-13475,Zenith Corp 331,SMB,SaaS / Tech,United States,2025-05-22,SUB-23475,Starter,Monthly,715.22,20,2025-05-22,,Active,,0.825,44,6,19728,8,4,4.3,0,4.7,0
CUST-13476,Quantum Stack 331,SMB,Fintech,United States,2025-05-22,SUB-23476,Growth,Monthly,311.89,18,2025-05-22,,Active,,0.593,86,5,12502,10,4,20.6,0,4.0,0
CUST-13477,Nexus AI 331,SMB,SaaS / Tech,Canada,2025-05-23,SUB-23477,Growth,Monthly,716.43,12,2025-05-23,,Active,,0.602,42,4,19646,12,3,7.1,0,4.2,0
CUST-13478,Vertex Scale 331,Mid-Market,SaaS / Tech,United States,2025-05-23,SUB-23478,Growth,Monthly,1365.45,77,2025-05-23,,Active,,0.442,59,6,3734,0,6,5.1,0,3.9,0
CUST-13479,Blue Systems 331,Mid-Market,Cybersecurity,Germany,2025-05-23,SUB-23479,Scale,Annual,3308.2,49,2025-05-23,,Active,,0.76,67,4,30412,7,5,60.7,2,3.1,0
CUST-13480,Apex Logic 332,Mid-Market,Fintech,Canada,2025-05-23,SUB-23480,Scale,Annual,2800.2,75,2025-05-23,2025-11-12,Churned,Support / SLA Frustration,0.392,86,5,49864,3,4,69.5,0,1.3,1
CUST-13481,Cloud Hub 332,SMB,Fintech,United States,2025-05-23,SUB-23481,Starter,Monthly,701.61,19,2025-05-23,,Active,,1.0,77,2,4586,19,2,23.3,0,4.4,0
CUST-13482,Data Pay 332,Mid-Market,Cybersecurity,United Kingdom,2025-05-23,SUB-23482,Scale,Annual,2432.04,44,2025-05-23,,Active,,0.925,84,3,16151,6,7,4.5,0,4.7,0
CUST-13483,Nova Works 332,SMB,Cybersecurity,United States,2025-05-23,SUB-23483,Growth,Annual,345.93,10,2025-05-23,2025-06-28,Churned,Support / SLA Frustration,0.764,82,2,43354,1,4,106.2,2,1.4,1
CUST-13484,Pulse Security 332,SMB,SaaS / Tech,Canada,2025-05-23,SUB-23484,Starter,Monthly,351.86,23,2025-05-23,,Active,,0.756,63,7,146263,2,2,21.1,0,4.7,0
CUST-13485,Stratum Analytics 332,SMB,SaaS / Tech,Australia,2025-05-23,SUB-23485,Starter,Monthly,448.7,11,2025-05-23,,Active,,0.497,65,5,30229,1,6,86.8,2,1.2,0
CUST-13486,Sync Tech 332,Mid-Market,Fintech,United Kingdom,2025-05-23,SUB-23486,Growth,Annual,1653.75,46,2025-05-23,,Active,,0.936,65,3,18990,3,0,4.0,0,4.8,0
CUST-13487,Vanguard Sphere 332,Enterprise,E-Commerce,Canada,2025-05-24,SUB-23487,Scale,Annual,12929.48,254,2025-05-24,,Active,,0.631,73,4,23512,2,4,4.6,0,4.7,0
CUST-13488,Omni Labs 332,Enterprise,Fintech,United States,2025-05-24,SUB-23488,Enterprise Plus,Monthly,9590.86,285,2025-05-24,,Active,,0.604,79,4,27613,7,5,23.0,0,3.9,0
CUST-13489,Hyper Flow 332,Mid-Market,Fintech,United States,2025-05-24,SUB-23489,Growth,Annual,3007.81,41,2025-05-24,,Active,,0.345,83,5,28208,1,5,10.9,0,4.2,0
CUST-13490,Zenith Corp 332,Enterprise,Logistics & Supply Chain,Germany,2025-05-24,SUB-23490,Scale,Annual,15551.77,349,2025-05-24,2025-12-31,Churned,Support / SLA Frustration,1.0,70,4,16450,2,1,50.4,0,2.3,1
CUST-13491,Quantum Stack 332,SMB,Fintech,United States,2025-05-24,SUB-23491,Growth,Monthly,215.22,5,2025-05-24,2025-12-31,Churned,Support / SLA Frustration,0.458,97,6,89419,3,5,57.6,1,2.2,1
CUST-13492,Nexus AI 332,SMB,E-Commerce,United States,2025-05-24,SUB-23492,Starter,Monthly,444.81,7,2025-05-24,2025-12-31,Churned,Support / SLA Frustration,0.432,70,3,4559,1,5,48.6,2,1.3,1
CUST-13493,Vertex Scale 332,SMB,Cybersecurity,United States,2025-05-24,SUB-23493,Starter,Annual,656.04,23,2025-05-24,,Active,,0.712,87,7,40491,3,5,10.6,0,4.2,0
CUST-13494,Blue Systems 332,SMB,Fintech,Canada,2025-05-25,SUB-23494,Starter,Annual,176.61,22,2025-05-25,,Active,,0.427,66,2,37351,6,6,17.7,0,4.6,0
CUST-13495,Apex Logic 333,Mid-Market,Cybersecurity,United States,2025-05-25,SUB-23495,Scale,Annual,1780.39,52,2025-05-25,,Active,,0.631,52,5,28126,7,5,21.2,0,4.6,0
CUST-13496,Cloud Hub 333,SMB,Cybersecurity,India,2025-05-25,SUB-23496,Starter,Monthly,437.77,24,2025-05-25,,Active,,0.757,56,3,2539,3,6,2.2,0,4.5,0
CUST-13497,Data Pay 333,SMB,E-Commerce,United States,2025-05-25,SUB-23497,Starter,Monthly,330.72,12,2025-05-25,2025-12-22,Churned,Support / SLA Frustration,0.515,81,4,56168,0,4,79.2,1,1.6,1
CUST-13498,Nova Works 333,Mid-Market,Fintech,United States,2025-05-25,SUB-23498,Scale,Monthly,2976.98,83,2025-05-25,,Active,,0.74,31,4,15344,5,5,14.7,0,4.3,0
CUST-13499,Pulse Security 333,SMB,Healthcare,Canada,2025-05-25,SUB-23499,Growth,Monthly,596.87,20,2025-05-25,,Active,,0.599,63,5,25978,3,4,99.0,1,2.1,0
CUST-13500,Stratum Analytics 333,Mid-Market,Healthcare,United States,2025-05-25,SUB-23500,Growth,Annual,3103.19,86,2025-05-25,,Active,,1.0,50,3,14290,9,5,16.3,0,4.1,0
CUST-13501,Sync Tech 333,SMB,Healthcare,United Kingdom,2025-05-25,SUB-23501,Starter,Monthly,632.95,9,2025-05-25,,Active,,1.0,76,2,18077,6,3,15.9,0,4.0,0
CUST-13502,Vanguard Sphere 333,SMB,Healthcare,United States,2025-05-25,SUB-23502,Growth,Annual,178.62,16,2025-05-25,2025-11-11,Churned,Support / SLA Frustration,0.829,49,2,15428,6,4,82.8,2,1.5,1
CUST-13503,Omni Labs 333,Enterprise,Cybersecurity,United States,2025-05-26,SUB-23503,Enterprise Plus,Annual,15657.77,302,2025-05-26,,Active,,0.799,48,4,13948,7,3,3.8,0,5.0,0
CUST-13504,Hyper Flow 333,SMB,Fintech,United States,2025-05-26,SUB-23504,Growth,Monthly,671.43,20,2025-05-26,,Active,,0.645,84,6,26739,9,1,13.9,0,3.9,0
CUST-13505,Zenith Corp 333,SMB,SaaS / Tech,India,2025-05-26,SUB-23505,Growth,Annual,311.43,9,2025-05-26,,Active,,0.637,68,5,7188,7,3,4.1,0,4.5,0
CUST-13506,Quantum Stack 333,SMB,Fintech,United Kingdom,2025-05-26,SUB-23506,Growth,Annual,234.8,22,2025-05-26,,Active,,1.0,74,6,58574,8,3,8.0,0,4.5,0
CUST-13507,Nexus AI 333,Mid-Market,E-Commerce,Canada,2025-05-26,SUB-23507,Scale,Monthly,1304.13,54,2025-05-26,,Active,,0.711,78,6,16449,21,4,49.3,1,3.2,0
CUST-13508,Vertex Scale 333,SMB,Cybersecurity,United States,2025-05-26,SUB-23508,Starter,Annual,299.25,12,2025-05-26,,Active,,0.922,76,7,27683,7,1,21.5,0,4.9,0
CUST-13509,Blue Systems 333,Enterprise,Healthcare,United Kingdom,2025-05-26,SUB-23509,Scale,Annual,9672.83,118,2025-05-26,,Active,,0.764,27,3,7341,3,7,72.4,3,2.9,0
CUST-13510,Apex Logic 334,Mid-Market,Fintech,United States,2025-05-26,SUB-23510,Scale,Monthly,3319.97,61,2025-05-26,,Active,,0.613,40,2,14445,5,1,6.1,0,4.3,0
CUST-13511,Cloud Hub 334,Enterprise,SaaS / Tech,India,2025-05-26,SUB-23511,Enterprise Plus,Monthly,11943.25,277,2025-05-26,,Active,,0.753,43,3,6931,3,1,10.8,0,4.6,0
CUST-13512,Data Pay 334,SMB,SaaS / Tech,Canada,2025-05-27,SUB-23512,Starter,Monthly,475.92,23,2025-05-27,,Active,,0.546,52,5,1922,2,3,7.8,0,4.6,0
CUST-13513,Nova Works 334,SMB,SaaS / Tech,Canada,2025-05-27,SUB-23513,Starter,Monthly,657.91,24,2025-05-27,,Active,,0.794,53,4,29234,2,3,20.2,0,4.9,0
CUST-13514,Pulse Security 334,SMB,Healthcare,United States,2025-05-27,SUB-23514,Starter,Annual,622.03,20,2025-05-27,,Active,,0.37,54,5,39350,16,2,21.6,0,4.9,0
CUST-13515,Stratum Analytics 334,SMB,Healthcare,United Kingdom,2025-05-27,SUB-23515,Starter,Monthly,486.64,7,2025-05-27,,Active,,0.612,81,7,8002,6,5,20.5,0,3.9,0
CUST-13516,Sync Tech 334,Enterprise,Cybersecurity,United States,2025-05-28,SUB-23516,Enterprise Plus,Monthly,11337.18,415,2025-05-28,,Active,,0.446,64,5,53433,0,5,12.1,0,4.4,0
CUST-13517,Vanguard Sphere 334,Mid-Market,Cybersecurity,India,2025-05-28,SUB-23517,Growth,Monthly,3645.83,62,2025-05-28,,Active,,0.965,52,3,4427,1,5,13.7,0,4.7,0
CUST-13518,Omni Labs 334,Enterprise,E-Commerce,United States,2025-05-28,SUB-23518,Enterprise Plus,Annual,16869.53,170,2025-05-28,2025-08-27,Churned,Support / SLA Frustration,1.0,65,4,4792,0,1,108.9,1,2.6,1
CUST-13519,Hyper Flow 334,Mid-Market,Logistics & Supply Chain,United States,2025-05-28,SUB-23519,Growth,Annual,2340.3,65,2025-05-28,2025-12-31,Churned,Internal Restructuring,0.901,99,4,24700,5,4,16.5,0,4.8,1
CUST-13520,Zenith Corp 334,Mid-Market,E-Commerce,United States,2025-05-28,SUB-23520,Scale,Annual,2544.17,91,2025-05-28,,Active,,0.676,56,7,620,1,4,98.7,2,1.5,0
CUST-13521,Quantum Stack 334,Mid-Market,Healthcare,United States,2025-05-28,SUB-23521,Growth,Monthly,3095.77,49,2025-05-28,,Active,,0.947,68,5,30904,2,6,18.8,0,4.8,0
CUST-13522,Nexus AI 334,Mid-Market,Fintech,United States,2025-05-28,SUB-23522,Growth,Annual,1934.73,44,2025-05-28,2025-11-15,Churned,Support / SLA Frustration,0.304,89,3,15896,2,2,48.3,1,3.2,1
CUST-13523,Vertex Scale 334,Enterprise,Healthcare,Germany,2025-05-28,SUB-23523,Enterprise Plus,Annual,16062.45,178,2025-05-28,2025-12-31,Churned,Low Adoption & License Waste,0.336,82,2,12480,1,8,5.0,0,4.9,1
CUST-13524,Blue Systems 334,Mid-Market,E-Commerce,United Kingdom,2025-05-29,SUB-23524,Scale,Monthly,3245.21,54,2025-05-29,,Active,,0.878,86,4,8693,11,6,15.2,0,4.0,0
CUST-13525,Apex Logic 335,Enterprise,Fintech,Germany,2025-05-29,SUB-23525,Enterprise Plus,Annual,15161.83,439,2025-05-29,,Active,,0.916,86,2,5780,5,4,13.0,0,4.2,0
CUST-13526,Cloud Hub 335,SMB,Healthcare,Germany,2025-05-29,SUB-23526,Starter,Monthly,710.62,16,2025-05-29,,Active,,0.731,92,4,1067,2,7,2.9,0,3.9,0
CUST-13527,Data Pay 335,SMB,SaaS / Tech,United States,2025-05-29,SUB-23527,Starter,Monthly,465.61,21,2025-05-29,,Active,,0.697,72,5,20027,6,5,105.9,2,2.5,0
CUST-13528,Nova Works 335,SMB,SaaS / Tech,United Kingdom,2025-05-29,SUB-23528,Growth,Annual,502.42,14,2025-05-29,,Active,,0.589,63,3,16841,3,4,21.9,0,3.9,0
CUST-13529,Pulse Security 335,Mid-Market,E-Commerce,United States,2025-05-29,SUB-23529,Scale,Annual,1497.4,92,2025-05-29,,Active,,0.427,39,4,5585,2,5,5.5,0,4.0,0
CUST-13530,Stratum Analytics 335,Mid-Market,Cybersecurity,India,2025-05-29,SUB-23530,Growth,Monthly,1770.06,67,2025-05-29,2025-12-31,Churned,Support / SLA Frustration,0.237,61,1,5375,11,2,90.5,1,2.4,1
CUST-13531,Sync Tech 335,SMB,Fintech,United States,2025-05-29,SUB-23531,Starter,Monthly,734.23,7,2025-05-29,,Active,,0.855,97,4,52129,7,2,8.8,0,4.1,0
CUST-13532,Vanguard Sphere 335,Mid-Market,E-Commerce,United States,2025-05-29,SUB-23532,Growth,Annual,2730.04,55,2025-05-29,,Active,,0.586,57,4,18853,7,6,2.8,0,4.4,0
CUST-13533,Omni Labs 335,Mid-Market,SaaS / Tech,United States,2025-05-29,SUB-23533,Growth,Monthly,2106.63,50,2025-05-29,,Active,,0.404,63,7,27939,2,2,22.4,0,4.9,0
CUST-13534,Hyper Flow 335,Mid-Market,E-Commerce,United States,2025-05-29,SUB-23534,Growth,Annual,1190.64,36,2025-05-29,,Active,,0.879,90,4,49320,2,3,107.1,1,2.1,0
CUST-13535,Zenith Corp 335,Enterprise,Healthcare,United States,2025-05-29,SUB-23535,Scale,Annual,10169.46,349,2025-05-29,,Active,,0.712,75,3,17161,0,2,9.6,0,4.4,0
CUST-13536,Quantum Stack 335,Mid-Market,Fintech,United States,2025-05-29,SUB-23536,Scale,Annual,3570.78,86,2025-05-29,,Active,,0.627,96,5,3132,5,3,59.4,1,2.2,0
CUST-13537,Nexus AI 335,Mid-Market,Logistics & Supply Chain,Canada,2025-05-30,SUB-23537,Scale,Annual,2827.92,37,2025-05-30,,Active,,0.877,81,1,2817,5,2,22.2,0,4.1,0
CUST-13538,Vertex Scale 335,SMB,E-Commerce,Germany,2025-05-30,SUB-23538,Growth,Annual,325.37,14,2025-05-30,,Active,,0.504,58,4,13638,14,7,70.8,3,3.1,0
CUST-13539,Blue Systems 335,Enterprise,Logistics & Supply Chain,United States,2025-05-30,SUB-23539,Enterprise Plus,Annual,5878.3,268,2025-05-30,,Active,,0.695,65,2,21751,1,7,3.1,0,4.1,0
CUST-13540,Apex Logic 336,Mid-Market,E-Commerce,United States,2025-05-30,SUB-23540,Scale,Monthly,2613.27,67,2025-05-30,,Active,,0.839,62,5,4182,6,6,4.8,0,4.2,0
CUST-13541,Cloud Hub 336,SMB,SaaS / Tech,Germany,2025-05-30,SUB-23541,Starter,Annual,279.16,14,2025-05-30,,Active,,0.39,49,3,3814,0,3,13.9,0,4.6,0
CUST-13542,Data Pay 336,Enterprise,Logistics & Supply Chain,United States,2025-05-30,SUB-23542,Enterprise Plus,Annual,6201.82,275,2025-05-30,,Active,,0.682,76,5,31277,5,6,17.3,0,4.4,0
CUST-13543,Nova Works 336,Mid-Market,SaaS / Tech,India,2025-05-30,SUB-23543,Growth,Monthly,1382.85,61,2025-05-30,,Active,,0.636,65,4,8149,0,5,11.4,0,4.5,0
CUST-13544,Pulse Security 336,SMB,Healthcare,United States,2025-05-30,SUB-23544,Starter,Annual,167.9,16,2025-05-30,,Active,,0.975,93,4,10587,11,5,19.8,0,4.6,0
CUST-13545,Stratum Analytics 336,Mid-Market,E-Commerce,United Kingdom,2025-05-30,SUB-23545,Growth,Monthly,3085.15,49,2025-05-30,,Active,,0.808,41,5,33045,8,1,10.5,0,4.1,0
CUST-13546,Sync Tech 336,Enterprise,Logistics & Supply Chain,United Kingdom,2025-05-30,SUB-23546,Enterprise Plus,Monthly,10859.97,498,2025-05-30,,Active,,0.618,98,4,39401,14,5,2.1,0,4.3,0
CUST-13547,Vanguard Sphere 336,Mid-Market,Healthcare,United Kingdom,2025-05-30,SUB-23547,Growth,Monthly,2792.59,90,2025-05-30,,Active,,0.448,36,4,3662,9,4,11.8,0,4.6,0
CUST-13548,Omni Labs 336,Mid-Market,Healthcare,Germany,2025-05-31,SUB-23548,Growth,Annual,1283.32,94,2025-05-31,,Active,,1.0,76,2,66649,1,2,23.8,0,4.9,0
CUST-13549,Hyper Flow 336,SMB,Fintech,United States,2025-05-31,SUB-23549,Starter,Monthly,305.48,7,2025-05-31,,Active,,0.201,72,6,16731,7,1,15.6,0,4.7,0
CUST-13550,Zenith Corp 336,SMB,Cybersecurity,United States,2025-05-31,SUB-23550,Starter,Monthly,652.5,12,2025-05-31,,Active,,1.0,40,3,8057,6,4,19.6,0,4.7,0
CUST-13551,Quantum Stack 336,Enterprise,Fintech,United Kingdom,2025-05-31,SUB-23551,Enterprise Plus,Annual,13862.8,394,2025-05-31,,Active,,0.477,76,2,15608,7,2,81.3,1,2.2,0
CUST-13552,Nexus AI 336,SMB,E-Commerce,Germany,2025-05-31,SUB-23552,Starter,Annual,350.1,5,2025-05-31,,Active,,0.783,32,2,33168,9,2,5.9,0,3.9,0
CUST-13553,Vertex Scale 336,SMB,Healthcare,United States,2025-05-31,SUB-23553,Growth,Monthly,583.29,19,2025-05-31,2025-08-13,Churned,Support / SLA Frustration,0.53,89,2,5418,9,1,50.7,1,1.6,1
CUST-13554,Blue Systems 336,Enterprise,Healthcare,Germany,2025-05-31,SUB-23554,Scale,Annual,15328.41,323,2025-05-31,,Active,,0.522,57,4,26285,9,5,12.1,0,4.1,0
CUST-13555,Apex Logic 337,SMB,SaaS / Tech,United States,2025-05-31,SUB-23555,Starter,Monthly,377.94,7,2025-05-31,,Active,,0.845,80,7,12114,15,2,16.6,0,3.8,0
CUST-13556,Cloud Hub 337,Mid-Market,Fintech,United States,2025-05-31,SUB-23556,Scale,Annual,3298.08,57,2025-05-31,,Active,,0.828,100,3,15136,9,1,7.5,0,4.6,0
CUST-13557,Data Pay 337,Mid-Market,E-Commerce,Canada,2025-05-31,SUB-23557,Growth,Annual,3057.37,68,2025-05-31,2025-12-31,Churned,Internal Restructuring,0.605,83,6,122820,21,2,22.8,0,4.2,1
CUST-13558,Nova Works 337,Enterprise,SaaS / Tech,United States,2025-06-01,SUB-23558,Enterprise Plus,Annual,11920.12,195,2025-06-01,,Active,,0.424,59,6,15838,2,3,7.0,0,4.6,0
CUST-13559,Pulse Security 337,Mid-Market,Logistics & Supply Chain,United Kingdom,2025-06-01,SUB-23559,Growth,Annual,2026.43,62,2025-06-01,,Active,,0.672,83,6,87101,4,4,13.9,0,4.4,0
CUST-13560,Stratum Analytics 337,Mid-Market,Fintech,United States,2025-06-01,SUB-23560,Growth,Annual,2017.93,46,2025-06-01,,Active,,0.619,86,6,80135,2,5,106.0,2,1.9,0
CUST-13561,Sync Tech 337,SMB,Logistics & Supply Chain,United States,2025-06-01,SUB-23561,Growth,Annual,525.06,8,2025-06-01,,Active,,0.869,87,4,28430,12,2,6.0,0,4.3,0
CUST-13562,Vanguard Sphere 337,Enterprise,SaaS / Tech,United Kingdom,2025-06-01,SUB-23562,Enterprise Plus,Monthly,9919.95,429,2025-06-01,2025-12-31,Churned,Support / SLA Frustration,1.0,82,3,11768,18,4,68.1,2,1.6,1
CUST-13563,Omni Labs 337,Mid-Market,Logistics & Supply Chain,United Kingdom,2025-06-01,SUB-23563,Growth,Annual,1816.05,50,2025-06-01,,Active,,1.0,40,4,16477,4,3,7.9,0,3.9,0
CUST-13564,Hyper Flow 337,Mid-Market,E-Commerce,United States,2025-06-01,SUB-23564,Growth,Annual,2092.32,78,2025-06-01,2025-10-11,Churned,Low Adoption & License Waste,0.108,83,4,11504,3,2,22.9,0,4.8,1
CUST-13565,Zenith Corp 337,SMB,E-Commerce,United States,2025-06-01,SUB-23565,Starter,Annual,428.5,13,2025-06-01,,Active,,0.848,51,6,5559,1,3,4.4,0,4.8,0
CUST-13566,Quantum Stack 337,SMB,Cybersecurity,United States,2025-06-01,SUB-23566,Starter,Annual,441.25,9,2025-06-01,2025-12-31,Churned,Support / SLA Frustration,0.122,31,6,97299,2,4,86.5,1,2.0,1
CUST-13567,Nexus AI 337,SMB,Logistics & Supply Chain,United States,2025-06-02,SUB-23567,Growth,Annual,132.68,13,2025-06-02,,Active,,0.643,87,3,15436,1,3,4.9,0,4.4,0
CUST-13568,Vertex Scale 337,SMB,Healthcare,Australia,2025-06-02,SUB-23568,Growth,Monthly,343.04,5,2025-06-02,,Active,,0.574,51,3,5006,2,1,116.0,1,3.1,0
CUST-13569,Blue Systems 337,SMB,Healthcare,Germany,2025-06-02,SUB-23569,Starter,Annual,528.09,16,2025-06-02,,Active,,0.67,100,5,9698,18,3,10.6,0,4.2,0
CUST-13570,Apex Logic 338,Mid-Market,Healthcare,United States,2025-06-02,SUB-23570,Growth,Annual,3089.56,68,2025-06-02,2025-10-15,Churned,Support / SLA Frustration,0.846,78,2,19808,3,3,103.5,0,2.5,1
CUST-13571,Cloud Hub 338,SMB,Healthcare,United States,2025-06-02,SUB-23571,Growth,Monthly,531.3,7,2025-06-02,2025-12-31,Churned,Support / SLA Frustration,0.363,59,5,56233,5,1,80.8,1,1.4,1
CUST-13572,Data Pay 338,SMB,Healthcare,India,2025-06-02,SUB-23572,Starter,Monthly,640.12,11,2025-06-02,,Active,,0.686,41,2,13044,2,6,19.5,0,4.2,0
CUST-13573,Nova Works 338,SMB,Healthcare,United Kingdom,2025-06-02,SUB-23573,Growth,Monthly,339.67,22,2025-06-02,,Active,,0.623,44,3,24021,0,4,2.6,0,3.8,0
CUST-13574,Pulse Security 338,SMB,Logistics & Supply Chain,United Kingdom,2025-06-02,SUB-23574,Starter,Monthly,432.25,14,2025-06-02,2025-07-05,Churned,Support / SLA Frustration,0.888,63,2,2260,5,4,87.6,2,1.9,1
CUST-13575,Stratum Analytics 338,Mid-Market,Fintech,Canada,2025-06-02,SUB-23575,Scale,Annual,1006.22,90,2025-06-02,2025-09-22,Churned,Low Adoption & License Waste,0.249,64,5,12991,5,5,8.8,0,4.5,1
CUST-13576,Sync Tech 338,Mid-Market,SaaS / Tech,United States,2025-06-03,SUB-23576,Scale,Annual,1437.81,75,2025-06-03,,Active,,0.477,66,2,11092,7,1,22.2,0,4.7,0
CUST-13577,Vanguard Sphere 338,Mid-Market,Fintech,United States,2025-06-03,SUB-23577,Growth,Annual,1149.0,69,2025-06-03,,Active,,0.372,41,2,10218,9,3,13.6,0,4.6,0
CUST-13578,Omni Labs 338,SMB,Healthcare,Australia,2025-06-03,SUB-23578,Starter,Monthly,544.12,14,2025-06-03,2025-11-16,Churned,Low Adoption & License Waste,0.395,51,4,7183,23,2,12.2,0,4.9,1
CUST-13579,Hyper Flow 338,Mid-Market,Fintech,United Kingdom,2025-06-03,SUB-23579,Growth,Annual,1808.55,59,2025-06-03,,Active,,0.896,84,3,26713,3,1,5.4,0,4.6,0
CUST-13580,Zenith Corp 338,Mid-Market,Healthcare,United States,2025-06-03,SUB-23580,Scale,Annual,2962.09,78,2025-06-03,2025-12-31,Churned,Support / SLA Frustration,0.919,62,0,11433,1,2,96.5,1,2.9,1
CUST-13581,Quantum Stack 338,SMB,SaaS / Tech,United States,2025-06-03,SUB-23581,Starter,Monthly,650.65,20,2025-06-03,,Active,,0.599,48,4,2183,4,8,16.5,0,4.0,0
CUST-13582,Nexus AI 338,Mid-Market,Logistics & Supply Chain,United States,2025-06-03,SUB-23582,Scale,Annual,3529.81,31,2025-06-03,,Active,,0.419,64,3,5871,8,3,16.1,0,4.5,0
CUST-13583,Vertex Scale 338,SMB,Fintech,Canada,2025-06-03,SUB-23583,Starter,Monthly,397.75,17,2025-06-03,2025-12-31,Churned,Support / SLA Frustration,0.283,62,4,130825,3,5,112.4,2,2.7,1
CUST-13584,Blue Systems 338,Mid-Market,E-Commerce,United States,2025-06-03,SUB-23584,Growth,Monthly,2500.12,92,2025-06-03,,Active,,0.413,74,3,33495,6,2,15.9,0,4.6,0
CUST-13585,Apex Logic 339,Mid-Market,E-Commerce,United States,2025-06-03,SUB-23585,Growth,Monthly,2096.13,62,2025-06-03,,Active,,0.939,49,6,70350,4,2,18.4,0,4.8,0
CUST-13586,Cloud Hub 339,Mid-Market,Logistics & Supply Chain,India,2025-06-04,SUB-23586,Scale,Annual,1494.21,77,2025-06-04,2025-12-31,Churned,Support / SLA Frustration,0.848,77,2,6901,5,5,107.2,1,2.9,1
CUST-13587,Data Pay 339,SMB,SaaS / Tech,United States,2025-06-04,SUB-23587,Starter,Annual,424.93,14,2025-06-04,2025-12-31,Churned,Support / SLA Frustration,0.91,58,2,25268,2,3,87.2,2,1.7,1
CUST-13588,Nova Works 339,Enterprise,E-Commerce,United States,2025-06-04,SUB-23588,Enterprise Plus,Annual,12421.26,342,2025-06-04,2025-12-31,Churned,Low Adoption & License Waste,0.375,41,7,38621,6,2,12.7,0,4.4,1
CUST-13589,Pulse Security 339,Mid-Market,SaaS / Tech,United States,2025-06-04,SUB-23589,Scale,Monthly,2176.55,50,2025-06-04,,Active,,0.601,83,4,83517,3,3,7.9,0,3.8,0
CUST-13590,Stratum Analytics 339,SMB,Logistics & Supply Chain,United States,2025-06-04,SUB-23590,Starter,Monthly,163.15,21,2025-06-04,,Active,,0.651,81,4,15529,7,2,9.6,0,3.9,0
CUST-13591,Sync Tech 339,Mid-Market,Fintech,United States,2025-06-04,SUB-23591,Scale,Annual,1652.96,33,2025-06-04,,Active,,0.668,68,5,33651,13,7,9.7,0,4.5,0
CUST-13592,Vanguard Sphere 339,SMB,Healthcare,India,2025-06-04,SUB-23592,Growth,Monthly,287.76,17,2025-06-04,2025-09-02,Churned,Support / SLA Frustration,0.425,71,4,36023,6,2,104.2,1,2.2,1
CUST-13593,Omni Labs 339,SMB,Cybersecurity,Germany,2025-06-05,SUB-23593,Starter,Annual,133.36,16,2025-06-05,,Active,,0.951,47,2,46189,5,3,17.4,0,4.5,0
CUST-13594,Hyper Flow 339,Mid-Market,SaaS / Tech,United States,2025-06-05,SUB-23594,Growth,Annual,1204.07,48,2025-06-05,,Active,,0.656,53,1,1516,2,3,11.4,0,4.7,0
CUST-13595,Zenith Corp 339,SMB,E-Commerce,United States,2025-06-05,SUB-23595,Starter,Annual,679.18,10,2025-06-05,,Active,,0.78,86,4,60248,4,2,8.9,0,4.6,0
CUST-13596,Quantum Stack 339,Mid-Market,E-Commerce,United Kingdom,2025-06-05,SUB-23596,Growth,Annual,1636.04,30,2025-06-05,2025-11-21,Churned,Support / SLA Frustration,1.0,59,3,564,0,4,102.6,1,1.7,1
CUST-13597,Nexus AI 339,SMB,Healthcare,United States,2025-06-05,SUB-23597,Starter,Monthly,553.71,22,2025-06-05,2025-11-23,Churned,Support / SLA Frustration,0.482,77,2,6477,0,5,84.0,2,2.2,1
CUST-13598,Vertex Scale 339,Mid-Market,E-Commerce,United States,2025-06-05,SUB-23598,Growth,Annual,1564.84,79,2025-06-05,,Active,,1.0,91,2,102633,0,3,9.1,0,4.0,0
CUST-13599,Blue Systems 339,SMB,SaaS / Tech,India,2025-06-05,SUB-23599,Growth,Monthly,142.23,11,2025-06-05,2025-08-14,Churned,Competitor Alternative,1.0,43,4,10487,0,5,10.7,0,4.9,1
CUST-13600,Apex Logic 340,Enterprise,Healthcare,United States,2025-06-05,SUB-23600,Scale,Annual,5573.46,210,2025-06-05,,Active,,0.484,100,4,10096,2,4,15.8,0,4.8,0
CUST-13601,Cloud Hub 340,SMB,SaaS / Tech,United States,2025-06-05,SUB-23601,Starter,Monthly,375.11,20,2025-06-05,,Active,,0.75,59,5,73805,0,1,11.7,0,4.2,0
CUST-13602,Data Pay 340,Mid-Market,Logistics & Supply Chain,United States,2025-06-05,SUB-23602,Growth,Annual,2717.11,67,2025-06-05,,Active,,0.673,87,4,51514,14,4,22.2,0,4.5,0
CUST-13603,Nova Works 340,Mid-Market,Fintech,United States,2025-06-05,SUB-23603,Growth,Monthly,1854.27,52,2025-06-05,,Active,,0.701,78,4,29603,10,6,8.1,0,4.0,0
CUST-13604,Pulse Security 340,Mid-Market,E-Commerce,United States,2025-06-05,SUB-23604,Growth,Annual,2516.62,54,2025-06-05,,Active,,0.9,82,6,14814,7,5,52.1,5,3.0,0
CUST-13605,Stratum Analytics 340,Mid-Market,Healthcare,United States,2025-06-06,SUB-23605,Growth,Monthly,1794.22,77,2025-06-06,,Active,,0.882,84,2,19045,13,3,6.9,0,3.9,0
CUST-13606,Sync Tech 340,SMB,SaaS / Tech,United States,2025-06-06,SUB-23606,Starter,Monthly,268.64,20,2025-06-06,,Active,,0.906,100,5,1891,13,3,117.7,1,2.0,0
CUST-13607,Vanguard Sphere 340,Mid-Market,Fintech,Canada,2025-06-06,SUB-23607,Scale,Annual,1074.56,94,2025-06-06,,Active,,0.609,46,5,58824,2,8,5.2,0,4.5,0
CUST-13608,Omni Labs 340,SMB,E-Commerce,United States,2025-06-06,SUB-23608,Growth,Monthly,430.82,21,2025-06-06,,Active,,0.589,49,4,2650,4,2,19.6,0,4.6,0
CUST-13609,Hyper Flow 340,SMB,Logistics & Supply Chain,United States,2025-06-06,SUB-23609,Starter,Monthly,419.87,19,2025-06-06,,Active,,0.81,100,4,20059,3,3,7.3,0,4.7,0
CUST-13610,Zenith Corp 340,SMB,Healthcare,United Kingdom,2025-06-07,SUB-23610,Starter,Monthly,470.74,21,2025-06-07,2025-11-03,Churned,Switched Tool,0.698,64,4,21213,7,2,21.5,0,4.6,1
CUST-13611,Quantum Stack 340,Enterprise,Cybersecurity,India,2025-06-07,SUB-23611,Enterprise Plus,Monthly,16478.19,263,2025-06-07,,Active,,0.659,73,4,22604,6,6,9.1,0,4.0,0
CUST-13612,Nexus AI 340,Mid-Market,Cybersecurity,United States,2025-06-07,SUB-23612,Growth,Monthly,3433.86,30,2025-06-07,,Active,,0.918,73,6,4691,12,3,2.1,0,3.8,0
CUST-13613,Vertex Scale 340,SMB,Fintech,United States,2025-06-07,SUB-23613,Starter,Annual,137.01,18,2025-06-07,2025-12-31,Churned,Support / SLA Frustration,0.787,60,5,18638,6,2,98.4,0,2.2,1
CUST-13614,Blue Systems 340,Mid-Market,Fintech,United States,2025-06-07,SUB-23614,Scale,Monthly,3391.75,31,2025-06-07,,Active,,0.979,91,5,15781,3,6,103.8,3,2.5,0
CUST-13615,Apex Logic 341,Enterprise,Cybersecurity,Canada,2025-06-07,SUB-23615,Scale,Monthly,11294.24,209,2025-06-07,2025-09-23,Churned,Support / SLA Frustration,1.0,100,3,33345,4,3,84.1,2,3.2,1
CUST-13616,Cloud Hub 341,SMB,Cybersecurity,United States,2025-06-07,SUB-23616,Growth,Monthly,554.45,20,2025-06-07,,Active,,0.744,100,3,39095,4,7,3.8,0,4.4,0
CUST-13617,Data Pay 341,SMB,Fintech,United States,2025-06-07,SUB-23617,Starter,Monthly,664.4,17,2025-06-07,2025-12-31,Churned,Competitor Alternative,0.835,62,2,2491,9,2,23.3,0,4.4,1
CUST-13618,Nova Works 341,SMB,Fintech,United States,2025-06-08,SUB-23618,Starter,Monthly,552.09,9,2025-06-08,2025-12-28,Churned,Support / SLA Frustration,0.597,59,3,28517,6,6,117.5,2,2.0,1
CUST-13619,Pulse Security 341,Mid-Market,Fintech,United States,2025-06-08,SUB-23619,Scale,Annual,1780.71,75,2025-06-08,,Active,,0.548,75,3,11233,3,5,18.7,0,3.9,0
CUST-13620,Stratum Analytics 341,SMB,Cybersecurity,United States,2025-06-08,SUB-23620,Starter,Annual,673.83,18,2025-06-08,,Active,,0.784,54,6,14431,0,3,65.0,2,2.3,0
CUST-13621,Sync Tech 341,Mid-Market,Fintech,United States,2025-06-08,SUB-23621,Growth,Annual,1890.09,68,2025-06-08,2025-12-10,Churned,Low Adoption & License Waste,0.397,77,7,14739,1,4,10.3,0,4.3,1
CUST-13622,Vanguard Sphere 341,Mid-Market,E-Commerce,Germany,2025-06-08,SUB-23622,Growth,Annual,2086.03,60,2025-06-08,2025-12-31,Churned,Low Adoption & License Waste,0.386,83,3,37986,0,5,15.8,0,3.9,1
CUST-13623,Omni Labs 341,SMB,Logistics & Supply Chain,United Kingdom,2025-06-09,SUB-23623,Starter,Annual,727.39,24,2025-06-09,,Active,,0.677,64,2,2480,4,6,17.1,0,4.2,0
CUST-13624,Hyper Flow 341,Mid-Market,Fintech,United States,2025-06-09,SUB-23624,Growth,Monthly,2801.8,33,2025-06-09,,Active,,0.879,69,2,20281,4,3,15.6,0,4.5,0
CUST-13625,Zenith Corp 341,Mid-Market,E-Commerce,United States,2025-06-09,SUB-23625,Growth,Annual,2627.75,68,2025-06-09,,Active,,1.0,61,3,35436,6,4,20.0,0,3.9,0
CUST-13626,Quantum Stack 341,Enterprise,Healthcare,United States,2025-06-09,SUB-23626,Enterprise Plus,Annual,16067.44,456,2025-06-09,2025-12-13,Churned,Support / SLA Frustration,0.743,25,2,7580,2,3,68.1,2,2.2,1
CUST-13627,Nexus AI 341,SMB,Logistics & Supply Chain,United States,2025-06-09,SUB-23627,Growth,Monthly,255.46,16,2025-06-09,,Active,,0.793,62,0,58604,0,5,4.4,0,4.2,0
CUST-13628,Vertex Scale 341,SMB,Healthcare,India,2025-06-10,SUB-23628,Starter,Monthly,654.45,24,2025-06-10,,Active,,0.567,59,4,1043,2,3,4.3,0,4.7,0
CUST-13629,Blue Systems 341,SMB,SaaS / Tech,Australia,2025-06-10,SUB-23629,Starter,Monthly,651.02,5,2025-06-10,,Active,,0.82,75,5,6380,3,4,18.7,0,4.4,0
CUST-13630,Apex Logic 342,SMB,SaaS / Tech,United States,2025-06-10,SUB-23630,Starter,Monthly,581.18,13,2025-06-10,,Active,,0.71,50,2,116610,0,1,17.3,0,4.9,0
CUST-13631,Cloud Hub 342,Mid-Market,Fintech,United States,2025-06-10,SUB-23631,Scale,Annual,2738.15,72,2025-06-10,,Active,,0.827,39,5,54025,0,0,4.0,0,4.4,0
CUST-13632,Data Pay 342,Mid-Market,Fintech,United States,2025-06-10,SUB-23632,Growth,Annual,3556.42,38,2025-06-10,,Active,,0.416,62,3,5666,7,4,7.0,0,3.9,0
CUST-13633,Nova Works 342,Mid-Market,Healthcare,United Kingdom,2025-06-10,SUB-23633,Growth,Annual,1167.37,92,2025-06-10,,Active,,0.95,64,6,12404,6,2,8.0,0,3.8,0
CUST-13634,Pulse Security 342,Enterprise,Healthcare,United Kingdom,2025-06-10,SUB-23634,Scale,Annual,9087.06,421,2025-06-10,,Active,,0.99,92,4,6502,2,8,13.1,0,4.8,0
CUST-13635,Stratum Analytics 342,Mid-Market,Logistics & Supply Chain,Germany,2025-06-10,SUB-23635,Growth,Annual,3753.23,29,2025-06-10,,Active,,0.68,74,4,44560,10,3,16.5,0,4.7,0
CUST-13636,Sync Tech 342,SMB,Logistics & Supply Chain,Canada,2025-06-10,SUB-23636,Starter,Monthly,555.3,19,2025-06-10,2025-12-31,Churned,Support / SLA Frustration,1.0,91,5,35131,4,1,64.1,1,2.5,1
CUST-13637,Vanguard Sphere 342,Enterprise,E-Commerce,United States,2025-06-11,SUB-23637,Scale,Annual,4987.49,496,2025-06-11,2025-11-04,Churned,Low Adoption & License Waste,0.23,59,7,32004,13,4,4.1,0,4.7,1
CUST-13638,Omni Labs 342,Mid-Market,E-Commerce,United Kingdom,2025-06-11,SUB-23638,Scale,Annual,1743.85,35,2025-06-11,,Active,,0.482,98,3,21752,2,4,6.8,0,4.3,0
CUST-13639,Hyper Flow 342,Mid-Market,E-Commerce,Canada,2025-06-11,SUB-23639,Growth,Annual,3070.02,89,2025-06-11,2025-08-16,Churned,Support / SLA Frustration,0.576,79,4,35998,9,1,85.6,1,2.8,1
CUST-13640,Zenith Corp 342,Mid-Market,Logistics & Supply Chain,United Kingdom,2025-06-11,SUB-23640,Scale,Monthly,3121.11,80,2025-06-11,2025-07-25,Churned,Leadership Transition,0.62,52,1,19910,1,3,3.8,0,4.9,1
CUST-13641,Quantum Stack 342,SMB,Healthcare,United States,2025-06-11,SUB-23641,Starter,Monthly,298.15,18,2025-06-11,,Active,,0.661,64,3,9256,7,3,13.3,0,4.3,0
CUST-13642,Nexus AI 342,Mid-Market,Healthcare,United Kingdom,2025-06-11,SUB-23642,Scale,Monthly,3546.33,26,2025-06-11,,Active,,0.293,63,3,27643,0,3,22.9,0,4.3,0
CUST-13643,Vertex Scale 342,Mid-Market,Healthcare,United Kingdom,2025-06-11,SUB-23643,Scale,Monthly,2729.88,95,2025-06-11,,Active,,0.727,48,2,16177,18,4,11.1,0,4.3,0
CUST-13644,Blue Systems 342,SMB,E-Commerce,United Kingdom,2025-06-11,SUB-23644,Starter,Annual,255.9,16,2025-06-11,,Active,,0.439,48,3,5523,0,1,10.8,0,3.9,0
CUST-13645,Apex Logic 343,Mid-Market,Healthcare,United Kingdom,2025-06-11,SUB-23645,Scale,Annual,2652.73,82,2025-06-11,2025-12-31,Churned,Support / SLA Frustration,0.449,49,5,794,9,1,62.8,0,1.4,1
CUST-13646,Cloud Hub 343,Mid-Market,Healthcare,Canada,2025-06-11,SUB-23646,Growth,Annual,1961.77,45,2025-06-11,,Active,,0.476,92,4,5501,16,1,2.7,0,4.7,0
CUST-13647,Data Pay 343,Mid-Market,Fintech,United Kingdom,2025-06-12,SUB-23647,Growth,Annual,1278.94,70,2025-06-12,,Active,,0.555,78,4,11320,4,5,23.9,0,3.9,0
CUST-13648,Nova Works 343,SMB,SaaS / Tech,United Kingdom,2025-06-12,SUB-23648,Starter,Monthly,455.38,24,2025-06-12,2025-12-31,Churned,Support / SLA Frustration,0.814,57,4,12925,5,2,100.9,0,1.2,1
CUST-13649,Pulse Security 343,SMB,Fintech,Canada,2025-06-12,SUB-23649,Growth,Monthly,364.94,22,2025-06-12,,Active,,0.681,100,5,6212,4,5,5.8,0,4.0,0
CUST-13650,Stratum Analytics 343,SMB,Fintech,United States,2025-06-12,SUB-23650,Growth,Monthly,187.15,18,2025-06-12,,Active,,0.332,56,5,74841,1,2,12.1,0,4.5,0
CUST-13651,Sync Tech 343,Mid-Market,Healthcare,United States,2025-06-12,SUB-23651,Growth,Annual,2351.06,75,2025-06-12,,Active,,0.699,79,2,51493,4,6,2.9,0,4.8,0
CUST-13652,Vanguard Sphere 343,SMB,Fintech,United States,2025-06-12,SUB-23652,Growth,Monthly,542.99,11,2025-06-12,,Active,,1.0,42,3,45191,0,4,17.9,0,4.2,0
CUST-13653,Omni Labs 343,Mid-Market,E-Commerce,United Kingdom,2025-06-12,SUB-23653,Scale,Annual,3385.1,54,2025-06-12,,Active,,0.625,55,5,16998,4,3,2.8,0,4.5,0
CUST-13654,Hyper Flow 343,Enterprise,Healthcare,United Kingdom,2025-06-12,SUB-23654,Enterprise Plus,Annual,15450.16,481,2025-06-12,,Active,,0.793,73,5,11193,4,5,19.2,0,4.8,0
CUST-13655,Zenith Corp 343,Mid-Market,Healthcare,Australia,2025-06-12,SUB-23655,Growth,Annual,2947.19,92,2025-06-12,,Active,,0.993,39,2,2999,0,9,7.9,0,4.5,0
CUST-13656,Quantum Stack 343,Mid-Market,E-Commerce,United States,2025-06-12,SUB-23656,Growth,Annual,1969.15,66,2025-06-12,,Active,,0.535,65,4,6391,0,7,10.6,0,5.0,0
CUST-13657,Nexus AI 343,SMB,Fintech,United States,2025-06-12,SUB-23657,Starter,Annual,143.3,18,2025-06-12,,Active,,0.299,35,1,62308,0,2,21.8,0,3.8,0
CUST-13658,Vertex Scale 343,SMB,Fintech,United States,2025-06-12,SUB-23658,Growth,Monthly,550.46,21,2025-06-12,,Active,,0.358,87,4,14462,2,3,19.8,0,5.0,0
CUST-13659,Blue Systems 343,SMB,Logistics & Supply Chain,United States,2025-06-12,SUB-23659,Starter,Monthly,158.18,19,2025-06-12,,Active,,0.49,80,5,4525,1,6,15.9,0,4.5,0
CUST-13660,Apex Logic 344,SMB,Healthcare,Canada,2025-06-12,SUB-23660,Growth,Monthly,456.7,20,2025-06-12,,Active,,0.31,52,5,23864,6,4,9.3,0,4.0,0
CUST-13661,Cloud Hub 344,SMB,Healthcare,United States,2025-06-13,SUB-23661,Growth,Annual,619.75,10,2025-06-13,2025-10-17,Churned,Support / SLA Frustration,0.552,58,4,20090,5,7,62.8,3,2.9,1
CUST-13662,Data Pay 344,Enterprise,Fintech,United Kingdom,2025-06-13,SUB-23662,Enterprise Plus,Annual,6905.95,388,2025-06-13,,Active,,0.715,71,4,12179,1,3,7.2,0,4.4,0
CUST-13663,Nova Works 344,Enterprise,E-Commerce,Canada,2025-06-13,SUB-23663,Scale,Annual,11998.8,433,2025-06-13,,Active,,0.696,39,5,64341,3,2,4.8,0,4.9,0
CUST-13664,Pulse Security 344,SMB,E-Commerce,United States,2025-06-13,SUB-23664,Starter,Monthly,629.01,16,2025-06-13,,Active,,0.42,96,6,6760,0,1,15.1,0,4.0,0
CUST-13665,Stratum Analytics 344,Mid-Market,E-Commerce,Germany,2025-06-13,SUB-23665,Scale,Annual,1964.69,44,2025-06-13,,Active,,0.354,39,4,6654,10,2,16.2,0,4.8,0
CUST-13666,Sync Tech 344,SMB,SaaS / Tech,United States,2025-06-13,SUB-23666,Starter,Monthly,343.59,19,2025-06-13,2025-11-27,Churned,Low Adoption & License Waste,0.323,83,3,20711,7,4,3.9,0,4.2,1
CUST-13667,Vanguard Sphere 344,Mid-Market,Fintech,United States,2025-06-14,SUB-23667,Growth,Monthly,1321.68,29,2025-06-14,,Active,,0.549,51,2,32356,8,8,4.1,0,4.7,0
CUST-13668,Omni Labs 344,Enterprise,Healthcare,India,2025-06-14,SUB-23668,Enterprise Plus,Annual,15134.21,302,2025-06-14,,Active,,0.589,42,5,4933,2,4,12.3,0,4.1,0
CUST-13669,Hyper Flow 344,Mid-Market,Logistics & Supply Chain,Germany,2025-06-14,SUB-23669,Growth,Annual,1987.42,57,2025-06-14,,Active,,0.831,68,5,32265,0,4,7.7,0,4.6,0
CUST-13670,Zenith Corp 344,Mid-Market,Cybersecurity,United States,2025-06-14,SUB-23670,Growth,Annual,2364.64,36,2025-06-14,,Active,,0.779,90,3,2666,9,3,22.0,0,4.8,0
CUST-13671,Quantum Stack 344,Enterprise,Fintech,United States,2025-06-14,SUB-23671,Enterprise Plus,Annual,5821.65,194,2025-06-14,2025-08-25,Churned,Support / SLA Frustration,0.449,66,7,15537,3,6,58.1,3,2.6,1
CUST-13672,Nexus AI 344,SMB,E-Commerce,United States,2025-06-14,SUB-23672,Starter,Annual,209.26,11,2025-06-14,2025-12-31,Churned,Switched Tool,0.676,60,4,82331,1,6,13.4,0,4.2,1
CUST-13673,Vertex Scale 344,Enterprise,Fintech,United States,2025-06-15,SUB-23673,Enterprise Plus,Annual,15883.95,177,2025-06-15,,Active,,0.646,88,4,13839,4,1,9.8,0,4.4,0
CUST-13674,Blue Systems 344,SMB,Fintech,Australia,2025-06-15,SUB-23674,Starter,Monthly,626.91,24,2025-06-15,,Active,,0.584,51,0,1475,3,2,6.7,0,5.0,0
CUST-13675,Apex Logic 345,Mid-Market,Healthcare,United Kingdom,2025-06-15,SUB-23675,Growth,Annual,3028.56,87,2025-06-15,,Active,,0.723,65,4,972,0,5,7.2,0,5.0,0
CUST-13676,Cloud Hub 345,Mid-Market,Fintech,United States,2025-06-15,SUB-23676,Growth,Monthly,1737.92,30,2025-06-15,,Active,,0.923,80,5,7812,2,1,12.8,0,4.1,0
CUST-13677,Data Pay 345,Mid-Market,SaaS / Tech,India,2025-06-15,SUB-23677,Growth,Annual,3037.32,80,2025-06-15,,Active,,1.0,91,7,6410,18,5,17.7,0,4.3,0
CUST-13678,Nova Works 345,SMB,E-Commerce,United States,2025-06-15,SUB-23678,Growth,Monthly,128.39,10,2025-06-15,2025-12-31,Churned,Switched Tool,0.56,95,3,6495,9,4,11.6,0,4.7,1
CUST-13679,Pulse Security 345,Mid-Market,Fintech,United States,2025-06-15,SUB-23679,Growth,Monthly,2007.92,65,2025-06-15,,Active,,0.829,100,7,21813,0,7,12.5,0,4.9,0
CUST-13680,Stratum Analytics 345,SMB,Fintech,India,2025-06-16,SUB-23680,Starter,Annual,512.52,13,2025-06-16,,Active,,0.901,30,4,20856,17,3,7.9,0,4.7,0
CUST-13681,Sync Tech 345,Enterprise,Logistics & Supply Chain,Germany,2025-06-16,SUB-23681,Enterprise Plus,Annual,6004.83,295,2025-06-16,,Active,,0.336,60,1,100264,1,7,20.7,0,4.2,0
CUST-13682,Vanguard Sphere 345,SMB,Fintech,Germany,2025-06-16,SUB-23682,Growth,Annual,619.27,9,2025-06-16,2025-12-31,Churned,Support / SLA Frustration,0.568,78,4,90033,1,2,52.1,1,2.0,1
CUST-13683,Omni Labs 345,Mid-Market,E-Commerce,United Kingdom,2025-06-16,SUB-23683,Growth,Monthly,2556.87,56,2025-06-16,,Active,,0.962,90,6,32223,0,5,12.0,0,4.8,0
CUST-13684,Hyper Flow 345,SMB,Healthcare,Canada,2025-06-16,SUB-23684,Starter,Annual,484.56,14,2025-06-16,,Active,,0.488,42,6,1909,7,3,12.4,0,4.7,0
CUST-13685,Zenith Corp 345,SMB,E-Commerce,United States,2025-06-16,SUB-23685,Starter,Monthly,329.46,15,2025-06-16,,Active,,0.439,42,4,6908,0,4,15.9,0,4.9,0
CUST-13686,Quantum Stack 345,SMB,Healthcare,United Kingdom,2025-06-17,SUB-23686,Starter,Monthly,420.88,11,2025-06-17,,Active,,1.0,48,5,9273,8,2,23.9,0,4.4,0
CUST-13687,Nexus AI 345,Mid-Market,Fintech,Australia,2025-06-17,SUB-23687,Scale,Annual,2432.5,74,2025-06-17,,Active,,0.719,63,4,66983,16,2,23.2,0,5.0,0
CUST-13688,Vertex Scale 345,Enterprise,Fintech,United States,2025-06-17,SUB-23688,Scale,Annual,11418.85,362,2025-06-17,,Active,,0.385,31,4,40636,0,2,23.0,0,4.9,0
CUST-13689,Blue Systems 345,Enterprise,Fintech,Canada,2025-06-17,SUB-23689,Enterprise Plus,Monthly,9794.98,424,2025-06-17,,Active,,0.994,60,4,15637,11,3,21.2,0,4.0,0
CUST-13690,Apex Logic 346,SMB,Healthcare,United States,2025-06-17,SUB-23690,Starter,Monthly,184.71,5,2025-06-17,,Active,,0.871,100,3,36854,5,1,17.6,0,4.0,0
CUST-13691,Cloud Hub 346,SMB,SaaS / Tech,United States,2025-06-18,SUB-23691,Starter,Monthly,139.59,17,2025-06-18,,Active,,0.661,65,5,13333,21,0,4.0,0,4.8,0
CUST-13692,Data Pay 346,SMB,Healthcare,Canada,2025-06-18,SUB-23692,Starter,Monthly,148.93,9,2025-06-18,,Active,,0.608,55,7,20391,1,3,2.5,0,4.7,0
CUST-13693,Nova Works 346,Mid-Market,Fintech,United States,2025-06-18,SUB-23693,Growth,Annual,1279.9,99,2025-06-18,2025-12-31,Churned,Low Adoption & License Waste,0.361,72,5,7974,2,4,17.8,0,4.1,1
CUST-13694,Pulse Security 346,Mid-Market,E-Commerce,United Kingdom,2025-06-18,SUB-23694,Growth,Monthly,1538.08,90,2025-06-18,2025-12-31,Churned,Internal Restructuring,0.637,86,2,7749,3,5,3.2,0,4.6,1
CUST-13695,Stratum Analytics 346,Enterprise,E-Commerce,United States,2025-06-18,SUB-23695,Enterprise Plus,Monthly,9114.77,103,2025-06-18,2025-12-31,Churned,Support / SLA Frustration,0.733,42,5,75776,1,4,97.3,1,2.3,1
CUST-13696,Sync Tech 346,SMB,Cybersecurity,India,2025-06-18,SUB-23696,Starter,Monthly,195.5,9,2025-06-18,,Active,,0.567,92,4,4691,7,7,119.3,3,1.2,0
CUST-13697,Vanguard Sphere 346,SMB,E-Commerce,United States,2025-06-19,SUB-23697,Growth,Annual,428.4,15,2025-06-19,2025-11-02,Churned,Low Adoption & License Waste,0.399,60,6,13135,1,3,8.8,0,4.7,1
CUST-13698,Omni Labs 346,SMB,E-Commerce,United States,2025-06-19,SUB-23698,Starter,Annual,488.96,5,2025-06-19,,Active,,0.462,44,3,59948,2,4,73.3,0,2.9,0
CUST-13699,Hyper Flow 346,Mid-Market,E-Commerce,United States,2025-06-19,SUB-23699,Growth,Annual,3542.72,34,2025-06-19,,Active,,0.511,52,2,81143,8,4,16.1,0,4.4,0
CUST-13700,Zenith Corp 346,SMB,Cybersecurity,India,2025-06-19,SUB-23700,Starter,Monthly,356.16,17,2025-06-19,2025-12-31,Churned,Support / SLA Frustration,0.841,52,7,91141,0,4,74.2,1,2.5,1
CUST-13701,Quantum Stack 346,SMB,Logistics & Supply Chain,Canada,2025-06-19,SUB-23701,Growth,Monthly,342.84,15,2025-06-19,,Active,,0.61,65,0,13828,3,4,3.9,0,4.4,0
CUST-13702,Nexus AI 346,Mid-Market,Healthcare,Canada,2025-06-19,SUB-23702,Scale,Annual,2211.68,53,2025-06-19,,Active,,0.765,66,5,13720,12,7,2.6,0,4.8,0
CUST-13703,Vertex Scale 346,SMB,Fintech,United States,2025-06-19,SUB-23703,Starter,Monthly,582.14,12,2025-06-19,,Active,,0.878,69,5,4842,17,6,14.8,0,4.5,0
CUST-13704,Blue Systems 346,SMB,Healthcare,United States,2025-06-19,SUB-23704,Growth,Monthly,669.88,10,2025-06-19,,Active,,0.525,49,6,121781,18,6,9.8,0,5.0,0
CUST-13705,Apex Logic 347,SMB,E-Commerce,United States,2025-06-20,SUB-23705,Starter,Annual,459.24,10,2025-06-20,2025-12-31,Churned,Low Adoption & License Waste,0.303,78,5,10634,1,3,10.3,0,4.7,1
CUST-13706,Cloud Hub 347,SMB,SaaS / Tech,United Kingdom,2025-06-20,SUB-23706,Starter,Monthly,687.27,17,2025-06-20,2025-08-11,Churned,Price / Budget Cuts,0.621,72,5,111534,8,5,7.6,0,4.3,1
CUST-13707,Data Pay 347,Mid-Market,E-Commerce,United States,2025-06-20,SUB-23707,Scale,Monthly,2860.71,63,2025-06-20,2025-09-08,Churned,Support / SLA Frustration,0.693,71,5,33664,5,3,51.7,2,2.0,1
CUST-13708,Nova Works 347,Mid-Market,Fintech,Australia,2025-06-20,SUB-23708,Scale,Monthly,1267.72,52,2025-06-20,,Active,,0.929,68,5,3020,5,3,12.0,0,5.0,0
CUST-13709,Pulse Security 347,SMB,SaaS / Tech,Canada,2025-06-20,SUB-23709,Starter,Monthly,535.29,22,2025-06-20,2025-12-01,Churned,Support / SLA Frustration,0.793,71,1,24231,11,4,97.0,2,1.8,1
CUST-13710,Stratum Analytics 347,Enterprise,Logistics & Supply Chain,United States,2025-06-20,SUB-23710,Enterprise Plus,Annual,14202.57,178,2025-06-20,,Active,,0.665,59,5,29913,4,8,3.9,0,4.5,0
CUST-13711,Sync Tech 347,SMB,Healthcare,United States,2025-06-20,SUB-23711,Starter,Monthly,505.52,21,2025-06-20,,Active,,1.0,83,3,38728,11,4,8.5,0,4.5,0
CUST-13712,Vanguard Sphere 347,SMB,SaaS / Tech,Canada,2025-06-20,SUB-23712,Starter,Monthly,247.46,15,2025-06-20,,Active,,0.523,59,3,45298,0,3,21.4,0,4.9,0
CUST-13713,Omni Labs 347,SMB,Healthcare,United States,2025-06-20,SUB-23713,Starter,Monthly,205.39,12,2025-06-20,,Active,,0.722,76,6,5373,8,1,22.4,0,4.2,0
CUST-13714,Hyper Flow 347,SMB,Logistics & Supply Chain,United States,2025-06-20,SUB-23714,Starter,Monthly,465.85,15,2025-06-20,2025-12-31,Churned,Low Adoption & License Waste,1.0,54,3,11891,35,3,6.6,0,4.8,1
CUST-13715,Zenith Corp 347,Mid-Market,Logistics & Supply Chain,United States,2025-06-20,SUB-23715,Scale,Monthly,1944.42,51,2025-06-20,2025-12-31,Churned,Support / SLA Frustration,0.831,100,5,8902,3,2,108.6,1,2.1,1
CUST-13716,Quantum Stack 347,Mid-Market,E-Commerce,United Kingdom,2025-06-21,SUB-23716,Growth,Annual,1778.72,42,2025-06-21,2025-10-07,Churned,Low Adoption & License Waste,0.325,68,5,5572,4,4,11.9,0,4.0,1
CUST-13717,Nexus AI 347,Enterprise,SaaS / Tech,Canada,2025-06-21,SUB-23717,Scale,Annual,9688.73,168,2025-06-21,,Active,,0.388,49,5,34748,2,3,20.4,0,3.9,0
CUST-13718,Vertex Scale 347,Mid-Market,Logistics & Supply Chain,United States,2025-06-21,SUB-23718,Scale,Monthly,3401.14,54,2025-06-21,,Active,,0.571,90,7,650,0,4,2.2,0,3.9,0
CUST-13719,Blue Systems 347,Mid-Market,E-Commerce,United States,2025-06-21,SUB-23719,Growth,Annual,1700.54,41,2025-06-21,,Active,,0.536,100,4,9863,0,4,18.2,0,4.8,0
CUST-13720,Apex Logic 348,Mid-Market,Healthcare,United States,2025-06-21,SUB-23720,Scale,Monthly,3268.35,79,2025-06-21,,Active,,0.611,96,6,20287,1,3,13.6,0,4.3,0
CUST-13721,Cloud Hub 348,SMB,SaaS / Tech,Canada,2025-06-21,SUB-23721,Starter,Monthly,716.63,17,2025-06-21,2025-12-31,Churned,Price / Budget Cuts,0.987,37,6,43248,1,1,13.7,0,4.7,1
CUST-13722,Data Pay 348,SMB,Fintech,United States,2025-06-21,SUB-23722,Starter,Annual,487.83,11,2025-06-21,,Active,,0.59,32,5,10778,4,4,6.3,0,4.4,0
CUST-13723,Nova Works 348,Mid-Market,Healthcare,United States,2025-06-21,SUB-23723,Scale,Monthly,2861.83,25,2025-06-21,,Active,,0.912,83,3,5975,10,3,22.8,0,3.9,0
CUST-13724,Pulse Security 348,Mid-Market,Logistics & Supply Chain,India,2025-06-21,SUB-23724,Growth,Annual,2947.03,53,2025-06-21,,Active,,0.615,77,3,4994,0,4,8.2,0,4.3,0
CUST-13725,Stratum Analytics 348,SMB,SaaS / Tech,Australia,2025-06-21,SUB-23725,Growth,Monthly,535.75,23,2025-06-21,,Active,,0.663,78,7,62726,3,3,18.7,0,4.8,0
CUST-13726,Sync Tech 348,Enterprise,Healthcare,Australia,2025-06-21,SUB-23726,Enterprise Plus,Annual,15442.2,164,2025-06-21,,Active,,0.442,100,3,4964,7,4,106.4,2,2.5,0
CUST-13727,Vanguard Sphere 348,Enterprise,Fintech,Germany,2025-06-21,SUB-23727,Enterprise Plus,Annual,12915.51,287,2025-06-21,,Active,,0.671,89,3,35133,7,1,4.4,0,4.5,0
CUST-13728,Omni Labs 348,Mid-Market,Healthcare,United States,2025-06-21,SUB-23728,Scale,Monthly,2696.35,47,2025-06-21,2025-12-31,Churned,Competitor Alternative,0.827,82,7,81378,6,4,13.7,0,4.3,1
CUST-13729,Hyper Flow 348,SMB,Healthcare,United States,2025-06-21,SUB-23729,Growth,Monthly,428.61,24,2025-06-21,,Active,,0.792,93,7,3225,3,3,13.6,0,4.1,0
CUST-13730,Zenith Corp 348,Mid-Market,Fintech,United States,2025-06-22,SUB-23730,Growth,Annual,2878.74,34,2025-06-22,,Active,,0.956,40,4,9227,0,5,14.2,0,3.9,0
CUST-13731,Quantum Stack 348,SMB,SaaS / Tech,United States,2025-06-22,SUB-23731,Starter,Monthly,269.16,14,2025-06-22,,Active,,0.767,34,3,12101,4,6,18.9,0,4.3,0
CUST-13732,Nexus AI 348,Mid-Market,Healthcare,Australia,2025-06-22,SUB-23732,Scale,Monthly,3012.1,89,2025-06-22,,Active,,0.681,61,1,28007,1,3,7.4,0,4.9,0
CUST-13733,Vertex Scale 348,SMB,E-Commerce,Canada,2025-06-22,SUB-23733,Starter,Monthly,581.27,11,2025-06-22,,Active,,1.0,58,3,3182,1,5,2.5,0,4.6,0
CUST-13734,Blue Systems 348,Mid-Market,Healthcare,Canada,2025-06-23,SUB-23734,Scale,Monthly,1740.6,75,2025-06-23,,Active,,0.659,52,2,593,4,2,14.4,0,4.1,0
CUST-13735,Apex Logic 349,Mid-Market,Cybersecurity,United States,2025-06-23,SUB-23735,Scale,Annual,3404.86,76,2025-06-23,2025-12-07,Churned,Internal Restructuring,0.921,50,7,9309,4,4,11.3,0,4.1,1
CUST-13736,Cloud Hub 349,SMB,Healthcare,India,2025-06-23,SUB-23736,Starter,Annual,376.94,13,2025-06-23,,Active,,0.761,52,5,10462,11,1,21.1,0,3.9,0
CUST-13737,Data Pay 349,SMB,Fintech,Germany,2025-06-23,SUB-23737,Growth,Monthly,174.09,11,2025-06-23,,Active,,0.928,65,4,8119,7,5,4.9,0,4.2,0
CUST-13738,Nova Works 349,SMB,Fintech,United States,2025-06-23,SUB-23738,Starter,Monthly,588.45,14,2025-06-23,,Active,,0.721,100,3,1852,0,1,3.2,0,4.3,0
CUST-13739,Pulse Security 349,SMB,E-Commerce,Germany,2025-06-23,SUB-23739,Starter,Monthly,280.46,20,2025-06-23,,Active,,0.694,100,4,587,6,5,3.1,0,4.1,0
CUST-13740,Stratum Analytics 349,SMB,E-Commerce,United States,2025-06-23,SUB-23740,Starter,Monthly,542.55,24,2025-06-23,,Active,,0.361,66,7,26536,0,8,9.1,0,5.0,0
CUST-13741,Sync Tech 349,SMB,Healthcare,United States,2025-06-24,SUB-23741,Growth,Monthly,572.49,19,2025-06-24,,Active,,0.932,64,5,37026,1,3,90.4,1,1.7,0
CUST-13742,Vanguard Sphere 349,SMB,Healthcare,United Kingdom,2025-06-24,SUB-23742,Growth,Monthly,719.62,13,2025-06-24,,Active,,1.0,15,5,13241,1,5,15.9,0,4.1,0
CUST-13743,Omni Labs 349,Enterprise,Fintech,United Kingdom,2025-06-24,SUB-23743,Enterprise Plus,Annual,13407.53,410,2025-06-24,,Active,,0.99,60,3,10397,0,4,51.3,2,2.3,0
CUST-13744,Hyper Flow 349,Enterprise,E-Commerce,United States,2025-06-24,SUB-23744,Enterprise Plus,Annual,9405.53,493,2025-06-24,2025-11-12,Churned,Support / SLA Frustration,0.887,97,6,20864,4,1,55.5,0,2.2,1
CUST-13745,Zenith Corp 349,Mid-Market,E-Commerce,United States,2025-06-24,SUB-23745,Growth,Annual,2974.68,38,2025-06-24,,Active,,0.919,71,6,8897,15,6,5.3,0,4.3,0
CUST-13746,Quantum Stack 349,SMB,Fintech,Australia,2025-06-24,SUB-23746,Starter,Monthly,226.29,16,2025-06-24,,Active,,0.689,88,6,4503,1,6,9.6,0,4.4,0
CUST-13747,Nexus AI 349,Mid-Market,Fintech,United Kingdom,2025-06-24,SUB-23747,Growth,Annual,1468.0,82,2025-06-24,2025-12-31,Churned,Internal Restructuring,0.828,30,5,48165,19,1,11.0,0,4.9,1
CUST-13748,Vertex Scale 349,Mid-Market,Fintech,Canada,2025-06-24,SUB-23748,Growth,Annual,1631.25,57,2025-06-24,,Active,,0.764,47,5,15015,1,7,2.2,0,4.6,0
CUST-13749,Blue Systems 349,SMB,Fintech,United States,2025-06-24,SUB-23749,Starter,Monthly,729.57,23,2025-06-24,,Active,,0.8,96,3,127491,4,2,81.7,1,1.8,0
CUST-13750,Apex Logic 350,SMB,E-Commerce,United States,2025-06-24,SUB-23750,Starter,Annual,505.72,6,2025-06-24,,Active,,0.694,81,5,55880,1,4,16.5,0,4.7,0
CUST-13751,Cloud Hub 350,SMB,Fintech,United States,2025-06-24,SUB-23751,Growth,Monthly,647.75,23,2025-06-24,2025-09-06,Churned,Switched Tool,0.978,84,4,22521,0,4,17.7,0,4.9,1
CUST-13752,Data Pay 350,Mid-Market,Healthcare,United States,2025-06-24,SUB-23752,Growth,Annual,2611.43,39,2025-06-24,,Active,,0.567,53,4,57800,1,6,18.7,0,4.7,0
CUST-13753,Nova Works 350,SMB,Fintech,United States,2025-06-24,SUB-23753,Growth,Monthly,225.1,20,2025-06-24,,Active,,0.659,71,2,1853,17,2,10.7,0,4.6,0
CUST-13754,Pulse Security 350,Mid-Market,Cybersecurity,United States,2025-06-25,SUB-23754,Growth,Annual,2532.33,75,2025-06-25,2025-12-31,Churned,Support / SLA Frustration,0.661,22,2,25377,9,3,59.1,2,2.7,1
CUST-13755,Stratum Analytics 350,Mid-Market,Logistics & Supply Chain,United Kingdom,2025-06-25,SUB-23755,Growth,Monthly,1235.02,60,2025-06-25,2025-12-25,Churned,Support / SLA Frustration,0.68,69,3,42769,3,5,86.2,3,1.4,1
CUST-13756,Sync Tech 350,Mid-Market,Fintech,United States,2025-06-25,SUB-23756,Growth,Monthly,1043.91,47,2025-06-25,,Active,,0.457,53,6,66968,16,4,6.9,0,4.1,0
CUST-13757,Vanguard Sphere 350,Mid-Market,Healthcare,Germany,2025-06-25,SUB-23757,Scale,Monthly,3292.21,30,2025-06-25,,Active,,0.624,100,5,11237,5,2,104.8,2,1.7,0
CUST-13758,Omni Labs 350,Mid-Market,Fintech,United States,2025-06-25,SUB-23758,Growth,Annual,3238.71,29,2025-06-25,,Active,,0.933,51,5,4372,5,2,23.2,0,4.1,0
CUST-13759,Hyper Flow 350,SMB,E-Commerce,United States,2025-06-25,SUB-23759,Starter,Monthly,219.32,18,2025-06-25,,Active,,0.62,33,4,1210,0,6,18.1,0,4.6,0
CUST-13760,Zenith Corp 350,Enterprise,Fintech,United States,2025-06-26,SUB-23760,Enterprise Plus,Annual,10443.83,451,2025-06-26,,Active,,0.635,50,1,9374,14,4,12.2,0,4.8,0
CUST-13761,Quantum Stack 350,SMB,SaaS / Tech,United States,2025-06-26,SUB-23761,Starter,Monthly,428.41,6,2025-06-26,,Active,,0.111,55,4,23251,12,5,15.5,0,4.3,0
CUST-13762,Nexus AI 350,SMB,E-Commerce,United States,2025-06-26,SUB-23762,Starter,Monthly,714.65,23,2025-06-26,,Active,,0.603,100,3,36164,0,1,18.2,0,4.8,0
CUST-13763,Vertex Scale 350,Mid-Market,Logistics & Supply Chain,Australia,2025-06-26,SUB-23763,Growth,Annual,1416.51,53,2025-06-26,,Active,,0.39,69,4,10101,10,2,15.1,0,4.4,0
CUST-13764,Blue Systems 350,Mid-Market,Fintech,Canada,2025-06-26,SUB-23764,Growth,Annual,2853.95,68,2025-06-26,,Active,,0.664,50,5,8248,0,4,16.1,0,3.9,0
CUST-13765,Apex Logic 351,Mid-Market,Logistics & Supply Chain,United States,2025-06-26,SUB-23765,Growth,Monthly,3150.25,61,2025-06-26,,Active,,0.732,67,2,29068,7,6,14.3,0,4.7,0
CUST-13766,Cloud Hub 351,SMB,SaaS / Tech,United States,2025-06-26,SUB-23766,Starter,Monthly,541.26,9,2025-06-26,2025-12-31,Churned,Support / SLA Frustration,0.709,66,2,21662,8,7,99.7,3,1.3,1
CUST-13767,Data Pay 351,Mid-Market,Fintech,United Kingdom,2025-06-26,SUB-23767,Scale,Annual,2742.51,60,2025-06-26,,Active,,1.0,84,6,2663,15,5,73.7,3,3.2,0
CUST-13768,Nova Works 351,Mid-Market,Healthcare,Canada,2025-06-27,SUB-23768,Growth,Monthly,2679.8,30,2025-06-27,2025-09-18,Churned,Support / SLA Frustration,0.926,50,4,62010,5,5,95.1,3,2.1,1
CUST-13769,Pulse Security 351,Enterprise,Fintech,United States,2025-06-27,SUB-23769,Scale,Annual,10308.32,210,2025-06-27,,Active,,0.803,80,4,19202,3,3,21.4,0,4.6,0
CUST-13770,Stratum Analytics 351,SMB,Healthcare,United Kingdom,2025-06-27,SUB-23770,Starter,Annual,563.61,20,2025-06-27,,Active,,0.885,100,3,69939,2,3,7.6,0,4.5,0
CUST-13771,Sync Tech 351,SMB,Healthcare,Germany,2025-06-27,SUB-23771,Starter,Monthly,725.7,8,2025-06-27,2025-12-31,Churned,Low Adoption & License Waste,0.295,59,6,3092,0,4,11.3,0,4.0,1
CUST-13772,Vanguard Sphere 351,Mid-Market,E-Commerce,Canada,2025-06-27,SUB-23772,Scale,Monthly,2613.74,28,2025-06-27,2025-12-31,Churned,Support / SLA Frustration,0.555,65,4,30811,1,6,66.9,1,2.9,1
CUST-13773,Omni Labs 351,SMB,Healthcare,Germany,2025-06-27,SUB-23773,Growth,Monthly,574.34,21,2025-06-27,2025-11-22,Churned,Support / SLA Frustration,1.0,43,5,32524,2,2,52.1,1,1.8,1
CUST-13774,Hyper Flow 351,SMB,Cybersecurity,Germany,2025-06-27,SUB-23774,Starter,Monthly,209.19,8,2025-06-27,,Active,,0.9,73,2,54815,2,3,88.4,3,3.0,0
CUST-13775,Zenith Corp 351,SMB,Fintech,India,2025-06-27,SUB-23775,Growth,Annual,362.36,11,2025-06-27,,Active,,0.688,49,6,9353,6,6,20.1,0,4.5,0
CUST-13776,Quantum Stack 351,SMB,Cybersecurity,United States,2025-06-28,SUB-23776,Growth,Monthly,747.76,19,2025-06-28,,Active,,0.652,66,6,49538,5,5,21.1,0,4.9,0
CUST-13777,Nexus AI 351,SMB,Fintech,United Kingdom,2025-06-28,SUB-23777,Growth,Annual,279.45,7,2025-06-28,,Active,,0.549,73,1,45754,2,4,68.9,1,1.7,0
CUST-13778,Vertex Scale 351,SMB,SaaS / Tech,Canada,2025-06-28,SUB-23778,Starter,Monthly,226.51,7,2025-06-28,,Active,,0.871,23,4,6317,0,7,3.1,0,4.9,0
CUST-13779,Blue Systems 351,SMB,Healthcare,Canada,2025-06-28,SUB-23779,Starter,Annual,421.97,6,2025-06-28,,Active,,0.908,78,5,17647,6,7,2.6,0,4.8,0
CUST-13780,Apex Logic 352,Mid-Market,Fintech,Australia,2025-06-28,SUB-23780,Scale,Annual,2777.53,45,2025-06-28,,Active,,0.767,49,3,8035,8,5,13.4,0,4.1,0
CUST-13781,Cloud Hub 352,Mid-Market,Logistics & Supply Chain,United States,2025-06-29,SUB-23781,Growth,Monthly,2983.83,68,2025-06-29,,Active,,0.627,92,2,37603,10,5,19.7,0,4.9,0
CUST-13782,Data Pay 352,Enterprise,Healthcare,United States,2025-06-29,SUB-23782,Enterprise Plus,Annual,16058.31,407,2025-06-29,,Active,,0.757,87,3,18014,0,7,14.7,0,4.5,0
CUST-13783,Nova Works 352,SMB,SaaS / Tech,United States,2025-06-29,SUB-23783,Starter,Monthly,226.24,18,2025-06-29,2025-09-04,Churned,Support / SLA Frustration,0.597,65,5,52086,7,8,101.6,6,1.6,1
CUST-13784,Pulse Security 352,SMB,E-Commerce,United States,2025-06-29,SUB-23784,Growth,Monthly,129.63,19,2025-06-29,2025-12-31,Churned,Competitor Alternative,0.657,76,7,62515,15,2,20.6,0,5.0,1
CUST-13785,Stratum Analytics 352,Enterprise,E-Commerce,United States,2025-06-29,SUB-23785,Scale,Monthly,5260.07,361,2025-06-29,,Active,,0.404,31,5,8684,2,3,12.1,0,4.3,0
CUST-13786,Sync Tech 352,SMB,E-Commerce,Canada,2025-06-29,SUB-23786,Starter,Annual,685.9,19,2025-06-29,2025-10-15,Churned,Price / Budget Cuts,0.817,47,6,2970,3,6,20.6,0,3.9,1
CUST-13787,Vanguard Sphere 352,Mid-Market,SaaS / Tech,United States,2025-06-29,SUB-23787,Growth,Annual,3034.44,87,2025-06-29,,Active,,0.734,72,1,16289,3,5,12.2,0,4.8,0
CUST-13788,Omni Labs 352,Enterprise,Fintech,Canada,2025-06-29,SUB-23788,Enterprise Plus,Annual,7576.98,441,2025-06-29,,Active,,0.95,49,2,20321,5,1,3.2,0,4.1,0
CUST-13789,Hyper Flow 352,SMB,SaaS / Tech,Canada,2025-06-30,SUB-23789,Growth,Monthly,442.3,16,2025-06-30,,Active,,0.68,51,3,7322,1,5,13.7,0,4.0,0
CUST-13790,Zenith Corp 352,Mid-Market,Logistics & Supply Chain,United States,2025-06-30,SUB-23790,Scale,Monthly,3383.11,63,2025-06-30,,Active,,0.82,61,2,8237,20,1,20.4,0,4.0,0
CUST-13791,Quantum Stack 352,Enterprise,Fintech,United States,2025-06-30,SUB-23791,Enterprise Plus,Monthly,7636.32,277,2025-06-30,,Active,,0.406,100,5,33746,2,4,13.1,0,4.1,0
CUST-13792,Nexus AI 352,SMB,Fintech,United Kingdom,2025-06-30,SUB-23792,Starter,Monthly,129.98,9,2025-06-30,,Active,,0.446,65,4,20680,0,3,4.8,0,4.1,0
CUST-13793,Vertex Scale 352,SMB,SaaS / Tech,Canada,2025-06-30,SUB-23793,Starter,Monthly,297.53,16,2025-06-30,,Active,,0.74,33,3,58902,0,4,23.6,0,4.5,0
CUST-13794,Blue Systems 352,Enterprise,Healthcare,Germany,2025-06-30,SUB-23794,Enterprise Plus,Annual,7760.61,445,2025-06-30,,Active,,0.994,88,3,19781,2,10,6.9,0,4.2,0
CUST-13795,Apex Logic 353,SMB,Healthcare,Germany,2025-07-01,SUB-23795,Starter,Annual,347.85,20,2025-07-01,,Active,,0.364,73,5,3613,16,1,20.8,0,4.1,0
CUST-13796,Cloud Hub 353,SMB,Fintech,Australia,2025-07-01,SUB-23796,Growth,Monthly,211.2,21,2025-07-01,2025-10-19,Churned,Low Adoption & License Waste,1.0,71,4,10514,22,7,10.4,0,4.5,1
CUST-13797,Data Pay 353,Enterprise,E-Commerce,United Kingdom,2025-07-01,SUB-23797,Enterprise Plus,Annual,13242.15,205,2025-07-01,,Active,,0.393,100,4,23610,0,6,6.2,0,4.7,0
CUST-13798,Nova Works 353,Mid-Market,Fintech,India,2025-07-01,SUB-23798,Growth,Annual,1601.64,36,2025-07-01,,Active,,1.0,100,2,49769,5,4,11.7,0,4.7,0
CUST-13799,Pulse Security 353,SMB,E-Commerce,Germany,2025-07-01,SUB-23799,Starter,Monthly,489.29,17,2025-07-01,,Active,,0.959,73,5,12450,5,2,8.7,0,4.1,0
CUST-13800,Stratum Analytics 353,Mid-Market,SaaS / Tech,India,2025-07-01,SUB-23800,Scale,Monthly,1568.09,69,2025-07-01,2025-08-18,Churned,Leadership Transition,0.779,44,3,10211,1,6,17.9,0,4.8,1
CUST-13801,Sync Tech 353,SMB,Healthcare,United States,2025-07-01,SUB-23801,Starter,Annual,532.23,14,2025-07-01,,Active,,0.7,39,3,45431,7,3,10.2,0,4.8,0
CUST-13802,Vanguard Sphere 353,SMB,E-Commerce,Australia,2025-07-02,SUB-23802,Growth,Monthly,200.39,22,2025-07-02,2025-11-02,Churned,Support / SLA Frustration,0.531,94,5,19836,1,6,62.3,2,1.7,1
CUST-13803,Omni Labs 353,SMB,Cybersecurity,United States,2025-07-02,SUB-23803,Starter,Annual,294.5,24,2025-07-02,,Active,,1.0,80,1,121925,0,3,23.9,0,4.3,0
CUST-13804,Hyper Flow 353,Mid-Market,SaaS / Tech,Canada,2025-07-02,SUB-23804,Growth,Annual,3132.12,72,2025-07-02,2025-08-28,Churned,Support / SLA Frustration,1.0,55,5,41722,4,4,96.9,2,2.4,1
CUST-13805,Zenith Corp 353,SMB,Logistics & Supply Chain,United States,2025-07-02,SUB-23805,Growth,Monthly,732.47,20,2025-07-02,,Active,,0.904,100,2,58283,4,8,16.7,0,3.9,0
CUST-13806,Quantum Stack 353,Mid-Market,Healthcare,United States,2025-07-02,SUB-23806,Growth,Annual,3595.52,76,2025-07-02,2025-10-23,Churned,Low Adoption & License Waste,0.341,89,7,35502,5,3,16.9,0,5.0,1
CUST-13807,Nexus AI 353,Mid-Market,SaaS / Tech,United States,2025-07-02,SUB-23807,Scale,Monthly,2526.42,36,2025-07-02,2025-12-31,Churned,Support / SLA Frustration,0.982,75,2,9340,0,5,115.3,2,2.4,1
CUST-13808,Vertex Scale 353,Enterprise,Fintech,United States,2025-07-02,SUB-23808,Enterprise Plus,Annual,4745.27,274,2025-07-02,,Active,,0.686,66,3,45202,0,7,24.0,0,4.6,0
CUST-13809,Blue Systems 353,Enterprise,Fintech,United States,2025-07-02,SUB-23809,Enterprise Plus,Annual,5371.55,434,2025-07-02,,Active,,0.748,98,4,2445,0,5,9.3,0,4.4,0
CUST-13810,Apex Logic 354,SMB,Fintech,Germany,2025-07-02,SUB-23810,Starter,Annual,627.97,18,2025-07-02,2025-11-21,Churned,Support / SLA Frustration,0.838,24,4,27855,6,5,72.5,3,2.3,1
CUST-13811,Cloud Hub 354,Mid-Market,Healthcare,United States,2025-07-03,SUB-23811,Growth,Annual,1352.08,87,2025-07-03,,Active,,0.939,74,5,94839,0,3,55.6,2,3.1,0
CUST-13812,Data Pay 354,Mid-Market,Logistics & Supply Chain,United States,2025-07-03,SUB-23812,Growth,Monthly,3462.13,26,2025-07-03,2025-12-31,Churned,Leadership Transition,0.552,84,3,28159,21,1,3.5,0,4.1,1
CUST-13813,Nova Works 354,SMB,Healthcare,United States,2025-07-03,SUB-23813,Starter,Annual,138.92,18,2025-07-03,,Active,,0.85,88,5,3116,7,4,14.7,0,4.6,0
CUST-13814,Pulse Security 354,Mid-Market,SaaS / Tech,United Kingdom,2025-07-03,SUB-23814,Scale,Annual,1333.28,35,2025-07-03,,Active,,1.0,74,5,30240,0,5,20.5,0,4.7,0
CUST-13815,Stratum Analytics 354,SMB,SaaS / Tech,United States,2025-07-03,SUB-23815,Growth,Monthly,488.82,11,2025-07-03,,Active,,0.718,56,5,164432,2,4,14.8,0,4.3,0
CUST-13816,Sync Tech 354,Mid-Market,E-Commerce,United States,2025-07-03,SUB-23816,Growth,Annual,3794.64,81,2025-07-03,,Active,,0.05,59,4,4548,9,6,70.7,1,2.6,0
CUST-13817,Vanguard Sphere 354,SMB,Healthcare,United States,2025-07-04,SUB-23817,Starter,Monthly,437.72,10,2025-07-04,,Active,,0.49,67,3,28945,10,4,6.5,0,4.7,0
CUST-13818,Omni Labs 354,SMB,E-Commerce,United Kingdom,2025-07-04,SUB-23818,Starter,Monthly,164.23,6,2025-07-04,2025-12-31,Churned,Price / Budget Cuts,0.766,69,7,7037,2,3,13.9,0,3.9,1
CUST-13819,Hyper Flow 354,Mid-Market,Healthcare,United States,2025-07-04,SUB-23819,Growth,Monthly,3551.39,25,2025-07-04,,Active,,0.665,86,7,12036,0,4,5.2,0,3.8,0
CUST-13820,Zenith Corp 354,Mid-Market,Fintech,United States,2025-07-04,SUB-23820,Growth,Monthly,3360.58,96,2025-07-04,,Active,,0.621,65,1,12444,5,5,15.6,0,4.5,0
CUST-13821,Quantum Stack 354,Mid-Market,Cybersecurity,United States,2025-07-05,SUB-23821,Scale,Monthly,1481.52,30,2025-07-05,,Active,,0.877,100,7,17411,4,3,2.6,0,3.8,0
CUST-13822,Nexus AI 354,SMB,Fintech,Australia,2025-07-05,SUB-23822,Starter,Monthly,142.8,19,2025-07-05,,Active,,0.671,94,4,5493,7,7,16.1,0,4.0,0
CUST-13823,Vertex Scale 354,Mid-Market,Fintech,United States,2025-07-05,SUB-23823,Scale,Annual,3529.2,64,2025-07-05,,Active,,0.705,93,4,13439,2,4,19.8,0,4.5,0
CUST-13824,Blue Systems 354,Mid-Market,Logistics & Supply Chain,United Kingdom,2025-07-05,SUB-23824,Scale,Monthly,1471.4,53,2025-07-05,,Active,,0.781,62,3,31749,0,7,61.5,3,2.6,0
CUST-13825,Apex Logic 355,Enterprise,Healthcare,United States,2025-07-05,SUB-23825,Scale,Annual,11305.69,471,2025-07-05,,Active,,0.745,75,2,16067,11,2,18.4,0,4.0,0
CUST-13826,Cloud Hub 355,Mid-Market,SaaS / Tech,United States,2025-07-05,SUB-23826,Growth,Monthly,3768.79,74,2025-07-05,,Active,,0.792,69,3,45416,12,7,11.3,0,4.3,0
CUST-13827,Data Pay 355,Mid-Market,Healthcare,United States,2025-07-06,SUB-23827,Growth,Monthly,1421.54,27,2025-07-06,2025-12-31,Churned,Support / SLA Frustration,0.901,18,5,63606,3,3,58.8,2,1.4,1
CUST-13828,Nova Works 355,SMB,Healthcare,United States,2025-07-06,SUB-23828,Starter,Monthly,616.93,12,2025-07-06,2025-12-31,Churned,Support / SLA Frustration,1.0,84,4,18744,5,5,65.0,3,1.4,1
CUST-13829,Pulse Security 355,Mid-Market,Healthcare,United States,2025-07-06,SUB-23829,Scale,Annual,942.96,27,2025-07-06,,Active,,0.637,72,4,11519,3,6,14.9,0,4.5,0
CUST-13830,Stratum Analytics 355,Mid-Market,Healthcare,United States,2025-07-06,SUB-23830,Growth,Annual,2662.75,98,2025-07-06,,Active,,1.0,52,4,12377,7,0,4.0,0,4.4,0
CUST-13831,Sync Tech 355,SMB,Healthcare,United States,2025-07-07,SUB-23831,Starter,Annual,242.79,22,2025-07-07,,Active,,0.677,73,5,12016,2,11,20.7,0,4.9,0
CUST-13832,Vanguard Sphere 355,SMB,SaaS / Tech,Canada,2025-07-07,SUB-23832,Starter,Monthly,198.23,7,2025-07-07,,Active,,0.543,72,4,6150,7,7,10.0,0,4.5,0
CUST-13833,Omni Labs 355,Mid-Market,E-Commerce,Australia,2025-07-07,SUB-23833,Growth,Monthly,1508.91,73,2025-07-07,,Active,,0.674,64,4,58072,13,7,51.3,4,2.5,0
CUST-13834,Hyper Flow 355,Mid-Market,Cybersecurity,United States,2025-07-07,SUB-23834,Growth,Annual,1466.76,72,2025-07-07,,Active,,0.517,100,1,35885,8,4,6.7,0,4.2,0
CUST-13835,Zenith Corp 355,Mid-Market,Fintech,United Kingdom,2025-07-07,SUB-23835,Growth,Monthly,977.6,28,2025-07-07,,Active,,0.973,69,6,40904,1,2,6.5,0,4.2,0
CUST-13836,Quantum Stack 355,SMB,E-Commerce,Australia,2025-07-08,SUB-23836,Starter,Monthly,282.03,14,2025-07-08,2025-08-14,Churned,Price / Budget Cuts,0.716,63,4,32424,3,5,17.5,0,5.0,1
CUST-13837,Nexus AI 355,Enterprise,E-Commerce,Germany,2025-07-08,SUB-23837,Scale,Annual,12707.54,177,2025-07-08,,Active,,0.491,100,5,24671,13,6,7.3,0,4.5,0
CUST-13838,Vertex Scale 355,SMB,Cybersecurity,United States,2025-07-08,SUB-23838,Starter,Monthly,655.71,7,2025-07-08,2025-09-28,Churned,Support / SLA Frustration,0.8,78,6,64426,1,4,105.4,0,3.1,1
CUST-13839,Blue Systems 355,SMB,Fintech,Canada,2025-07-08,SUB-23839,Starter,Monthly,606.41,7,2025-07-08,,Active,,1.0,50,7,48027,11,7,18.0,0,4.7,0
CUST-13840,Apex Logic 356,SMB,E-Commerce,United States,2025-07-08,SUB-23840,Starter,Monthly,397.22,21,2025-07-08,,Active,,0.609,59,5,6878,11,6,15.5,0,4.1,0
CUST-13841,Cloud Hub 356,Enterprise,Logistics & Supply Chain,United Kingdom,2025-07-08,SUB-23841,Enterprise Plus,Annual,6496.04,118,2025-07-08,,Active,,0.84,13,1,106676,4,7,9.7,0,4.8,0
CUST-13842,Data Pay 356,Mid-Market,Fintech,United States,2025-07-09,SUB-23842,Growth,Monthly,2785.57,80,2025-07-09,,Active,,0.608,54,4,8164,3,7,8.1,0,4.5,0
CUST-13843,Nova Works 356,Mid-Market,Logistics & Supply Chain,United States,2025-07-09,SUB-23843,Scale,Annual,1528.9,94,2025-07-09,,Active,,0.676,51,5,30736,1,2,8.3,0,4.4,0
CUST-13844,Pulse Security 356,Mid-Market,Fintech,United States,2025-07-09,SUB-23844,Growth,Annual,3788.7,53,2025-07-09,2025-09-23,Churned,Internal Restructuring,1.0,52,3,11546,8,5,3.7,0,4.8,1
CUST-13845,Stratum Analytics 356,SMB,SaaS / Tech,United States,2025-07-09,SUB-23845,Growth,Monthly,266.58,6,2025-07-09,2025-09-18,Churned,Switched Tool,0.917,35,6,35114,11,6,3.8,0,3.8,1
CUST-13846,Sync Tech 356,SMB,Cybersecurity,Canada,2025-07-09,SUB-23846,Growth,Monthly,121.4,14,2025-07-09,2025-11-16,Churned,Support / SLA Frustration,0.901,44,5,42114,7,2,54.5,0,2.3,1
CUST-13847,Vanguard Sphere 356,SMB,SaaS / Tech,United States,2025-07-10,SUB-23847,Starter,Monthly,714.05,23,2025-07-10,,Active,,0.637,87,5,49963,10,4,5.0,0,4.8,0
CUST-13848,Omni Labs 356,SMB,Healthcare,United Kingdom,2025-07-10,SUB-23848,Growth,Annual,568.42,9,2025-07-10,2025-11-24,Churned,Support / SLA Frustration,0.781,55,3,6513,9,1,61.8,0,2.1,1
CUST-13849,Hyper Flow 356,Enterprise,Fintech,United States,2025-07-10,SUB-23849,Scale,Annual,10131.25,466,2025-07-10,,Active,,0.789,46,1,12336,1,4,9.0,0,4.6,0
CUST-13850,Zenith Corp 356,Mid-Market,Cybersecurity,United States,2025-07-10,SUB-23850,Growth,Monthly,1296.82,38,2025-07-10,2025-12-31,Churned,Competitor Alternative,0.602,62,2,677,13,3,15.3,0,4.9,1
CUST-13851,Quantum Stack 356,Enterprise,E-Commerce,United Kingdom,2025-07-10,SUB-23851,Enterprise Plus,Annual,11063.33,476,2025-07-10,2025-12-31,Churned,Support / SLA Frustration,0.301,70,4,41472,7,6,56.6,4,2.3,1
CUST-13852,Nexus AI 356,SMB,Fintech,Australia,2025-07-10,SUB-23852,Starter,Monthly,228.93,13,2025-07-10,,Active,,0.786,70,5,39376,1,6,17.7,0,4.6,0
CUST-13853,Vertex Scale 356,SMB,SaaS / Tech,United States,2025-07-10,SUB-23853,Starter,Monthly,287.58,20,2025-07-10,,Active,,1.0,55,4,48485,20,1,19.3,0,4.1,0
CUST-13854,Blue Systems 356,SMB,E-Commerce,United States,2025-07-10,SUB-23854,Starter,Monthly,512.82,9,2025-07-10,2025-10-15,Churned,Price / Budget Cuts,0.935,62,2,8596,2,2,21.6,0,4.2,1
CUST-13855,Apex Logic 357,Enterprise,Fintech,Germany,2025-07-10,SUB-23855,Enterprise Plus,Annual,13217.25,299,2025-07-10,,Active,,0.599,92,5,6242,0,6,16.4,0,4.6,0
CUST-13856,Cloud Hub 357,Mid-Market,Fintech,United States,2025-07-11,SUB-23856,Scale,Monthly,2007.32,42,2025-07-11,,Active,,0.542,48,3,16183,11,10,22.9,0,4.1,0
CUST-13857,Data Pay 357,SMB,Fintech,Germany,2025-07-11,SUB-23857,Starter,Annual,745.39,13,2025-07-11,,Active,,0.542,100,4,42734,2,7,5.4,0,3.9,0
CUST-13858,Nova Works 357,Mid-Market,E-Commerce,United Kingdom,2025-07-11,SUB-23858,Scale,Annual,2133.55,97,2025-07-11,2025-12-10,Churned,Support / SLA Frustration,0.333,71,2,61984,3,8,74.7,1,2.5,1
CUST-13859,Pulse Security 357,SMB,E-Commerce,United States,2025-07-11,SUB-23859,Starter,Monthly,699.08,23,2025-07-11,2025-10-20,Churned,Low Adoption & License Waste,0.22,72,4,17556,3,4,6.5,0,4.1,1
CUST-13860,Stratum Analytics 357,SMB,E-Commerce,United States,2025-07-11,SUB-23860,Growth,Monthly,530.88,9,2025-07-11,2025-12-31,Churned,Price / Budget Cuts,0.668,80,2,50714,16,6,17.6,0,4.1,1
CUST-13861,Sync Tech 357,SMB,Logistics & Supply Chain,United States,2025-07-11,SUB-23861,Growth,Monthly,451.34,10,2025-07-11,,Active,,0.883,57,4,6101,6,0,4.0,0,4.6,0
CUST-13862,Vanguard Sphere 357,Mid-Market,Logistics & Supply Chain,United States,2025-07-11,SUB-23862,Growth,Monthly,1504.01,78,2025-07-11,,Active,,0.881,40,5,15564,4,7,18.4,0,4.4,0
CUST-13863,Omni Labs 357,Mid-Market,E-Commerce,India,2025-07-11,SUB-23863,Growth,Monthly,1787.36,36,2025-07-11,,Active,,0.648,56,4,17512,8,4,11.1,0,4.2,0
CUST-13864,Hyper Flow 357,Enterprise,Fintech,Canada,2025-07-11,SUB-23864,Enterprise Plus,Annual,9063.16,218,2025-07-11,2025-12-31,Churned,Support / SLA Frustration,0.556,84,3,3538,5,3,92.4,2,1.3,1
CUST-13865,Zenith Corp 357,Mid-Market,SaaS / Tech,United Kingdom,2025-07-11,SUB-23865,Growth,Annual,3726.98,82,2025-07-11,,Active,,0.927,86,5,2042,13,3,6.7,0,3.9,0
CUST-13866,Quantum Stack 357,Mid-Market,Healthcare,Canada,2025-07-11,SUB-23866,Scale,Annual,2425.76,40,2025-07-11,,Active,,0.897,64,5,2094,6,6,23.3,0,3.9,0
CUST-13867,Nexus AI 357,SMB,E-Commerce,United States,2025-07-11,SUB-23867,Growth,Monthly,587.74,13,2025-07-11,2025-12-31,Churned,Competitor Alternative,1.0,98,5,32032,3,2,20.8,0,4.6,1
CUST-13868,Vertex Scale 357,SMB,E-Commerce,United Kingdom,2025-07-12,SUB-23868,Starter,Annual,631.29,10,2025-07-12,,Active,,0.435,78,6,8540,2,4,7.2,0,4.1,0
CUST-13869,Blue Systems 357,Enterprise,Healthcare,United States,2025-07-12,SUB-23869,Scale,Monthly,13378.08,145,2025-07-12,2025-12-31,Churned,Competitor Alternative,0.936,72,5,927,2,7,12.2,0,4.0,1
CUST-13870,Apex Logic 358,Mid-Market,Cybersecurity,Canada,2025-07-12,SUB-23870,Growth,Annual,2622.59,81,2025-07-12,,Active,,0.463,74,2,12197,0,1,10.3,0,4.9,0
CUST-13871,Cloud Hub 358,Mid-Market,Fintech,United States,2025-07-12,SUB-23871,Growth,Monthly,1216.62,40,2025-07-12,,Active,,0.933,85,5,44716,6,6,16.0,0,4.7,0
CUST-13872,Data Pay 358,Mid-Market,SaaS / Tech,United Kingdom,2025-07-12,SUB-23872,Scale,Annual,3475.52,77,2025-07-12,,Active,,0.79,96,1,1871,2,0,4.0,0,4.3,0
CUST-13873,Nova Works 358,SMB,Fintech,India,2025-07-12,SUB-23873,Starter,Monthly,446.96,23,2025-07-12,,Active,,0.687,77,4,7900,6,5,5.0,0,4.6,0
CUST-13874,Pulse Security 358,Enterprise,Cybersecurity,United States,2025-07-12,SUB-23874,Enterprise Plus,Annual,6018.53,355,2025-07-12,2025-12-31,Churned,Support / SLA Frustration,1.0,60,4,1534,5,1,110.8,0,2.4,1
CUST-13875,Stratum Analytics 358,Mid-Market,Fintech,United States,2025-07-13,SUB-23875,Growth,Annual,3791.07,45,2025-07-13,,Active,,0.655,72,5,17060,2,3,93.3,0,1.3,0
CUST-13876,Sync Tech 358,Mid-Market,Fintech,United Kingdom,2025-07-13,SUB-23876,Growth,Monthly,3282.88,29,2025-07-13,,Active,,0.619,100,5,21449,18,2,23.6,0,3.8,0
CUST-13877,Vanguard Sphere 358,SMB,Healthcare,United States,2025-07-13,SUB-23877,Starter,Annual,149.58,18,2025-07-13,,Active,,1.0,75,6,19839,7,5,16.8,0,4.8,0
CUST-13878,Omni Labs 358,SMB,Healthcare,United Kingdom,2025-07-13,SUB-23878,Starter,Monthly,438.57,21,2025-07-13,,Active,,0.563,86,3,14572,16,0,4.0,0,4.2,0
CUST-13879,Hyper Flow 358,Mid-Market,Fintech,Australia,2025-07-13,SUB-23879,Growth,Monthly,2308.38,84,2025-07-13,,Active,,0.786,49,3,4449,3,3,13.2,0,4.2,0
CUST-13880,Zenith Corp 358,SMB,E-Commerce,United States,2025-07-13,SUB-23880,Starter,Monthly,654.86,7,2025-07-13,2025-12-30,Churned,Competitor Alternative,0.615,38,5,3418,8,4,21.0,0,4.0,1
CUST-13881,Quantum Stack 358,SMB,Healthcare,United States,2025-07-14,SUB-23881,Starter,Monthly,592.76,16,2025-07-14,,Active,,0.773,62,3,142220,0,4,5.8,0,4.1,0
CUST-13882,Nexus AI 358,SMB,Fintech,United Kingdom,2025-07-14,SUB-23882,Starter,Monthly,692.94,12,2025-07-14,2025-09-29,Churned,Switched Tool,0.811,40,4,21132,7,3,12.0,0,3.9,1
CUST-13883,Vertex Scale 358,Mid-Market,Healthcare,United States,2025-07-14,SUB-23883,Scale,Annual,1573.29,50,2025-07-14,2025-12-31,Churned,Leadership Transition,0.561,67,2,23466,1,5,6.8,0,4.4,1
CUST-13884,Blue Systems 358,SMB,Logistics & Supply Chain,United States,2025-07-14,SUB-23884,Starter,Monthly,146.06,8,2025-07-14,,Active,,1.0,76,4,70946,7,1,5.6,0,4.2,0
CUST-13885,Apex Logic 359,SMB,SaaS / Tech,India,2025-07-14,SUB-23885,Starter,Annual,248.35,20,2025-07-14,,Active,,0.742,54,2,38891,4,0,4.0,0,4.9,0
CUST-13886,Cloud Hub 359,SMB,SaaS / Tech,United Kingdom,2025-07-14,SUB-23886,Starter,Monthly,728.96,13,2025-07-14,2025-12-31,Churned,Competitor Alternative,0.871,43,4,23173,5,1,7.0,0,4.6,1
CUST-13887,Data Pay 359,SMB,SaaS / Tech,United States,2025-07-14,SUB-23887,Growth,Monthly,372.39,12,2025-07-14,,Active,,0.86,63,5,8978,17,1,4.1,0,4.3,0
CUST-13888,Nova Works 359,SMB,Healthcare,United States,2025-07-14,SUB-23888,Starter,Monthly,276.32,20,2025-07-14,2025-10-16,Churned,Support / SLA Frustration,0.714,69,6,35199,5,6,92.3,0,2.6,1
CUST-13889,Pulse Security 359,Mid-Market,Fintech,Canada,2025-07-14,SUB-23889,Growth,Annual,2614.89,84,2025-07-14,2025-12-31,Churned,Support / SLA Frustration,0.391,96,5,36899,1,2,85.5,1,2.4,1
CUST-13890,Stratum Analytics 359,SMB,Healthcare,Canada,2025-07-14,SUB-23890,Starter,Annual,628.52,24,2025-07-14,,Active,,0.991,57,5,46142,13,6,19.3,0,4.3,0
CUST-13891,Sync Tech 359,SMB,Logistics & Supply Chain,Germany,2025-07-14,SUB-23891,Starter,Monthly,346.34,23,2025-07-14,,Active,,0.655,55,3,3150,4,5,87.0,2,1.7,0
CUST-13892,Vanguard Sphere 359,SMB,Cybersecurity,United States,2025-07-14,SUB-23892,Starter,Monthly,615.07,5,2025-07-14,2025-08-31,Churned,Support / SLA Frustration,0.462,50,5,20357,3,2,111.5,1,2.4,1
CUST-13893,Omni Labs 359,Mid-Market,E-Commerce,India,2025-07-15,SUB-23893,Growth,Annual,1275.9,59,2025-07-15,,Active,,0.378,47,4,1444,0,3,17.4,0,4.4,0
CUST-13894,Hyper Flow 359,SMB,Fintech,United Kingdom,2025-07-15,SUB-23894,Growth,Monthly,428.02,12,2025-07-15,2025-09-04,Churned,Switched Tool,0.903,39,2,17385,13,3,17.4,0,4.0,1
CUST-13895,Zenith Corp 359,SMB,Fintech,Canada,2025-07-15,SUB-23895,Starter,Annual,283.76,22,2025-07-15,,Active,,0.561,67,4,35928,5,0,4.0,0,4.4,0
CUST-13896,Quantum Stack 359,Enterprise,Healthcare,United Kingdom,2025-07-15,SUB-23896,Enterprise Plus,Annual,14907.41,283,2025-07-15,,Active,,1.0,65,6,11508,4,3,6.6,0,4.0,0
CUST-13897,Nexus AI 359,SMB,E-Commerce,United States,2025-07-15,SUB-23897,Growth,Monthly,183.45,12,2025-07-15,,Active,,0.92,60,3,8327,15,2,10.1,0,3.9,0
CUST-13898,Vertex Scale 359,SMB,Fintech,Australia,2025-07-15,SUB-23898,Starter,Monthly,307.38,16,2025-07-15,,Active,,0.576,100,6,59445,2,6,8.6,0,4.9,0
CUST-13899,Blue Systems 359,SMB,Cybersecurity,United States,2025-07-15,SUB-23899,Starter,Monthly,442.65,23,2025-07-15,,Active,,0.255,94,3,30486,0,5,20.7,0,4.9,0
CUST-13900,Apex Logic 360,Mid-Market,Healthcare,United States,2025-07-15,SUB-23900,Growth,Monthly,2849.95,96,2025-07-15,,Active,,0.846,37,1,1298,1,3,20.8,0,4.1,0
CUST-13901,Cloud Hub 360,Mid-Market,Cybersecurity,Germany,2025-07-15,SUB-23901,Growth,Annual,1399.94,44,2025-07-15,,Active,,0.976,48,7,13853,0,3,9.7,0,3.9,0
CUST-13902,Data Pay 360,SMB,SaaS / Tech,United Kingdom,2025-07-15,SUB-23902,Starter,Monthly,299.1,8,2025-07-15,,Active,,0.781,25,7,7948,2,5,55.8,1,2.2,0
CUST-13903,Nova Works 360,Mid-Market,SaaS / Tech,Germany,2025-07-16,SUB-23903,Growth,Annual,3587.42,90,2025-07-16,2025-12-31,Churned,Support / SLA Frustration,0.613,75,4,10334,2,2,90.4,0,3.0,1
CUST-13904,Pulse Security 360,SMB,E-Commerce,United Kingdom,2025-07-16,SUB-23904,Starter,Annual,690.4,5,2025-07-16,,Active,,0.932,54,1,29125,3,2,4.5,0,4.8,0
CUST-13905,Stratum Analytics 360,Mid-Market,E-Commerce,United States,2025-07-16,SUB-23905,Scale,Monthly,2374.82,25,2025-07-16,2025-12-31,Churned,Leadership Transition,0.667,57,4,50926,12,1,23.4,0,4.2,1
CUST-13906,Sync Tech 360,SMB,E-Commerce,India,2025-07-17,SUB-23906,Starter,Monthly,130.72,12,2025-07-17,2025-12-31,Churned,Competitor Alternative,0.748,56,5,60045,1,8,23.8,0,4.4,1
CUST-13907,Vanguard Sphere 360,Mid-Market,E-Commerce,United States,2025-07-17,SUB-23907,Scale,Monthly,2285.06,42,2025-07-17,,Active,,0.476,90,3,33735,3,3,107.8,2,2.0,0
CUST-13908,Omni Labs 360,SMB,E-Commerce,Germany,2025-07-17,SUB-23908,Starter,Monthly,280.82,21,2025-07-17,,Active,,0.579,66,7,6712,0,5,17.7,0,4.2,0
CUST-13909,Hyper Flow 360,Mid-Market,Cybersecurity,United States,2025-07-17,SUB-23909,Growth,Annual,1876.65,61,2025-07-17,,Active,,0.715,53,5,32652,1,1,112.4,0,1.5,0
CUST-13910,Zenith Corp 360,Enterprise,SaaS / Tech,Germany,2025-07-17,SUB-23910,Enterprise Plus,Annual,13457.51,350,2025-07-17,,Active,,0.703,72,7,76007,4,7,12.4,0,4.8,0
CUST-13911,Quantum Stack 360,Mid-Market,SaaS / Tech,United States,2025-07-17,SUB-23911,Scale,Annual,2008.85,71,2025-07-17,,Active,,0.381,55,6,31839,0,4,12.1,0,4.2,0
CUST-13912,Nexus AI 360,Enterprise,Logistics & Supply Chain,United Kingdom,2025-07-17,SUB-23912,Scale,Annual,9986.66,313,2025-07-17,,Active,,0.673,71,4,4716,1,3,6.4,0,4.3,0
CUST-13913,Vertex Scale 360,SMB,Fintech,India,2025-07-17,SUB-23913,Starter,Monthly,418.26,23,2025-07-17,,Active,,0.693,74,4,29894,0,5,22.7,0,4.3,0
CUST-13914,Blue Systems 360,SMB,Fintech,United States,2025-07-17,SUB-23914,Starter,Monthly,122.02,11,2025-07-17,,Active,,0.598,99,7,26149,7,5,7.4,0,4.8,0
CUST-13915,Apex Logic 361,Mid-Market,E-Commerce,Canada,2025-07-17,SUB-23915,Scale,Annual,1634.24,65,2025-07-17,,Active,,1.0,63,1,9815,1,4,4.8,0,4.2,0
CUST-13916,Cloud Hub 361,SMB,E-Commerce,Germany,2025-07-17,SUB-23916,Starter,Monthly,311.31,12,2025-07-17,,Active,,0.966,73,3,8842,0,4,18.7,0,4.5,0
CUST-13917,Data Pay 361,Mid-Market,Logistics & Supply Chain,Canada,2025-07-18,SUB-23917,Scale,Monthly,2193.71,68,2025-07-18,,Active,,0.294,100,5,9693,10,1,9.2,0,3.8,0
CUST-13918,Nova Works 361,SMB,Healthcare,India,2025-07-18,SUB-23918,Growth,Monthly,236.75,11,2025-07-18,,Active,,0.67,61,4,17240,0,5,22.3,0,5.0,0
CUST-13919,Pulse Security 361,SMB,E-Commerce,United States,2025-07-18,SUB-23919,Starter,Annual,127.66,8,2025-07-18,,Active,,1.0,75,4,10909,5,5,12.0,0,4.0,0
CUST-13920,Stratum Analytics 361,SMB,E-Commerce,United States,2025-07-18,SUB-23920,Growth,Monthly,335.24,17,2025-07-18,,Active,,1.0,40,2,33791,0,6,21.4,0,4.6,0
CUST-13921,Sync Tech 361,Mid-Market,Fintech,United States,2025-07-18,SUB-23921,Scale,Annual,2251.62,29,2025-07-18,2025-12-31,Churned,Support / SLA Frustration,0.601,74,4,16397,1,11,79.5,7,1.3,1
CUST-13922,Vanguard Sphere 361,SMB,E-Commerce,United States,2025-07-18,SUB-23922,Starter,Monthly,393.12,13,2025-07-18,,Active,,0.704,92,4,14579,5,5,107.6,3,1.7,0
CUST-13923,Omni Labs 361,Mid-Market,Logistics & Supply Chain,United States,2025-07-18,SUB-23923,Scale,Monthly,2124.11,26,2025-07-18,2025-09-07,Churned,Support / SLA Frustration,0.784,60,2,23027,5,6,50.9,4,2.6,1
CUST-13924,Hyper Flow 361,SMB,Fintech,United Kingdom,2025-07-19,SUB-23924,Starter,Monthly,604.82,24,2025-07-19,2025-12-31,Churned,Switched Tool,1.0,78,5,2176,1,2,6.6,0,3.9,1
CUST-13925,Zenith Corp 361,Enterprise,E-Commerce,United States,2025-07-19,SUB-23925,Scale,Annual,11780.11,194,2025-07-19,,Active,,0.599,83,2,13338,1,7,21.9,0,4.5,0
CUST-13926,Quantum Stack 361,SMB,E-Commerce,United States,2025-07-19,SUB-23926,Starter,Monthly,301.22,10,2025-07-19,,Active,,1.0,57,3,31856,0,4,16.1,0,4.3,0
CUST-13927,Nexus AI 361,SMB,Fintech,United States,2025-07-19,SUB-23927,Growth,Annual,201.54,7,2025-07-19,,Active,,0.763,85,6,16309,0,4,62.9,2,2.1,0
CUST-13928,Vertex Scale 361,SMB,Fintech,Germany,2025-07-19,SUB-23928,Growth,Monthly,201.58,9,2025-07-19,,Active,,0.749,74,5,2249,27,3,3.1,0,5.0,0
CUST-13929,Blue Systems 361,Enterprise,Cybersecurity,United Kingdom,2025-07-19,SUB-23929,Enterprise Plus,Annual,17750.82,316,2025-07-19,,Active,,0.88,68,6,32270,8,4,10.5,0,4.7,0
CUST-13930,Apex Logic 362,SMB,Healthcare,United States,2025-07-20,SUB-23930,Starter,Monthly,321.27,10,2025-07-20,2025-09-28,Churned,Price / Budget Cuts,0.584,82,6,37131,4,3,15.3,0,5.0,1
CUST-13931,Cloud Hub 362,Mid-Market,Fintech,India,2025-07-20,SUB-23931,Growth,Monthly,1402.32,53,2025-07-20,2025-12-31,Churned,Competitor Alternative,0.587,75,4,13904,8,1,14.7,0,4.3,1
CUST-13932,Data Pay 362,SMB,Fintech,United States,2025-07-20,SUB-23932,Starter,Monthly,334.65,9,2025-07-20,,Active,,0.327,52,6,100084,0,3,7.4,0,3.8,0
CUST-13933,Nova Works 362,Mid-Market,SaaS / Tech,Australia,2025-07-20,SUB-23933,Growth,Monthly,3257.4,51,2025-07-20,2025-12-31,Churned,Internal Restructuring,0.815,69,6,3350,9,8,13.9,0,4.7,1
CUST-13934,Pulse Security 362,Mid-Market,E-Commerce,United Kingdom,2025-07-20,SUB-23934,Scale,Annual,1193.31,88,2025-07-20,,Active,,0.884,60,5,9445,1,4,63.0,3,2.4,0
CUST-13935,Stratum Analytics 362,SMB,E-Commerce,United States,2025-07-20,SUB-23935,Starter,Monthly,710.62,16,2025-07-20,,Active,,0.525,67,3,12919,0,2,12.1,0,4.0,0
CUST-13936,Sync Tech 362,Mid-Market,Fintech,United Kingdom,2025-07-20,SUB-23936,Growth,Monthly,1725.78,62,2025-07-20,,Active,,0.684,36,0,77891,19,4,12.1,0,4.7,0
CUST-13937,Vanguard Sphere 362,Mid-Market,Logistics & Supply Chain,Canada,2025-07-20,SUB-23937,Growth,Annual,2891.28,57,2025-07-20,,Active,,0.788,70,2,43496,10,7,14.6,0,4.5,0
CUST-13938,Omni Labs 362,Mid-Market,Healthcare,United States,2025-07-20,SUB-23938,Scale,Monthly,1888.38,67,2025-07-20,,Active,,0.634,100,6,6895,3,5,82.0,0,1.7,0
CUST-13939,Hyper Flow 362,Mid-Market,Healthcare,Germany,2025-07-21,SUB-23939,Scale,Monthly,2465.55,53,2025-07-21,,Active,,0.612,92,4,12204,4,7,7.1,0,4.0,0
CUST-13940,Zenith Corp 362,SMB,E-Commerce,United States,2025-07-21,SUB-23940,Starter,Monthly,339.77,18,2025-07-21,2025-12-31,Churned,Price / Budget Cuts,0.871,57,5,1979,4,1,19.2,0,4.8,1
CUST-13941,Quantum Stack 362,SMB,Healthcare,United States,2025-07-21,SUB-23941,Starter,Monthly,610.76,10,2025-07-21,,Active,,0.815,75,3,9827,8,3,3.9,0,4.4,0
CUST-13942,Nexus AI 362,Enterprise,Logistics & Supply Chain,United States,2025-07-21,SUB-23942,Scale,Annual,14413.85,485,2025-07-21,,Active,,0.705,53,4,23871,3,2,82.7,0,1.4,0
CUST-13943,Vertex Scale 362,Mid-Market,Cybersecurity,United States,2025-07-21,SUB-23943,Growth,Annual,3553.89,44,2025-07-21,2025-12-31,Churned,Support / SLA Frustration,0.473,84,5,33573,13,1,55.5,0,1.7,1
CUST-13944,Blue Systems 362,Enterprise,Healthcare,United States,2025-07-22,SUB-23944,Enterprise Plus,Annual,14767.89,150,2025-07-22,2025-12-31,Churned,Support / SLA Frustration,0.68,83,3,63500,4,1,51.1,1,2.3,1
CUST-13945,Apex Logic 363,Enterprise,Logistics & Supply Chain,India,2025-07-22,SUB-23945,Enterprise Plus,Annual,17399.09,114,2025-07-22,,Active,,1.0,99,5,7926,0,3,11.3,0,4.1,0
CUST-13946,Cloud Hub 363,SMB,SaaS / Tech,United States,2025-07-22,SUB-23946,Starter,Annual,673.89,16,2025-07-22,2025-12-31,Churned,Support / SLA Frustration,0.522,92,7,3420,0,5,102.4,1,1.9,1
CUST-13947,Data Pay 363,SMB,Cybersecurity,United States,2025-07-22,SUB-23947,Starter,Annual,428.09,12,2025-07-22,,Active,,0.272,65,4,7876,0,1,16.2,0,4.2,0
CUST-13948,Nova Works 363,Mid-Market,Fintech,United Kingdom,2025-07-22,SUB-23948,Growth,Monthly,1077.7,73,2025-07-22,,Active,,0.642,43,3,30927,6,1,15.3,0,3.9,0
CUST-13949,Pulse Security 363,Mid-Market,E-Commerce,India,2025-07-22,SUB-23949,Scale,Monthly,3063.16,46,2025-07-22,2025-10-29,Churned,Low Adoption & License Waste,0.293,95,4,49179,5,6,20.7,0,4.5,1
CUST-13950,Stratum Analytics 363,Enterprise,Healthcare,Australia,2025-07-22,SUB-23950,Enterprise Plus,Annual,6080.32,355,2025-07-22,,Active,,0.649,49,3,1002,17,4,20.4,0,4.6,0
CUST-13951,Sync Tech 363,SMB,Logistics & Supply Chain,Canada,2025-07-22,SUB-23951,Growth,Annual,186.78,16,2025-07-22,,Active,,0.739,53,5,15225,1,5,15.8,0,4.6,0
CUST-13952,Vanguard Sphere 363,SMB,Fintech,Australia,2025-07-23,SUB-23952,Starter,Monthly,255.16,7,2025-07-23,,Active,,0.789,70,3,10744,4,6,12.8,0,4.8,0
CUST-13953,Omni Labs 363,Enterprise,E-Commerce,Canada,2025-07-23,SUB-23953,Enterprise Plus,Monthly,13749.15,427,2025-07-23,,Active,,0.862,77,3,5097,2,3,21.9,0,4.4,0
CUST-13954,Hyper Flow 363,Mid-Market,Healthcare,Australia,2025-07-23,SUB-23954,Growth,Monthly,1993.41,88,2025-07-23,,Active,,0.479,72,5,29903,10,0,4.0,0,4.7,0
CUST-13955,Zenith Corp 363,SMB,Healthcare,Canada,2025-07-23,SUB-23955,Starter,Monthly,283.96,16,2025-07-23,,Active,,0.734,27,3,10459,6,2,4.0,0,4.4,0
CUST-13956,Quantum Stack 363,SMB,E-Commerce,United States,2025-07-23,SUB-23956,Starter,Monthly,291.02,11,2025-07-23,2025-12-31,Churned,Low Adoption & License Waste,0.098,100,4,32809,1,7,23.4,0,3.9,1
CUST-13957,Nexus AI 363,Mid-Market,Logistics & Supply Chain,United States,2025-07-23,SUB-23957,Growth,Annual,2908.4,69,2025-07-23,,Active,,0.55,77,5,5297,3,4,11.7,0,4.9,0
CUST-13958,Vertex Scale 363,Enterprise,E-Commerce,United Kingdom,2025-07-24,SUB-23958,Enterprise Plus,Annual,17036.85,232,2025-07-24,,Active,,0.692,89,3,2151,0,8,73.8,0,2.8,0
CUST-13959,Blue Systems 363,Enterprise,Logistics & Supply Chain,United States,2025-07-24,SUB-23959,Enterprise Plus,Annual,14542.93,331,2025-07-24,,Active,,0.832,59,5,1522,1,4,13.0,0,4.1,0
CUST-13960,Apex Logic 364,SMB,Healthcare,United States,2025-07-24,SUB-23960,Starter,Annual,500.98,5,2025-07-24,,Active,,0.484,68,5,15937,24,4,21.2,0,4.8,0
CUST-13961,Cloud Hub 364,Mid-Market,E-Commerce,United Kingdom,2025-07-24,SUB-23961,Growth,Monthly,3024.32,99,2025-07-24,,Active,,0.551,67,3,8903,7,2,5.7,0,4.1,0
CUST-13962,Data Pay 364,Enterprise,E-Commerce,India,2025-07-24,SUB-23962,Scale,Annual,9105.46,392,2025-07-24,,Active,,0.762,51,4,15638,4,2,6.4,0,4.6,0
CUST-13963,Nova Works 364,SMB,Fintech,United States,2025-07-24,SUB-23963,Growth,Monthly,715.86,22,2025-07-24,,Active,,0.841,41,1,16055,37,2,4.1,0,4.5,0
CUST-13964,Pulse Security 364,Enterprise,E-Commerce,Canada,2025-07-24,SUB-23964,Enterprise Plus,Annual,17302.34,404,2025-07-24,,Active,,0.623,55,4,570,15,5,11.4,0,4.0,0
CUST-13965,Stratum Analytics 364,SMB,SaaS / Tech,Canada,2025-07-24,SUB-23965,Starter,Annual,255.12,20,2025-07-24,,Active,,0.382,87,4,11076,0,0,4.0,0,4.4,0
CUST-13966,Sync Tech 364,Mid-Market,E-Commerce,Australia,2025-07-25,SUB-23966,Scale,Annual,3051.57,35,2025-07-25,,Active,,0.671,40,5,57165,4,4,12.4,0,3.9,0
CUST-13967,Vanguard Sphere 364,Enterprise,SaaS / Tech,India,2025-07-25,SUB-23967,Enterprise Plus,Annual,17629.78,160,2025-07-25,,Active,,0.912,100,1,5520,4,5,9.9,0,4.9,0
CUST-13968,Omni Labs 364,SMB,E-Commerce,Canada,2025-07-25,SUB-23968,Growth,Monthly,382.12,14,2025-07-25,,Active,,1.0,72,3,23249,9,3,8.7,0,4.3,0
CUST-13969,Hyper Flow 364,Mid-Market,Fintech,United Kingdom,2025-07-26,SUB-23969,Scale,Monthly,2639.88,94,2025-07-26,,Active,,0.643,79,6,886,7,4,14.4,0,4.9,0
CUST-13970,Zenith Corp 364,SMB,Fintech,United States,2025-07-26,SUB-23970,Starter,Monthly,437.83,11,2025-07-26,2025-12-31,Churned,Competitor Alternative,0.91,90,4,3551,0,4,8.4,0,4.0,1
CUST-13971,Quantum Stack 364,SMB,E-Commerce,United Kingdom,2025-07-26,SUB-23971,Growth,Monthly,421.7,20,2025-07-26,,Active,,0.204,70,3,10193,5,4,69.5,3,1.8,0
CUST-13972,Nexus AI 364,Mid-Market,Healthcare,Canada,2025-07-26,SUB-23972,Growth,Annual,2475.26,71,2025-07-26,2025-10-30,Churned,Internal Restructuring,0.882,71,5,43162,0,2,11.4,0,4.2,1
CUST-13973,Vertex Scale 364,SMB,Fintech,India,2025-07-26,SUB-23973,Growth,Annual,442.62,6,2025-07-26,,Active,,0.836,67,3,27010,9,3,7.7,0,4.9,0
CUST-13974,Blue Systems 364,Mid-Market,Healthcare,Canada,2025-07-26,SUB-23974,Growth,Monthly,1571.55,81,2025-07-26,,Active,,0.852,66,4,13688,2,2,108.4,1,2.8,0
CUST-13975,Apex Logic 365,SMB,E-Commerce,United States,2025-07-26,SUB-23975,Starter,Annual,431.09,5,2025-07-26,,Active,,0.697,65,1,33220,0,2,13.3,0,4.6,0
CUST-13976,Cloud Hub 365,Mid-Market,Healthcare,United Kingdom,2025-07-26,SUB-23976,Scale,Annual,920.33,70,2025-07-26,2025-12-31,Churned,Competitor Alternative,0.676,50,4,19664,2,5,8.3,0,4.1,1
CUST-13977,Data Pay 365,SMB,SaaS / Tech,United States,2025-07-27,SUB-23977,Growth,Monthly,278.77,8,2025-07-27,,Active,,0.737,59,0,39611,0,4,15.7,0,4.1,0
CUST-13978,Nova Works 365,Enterprise,E-Commerce,United States,2025-07-27,SUB-23978,Enterprise Plus,Annual,9388.06,272,2025-07-27,,Active,,0.611,58,4,5763,3,5,11.3,0,4.6,0
CUST-13979,Pulse Security 365,Mid-Market,Healthcare,United States,2025-07-27,SUB-23979,Growth,Annual,2548.22,32,2025-07-27,,Active,,0.595,57,7,59616,8,4,8.9,0,4.3,0
CUST-13980,Stratum Analytics 365,SMB,SaaS / Tech,United States,2025-07-27,SUB-23980,Starter,Annual,399.67,5,2025-07-27,,Active,,0.559,60,4,12552,9,1,17.4,0,4.0,0
CUST-13981,Sync Tech 365,SMB,E-Commerce,Germany,2025-07-27,SUB-23981,Starter,Monthly,135.41,17,2025-07-27,2025-12-31,Churned,Support / SLA Frustration,0.892,67,4,31822,11,4,109.1,1,2.2,1
CUST-13982,Vanguard Sphere 365,Mid-Market,E-Commerce,United States,2025-07-27,SUB-23982,Scale,Annual,1281.4,28,2025-07-27,,Active,,0.68,88,5,610,4,1,19.6,0,4.5,0
CUST-13983,Omni Labs 365,Mid-Market,E-Commerce,United States,2025-07-28,SUB-23983,Scale,Monthly,1564.96,87,2025-07-28,,Active,,0.53,48,4,29429,7,3,83.6,1,2.3,0
CUST-13984,Hyper Flow 365,SMB,Fintech,Australia,2025-07-28,SUB-23984,Growth,Monthly,594.62,9,2025-07-28,,Active,,0.901,83,4,88818,1,7,5.8,0,4.5,0
CUST-13985,Zenith Corp 365,SMB,SaaS / Tech,United States,2025-07-28,SUB-23985,Starter,Annual,556.11,9,2025-07-28,,Active,,0.568,79,1,38496,2,4,79.6,1,2.1,0
CUST-13986,Quantum Stack 365,Enterprise,Healthcare,United States,2025-07-28,SUB-23986,Enterprise Plus,Annual,14300.55,124,2025-07-28,2025-12-25,Churned,Support / SLA Frustration,0.592,80,3,24521,2,6,58.2,5,2.0,1
CUST-13987,Nexus AI 365,Mid-Market,Cybersecurity,United States,2025-07-28,SUB-23987,Growth,Annual,1019.9,80,2025-07-28,,Active,,0.821,45,2,17788,11,5,21.7,0,4.3,0
CUST-13988,Vertex Scale 365,Mid-Market,Logistics & Supply Chain,United States,2025-07-28,SUB-23988,Scale,Monthly,3395.83,25,2025-07-28,2025-09-06,Churned,Competitor Alternative,0.633,99,5,51541,3,2,22.2,0,5.0,1
CUST-13989,Blue Systems 365,SMB,E-Commerce,United States,2025-07-28,SUB-23989,Starter,Monthly,736.06,18,2025-07-28,2025-12-31,Churned,Price / Budget Cuts,0.601,48,6,4536,2,5,21.3,0,3.8,1
CUST-13990,Apex Logic 366,Enterprise,Healthcare,United States,2025-07-28,SUB-23990,Enterprise Plus,Annual,6563.28,245,2025-07-28,,Active,,0.939,82,1,29297,1,3,23.3,0,3.8,0
CUST-13991,Cloud Hub 366,Mid-Market,Fintech,United Kingdom,2025-07-29,SUB-23991,Scale,Annual,3371.32,95,2025-07-29,,Active,,0.676,100,5,37248,1,2,117.3,1,2.9,0
CUST-13992,Data Pay 366,SMB,Healthcare,United States,2025-07-29,SUB-23992,Growth,Monthly,129.66,24,2025-07-29,2025-12-21,Churned,Low Adoption & License Waste,0.689,66,3,4824,32,2,22.3,0,4.3,1
CUST-13993,Nova Works 366,Enterprise,E-Commerce,United States,2025-07-29,SUB-23993,Enterprise Plus,Monthly,7021.92,278,2025-07-29,2025-12-31,Churned,Competitor Alternative,0.723,66,0,776,5,8,18.6,0,4.8,1
CUST-13994,Pulse Security 366,Mid-Market,Healthcare,Germany,2025-07-29,SUB-23994,Growth,Annual,3635.5,85,2025-07-29,,Active,,0.776,27,5,8308,5,6,4.0,0,4.7,0
CUST-13995,Stratum Analytics 366,Mid-Market,E-Commerce,United States,2025-07-29,SUB-23995,Growth,Annual,3071.39,50,2025-07-29,,Active,,0.706,43,1,1929,6,3,3.1,0,4.2,0
CUST-13996,Sync Tech 366,Mid-Market,Fintech,India,2025-07-29,SUB-23996,Scale,Annual,2749.96,97,2025-07-29,,Active,,0.668,40,2,12271,1,4,4.5,0,4.1,0
CUST-13997,Vanguard Sphere 366,Mid-Market,Cybersecurity,United States,2025-07-29,SUB-23997,Growth,Annual,3526.67,92,2025-07-29,,Active,,0.151,56,4,7437,9,3,13.3,0,4.4,0
CUST-13998,Omni Labs 366,SMB,Fintech,United States,2025-07-30,SUB-23998,Growth,Monthly,336.88,9,2025-07-30,2025-12-31,Churned,Price / Budget Cuts,0.808,83,6,3919,4,4,18.9,0,4.2,1
CUST-13999,Hyper Flow 366,Mid-Market,Cybersecurity,Canada,2025-07-30,SUB-23999,Growth,Monthly,1577.08,70,2025-07-30,,Active,,0.808,73,3,18878,9,4,10.9,0,4.6,0
CUST-14000,Zenith Corp 366,SMB,Cybersecurity,United States,2025-07-30,SUB-24000,Growth,Monthly,122.78,11,2025-07-30,,Active,,0.665,96,3,19032,6,7,94.7,1,2.5,0
CUST-14001,Quantum Stack 366,SMB,E-Commerce,United States,2025-07-30,SUB-24001,Growth,Monthly,628.73,22,2025-07-30,2025-11-26,Churned,Switched Tool,0.699,90,6,43671,2,4,14.0,0,4.6,1
CUST-14002,Nexus AI 366,SMB,SaaS / Tech,United Kingdom,2025-07-30,SUB-24002,Starter,Monthly,406.92,18,2025-07-30,,Active,,0.627,100,6,92974,0,4,20.2,0,3.8,0
CUST-14003,Vertex Scale 366,Mid-Market,Healthcare,United States,2025-07-31,SUB-24003,Growth,Monthly,3521.58,46,2025-07-31,2025-10-24,Churned,Leadership Transition,0.864,88,3,13656,6,4,10.1,0,3.9,1
CUST-14004,Blue Systems 366,Enterprise,E-Commerce,Canada,2025-07-31,SUB-24004,Enterprise Plus,Annual,16355.28,141,2025-07-31,,Active,,0.79,53,5,36729,12,3,9.5,0,4.5,0
CUST-14005,Apex Logic 367,Mid-Market,Healthcare,India,2025-07-31,SUB-24005,Growth,Annual,1778.18,37,2025-07-31,,Active,,1.0,65,4,34602,3,3,3.4,0,4.3,0
CUST-14006,Cloud Hub 367,Mid-Market,Healthcare,United States,2025-07-31,SUB-24006,Scale,Annual,3693.08,68,2025-07-31,,Active,,0.875,61,4,38881,4,1,2.3,0,4.2,0
CUST-14007,Data Pay 367,Mid-Market,E-Commerce,United Kingdom,2025-07-31,SUB-24007,Growth,Annual,3781.28,67,2025-07-31,,Active,,1.0,56,5,6879,1,1,16.3,0,4.1,0
CUST-14008,Nova Works 367,SMB,E-Commerce,United Kingdom,2025-07-31,SUB-24008,Starter,Monthly,267.98,18,2025-07-31,,Active,,0.875,50,2,8373,0,9,8.6,0,4.0,0
CUST-14009,Pulse Security 367,Enterprise,E-Commerce,Australia,2025-07-31,SUB-24009,Enterprise Plus,Annual,8315.63,471,2025-07-31,,Active,,0.851,31,2,4440,10,4,18.4,0,4.9,0
CUST-14010,Stratum Analytics 367,Enterprise,Healthcare,Germany,2025-08-01,SUB-24010,Enterprise Plus,Annual,7989.69,140,2025-08-01,,Active,,0.9,50,4,66369,2,7,19.2,0,4.7,0
CUST-14011,Sync Tech 367,Mid-Market,Healthcare,India,2025-08-01,SUB-24011,Growth,Annual,1792.71,28,2025-08-01,,Active,,0.71,46,5,10187,8,3,21.4,0,4.3,0
CUST-14012,Vanguard Sphere 367,SMB,Fintech,United States,2025-08-01,SUB-24012,Starter,Monthly,681.77,16,2025-08-01,,Active,,0.788,75,5,22332,4,3,8.3,0,4.0,0
CUST-14013,Omni Labs 367,Mid-Market,Fintech,Canada,2025-08-02,SUB-24013,Scale,Annual,2339.09,79,2025-08-02,,Active,,0.7,80,5,5315,4,6,4.1,0,4.3,0
CUST-14014,Hyper Flow 367,SMB,Healthcare,United States,2025-08-02,SUB-24014,Growth,Monthly,462.51,23,2025-08-02,2025-11-30,Churned,Low Adoption & License Waste,0.386,44,4,15462,4,6,20.6,0,3.8,1
CUST-14015,Zenith Corp 367,Mid-Market,Fintech,United States,2025-08-02,SUB-24015,Scale,Monthly,3175.4,33,2025-08-02,,Active,,0.658,68,5,21259,13,3,74.6,2,2.6,0
CUST-14016,Quantum Stack 367,SMB,Fintech,India,2025-08-02,SUB-24016,Starter,Monthly,347.85,10,2025-08-02,,Active,,0.78,71,5,19888,6,6,114.6,2,2.7,0
CUST-14017,Nexus AI 367,SMB,Logistics & Supply Chain,United States,2025-08-02,SUB-24017,Starter,Annual,470.25,8,2025-08-02,2025-12-31,Churned,Support / SLA Frustration,0.696,71,3,37001,3,4,110.6,3,2.7,1
CUST-14018,Vertex Scale 367,Mid-Market,Fintech,Australia,2025-08-02,SUB-24018,Growth,Monthly,2113.36,53,2025-08-02,2025-12-31,Churned,Low Adoption & License Waste,0.153,69,4,3872,0,5,22.1,0,4.2,1
CUST-14019,Blue Systems 367,Mid-Market,SaaS / Tech,United States,2025-08-02,SUB-24019,Growth,Annual,2345.2,43,2025-08-02,,Active,,0.81,73,6,569,2,4,116.9,2,2.7,0
CUST-14020,Apex Logic 368,Mid-Market,Healthcare,Germany,2025-08-02,SUB-24020,Scale,Monthly,1680.99,32,2025-08-02,2025-11-11,Churned,Support / SLA Frustration,0.722,66,6,38888,7,3,78.7,2,1.4,1
CUST-14021,Cloud Hub 368,Mid-Market,Logistics & Supply Chain,United States,2025-08-03,SUB-24021,Growth,Monthly,1512.95,25,2025-08-03,,Active,,1.0,63,4,22775,8,6,19.9,0,4.6,0
CUST-14022,Data Pay 368,SMB,E-Commerce,United States,2025-08-03,SUB-24022,Starter,Monthly,554.66,22,2025-08-03,,Active,,0.647,68,6,27488,0,3,19.1,0,4.9,0
CUST-14023,Nova Works 368,SMB,Healthcare,United States,2025-08-03,SUB-24023,Starter,Annual,127.26,24,2025-08-03,2025-12-31,Churned,Support / SLA Frustration,0.948,67,4,15189,10,4,54.1,1,2.8,1
CUST-14024,Pulse Security 368,SMB,E-Commerce,United Kingdom,2025-08-03,SUB-24024,Starter,Monthly,368.55,19,2025-08-03,,Active,,0.573,51,4,7892,1,2,81.7,2,1.3,0
CUST-14025,Stratum Analytics 368,SMB,Healthcare,United States,2025-08-03,SUB-24025,Starter,Monthly,747.22,13,2025-08-03,,Active,,0.538,51,3,10133,4,2,23.0,0,3.9,0
CUST-14026,Sync Tech 368,Mid-Market,E-Commerce,United Kingdom,2025-08-04,SUB-24026,Growth,Annual,3229.24,45,2025-08-04,,Active,,0.546,65,6,3153,17,1,17.2,0,3.8,0
CUST-14027,Vanguard Sphere 368,Mid-Market,Fintech,United States,2025-08-04,SUB-24027,Growth,Monthly,2105.29,93,2025-08-04,,Active,,0.646,64,4,21389,2,4,4.8,0,4.5,0
CUST-14028,Omni Labs 368,SMB,Cybersecurity,United States,2025-08-04,SUB-24028,Starter,Monthly,164.39,19,2025-08-04,,Active,,0.836,84,7,23961,1,1,18.5,0,4.2,0
CUST-14029,Hyper Flow 368,Mid-Market,Healthcare,United States,2025-08-04,SUB-24029,Scale,Monthly,1676.94,96,2025-08-04,,Active,,0.414,61,2,2991,2,4,118.2,2,2.9,0
CUST-14030,Zenith Corp 368,SMB,Healthcare,United States,2025-08-04,SUB-24030,Starter,Annual,741.94,19,2025-08-04,2025-12-31,Churned,Support / SLA Frustration,1.0,100,1,7414,1,4,65.8,1,2.4,1
CUST-14031,Quantum Stack 368,Mid-Market,SaaS / Tech,Germany,2025-08-04,SUB-24031,Growth,Monthly,1164.24,31,2025-08-04,,Active,,0.375,52,4,6529,3,2,7.6,0,4.4,0
CUST-14032,Nexus AI 368,Enterprise,Healthcare,India,2025-08-04,SUB-24032,Enterprise Plus,Annual,16881.38,436,2025-08-04,2025-12-31,Churned,Support / SLA Frustration,0.474,98,3,3698,1,4,73.5,1,1.7,1
CUST-14033,Vertex Scale 368,SMB,Logistics & Supply Chain,United States,2025-08-04,SUB-24033,Starter,Monthly,147.02,15,2025-08-04,2025-12-31,Churned,Support / SLA Frustration,0.61,37,3,54479,19,2,67.8,0,1.9,1
CUST-14034,Blue Systems 368,Mid-Market,E-Commerce,United Kingdom,2025-08-05,SUB-24034,Scale,Monthly,1932.61,38,2025-08-05,,Active,,0.911,79,5,1993,19,5,19.2,0,4.5,0
CUST-14035,Apex Logic 369,SMB,SaaS / Tech,Canada,2025-08-05,SUB-24035,Starter,Monthly,495.97,5,2025-08-05,2025-12-31,Churned,Support / SLA Frustration,0.435,43,6,37574,0,3,54.6,2,1.6,1
CUST-14036,Cloud Hub 369,SMB,Fintech,United States,2025-08-05,SUB-24036,Starter,Monthly,399.93,8,2025-08-05,,Active,,0.882,62,5,11661,2,3,16.6,0,4.3,0
CUST-14037,Data Pay 369,SMB,Logistics & Supply Chain,United States,2025-08-05,SUB-24037,Growth,Monthly,623.01,8,2025-08-05,2025-12-31,Churned,Support / SLA Frustration,0.435,75,4,5059,1,4,94.6,0,2.5,1
CUST-14038,Nova Works 369,SMB,SaaS / Tech,United Kingdom,2025-08-05,SUB-24038,Starter,Monthly,435.4,15,2025-08-05,,Active,,1.0,62,6,37035,3,1,12.2,0,4.2,0
CUST-14039,Pulse Security 369,SMB,Fintech,United States,2025-08-05,SUB-24039,Starter,Monthly,423.48,9,2025-08-05,2025-11-19,Churned,Support / SLA Frustration,0.668,83,4,21458,4,3,102.9,0,2.0,1
CUST-14040,Stratum Analytics 369,SMB,Fintech,United States,2025-08-05,SUB-24040,Growth,Monthly,679.17,18,2025-08-05,,Active,,0.539,77,3,132231,12,5,14.6,0,4.0,0
CUST-14041,Sync Tech 369,Mid-Market,Healthcare,United States,2025-08-05,SUB-24041,Growth,Monthly,3282.17,27,2025-08-05,2025-12-31,Churned,Support / SLA Frustration,0.494,48,7,20723,2,7,118.3,2,2.6,1
CUST-14042,Vanguard Sphere 369,Mid-Market,Cybersecurity,United Kingdom,2025-08-06,SUB-24042,Growth,Annual,1515.16,53,2025-08-06,,Active,,0.518,100,4,23956,7,4,15.1,0,5.0,0
CUST-14043,Omni Labs 369,SMB,Healthcare,United States,2025-08-06,SUB-24043,Growth,Monthly,308.71,17,2025-08-06,,Active,,0.62,79,5,29267,1,6,10.4,0,4.5,0
CUST-14044,Hyper Flow 369,Mid-Market,E-Commerce,United States,2025-08-06,SUB-24044,Growth,Monthly,3498.88,66,2025-08-06,,Active,,0.656,75,5,11818,16,0,4.0,0,4.9,0
CUST-14045,Zenith Corp 369,Mid-Market,Fintech,United States,2025-08-06,SUB-24045,Scale,Annual,2419.96,77,2025-08-06,,Active,,0.456,43,4,79473,4,2,11.5,0,3.9,0
CUST-14046,Quantum Stack 369,Mid-Market,Healthcare,United States,2025-08-06,SUB-24046,Scale,Monthly,3734.73,86,2025-08-06,2025-12-31,Churned,Low Adoption & License Waste,0.175,75,3,845,4,0,4.0,0,4.8,1
CUST-14047,Nexus AI 369,SMB,E-Commerce,United States,2025-08-06,SUB-24047,Growth,Monthly,297.16,13,2025-08-06,2025-12-31,Churned,Support / SLA Frustration,0.878,64,5,8241,8,4,61.7,1,2.1,1
CUST-14048,Vertex Scale 369,SMB,Cybersecurity,India,2025-08-06,SUB-24048,Starter,Monthly,653.9,5,2025-08-06,,Active,,0.624,97,3,11933,3,4,23.9,0,4.2,0
CUST-14049,Blue Systems 369,Mid-Market,E-Commerce,United States,2025-08-06,SUB-24049,Growth,Monthly,1071.39,42,2025-08-06,,Active,,0.781,47,3,10817,0,5,7.5,0,4.7,0
CUST-14050,Apex Logic 370,SMB,Logistics & Supply Chain,United Kingdom,2025-08-06,SUB-24050,Starter,Monthly,472.91,24,2025-08-06,2025-12-31,Churned,Price / Budget Cuts,0.929,90,1,14733,16,2,19.8,0,3.9,1
CUST-14051,Cloud Hub 370,SMB,E-Commerce,United States,2025-08-07,SUB-24051,Starter,Monthly,298.24,9,2025-08-07,,Active,,0.581,98,5,7018,0,5,60.5,1,2.4,0
CUST-14052,Data Pay 370,SMB,Fintech,United Kingdom,2025-08-07,SUB-24052,Starter,Annual,362.11,12,2025-08-07,,Active,,0.688,51,6,32360,14,7,15.4,0,4.9,0
CUST-14053,Nova Works 370,SMB,Healthcare,United Kingdom,2025-08-07,SUB-24053,Starter,Monthly,363.11,24,2025-08-07,,Active,,0.863,47,5,29172,4,4,21.4,0,4.0,0
CUST-14054,Pulse Security 370,SMB,E-Commerce,United States,2025-08-07,SUB-24054,Growth,Annual,438.23,17,2025-08-07,,Active,,0.415,53,1,2662,11,4,18.7,0,4.6,0
CUST-14055,Stratum Analytics 370,Enterprise,Cybersecurity,Germany,2025-08-07,SUB-24055,Enterprise Plus,Monthly,12924.24,114,2025-08-07,2025-11-06,Churned,Support / SLA Frustration,0.652,33,6,15295,12,3,118.2,1,2.4,1
CUST-14056,Sync Tech 370,SMB,Logistics & Supply Chain,United States,2025-08-08,SUB-24056,Starter,Monthly,569.88,22,2025-08-08,,Active,,0.477,37,3,27416,3,4,9.7,0,4.1,0
CUST-14057,Vanguard Sphere 370,Enterprise,Fintech,Germany,2025-08-08,SUB-24057,Enterprise Plus,Annual,17568.09,467,2025-08-08,,Active,,0.838,97,4,125023,10,4,8.1,0,4.2,0
CUST-14058,Omni Labs 370,SMB,Fintech,United States,2025-08-08,SUB-24058,Starter,Annual,459.62,20,2025-08-08,2025-12-31,Churned,Price / Budget Cuts,0.598,56,7,18301,13,1,20.6,0,4.2,1
CUST-14059,Hyper Flow 370,SMB,Fintech,Australia,2025-08-08,SUB-24059,Starter,Annual,441.65,11,2025-08-08,,Active,,0.556,82,3,16126,0,7,14.6,0,4.9,0
CUST-14060,Zenith Corp 370,Mid-Market,Cybersecurity,Canada,2025-08-08,SUB-24060,Growth,Monthly,3468.26,66,2025-08-08,2025-11-18,Churned,Support / SLA Frustration,0.561,92,3,73474,17,5,89.5,2,2.4,1
CUST-14061,Quantum Stack 370,Mid-Market,Logistics & Supply Chain,Australia,2025-08-08,SUB-24061,Scale,Monthly,2498.32,48,2025-08-08,2025-12-21,Churned,Internal Restructuring,0.573,95,6,14018,5,3,16.1,0,4.6,1
CUST-14062,Nexus AI 370,SMB,SaaS / Tech,United Kingdom,2025-08-08,SUB-24062,Starter,Monthly,698.02,21,2025-08-08,,Active,,0.744,69,3,32132,0,9,19.3,0,4.5,0
CUST-14063,Vertex Scale 370,Mid-Market,Healthcare,United States,2025-08-09,SUB-24063,Growth,Monthly,3470.59,94,2025-08-09,,Active,,0.771,100,5,38156,0,6,9.6,0,4.1,0
CUST-14064,Blue Systems 370,SMB,E-Commerce,Canada,2025-08-09,SUB-24064,Starter,Monthly,503.81,19,2025-08-09,,Active,,0.779,84,4,17604,1,4,11.2,0,4.9,0
CUST-14065,Apex Logic 371,Enterprise,E-Commerce,India,2025-08-09,SUB-24065,Scale,Annual,10032.68,433,2025-08-09,,Active,,0.458,62,1,18684,8,2,5.6,0,4.7,0
CUST-14066,Cloud Hub 371,Enterprise,Healthcare,Australia,2025-08-09,SUB-24066,Enterprise Plus,Annual,6982.05,387,2025-08-09,,Active,,1.0,23,6,20794,10,1,6.8,0,4.7,0
CUST-14067,Data Pay 371,SMB,E-Commerce,United States,2025-08-09,SUB-24067,Starter,Monthly,594.08,22,2025-08-09,2025-10-31,Churned,Support / SLA Frustration,0.593,77,5,4279,1,3,63.5,0,2.6,1
CUST-14068,Nova Works 371,SMB,Fintech,Canada,2025-08-09,SUB-24068,Starter,Monthly,642.24,22,2025-08-09,,Active,,0.621,38,3,5605,0,3,22.7,0,4.1,0
CUST-14069,Pulse Security 371,SMB,Fintech,United States,2025-08-09,SUB-24069,Starter,Annual,266.68,23,2025-08-09,,Active,,0.547,38,5,121970,4,3,108.3,0,2.2,0
CUST-14070,Stratum Analytics 371,Mid-Market,Logistics & Supply Chain,United Kingdom,2025-08-10,SUB-24070,Growth,Annual,937.94,28,2025-08-10,,Active,,0.853,63,2,17719,3,6,55.2,1,2.9,0
CUST-14071,Sync Tech 371,SMB,SaaS / Tech,United States,2025-08-10,SUB-24071,Starter,Monthly,482.58,7,2025-08-10,,Active,,0.767,83,6,12082,3,4,11.9,0,4.9,0
CUST-14072,Vanguard Sphere 371,SMB,Healthcare,United States,2025-08-10,SUB-24072,Starter,Monthly,230.19,22,2025-08-10,,Active,,0.121,80,3,21575,1,2,7.0,0,4.0,0
CUST-14073,Omni Labs 371,SMB,E-Commerce,India,2025-08-10,SUB-24073,Starter,Annual,420.98,23,2025-08-10,2025-11-18,Churned,Competitor Alternative,1.0,100,4,19571,3,3,4.9,0,4.3,1
CUST-14074,Hyper Flow 371,SMB,Healthcare,United States,2025-08-10,SUB-24074,Starter,Monthly,490.86,7,2025-08-10,2025-12-09,Churned,Support / SLA Frustration,1.0,63,5,7564,5,2,75.0,0,2.7,1
CUST-14075,Zenith Corp 371,SMB,SaaS / Tech,United Kingdom,2025-08-11,SUB-24075,Starter,Monthly,236.44,18,2025-08-11,,Active,,0.883,74,6,38237,11,2,118.8,1,2.9,0
CUST-14076,Quantum Stack 371,Mid-Market,SaaS / Tech,United Kingdom,2025-08-11,SUB-24076,Scale,Annual,2057.63,41,2025-08-11,2025-12-31,Churned,Leadership Transition,0.582,49,1,71419,1,9,17.8,0,4.9,1
CUST-14077,Nexus AI 371,Mid-Market,SaaS / Tech,United States,2025-08-11,SUB-24077,Growth,Annual,2783.7,80,2025-08-11,,Active,,0.867,63,2,9914,9,4,14.2,0,4.3,0
CUST-14078,Vertex Scale 371,SMB,SaaS / Tech,United States,2025-08-11,SUB-24078,Starter,Monthly,211.78,11,2025-08-11,2025-11-13,Churned,Support / SLA Frustration,0.511,58,4,34345,2,4,52.0,2,1.8,1
CUST-14079,Blue Systems 371,Mid-Market,Fintech,United Kingdom,2025-08-11,SUB-24079,Growth,Annual,1312.39,61,2025-08-11,,Active,,0.801,77,3,1929,2,4,7.8,0,4.6,0
CUST-14080,Apex Logic 372,SMB,Healthcare,United States,2025-08-11,SUB-24080,Growth,Monthly,201.48,21,2025-08-11,,Active,,0.714,98,3,35138,1,2,10.4,0,3.9,0
CUST-14081,Cloud Hub 372,Mid-Market,E-Commerce,Germany,2025-08-11,SUB-24081,Scale,Annual,1219.09,99,2025-08-11,,Active,,0.742,73,6,34096,1,3,48.5,2,2.5,0
CUST-14082,Data Pay 372,SMB,Healthcare,Australia,2025-08-12,SUB-24082,Starter,Monthly,424.7,12,2025-08-12,,Active,,0.978,59,4,39923,0,2,21.1,0,4.4,0
CUST-14083,Nova Works 372,SMB,SaaS / Tech,United States,2025-08-12,SUB-24083,Starter,Monthly,279.55,5,2025-08-12,,Active,,0.742,81,4,73072,2,6,57.8,4,1.5,0
CUST-14084,Pulse Security 372,Mid-Market,Healthcare,United States,2025-08-12,SUB-24084,Growth,Annual,1658.01,72,2025-08-12,,Active,,0.612,61,3,11534,0,4,19.0,0,4.6,0
CUST-14085,Stratum Analytics 372,Enterprise,Fintech,United States,2025-08-12,SUB-24085,Enterprise Plus,Annual,4811.12,335,2025-08-12,,Active,,0.691,76,4,15308,0,4,11.9,0,4.2,0
CUST-14086,Sync Tech 372,Enterprise,Healthcare,Canada,2025-08-12,SUB-24086,Scale,Annual,14181.09,225,2025-08-12,,Active,,0.787,70,7,63462,3,4,14.1,0,4.8,0
CUST-14087,Vanguard Sphere 372,SMB,Cybersecurity,United States,2025-08-13,SUB-24087,Starter,Monthly,255.39,10,2025-08-13,,Active,,0.556,54,7,82340,4,5,21.9,0,4.4,0
CUST-14088,Omni Labs 372,SMB,Fintech,United States,2025-08-13,SUB-24088,Starter,Monthly,585.99,14,2025-08-13,2025-12-31,Churned,Competitor Alternative,0.704,88,2,62890,6,2,15.8,0,4.3,1
CUST-14089,Hyper Flow 372,Enterprise,E-Commerce,United Kingdom,2025-08-13,SUB-24089,Enterprise Plus,Annual,7105.97,160,2025-08-13,,Active,,1.0,53,5,31984,2,3,4.4,0,4.3,0
CUST-14090,Zenith Corp 372,SMB,Healthcare,Australia,2025-08-13,SUB-24090,Starter,Monthly,567.3,10,2025-08-13,2025-12-31,Churned,Competitor Alternative,0.416,71,3,27876,1,5,17.6,0,4.5,1
CUST-14091,Quantum Stack 372,Mid-Market,Fintech,United States,2025-08-14,SUB-24091,Growth,Monthly,2122.8,69,2025-08-14,2025-12-31,Churned,Support / SLA Frustration,0.356,50,3,50134,6,7,74.1,3,1.3,1
CUST-14092,Nexus AI 372,Mid-Market,E-Commerce,United States,2025-08-14,SUB-24092,Growth,Annual,1004.07,56,2025-08-14,,Active,,0.845,67,4,23257,0,9,20.6,0,4.2,0
CUST-14093,Vertex Scale 372,SMB,SaaS / Tech,Australia,2025-08-14,SUB-24093,Growth,Monthly,518.73,22,2025-08-14,2025-12-31,Churned,Support / SLA Frustration,0.726,47,5,11114,4,4,52.4,2,2.3,1
CUST-14094,Blue Systems 372,Mid-Market,E-Commerce,Canada,2025-08-14,SUB-24094,Growth,Annual,1403.28,73,2025-08-14,,Active,,0.915,57,3,70101,2,5,13.2,0,4.6,0
CUST-14095,Apex Logic 373,Mid-Market,Logistics & Supply Chain,Canada,2025-08-14,SUB-24095,Growth,Annual,3294.83,34,2025-08-14,,Active,,0.91,54,5,2095,12,6,9.3,0,4.2,0
CUST-14096,Cloud Hub 373,Enterprise,Healthcare,United Kingdom,2025-08-14,SUB-24096,Scale,Annual,11950.88,200,2025-08-14,,Active,,0.743,76,4,15573,4,4,11.0,0,3.9,0
CUST-14097,Data Pay 373,Enterprise,Fintech,Australia,2025-08-15,SUB-24097,Enterprise Plus,Annual,11334.27,211,2025-08-15,,Active,,1.0,86,2,9259,4,4,22.3,0,4.6,0
CUST-14098,Nova Works 373,Mid-Market,Cybersecurity,Canada,2025-08-15,SUB-24098,Scale,Annual,3056.57,77,2025-08-15,,Active,,0.789,51,3,1114,0,3,21.9,0,4.8,0
CUST-14099,Pulse Security 373,Enterprise,Healthcare,India,2025-08-15,SUB-24099,Enterprise Plus,Annual,11394.7,372,2025-08-15,,Active,,0.605,53,3,10425,0,4,23.9,0,4.0,0
CUST-14100,Stratum Analytics 373,SMB,E-Commerce,Canada,2025-08-15,SUB-24100,Starter,Annual,131.33,11,2025-08-15,,Active,,0.771,100,2,7466,9,3,7.3,0,4.7,0
CUST-14101,Sync Tech 373,Mid-Market,SaaS / Tech,Canada,2025-08-15,SUB-24101,Growth,Monthly,1409.91,54,2025-08-15,,Active,,0.728,22,1,20236,3,5,77.3,1,2.3,0
CUST-14102,Vanguard Sphere 373,SMB,Healthcare,United States,2025-08-15,SUB-24102,Growth,Monthly,420.96,8,2025-08-15,,Active,,0.835,83,6,18776,5,8,98.3,3,1.5,0
CUST-14103,Omni Labs 373,Mid-Market,SaaS / Tech,United States,2025-08-15,SUB-24103,Growth,Annual,1957.32,51,2025-08-15,,Active,,0.573,66,6,35791,5,4,21.0,0,3.9,0
CUST-14104,Hyper Flow 373,Mid-Market,Fintech,Canada,2025-08-15,SUB-24104,Growth,Monthly,986.29,58,2025-08-15,,Active,,1.0,60,4,1688,1,2,102.4,1,2.4,0
CUST-14105,Zenith Corp 373,SMB,Healthcare,United States,2025-08-16,SUB-24105,Growth,Monthly,343.91,7,2025-08-16,2025-12-31,Churned,Competitor Alternative,0.5,35,5,8111,18,6,15.6,0,5.0,1
CUST-14106,Quantum Stack 373,SMB,Fintech,United Kingdom,2025-08-16,SUB-24106,Growth,Annual,549.27,22,2025-08-16,,Active,,0.911,28,3,28542,4,7,5.6,0,4.5,0
CUST-14107,Nexus AI 373,Enterprise,Logistics & Supply Chain,United States,2025-08-16,SUB-24107,Scale,Annual,17984.31,355,2025-08-16,,Active,,0.712,55,4,9168,12,5,21.5,0,4.4,0
CUST-14108,Vertex Scale 373,SMB,Fintech,Germany,2025-08-16,SUB-24108,Starter,Monthly,469.13,19,2025-08-16,,Active,,0.589,56,4,30598,12,7,18.3,0,4.2,0
CUST-14109,Blue Systems 373,SMB,SaaS / Tech,United States,2025-08-17,SUB-24109,Starter,Annual,254.28,6,2025-08-17,,Active,,0.661,10,1,44641,2,6,51.0,2,1.2,0
CUST-14110,Apex Logic 374,SMB,Cybersecurity,Germany,2025-08-17,SUB-24110,Starter,Annual,385.33,8,2025-08-17,,Active,,0.557,75,5,3159,0,4,10.4,0,4.2,0
CUST-14111,Cloud Hub 374,SMB,E-Commerce,United Kingdom,2025-08-17,SUB-24111,Growth,Monthly,481.1,14,2025-08-17,,Active,,0.819,57,2,19521,3,3,7.7,0,3.9,0
CUST-14112,Data Pay 374,Enterprise,E-Commerce,United States,2025-08-17,SUB-24112,Scale,Annual,13156.6,412,2025-08-17,,Active,,0.8,100,3,16437,0,5,16.1,0,4.2,0
CUST-14113,Nova Works 374,Enterprise,E-Commerce,United Kingdom,2025-08-18,SUB-24113,Scale,Annual,14526.85,323,2025-08-18,2025-12-31,Churned,Support / SLA Frustration,0.975,62,3,16908,0,2,96.0,2,1.5,1
CUST-14114,Pulse Security 374,SMB,Healthcare,United States,2025-08-18,SUB-24114,Starter,Monthly,436.7,14,2025-08-18,2025-12-31,Churned,Support / SLA Frustration,0.571,70,3,33573,3,5,93.1,1,1.7,1
CUST-14115,Stratum Analytics 374,Mid-Market,E-Commerce,United States,2025-08-18,SUB-24115,Growth,Annual,1430.39,32,2025-08-18,,Active,,0.856,66,4,14423,7,0,4.0,0,4.3,0
CUST-14116,Sync Tech 374,SMB,E-Commerce,United States,2025-08-18,SUB-24116,Starter,Monthly,274.4,9,2025-08-18,,Active,,0.61,53,4,16574,15,3,4.8,0,4.4,0
CUST-14117,Vanguard Sphere 374,Mid-Market,Cybersecurity,United States,2025-08-18,SUB-24117,Scale,Monthly,1848.62,47,2025-08-18,,Active,,0.538,84,5,4989,1,3,23.2,0,4.0,0
CUST-14118,Omni Labs 374,Enterprise,Cybersecurity,Australia,2025-08-18,SUB-24118,Enterprise Plus,Annual,8461.42,385,2025-08-18,,Active,,0.628,68,5,1992,11,3,13.2,0,4.2,0
CUST-14119,Hyper Flow 374,SMB,Logistics & Supply Chain,United States,2025-08-18,SUB-24119,Starter,Monthly,745.36,11,2025-08-18,,Active,,0.798,67,3,38817,1,5,20.3,0,4.3,0
CUST-14120,Zenith Corp 374,Mid-Market,Logistics & Supply Chain,United Kingdom,2025-08-18,SUB-24120,Scale,Annual,2466.83,59,2025-08-18,2025-10-25,Churned,Support / SLA Frustration,0.557,79,5,7444,0,3,113.1,1,2.8,1
CUST-14121,Quantum Stack 374,SMB,E-Commerce,United States,2025-08-19,SUB-24121,Growth,Annual,515.09,20,2025-08-19,,Active,,1.0,21,2,28558,1,1,21.5,0,4.7,0
CUST-14122,Nexus AI 374,SMB,SaaS / Tech,United Kingdom,2025-08-19,SUB-24122,Starter,Annual,274.23,18,2025-08-19,2025-10-21,Churned,Price / Budget Cuts,1.0,79,6,14633,1,2,4.0,0,4.0,1
CUST-14123,Vertex Scale 374,SMB,Logistics & Supply Chain,United States,2025-08-19,SUB-24123,Growth,Monthly,473.06,9,2025-08-19,2025-12-31,Churned,Switched Tool,0.544,55,3,4803,4,0,4.0,0,4.5,1
CUST-14124,Blue Systems 374,SMB,Healthcare,United Kingdom,2025-08-19,SUB-24124,Starter,Monthly,532.98,24,2025-08-19,,Active,,0.882,60,4,59422,35,4,10.1,0,4.1,0
CUST-14125,Apex Logic 375,SMB,Cybersecurity,Canada,2025-08-19,SUB-24125,Growth,Annual,483.94,6,2025-08-19,,Active,,0.722,58,6,23946,2,6,13.9,0,4.4,0
CUST-14126,Cloud Hub 375,SMB,Healthcare,Canada,2025-08-19,SUB-24126,Starter,Annual,331.39,18,2025-08-19,,Active,,0.624,86,4,79948,9,2,8.8,0,4.8,0
CUST-14127,Data Pay 375,SMB,E-Commerce,United States,2025-08-19,SUB-24127,Starter,Monthly,254.03,12,2025-08-19,2025-12-31,Churned,Switched Tool,0.887,65,4,19487,12,4,7.8,0,3.9,1
CUST-14128,Nova Works 375,Mid-Market,SaaS / Tech,United Kingdom,2025-08-19,SUB-24128,Growth,Annual,3780.2,54,2025-08-19,,Active,,0.993,75,3,8462,6,2,17.0,0,4.2,0
CUST-14129,Pulse Security 375,Enterprise,Cybersecurity,United States,2025-08-19,SUB-24129,Enterprise Plus,Annual,7255.24,147,2025-08-19,,Active,,0.622,83,3,1808,0,1,10.8,0,4.2,0
CUST-14130,Stratum Analytics 375,Mid-Market,Fintech,United States,2025-08-19,SUB-24130,Scale,Annual,3696.74,56,2025-08-19,,Active,,0.416,72,3,22283,0,4,9.5,0,4.5,0
CUST-14131,Sync Tech 375,Mid-Market,SaaS / Tech,United States,2025-08-19,SUB-24131,Growth,Monthly,1285.45,30,2025-08-19,,Active,,0.574,60,5,28189,10,2,22.8,0,4.7,0
CUST-14132,Vanguard Sphere 375,SMB,E-Commerce,United States,2025-08-20,SUB-24132,Growth,Monthly,446.5,8,2025-08-20,2025-12-31,Churned,Competitor Alternative,1.0,100,4,4578,21,2,14.1,0,3.8,1
CUST-14133,Omni Labs 375,SMB,Healthcare,United States,2025-08-20,SUB-24133,Starter,Monthly,438.87,20,2025-08-20,2025-12-18,Churned,Price / Budget Cuts,0.446,62,4,16693,6,4,10.5,0,3.8,1
CUST-14134,Hyper Flow 375,SMB,SaaS / Tech,Canada,2025-08-20,SUB-24134,Starter,Monthly,192.72,6,2025-08-20,,Active,,0.761,54,3,25057,2,6,18.5,0,4.5,0
CUST-14135,Zenith Corp 375,Enterprise,E-Commerce,United States,2025-08-20,SUB-24135,Scale,Annual,14750.96,156,2025-08-20,,Active,,0.433,89,3,9749,6,7,6.6,0,4.0,0
CUST-14136,Quantum Stack 375,SMB,SaaS / Tech,United States,2025-08-20,SUB-24136,Starter,Monthly,658.83,20,2025-08-20,2025-11-11,Churned,Competitor Alternative,0.662,71,6,6489,10,4,8.7,0,4.8,1
CUST-14137,Nexus AI 375,Mid-Market,Healthcare,United States,2025-08-21,SUB-24137,Growth,Monthly,3096.36,44,2025-08-21,,Active,,0.743,73,6,23934,2,7,21.3,0,4.1,0
CUST-14138,Vertex Scale 375,SMB,E-Commerce,Canada,2025-08-21,SUB-24138,Starter,Monthly,262.11,24,2025-08-21,,Active,,0.654,39,4,34491,0,2,15.7,0,5.0,0
CUST-14139,Blue Systems 375,SMB,E-Commerce,United Kingdom,2025-08-21,SUB-24139,Growth,Monthly,206.17,19,2025-08-21,2025-12-10,Churned,Price / Budget Cuts,0.984,35,1,169136,2,6,5.7,0,4.1,1
CUST-14140,Apex Logic 376,Mid-Market,Healthcare,United States,2025-08-21,SUB-24140,Growth,Annual,2006.43,64,2025-08-21,,Active,,0.463,88,4,10525,8,1,7.7,0,4.7,0
CUST-14141,Cloud Hub 376,Enterprise,Fintech,Canada,2025-08-21,SUB-24141,Scale,Annual,4707.2,456,2025-08-21,,Active,,0.942,99,3,31802,7,7,23.5,0,4.4,0
CUST-14142,Data Pay 376,Enterprise,Cybersecurity,United Kingdom,2025-08-21,SUB-24142,Enterprise Plus,Annual,10798.42,201,2025-08-21,,Active,,0.714,69,5,1023,15,3,20.7,0,4.6,0
CUST-14143,Nova Works 376,SMB,E-Commerce,United States,2025-08-21,SUB-24143,Growth,Monthly,219.88,14,2025-08-21,,Active,,0.725,60,3,43011,3,7,2.4,0,4.6,0
CUST-14144,Pulse Security 376,SMB,SaaS / Tech,United Kingdom,2025-08-21,SUB-24144,Starter,Monthly,375.63,24,2025-08-21,2025-12-26,Churned,Low Adoption & License Waste,0.351,58,3,5977,5,1,6.3,0,4.4,1
CUST-14145,Stratum Analytics 376,SMB,Healthcare,United Kingdom,2025-08-21,SUB-24145,Starter,Monthly,719.44,14,2025-08-21,,Active,,0.65,88,5,12055,15,2,103.2,0,2.3,0
CUST-14146,Sync Tech 376,Enterprise,Healthcare,United Kingdom,2025-08-22,SUB-24146,Enterprise Plus,Annual,17365.91,175,2025-08-22,,Active,,0.538,61,4,89337,3,3,79.2,2,1.3,0
CUST-14147,Vanguard Sphere 376,Mid-Market,Healthcare,United States,2025-08-22,SUB-24147,Scale,Annual,2188.66,48,2025-08-22,,Active,,0.847,59,4,48617,1,1,23.3,0,4.5,0
CUST-14148,Omni Labs 376,SMB,Healthcare,United States,2025-08-22,SUB-24148,Starter,Monthly,728.15,11,2025-08-22,2025-12-31,Churned,Low Adoption & License Waste,0.311,77,5,55836,12,6,8.9,0,4.4,1
CUST-14149,Hyper Flow 376,SMB,E-Commerce,United States,2025-08-22,SUB-24149,Starter,Annual,639.36,15,2025-08-22,,Active,,0.816,48,3,26257,0,9,10.9,0,4.1,0
CUST-14150,Zenith Corp 376,Enterprise,E-Commerce,United Kingdom,2025-08-22,SUB-24150,Enterprise Plus,Annual,7138.55,238,2025-08-22,,Active,,0.845,54,6,75714,6,6,4.7,0,4.5,0
CUST-14151,Quantum Stack 376,Enterprise,E-Commerce,Germany,2025-08-22,SUB-24151,Enterprise Plus,Annual,15007.69,129,2025-08-22,,Active,,0.987,34,3,10833,1,6,13.5,0,4.4,0
CUST-14152,Nexus AI 376,SMB,Fintech,United States,2025-08-22,SUB-24152,Starter,Monthly,187.98,6,2025-08-22,2025-12-31,Churned,Support / SLA Frustration,0.813,83,5,8167,5,2,107.3,1,2.7,1
CUST-14153,Vertex Scale 376,Mid-Market,E-Commerce,United States,2025-08-22,SUB-24153,Scale,Annual,2809.88,65,2025-08-22,,Active,,0.753,42,4,7338,11,5,23.2,0,4.1,0
CUST-14154,Blue Systems 376,Mid-Market,Fintech,Canada,2025-08-22,SUB-24154,Scale,Monthly,2866.41,44,2025-08-22,,Active,,0.401,54,3,20358,5,4,92.0,3,2.1,0
CUST-14155,Apex Logic 377,Enterprise,Fintech,Germany,2025-08-22,SUB-24155,Scale,Monthly,12402.1,415,2025-08-22,2025-12-31,Churned,Support / SLA Frustration,0.321,28,1,8897,2,5,96.7,3,2.7,1
CUST-14156,Cloud Hub 377,SMB,Cybersecurity,India,2025-08-23,SUB-24156,Starter,Annual,329.59,8,2025-08-23,,Active,,1.0,51,5,29030,2,4,108.2,1,2.5,0
CUST-14157,Data Pay 377,SMB,E-Commerce,United Kingdom,2025-08-23,SUB-24157,Growth,Monthly,175.7,17,2025-08-23,,Active,,0.589,81,4,1017,10,4,18.6,0,3.8,0
CUST-14158,Nova Works 377,SMB,SaaS / Tech,Germany,2025-08-23,SUB-24158,Growth,Monthly,442.0,11,2025-08-23,,Active,,1.0,72,3,5825,14,3,23.8,0,4.9,0
CUST-14159,Pulse Security 377,SMB,Healthcare,United States,2025-08-23,SUB-24159,Growth,Monthly,658.9,20,2025-08-23,2025-12-31,Churned,Support / SLA Frustration,1.0,76,7,15375,4,1,117.4,0,2.4,1
CUST-14160,Stratum Analytics 377,SMB,Cybersecurity,United States,2025-08-23,SUB-24160,Growth,Monthly,591.72,5,2025-08-23,2025-12-31,Churned,Support / SLA Frustration,0.357,89,3,20811,11,3,61.8,1,1.3,1
CUST-14161,Sync Tech 377,Enterprise,E-Commerce,United States,2025-08-23,SUB-24161,Scale,Annual,7063.83,124,2025-08-23,,Active,,0.756,50,4,1452,5,1,105.7,1,3.0,0
CUST-14162,Vanguard Sphere 377,SMB,SaaS / Tech,Canada,2025-08-23,SUB-24162,Starter,Annual,417.72,22,2025-08-23,2025-12-23,Churned,Support / SLA Frustration,0.395,60,4,8740,1,4,81.6,0,1.6,1
CUST-14163,Omni Labs 377,Mid-Market,Healthcare,United States,2025-08-24,SUB-24163,Scale,Monthly,1557.28,64,2025-08-24,,Active,,0.383,30,4,2590,6,5,20.9,0,4.5,0
CUST-14164,Hyper Flow 377,SMB,Cybersecurity,United States,2025-08-24,SUB-24164,Starter,Monthly,470.96,5,2025-08-24,,Active,,0.399,76,5,78862,4,6,19.5,0,4.1,0
CUST-14165,Zenith Corp 377,Mid-Market,Logistics & Supply Chain,United States,2025-08-24,SUB-24165,Growth,Monthly,3141.49,67,2025-08-24,,Active,,0.722,66,3,1183,3,4,9.3,0,4.0,0
CUST-14166,Quantum Stack 377,Mid-Market,Logistics & Supply Chain,United States,2025-08-24,SUB-24166,Growth,Annual,1178.51,96,2025-08-24,,Active,,0.685,85,2,894,30,2,23.0,0,4.8,0
CUST-14167,Nexus AI 377,Enterprise,Fintech,Germany,2025-08-24,SUB-24167,Enterprise Plus,Annual,6747.62,332,2025-08-24,,Active,,0.739,42,3,21673,8,1,15.9,0,4.2,0
CUST-14168,Vertex Scale 377,Mid-Market,Healthcare,United States,2025-08-25,SUB-24168,Growth,Monthly,3091.21,45,2025-08-25,,Active,,0.735,34,4,4897,4,4,9.1,0,3.9,0
CUST-14169,Blue Systems 377,Enterprise,Healthcare,United States,2025-08-25,SUB-24169,Scale,Annual,10225.21,356,2025-08-25,,Active,,0.244,79,4,23390,1,4,3.9,0,4.1,0
CUST-14170,Apex Logic 378,Mid-Market,Healthcare,Canada,2025-08-25,SUB-24170,Growth,Annual,2858.4,58,2025-08-25,2025-12-31,Churned,Competitor Alternative,1.0,63,5,4938,9,9,20.3,0,4.3,1
CUST-14171,Cloud Hub 378,SMB,Logistics & Supply Chain,United States,2025-08-25,SUB-24171,Starter,Annual,485.7,19,2025-08-25,,Active,,0.237,62,5,39915,0,6,16.0,0,4.2,0
CUST-14172,Data Pay 378,Mid-Market,Fintech,United Kingdom,2025-08-25,SUB-24172,Growth,Monthly,1431.05,50,2025-08-25,,Active,,0.646,35,6,21194,0,4,15.7,0,4.0,0
CUST-14173,Nova Works 378,SMB,Fintech,Germany,2025-08-26,SUB-24173,Growth,Monthly,290.43,7,2025-08-26,2025-09-30,Churned,Support / SLA Frustration,0.381,70,5,48876,4,4,99.6,1,1.8,1
CUST-14174,Pulse Security 378,SMB,Healthcare,India,2025-08-26,SUB-24174,Starter,Monthly,167.34,7,2025-08-26,,Active,,0.808,44,0,12122,6,3,11.8,0,4.0,0
CUST-14175,Stratum Analytics 378,SMB,Fintech,Germany,2025-08-26,SUB-24175,Starter,Monthly,617.57,9,2025-08-26,2025-12-31,Churned,Switched Tool,0.733,47,5,42850,6,6,13.0,0,4.8,1
CUST-14176,Sync Tech 378,SMB,Fintech,United States,2025-08-26,SUB-24176,Starter,Annual,412.64,8,2025-08-26,,Active,,1.0,72,3,42671,2,6,15.5,0,4.1,0
CUST-14177,Vanguard Sphere 378,SMB,SaaS / Tech,United Kingdom,2025-08-26,SUB-24177,Starter,Monthly,599.65,19,2025-08-26,2025-11-02,Churned,Support / SLA Frustration,0.503,57,6,20500,1,1,108.1,1,1.6,1
CUST-14178,Omni Labs 378,Mid-Market,E-Commerce,United States,2025-08-26,SUB-24178,Growth,Annual,1714.01,62,2025-08-26,,Active,,0.535,78,4,16446,0,4,18.6,0,4.8,0
CUST-14179,Hyper Flow 378,Mid-Market,Fintech,United States,2025-08-27,SUB-24179,Scale,Monthly,2748.67,51,2025-08-27,,Active,,0.875,84,4,67362,4,1,20.7,0,3.9,0
CUST-14180,Zenith Corp 378,Mid-Market,Healthcare,United States,2025-08-27,SUB-24180,Scale,Annual,2713.87,43,2025-08-27,,Active,,0.683,36,3,61088,1,5,77.1,2,2.3,0
CUST-14181,Quantum Stack 378,SMB,Healthcare,United States,2025-08-27,SUB-24181,Starter,Annual,384.69,17,2025-08-27,2025-12-31,Churned,Support / SLA Frustration,0.277,70,6,21251,10,7,111.2,4,2.0,1
CUST-14182,Nexus AI 378,SMB,Fintech,Germany,2025-08-28,SUB-24182,Growth,Monthly,745.24,6,2025-08-28,2025-10-24,Churned,Support / SLA Frustration,0.174,81,3,56972,6,5,54.6,4,3.0,1
CUST-14183,Vertex Scale 378,Mid-Market,SaaS / Tech,United States,2025-08-28,SUB-24183,Growth,Annual,3233.15,44,2025-08-28,2025-12-24,Churned,Support / SLA Frustration,0.894,78,7,6480,5,6,77.0,2,1.9,1
CUST-14184,Blue Systems 378,Enterprise,SaaS / Tech,United Kingdom,2025-08-28,SUB-24184,Scale,Annual,17783.03,459,2025-08-28,,Active,,0.936,59,6,6989,5,4,101.4,0,3.1,0
CUST-14185,Apex Logic 379,SMB,SaaS / Tech,United States,2025-08-29,SUB-24185,Starter,Monthly,140.64,11,2025-08-29,,Active,,1.0,58,6,5525,0,5,65.5,3,1.4,0
CUST-14186,Cloud Hub 379,Enterprise,SaaS / Tech,United States,2025-08-29,SUB-24186,Enterprise Plus,Annual,7178.28,444,2025-08-29,,Active,,1.0,69,4,21520,1,4,15.3,0,4.8,0
CUST-14187,Data Pay 379,SMB,Fintech,Australia,2025-08-29,SUB-24187,Starter,Monthly,204.84,12,2025-08-29,,Active,,0.44,82,2,32776,6,4,6.1,0,4.9,0
CUST-14188,Nova Works 379,SMB,Cybersecurity,United States,2025-08-29,SUB-24188,Starter,Monthly,280.84,12,2025-08-29,,Active,,0.839,100,5,40271,5,4,6.9,0,4.9,0
CUST-14189,Pulse Security 379,SMB,Logistics & Supply Chain,United Kingdom,2025-08-29,SUB-24189,Starter,Monthly,269.75,6,2025-08-29,,Active,,0.78,78,3,44259,10,5,20.0,0,4.3,0
CUST-14190,Stratum Analytics 379,SMB,Cybersecurity,United States,2025-08-29,SUB-24190,Starter,Monthly,231.89,7,2025-08-29,,Active,,0.653,88,4,4974,7,4,9.9,0,4.7,0
CUST-14191,Sync Tech 379,SMB,Fintech,United States,2025-08-29,SUB-24191,Growth,Annual,182.57,9,2025-08-29,,Active,,0.855,48,3,5220,0,6,20.4,0,4.6,0
CUST-14192,Vanguard Sphere 379,Mid-Market,Cybersecurity,United States,2025-08-29,SUB-24192,Scale,Annual,3266.44,91,2025-08-29,,Active,,0.682,99,4,46843,20,4,5.8,0,4.6,0
CUST-14193,Omni Labs 379,SMB,Logistics & Supply Chain,Germany,2025-08-29,SUB-24193,Starter,Monthly,546.75,19,2025-08-29,2025-12-31,Churned,Support / SLA Frustration,0.782,85,3,45996,2,1,87.0,1,2.4,1
CUST-14194,Hyper Flow 379,SMB,Logistics & Supply Chain,United States,2025-08-29,SUB-24194,Growth,Monthly,289.09,18,2025-08-29,,Active,,0.825,56,3,41268,18,3,63.1,0,2.7,0
CUST-14195,Zenith Corp 379,Mid-Market,Fintech,United States,2025-08-30,SUB-24195,Growth,Annual,2677.37,37,2025-08-30,,Active,,0.719,74,6,114069,14,5,11.1,0,4.8,0
CUST-14196,Quantum Stack 379,Enterprise,SaaS / Tech,United States,2025-08-30,SUB-24196,Scale,Annual,10177.95,455,2025-08-30,,Active,,0.817,48,3,2844,5,1,10.5,0,4.3,0
CUST-14197,Nexus AI 379,Mid-Market,Cybersecurity,Canada,2025-08-30,SUB-24197,Growth,Monthly,1405.02,32,2025-08-30,2025-12-31,Churned,Internal Restructuring,0.768,89,0,7322,4,4,22.4,0,4.7,1
CUST-14198,Vertex Scale 379,Mid-Market,SaaS / Tech,Canada,2025-08-30,SUB-24198,Growth,Annual,2489.5,91,2025-08-30,,Active,,0.894,62,5,12857,5,3,19.1,0,4.5,0
CUST-14199,Blue Systems 379,SMB,E-Commerce,United Kingdom,2025-08-30,SUB-24199,Starter,Monthly,122.91,5,2025-08-30,,Active,,0.614,85,3,46890,9,6,17.8,0,4.7,0
CUST-14200,Apex Logic 380,SMB,Cybersecurity,United States,2025-08-30,SUB-24200,Starter,Monthly,426.3,8,2025-08-30,2025-12-31,Churned,Low Adoption & License Waste,0.394,87,5,26630,18,5,10.6,0,4.2,1
CUST-14201,Cloud Hub 380,Mid-Market,Healthcare,India,2025-08-30,SUB-24201,Growth,Annual,1157.52,73,2025-08-30,2025-12-16,Churned,Internal Restructuring,0.726,84,3,32187,10,5,18.5,0,4.9,1
CUST-14202,Data Pay 380,Enterprise,E-Commerce,Canada,2025-08-30,SUB-24202,Enterprise Plus,Annual,13781.1,179,2025-08-30,,Active,,0.662,100,5,14012,18,8,110.1,3,1.4,0
CUST-14203,Nova Works 380,SMB,E-Commerce,Germany,2025-08-31,SUB-24203,Growth,Monthly,398.38,9,2025-08-31,,Active,,0.743,92,4,7620,7,10,23.7,0,4.5,0
CUST-14204,Pulse Security 380,Enterprise,Cybersecurity,Germany,2025-08-31,SUB-24204,Enterprise Plus,Annual,4516.73,360,2025-08-31,,Active,,0.305,76,3,19708,3,3,20.4,0,4.8,0
CUST-14205,Stratum Analytics 380,Mid-Market,Fintech,United Kingdom,2025-08-31,SUB-24205,Growth,Annual,2995.1,74,2025-08-31,,Active,,0.658,70,6,18938,1,0,4.0,0,4.5,0
CUST-14206,Sync Tech 380,SMB,E-Commerce,United States,2025-08-31,SUB-24206,Starter,Monthly,706.26,6,2025-08-31,,Active,,0.79,70,4,2441,11,4,21.8,0,4.2,0
CUST-14207,Vanguard Sphere 380,SMB,SaaS / Tech,Germany,2025-08-31,SUB-24207,Starter,Monthly,540.67,9,2025-08-31,2025-12-31,Churned,Low Adoption & License Waste,0.394,74,3,1957,1,4,3.1,0,4.0,1
CUST-14208,Omni Labs 380,Enterprise,SaaS / Tech,India,2025-08-31,SUB-24208,Scale,Annual,17409.3,407,2025-08-31,2025-10-16,Churned,Support / SLA Frustration,0.564,68,3,1535,21,3,51.9,2,1.5,1
CUST-14209,Hyper Flow 380,Enterprise,E-Commerce,United States,2025-08-31,SUB-24209,Enterprise Plus,Annual,17042.83,376,2025-08-31,,Active,,0.635,90,4,11587,0,3,102.9,0,2.1,0
CUST-14210,Zenith Corp 380,Enterprise,Cybersecurity,United States,2025-09-01,SUB-24210,Enterprise Plus,Annual,15510.13,178,2025-09-01,,Active,,0.455,71,5,78455,4,3,14.0,0,4.7,0
CUST-14211,Quantum Stack 380,SMB,Cybersecurity,Australia,2025-09-01,SUB-24211,Starter,Monthly,320.5,5,2025-09-01,,Active,,0.769,56,4,37228,18,3,5.7,0,4.1,0
CUST-14212,Nexus AI 380,SMB,Fintech,United States,2025-09-01,SUB-24212,Growth,Monthly,688.14,24,2025-09-01,,Active,,1.0,62,5,36040,1,5,21.1,0,4.6,0
CUST-14213,Vertex Scale 380,Mid-Market,Healthcare,Germany,2025-09-01,SUB-24213,Growth,Annual,1433.26,63,2025-09-01,,Active,,0.839,55,5,31663,0,6,8.8,0,4.2,0
CUST-14214,Blue Systems 380,SMB,Fintech,United States,2025-09-01,SUB-24214,Starter,Monthly,363.97,8,2025-09-01,2025-12-31,Churned,Low Adoption & License Waste,0.563,73,4,29617,22,7,8.6,0,3.9,1
CUST-14215,Apex Logic 381,SMB,Healthcare,United States,2025-09-02,SUB-24215,Starter,Annual,664.98,5,2025-09-02,2025-12-31,Churned,Switched Tool,0.725,73,3,19100,0,10,23.9,0,4.4,1
CUST-14216,Cloud Hub 381,Enterprise,E-Commerce,United States,2025-09-02,SUB-24216,Enterprise Plus,Annual,14962.24,225,2025-09-02,,Active,,0.943,79,5,2939,5,1,14.1,0,4.1,0
CUST-14217,Data Pay 381,Mid-Market,Cybersecurity,United States,2025-09-02,SUB-24217,Growth,Annual,3557.2,93,2025-09-02,,Active,,0.588,59,5,21687,3,2,14.5,0,4.7,0
CUST-14218,Nova Works 381,SMB,Logistics & Supply Chain,United States,2025-09-02,SUB-24218,Starter,Monthly,139.08,7,2025-09-02,,Active,,0.406,100,3,50506,1,3,21.7,0,4.5,0
CUST-14219,Pulse Security 381,Mid-Market,Fintech,United States,2025-09-03,SUB-24219,Growth,Annual,3214.96,94,2025-09-03,,Active,,0.513,60,3,8358,0,3,3.7,0,4.8,0
CUST-14220,Stratum Analytics 381,Mid-Market,Fintech,Canada,2025-09-03,SUB-24220,Growth,Annual,2174.7,67,2025-09-03,,Active,,0.72,50,5,20838,3,4,14.6,0,4.5,0
CUST-14221,Sync Tech 381,SMB,E-Commerce,Australia,2025-09-03,SUB-24221,Growth,Monthly,521.42,10,2025-09-03,,Active,,1.0,83,4,25182,0,5,3.8,0,4.5,0
CUST-14222,Vanguard Sphere 381,SMB,E-Commerce,United States,2025-09-03,SUB-24222,Growth,Annual,728.06,5,2025-09-03,,Active,,0.897,100,7,28415,0,5,14.5,0,4.4,0
CUST-14223,Omni Labs 381,SMB,Healthcare,United Kingdom,2025-09-03,SUB-24223,Starter,Annual,376.79,17,2025-09-03,,Active,,0.364,94,4,19416,0,2,18.7,0,4.0,0
CUST-14224,Hyper Flow 381,SMB,Logistics & Supply Chain,United Kingdom,2025-09-03,SUB-24224,Starter,Monthly,493.8,10,2025-09-03,2025-12-31,Churned,Switched Tool,0.615,87,7,31951,6,5,3.3,0,4.5,1
CUST-14225,Zenith Corp 381,SMB,Cybersecurity,United Kingdom,2025-09-03,SUB-24225,Growth,Monthly,220.83,21,2025-09-03,,Active,,0.9,77,3,47792,3,5,14.5,0,3.9,0
CUST-14226,Quantum Stack 381,Mid-Market,Healthcare,United Kingdom,2025-09-03,SUB-24226,Scale,Monthly,1717.24,70,2025-09-03,2025-12-29,Churned,Support / SLA Frustration,0.764,48,6,9982,1,4,86.7,0,3.2,1
CUST-14227,Nexus AI 381,SMB,Logistics & Supply Chain,United States,2025-09-04,SUB-24227,Starter,Monthly,463.22,23,2025-09-04,,Active,,0.53,74,6,2747,7,4,69.4,2,1.3,0
CUST-14228,Vertex Scale 381,Mid-Market,Healthcare,United States,2025-09-04,SUB-24228,Scale,Annual,3002.82,47,2025-09-04,2025-12-31,Churned,Support / SLA Frustration,0.522,83,4,71075,2,7,60.4,4,2.0,1
CUST-14229,Blue Systems 381,Mid-Market,SaaS / Tech,United States,2025-09-04,SUB-24229,Growth,Annual,934.79,97,2025-09-04,,Active,,0.775,75,7,121708,3,5,4.7,0,4.2,0
CUST-14230,Apex Logic 382,SMB,E-Commerce,United States,2025-09-04,SUB-24230,Starter,Monthly,282.45,19,2025-09-04,,Active,,0.789,60,4,31743,2,2,13.5,0,4.9,0
CUST-14231,Cloud Hub 382,SMB,Fintech,Canada,2025-09-04,SUB-24231,Starter,Monthly,731.52,14,2025-09-04,,Active,,0.491,74,6,13069,2,5,12.9,0,4.0,0
CUST-14232,Data Pay 382,Mid-Market,Cybersecurity,United States,2025-09-04,SUB-24232,Scale,Annual,1774.22,91,2025-09-04,,Active,,0.766,51,2,75367,1,1,73.4,0,1.5,0
CUST-14233,Nova Works 382,SMB,E-Commerce,India,2025-09-04,SUB-24233,Growth,Monthly,687.1,14,2025-09-04,2025-12-31,Churned,Low Adoption & License Waste,0.463,61,5,11395,28,5,3.1,0,4.9,1
CUST-14234,Pulse Security 382,Enterprise,SaaS / Tech,India,2025-09-04,SUB-24234,Enterprise Plus,Annual,12870.54,227,2025-09-04,,Active,,1.0,46,2,23259,17,3,6.5,0,4.5,0
CUST-14235,Stratum Analytics 382,Mid-Market,Healthcare,Australia,2025-09-04,SUB-24235,Growth,Monthly,1222.8,32,2025-09-04,2025-12-31,Churned,Low Adoption & License Waste,0.381,48,3,1165,1,5,15.2,0,4.2,1
CUST-14236,Sync Tech 382,Enterprise,Fintech,India,2025-09-04,SUB-24236,Scale,Annual,9876.09,137,2025-09-04,,Active,,0.673,66,2,18388,1,3,87.5,1,2.8,0
CUST-14237,Vanguard Sphere 382,SMB,Fintech,United States,2025-09-04,SUB-24237,Starter,Monthly,593.15,24,2025-09-04,,Active,,0.739,64,5,2938,10,1,20.1,0,4.1,0
CUST-14238,Omni Labs 382,SMB,E-Commerce,United Kingdom,2025-09-04,SUB-24238,Starter,Annual,175.77,20,2025-09-04,2025-12-31,Churned,Support / SLA Frustration,0.966,60,4,15235,4,1,111.8,0,1.8,1
CUST-14239,Hyper Flow 382,Mid-Market,SaaS / Tech,United States,2025-09-05,SUB-24239,Scale,Annual,1634.74,81,2025-09-05,,Active,,0.264,66,0,28933,3,4,54.9,1,2.6,0
CUST-14240,Zenith Corp 382,SMB,Healthcare,Germany,2025-09-05,SUB-24240,Starter,Monthly,252.31,17,2025-09-05,,Active,,0.952,87,4,594,8,2,7.7,0,4.3,0
CUST-14241,Quantum Stack 382,Mid-Market,SaaS / Tech,India,2025-09-05,SUB-24241,Scale,Monthly,3036.48,68,2025-09-05,2025-12-31,Churned,Competitor Alternative,1.0,73,5,19087,4,2,5.7,0,4.5,1
CUST-14242,Nexus AI 382,SMB,SaaS / Tech,Germany,2025-09-05,SUB-24242,Starter,Monthly,262.95,22,2025-09-05,2025-12-31,Churned,Support / SLA Frustration,0.686,78,6,34379,6,2,113.9,1,2.0,1
CUST-14243,Vertex Scale 382,Mid-Market,SaaS / Tech,United States,2025-09-05,SUB-24243,Growth,Monthly,3771.32,98,2025-09-05,,Active,,0.837,100,3,33200,11,4,23.1,0,4.3,0
CUST-14244,Blue Systems 382,Mid-Market,E-Commerce,Canada,2025-09-05,SUB-24244,Growth,Annual,2048.83,95,2025-09-05,,Active,,0.615,55,7,13090,1,8,4.4,0,4.0,0
CUST-14245,Apex Logic 383,SMB,Cybersecurity,United States,2025-09-05,SUB-24245,Starter,Monthly,173.12,16,2025-09-05,,Active,,0.475,32,3,19419,0,1,15.3,0,3.9,0
CUST-14246,Cloud Hub 383,Mid-Market,E-Commerce,United States,2025-09-05,SUB-24246,Growth,Annual,3650.96,71,2025-09-05,,Active,,1.0,56,5,16250,2,3,10.7,0,4.2,0
CUST-14247,Data Pay 383,Enterprise,E-Commerce,Canada,2025-09-05,SUB-24247,Scale,Annual,14236.6,219,2025-09-05,,Active,,0.865,60,5,32787,13,4,3.2,0,4.3,0
CUST-14248,Nova Works 383,SMB,Fintech,United States,2025-09-05,SUB-24248,Growth,Annual,286.64,7,2025-09-05,,Active,,0.503,55,2,51653,1,8,19.5,0,3.9,0
CUST-14249,Pulse Security 383,SMB,Healthcare,Australia,2025-09-05,SUB-24249,Starter,Monthly,749.48,6,2025-09-05,,Active,,0.715,81,3,6254,12,3,2.5,0,4.5,0
CUST-14250,Stratum Analytics 383,Mid-Market,Fintech,United States,2025-09-05,SUB-24250,Growth,Annual,2695.48,80,2025-09-05,,Active,,0.455,51,0,6133,2,4,5.3,0,4.7,0
CUST-14251,Sync Tech 383,Enterprise,E-Commerce,Germany,2025-09-06,SUB-24251,Enterprise Plus,Annual,13299.98,352,2025-09-06,,Active,,0.613,84,5,43475,8,4,10.3,0,4.1,0
CUST-14252,Vanguard Sphere 383,Mid-Market,Fintech,United States,2025-09-06,SUB-24252,Growth,Annual,3212.59,50,2025-09-06,2025-12-31,Churned,Support / SLA Frustration,0.7,67,5,42633,13,6,55.2,3,2.2,1
CUST-14253,Omni Labs 383,SMB,Healthcare,Germany,2025-09-06,SUB-24253,Starter,Monthly,396.98,9,2025-09-06,,Active,,0.847,88,4,3496,0,8,11.4,0,4.3,0
CUST-14254,Hyper Flow 383,Mid-Market,SaaS / Tech,Germany,2025-09-06,SUB-24254,Scale,Monthly,2626.83,58,2025-09-06,2025-12-31,Churned,Low Adoption & License Waste,0.483,72,3,22554,24,6,14.7,0,4.0,1
CUST-14255,Zenith Corp 383,SMB,Healthcare,India,2025-09-06,SUB-24255,Growth,Monthly,351.25,17,2025-09-06,,Active,,0.844,60,6,9643,10,2,48.1,1,2.4,0
CUST-14256,Quantum Stack 383,SMB,Fintech,United States,2025-09-06,SUB-24256,Growth,Annual,350.75,7,2025-09-06,2025-12-31,Churned,Support / SLA Frustration,0.43,71,6,4656,7,2,60.0,0,1.3,1
CUST-14257,Nexus AI 383,Mid-Market,Fintech,India,2025-09-07,SUB-24257,Scale,Annual,1388.96,60,2025-09-07,2025-12-31,Churned,Support / SLA Frustration,0.422,47,5,13188,16,4,86.5,3,1.3,1
CUST-14258,Vertex Scale 383,Mid-Market,SaaS / Tech,United States,2025-09-07,SUB-24258,Scale,Annual,3128.93,75,2025-09-07,2025-12-31,Churned,Internal Restructuring,0.874,81,2,22866,8,5,22.7,0,4.3,1
CUST-14259,Blue Systems 383,Mid-Market,Fintech,United States,2025-09-07,SUB-24259,Scale,Monthly,941.09,94,2025-09-07,2025-11-26,Churned,Support / SLA Frustration,0.719,15,2,101330,0,5,90.0,1,2.0,1
CUST-14260,Apex Logic 384,Enterprise,E-Commerce,United States,2025-09-07,SUB-24260,Enterprise Plus,Monthly,15213.44,451,2025-09-07,,Active,,0.919,56,6,34292,0,4,61.3,2,1.6,0
CUST-14261,Cloud Hub 384,SMB,E-Commerce,Germany,2025-09-07,SUB-24261,Starter,Monthly,318.59,7,2025-09-07,2025-12-31,Churned,Price / Budget Cuts,1.0,63,3,30796,1,6,17.0,0,4.6,1
CUST-14262,Data Pay 384,Mid-Market,SaaS / Tech,United States,2025-09-07,SUB-24262,Scale,Annual,1052.28,83,2025-09-07,,Active,,0.567,59,2,11051,3,0,4.0,0,4.3,0
CUST-14263,Nova Works 384,Mid-Market,E-Commerce,Germany,2025-09-08,SUB-24263,Scale,Monthly,3293.52,69,2025-09-08,,Active,,0.605,51,5,16611,10,3,20.2,0,4.4,0
CUST-14264,Pulse Security 384,SMB,Logistics & Supply Chain,Canada,2025-09-08,SUB-24264,Growth,Monthly,742.64,7,2025-09-08,2025-12-31,Churned,Switched Tool,0.707,73,7,17152,1,4,10.5,0,4.7,1
CUST-14265,Stratum Analytics 384,Mid-Market,Fintech,United States,2025-09-08,SUB-24265,Scale,Monthly,2583.87,79,2025-09-08,,Active,,0.478,75,4,26071,1,4,23.1,0,4.0,0
CUST-14266,Sync Tech 384,SMB,Healthcare,India,2025-09-08,SUB-24266,Growth,Monthly,230.49,8,2025-09-08,,Active,,0.67,79,6,21539,2,2,6.3,0,4.8,0
CUST-14267,Vanguard Sphere 384,Enterprise,Healthcare,United States,2025-09-08,SUB-24267,Scale,Annual,8062.41,388,2025-09-08,,Active,,0.378,27,3,33964,0,4,5.4,0,4.6,0
CUST-14268,Omni Labs 384,SMB,Fintech,India,2025-09-08,SUB-24268,Starter,Monthly,426.52,16,2025-09-08,2025-12-31,Churned,Support / SLA Frustration,0.553,77,2,116681,5,2,81.6,1,1.4,1
CUST-14269,Hyper Flow 384,SMB,Healthcare,United States,2025-09-09,SUB-24269,Starter,Monthly,597.62,11,2025-09-09,2025-12-31,Churned,Switched Tool,0.427,73,6,102596,1,4,8.8,0,4.2,1
CUST-14270,Zenith Corp 384,SMB,Healthcare,United Kingdom,2025-09-09,SUB-24270,Starter,Annual,632.72,19,2025-09-09,,Active,,0.982,77,5,23451,10,5,9.0,0,4.8,0
CUST-14271,Quantum Stack 384,SMB,E-Commerce,United States,2025-09-09,SUB-24271,Starter,Annual,228.27,6,2025-09-09,,Active,,0.758,56,3,15177,11,5,16.9,0,4.3,0
CUST-14272,Nexus AI 384,Mid-Market,SaaS / Tech,United States,2025-09-09,SUB-24272,Growth,Annual,1191.54,66,2025-09-09,,Active,,1.0,45,6,6087,5,2,19.6,0,4.4,0
CUST-14273,Vertex Scale 384,Mid-Market,Healthcare,United States,2025-09-09,SUB-24273,Growth,Annual,2622.79,74,2025-09-09,,Active,,0.606,31,6,31030,0,1,23.8,0,4.6,0
CUST-14274,Blue Systems 384,SMB,SaaS / Tech,United States,2025-09-09,SUB-24274,Starter,Monthly,630.07,23,2025-09-09,,Active,,0.603,87,3,5703,2,2,16.2,0,4.2,0
CUST-14275,Apex Logic 385,SMB,Healthcare,United States,2025-09-09,SUB-24275,Starter,Annual,686.47,23,2025-09-09,2025-12-31,Churned,Switched Tool,0.917,80,6,13313,16,3,19.5,0,4.7,1
CUST-14276,Cloud Hub 385,Mid-Market,Healthcare,United States,2025-09-10,SUB-24276,Growth,Annual,3267.57,47,2025-09-10,,Active,,0.315,46,3,16026,11,2,10.3,0,4.0,0
CUST-14277,Data Pay 385,Mid-Market,E-Commerce,United States,2025-09-10,SUB-24277,Scale,Annual,3397.35,30,2025-09-10,2025-12-31,Churned,Competitor Alternative,0.643,25,0,7807,1,6,9.5,0,4.4,1
CUST-14278,Nova Works 385,Enterprise,Fintech,Canada,2025-09-10,SUB-24278,Scale,Monthly,7621.15,153,2025-09-10,,Active,,0.778,38,2,13225,5,2,18.9,0,5.0,0
CUST-14279,Pulse Security 385,Mid-Market,Fintech,United Kingdom,2025-09-10,SUB-24279,Scale,Annual,1182.62,49,2025-09-10,2025-12-31,Churned,Support / SLA Frustration,0.8,52,6,8414,7,8,73.6,4,1.8,1
CUST-14280,Stratum Analytics 385,Mid-Market,Healthcare,India,2025-09-11,SUB-24280,Scale,Monthly,3455.59,65,2025-09-11,,Active,,0.955,68,5,4919,5,5,22.5,0,4.3,0
CUST-14281,Sync Tech 385,SMB,Cybersecurity,United Kingdom,2025-09-11,SUB-24281,Starter,Monthly,653.55,19,2025-09-11,,Active,,0.545,57,4,24477,4,8,83.5,3,2.5,0
CUST-14282,Vanguard Sphere 385,Mid-Market,SaaS / Tech,Canada,2025-09-11,SUB-24282,Scale,Monthly,1770.15,64,2025-09-11,,Active,,1.0,60,6,4005,7,4,21.1,0,4.1,0
CUST-14283,Omni Labs 385,Enterprise,Fintech,United Kingdom,2025-09-11,SUB-24283,Enterprise Plus,Annual,5220.18,447,2025-09-11,,Active,,0.456,58,7,3914,1,4,13.8,0,4.0,0
CUST-14284,Hyper Flow 385,SMB,Logistics & Supply Chain,United States,2025-09-12,SUB-24284,Starter,Monthly,469.6,20,2025-09-12,,Active,,0.48,52,2,61016,8,4,10.5,0,4.0,0
CUST-14285,Zenith Corp 385,SMB,SaaS / Tech,Canada,2025-09-12,SUB-24285,Starter,Monthly,415.77,22,2025-09-12,,Active,,0.749,67,3,23718,0,6,23.4,0,3.9,0
CUST-14286,Quantum Stack 385,SMB,E-Commerce,United States,2025-09-12,SUB-24286,Starter,Monthly,342.55,24,2025-09-12,,Active,,0.689,55,4,16810,6,4,10.1,0,4.7,0
CUST-14287,Nexus AI 385,SMB,Logistics & Supply Chain,Germany,2025-09-12,SUB-24287,Growth,Monthly,342.84,12,2025-09-12,,Active,,1.0,53,4,34055,0,3,3.0,0,3.9,0
CUST-14288,Vertex Scale 385,Mid-Market,Healthcare,Canada,2025-09-12,SUB-24288,Scale,Monthly,2064.6,72,2025-09-12,2025-12-31,Churned,Support / SLA Frustration,0.95,67,5,1685,29,1,78.5,0,2.9,1
CUST-14289,Blue Systems 385,SMB,Fintech,United States,2025-09-12,SUB-24289,Growth,Annual,176.61,6,2025-09-12,,Active,,0.555,44,5,65715,5,5,23.8,0,4.2,0
CUST-14290,Apex Logic 386,SMB,E-Commerce,Canada,2025-09-12,SUB-24290,Starter,Monthly,626.3,12,2025-09-12,2025-12-31,Churned,Low Adoption & License Waste,0.324,100,4,11894,11,1,21.2,0,4.0,1
CUST-14291,Cloud Hub 386,Enterprise,E-Commerce,United States,2025-09-12,SUB-24291,Scale,Annual,17954.49,239,2025-09-12,,Active,,0.302,68,3,45783,0,3,12.7,0,5.0,0
CUST-14292,Data Pay 386,SMB,E-Commerce,United States,2025-09-13,SUB-24292,Growth,Annual,229.05,19,2025-09-13,,Active,,0.678,67,1,80803,5,1,3.9,0,4.4,0
CUST-14293,Nova Works 386,SMB,E-Commerce,United States,2025-09-13,SUB-24293,Starter,Monthly,664.04,10,2025-09-13,,Active,,0.89,84,4,6826,4,7,71.2,4,2.5,0
CUST-14294,Pulse Security 386,Mid-Market,Cybersecurity,Canada,2025-09-13,SUB-24294,Scale,Monthly,3398.45,57,2025-09-13,2025-11-11,Churned,Support / SLA Frustration,0.517,69,4,55255,24,3,119.3,1,1.4,1
CUST-14295,Stratum Analytics 386,Mid-Market,Cybersecurity,Canada,2025-09-14,SUB-24295,Growth,Monthly,3680.75,26,2025-09-14,2025-10-20,Churned,Low Adoption & License Waste,0.788,96,4,22042,22,5,22.2,0,4.0,1
CUST-14296,Sync Tech 386,Enterprise,Logistics & Supply Chain,Germany,2025-09-14,SUB-24296,Scale,Annual,14838.82,229,2025-09-14,,Active,,0.645,63,3,6717,0,4,5.2,0,4.9,0
CUST-14297,Vanguard Sphere 386,Mid-Market,Logistics & Supply Chain,United States,2025-09-15,SUB-24297,Growth,Monthly,1034.58,37,2025-09-15,,Active,,0.674,33,4,16419,0,2,11.1,0,4.8,0
CUST-14298,Omni Labs 386,Mid-Market,Cybersecurity,United Kingdom,2025-09-15,SUB-24298,Growth,Annual,1906.78,33,2025-09-15,,Active,,0.459,68,4,52369,9,2,12.3,0,4.7,0
CUST-14299,Hyper Flow 386,SMB,Fintech,Canada,2025-09-15,SUB-24299,Starter,Monthly,380.72,16,2025-09-15,,Active,,0.562,67,5,9865,21,1,19.4,0,4.0,0
CUST-14300,Zenith Corp 386,Enterprise,Healthcare,United States,2025-09-15,SUB-24300,Scale,Annual,16379.41,232,2025-09-15,,Active,,0.609,75,4,2257,13,5,111.5,3,2.4,0
CUST-14301,Quantum Stack 386,SMB,E-Commerce,United Kingdom,2025-09-15,SUB-24301,Starter,Monthly,565.9,20,2025-09-15,,Active,,0.48,51,6,23252,7,4,23.4,0,4.9,0
CUST-14302,Nexus AI 386,SMB,Logistics & Supply Chain,United States,2025-09-15,SUB-24302,Starter,Annual,723.54,23,2025-09-15,,Active,,0.572,96,5,14323,6,7,16.4,0,3.9,0
CUST-14303,Vertex Scale 386,SMB,E-Commerce,United States,2025-09-15,SUB-24303,Starter,Monthly,377.92,18,2025-09-15,,Active,,0.774,83,3,22290,3,3,12.9,0,4.4,0
CUST-14304,Blue Systems 386,SMB,SaaS / Tech,United States,2025-09-15,SUB-24304,Starter,Monthly,199.77,15,2025-09-15,,Active,,0.811,100,5,40811,2,8,13.8,0,4.1,0
CUST-14305,Apex Logic 387,Enterprise,Fintech,United Kingdom,2025-09-15,SUB-24305,Scale,Annual,13517.59,450,2025-09-15,2025-12-31,Churned,Support / SLA Frustration,0.789,68,4,10269,0,2,111.8,0,2.8,1
CUST-14306,Cloud Hub 387,Mid-Market,Healthcare,United States,2025-09-15,SUB-24306,Growth,Monthly,2031.11,88,2025-09-15,,Active,,0.705,70,4,13168,18,2,7.7,0,4.2,0
CUST-14307,Data Pay 387,SMB,SaaS / Tech,United States,2025-09-16,SUB-24307,Starter,Monthly,537.58,15,2025-09-16,,Active,,0.357,10,1,40069,2,3,22.5,0,4.7,0
CUST-14308,Nova Works 387,SMB,Fintech,United States,2025-09-16,SUB-24308,Starter,Monthly,624.57,12,2025-09-16,,Active,,0.834,54,4,9031,0,10,12.7,0,4.7,0
CUST-14309,Pulse Security 387,SMB,Healthcare,United States,2025-09-16,SUB-24309,Starter,Monthly,743.66,10,2025-09-16,,Active,,0.943,55,2,2332,1,4,16.4,0,5.0,0
CUST-14310,Stratum Analytics 387,Mid-Market,Healthcare,United States,2025-09-16,SUB-24310,Scale,Annual,3661.4,80,2025-09-16,,Active,,0.894,90,3,1599,3,3,53.2,1,2.2,0
CUST-14311,Sync Tech 387,SMB,Healthcare,United States,2025-09-17,SUB-24311,Starter,Monthly,525.36,16,2025-09-17,,Active,,0.807,91,3,19849,16,3,69.0,2,2.6,0
CUST-14312,Vanguard Sphere 387,Enterprise,SaaS / Tech,United Kingdom,2025-09-17,SUB-24312,Enterprise Plus,Annual,11794.93,471,2025-09-17,,Active,,0.662,56,2,22367,0,5,13.7,0,4.3,0
CUST-14313,Omni Labs 387,SMB,Healthcare,United States,2025-09-17,SUB-24313,Starter,Monthly,649.79,23,2025-09-17,2025-12-31,Churned,Support / SLA Frustration,0.645,44,4,4071,7,3,107.3,1,1.8,1
CUST-14314,Hyper Flow 387,SMB,E-Commerce,Canada,2025-09-17,SUB-24314,Starter,Monthly,415.09,14,2025-09-17,2025-12-31,Churned,Support / SLA Frustration,0.863,84,2,141913,22,3,115.2,2,2.9,1
CUST-14315,Zenith Corp 387,Mid-Market,Fintech,Canada,2025-09-17,SUB-24315,Growth,Monthly,1823.46,59,2025-09-17,2025-12-31,Churned,Competitor Alternative,0.533,41,5,7311,4,4,17.1,0,3.9,1
CUST-14316,Quantum Stack 387,SMB,Logistics & Supply Chain,United States,2025-09-17,SUB-24316,Starter,Monthly,536.06,7,2025-09-17,2025-12-31,Churned,Support / SLA Frustration,0.557,74,4,114875,8,6,56.2,3,2.3,1
CUST-14317,Nexus AI 387,Enterprise,Healthcare,United States,2025-09-17,SUB-24317,Scale,Annual,5090.94,150,2025-09-17,,Active,,0.966,44,4,20043,0,3,17.3,0,4.6,0
CUST-14318,Vertex Scale 387,Mid-Market,E-Commerce,Germany,2025-09-17,SUB-24318,Scale,Monthly,1908.55,51,2025-09-17,,Active,,0.66,73,3,6772,2,3,11.9,0,4.0,0
CUST-14319,Blue Systems 387,SMB,SaaS / Tech,United States,2025-09-18,SUB-24319,Growth,Annual,485.59,16,2025-09-18,2025-12-31,Churned,Support / SLA Frustration,0.868,72,7,3342,0,4,68.1,1,2.1,1
CUST-14320,Apex Logic 388,SMB,Fintech,United States,2025-09-18,SUB-24320,Growth,Monthly,344.17,13,2025-09-18,2025-12-20,Churned,Low Adoption & License Waste,0.365,45,4,5666,0,5,4.1,0,4.6,1
CUST-14321,Cloud Hub 388,SMB,Logistics & Supply Chain,United States,2025-09-18,SUB-24321,Starter,Monthly,681.2,18,2025-09-18,2025-12-31,Churned,Support / SLA Frustration,0.948,74,3,47448,9,1,94.6,0,2.1,1
CUST-14322,Data Pay 388,SMB,E-Commerce,United Kingdom,2025-09-18,SUB-24322,Growth,Annual,357.59,5,2025-09-18,,Active,,0.55,84,4,1870,3,5,11.6,0,4.8,0
CUST-14323,Nova Works 388,Mid-Market,Healthcare,United Kingdom,2025-09-18,SUB-24323,Growth,Monthly,3468.13,72,2025-09-18,2025-12-31,Churned,Support / SLA Frustration,0.315,94,2,32147,0,3,101.0,2,2.1,1
CUST-14324,Pulse Security 388,SMB,Fintech,Australia,2025-09-18,SUB-24324,Starter,Annual,538.86,14,2025-09-18,,Active,,1.0,100,4,5959,6,9,21.5,0,4.7,0
CUST-14325,Stratum Analytics 388,SMB,Cybersecurity,India,2025-09-18,SUB-24325,Starter,Monthly,486.34,13,2025-09-18,,Active,,0.777,68,6,29926,4,6,16.7,0,4.5,0
CUST-14326,Sync Tech 388,Enterprise,SaaS / Tech,United States,2025-09-19,SUB-24326,Enterprise Plus,Annual,9843.64,249,2025-09-19,,Active,,0.602,66,4,13126,11,4,2.3,0,4.9,0
CUST-14327,Vanguard Sphere 388,SMB,Fintech,United States,2025-09-19,SUB-24327,Growth,Monthly,692.58,17,2025-09-19,,Active,,0.414,73,3,23064,6,4,7.0,0,3.9,0
CUST-14328,Omni Labs 388,Enterprise,Healthcare,United States,2025-09-19,SUB-24328,Enterprise Plus,Annual,11209.47,177,2025-09-19,,Active,,0.713,43,5,14936,0,7,13.2,0,4.4,0
CUST-14329,Hyper Flow 388,SMB,Logistics & Supply Chain,United States,2025-09-19,SUB-24329,Growth,Annual,232.24,20,2025-09-19,,Active,,0.938,69,6,55604,3,7,16.3,0,5.0,0
CUST-14330,Zenith Corp 388,Mid-Market,SaaS / Tech,United States,2025-09-19,SUB-24330,Scale,Monthly,1750.64,89,2025-09-19,2025-12-31,Churned,Competitor Alternative,0.53,46,7,37123,1,3,4.8,0,4.6,1
CUST-14331,Quantum Stack 388,Enterprise,SaaS / Tech,United States,2025-09-19,SUB-24331,Enterprise Plus,Annual,14066.17,331,2025-09-19,,Active,,0.411,57,3,68642,1,3,18.3,0,4.4,0
CUST-14332,Nexus AI 388,Mid-Market,Healthcare,United States,2025-09-19,SUB-24332,Growth,Monthly,2902.34,48,2025-09-19,,Active,,0.657,24,6,3494,0,6,16.0,0,4.0,0
CUST-14333,Vertex Scale 388,SMB,SaaS / Tech,United States,2025-09-19,SUB-24333,Growth,Monthly,472.43,12,2025-09-19,,Active,,0.739,51,1,12201,2,2,15.0,0,3.8,0
CUST-14334,Blue Systems 388,Mid-Market,Healthcare,United States,2025-09-19,SUB-24334,Growth,Annual,3129.61,45,2025-09-19,,Active,,0.75,72,5,1530,0,3,9.6,0,4.1,0
CUST-14335,Apex Logic 389,Enterprise,Fintech,Australia,2025-09-20,SUB-24335,Scale,Monthly,7344.21,362,2025-09-20,2025-12-31,Churned,Support / SLA Frustration,0.861,80,6,28517,7,3,93.1,0,2.0,1
CUST-14336,Cloud Hub 389,SMB,E-Commerce,United Kingdom,2025-09-20,SUB-24336,Growth,Monthly,623.39,24,2025-09-20,,Active,,0.752,82,3,14644,7,4,18.5,0,4.2,0
CUST-14337,Data Pay 389,SMB,Cybersecurity,Australia,2025-09-21,SUB-24337,Growth,Monthly,349.13,14,2025-09-21,,Active,,0.651,55,3,167463,3,4,16.5,0,4.0,0
CUST-14338,Nova Works 389,Mid-Market,Healthcare,United States,2025-09-21,SUB-24338,Scale,Monthly,3352.98,69,2025-09-21,,Active,,0.579,58,4,24253,4,6,10.0,0,4.0,0
CUST-14339,Pulse Security 389,Mid-Market,E-Commerce,United States,2025-09-21,SUB-24339,Growth,Annual,909.75,82,2025-09-21,,Active,,0.761,60,4,14057,2,3,19.8,0,4.4,0
CUST-14340,Stratum Analytics 389,Mid-Market,SaaS / Tech,United States,2025-09-21,SUB-24340,Growth,Annual,3346.1,28,2025-09-21,,Active,,0.668,77,5,4482,19,8,18.0,0,4.8,0
CUST-14341,Sync Tech 389,Enterprise,E-Commerce,United States,2025-09-21,SUB-24341,Enterprise Plus,Annual,17178.78,281,2025-09-21,,Active,,0.836,93,7,794,7,2,14.9,0,4.1,0
CUST-14342,Vanguard Sphere 389,SMB,Logistics & Supply Chain,United States,2025-09-21,SUB-24342,Starter,Monthly,684.39,13,2025-09-21,2025-12-31,Churned,Competitor Alternative,0.646,51,5,3320,9,4,15.7,0,5.0,1
CUST-14343,Omni Labs 389,SMB,SaaS / Tech,India,2025-09-21,SUB-24343,Starter,Monthly,271.64,21,2025-09-21,2025-12-31,Churned,Price / Budget Cuts,0.905,57,4,6834,9,6,7.9,0,4.8,1
CUST-14344,Hyper Flow 389,SMB,Fintech,Australia,2025-09-21,SUB-24344,Starter,Monthly,297.51,13,2025-09-21,2025-12-31,Churned,Low Adoption & License Waste,0.524,79,3,17933,40,4,21.8,0,3.9,1
CUST-14345,Zenith Corp 389,Mid-Market,Cybersecurity,United States,2025-09-22,SUB-24345,Growth,Annual,2191.35,72,2025-09-22,,Active,,0.733,55,7,56403,13,4,94.7,1,2.3,0
CUST-14346,Quantum Stack 389,SMB,SaaS / Tech,United States,2025-09-22,SUB-24346,Starter,Monthly,304.61,23,2025-09-22,,Active,,0.788,57,5,37986,4,3,83.4,2,2.3,0
CUST-14347,Nexus AI 389,SMB,Logistics & Supply Chain,United States,2025-09-22,SUB-24347,Starter,Annual,469.34,19,2025-09-22,,Active,,1.0,45,3,19948,3,10,22.6,0,4.2,0
CUST-14348,Vertex Scale 389,SMB,SaaS / Tech,United States,2025-09-22,SUB-24348,Starter,Monthly,639.74,15,2025-09-22,2025-12-31,Churned,Low Adoption & License Waste,0.326,71,7,41607,5,5,23.0,0,4.4,1
CUST-14349,Blue Systems 389,SMB,Logistics & Supply Chain,United States,2025-09-22,SUB-24349,Starter,Monthly,176.41,17,2025-09-22,,Active,,0.914,54,5,3726,1,3,71.6,1,1.4,0
CUST-14350,Apex Logic 390,SMB,Fintech,United States,2025-09-22,SUB-24350,Starter,Annual,254.66,17,2025-09-22,,Active,,0.742,91,7,3811,0,2,7.3,0,3.8,0
CUST-14351,Cloud Hub 390,SMB,Healthcare,United States,2025-09-22,SUB-24351,Starter,Monthly,722.82,20,2025-09-22,,Active,,0.641,46,3,9680,21,10,9.4,0,3.8,0
CUST-14352,Data Pay 390,Mid-Market,Logistics & Supply Chain,United States,2025-09-22,SUB-24352,Growth,Annual,2248.69,54,2025-09-22,,Active,,1.0,97,2,97052,21,5,76.4,3,2.0,0
CUST-14353,Nova Works 390,SMB,Fintech,United States,2025-09-23,SUB-24353,Growth,Monthly,378.67,7,2025-09-23,,Active,,1.0,53,5,53547,0,1,17.6,0,4.9,0
CUST-14354,Pulse Security 390,SMB,Fintech,United States,2025-09-23,SUB-24354,Growth,Monthly,442.1,12,2025-09-23,,Active,,0.543,100,3,78437,0,2,22.8,0,4.7,0
CUST-14355,Stratum Analytics 390,SMB,SaaS / Tech,United States,2025-09-23,SUB-24355,Starter,Monthly,236.33,21,2025-09-23,,Active,,0.469,58,7,4618,13,5,22.6,0,4.0,0
CUST-14356,Sync Tech 390,Mid-Market,Logistics & Supply Chain,Australia,2025-09-23,SUB-24356,Growth,Monthly,2350.86,42,2025-09-23,,Active,,0.757,47,3,6436,5,8,20.0,0,3.9,0
CUST-14357,Vanguard Sphere 390,SMB,Fintech,United States,2025-09-23,SUB-24357,Starter,Monthly,274.03,17,2025-09-23,,Active,,0.316,90,5,46203,3,6,2.4,0,4.6,0
CUST-14358,Omni Labs 390,SMB,Logistics & Supply Chain,Germany,2025-09-23,SUB-24358,Starter,Annual,438.18,16,2025-09-23,,Active,,0.904,71,3,38300,0,3,11.9,0,4.4,0
CUST-14359,Hyper Flow 390,Mid-Market,SaaS / Tech,Germany,2025-09-24,SUB-24359,Growth,Annual,2609.99,64,2025-09-24,,Active,,0.791,76,5,44908,0,2,6.3,0,3.8,0
CUST-14360,Zenith Corp 390,Enterprise,E-Commerce,Australia,2025-09-24,SUB-24360,Scale,Annual,6414.18,377,2025-09-24,,Active,,0.717,74,4,10878,2,5,14.9,0,3.8,0
CUST-14361,Quantum Stack 390,SMB,Logistics & Supply Chain,Canada,2025-09-24,SUB-24361,Starter,Monthly,622.95,11,2025-09-24,2025-12-31,Churned,Competitor Alternative,1.0,69,3,4375,5,7,6.6,0,3.8,1
CUST-14362,Nexus AI 390,SMB,Healthcare,United Kingdom,2025-09-24,SUB-24362,Starter,Annual,588.97,18,2025-09-24,,Active,,0.49,100,4,53231,3,5,67.0,2,2.4,0
CUST-14363,Vertex Scale 390,SMB,Fintech,Germany,2025-09-25,SUB-24363,Growth,Monthly,597.56,21,2025-09-25,2025-12-31,Churned,Support / SLA Frustration,0.442,92,2,24614,0,2,66.5,1,1.4,1
CUST-14364,Blue Systems 390,Mid-Market,Healthcare,United States,2025-09-25,SUB-24364,Growth,Annual,3638.47,93,2025-09-25,,Active,,0.693,35,2,15251,2,3,5.3,0,3.8,0
CUST-14365,Apex Logic 391,SMB,E-Commerce,United States,2025-09-25,SUB-24365,Starter,Monthly,665.58,11,2025-09-25,2025-12-31,Churned,Competitor Alternative,0.465,91,3,18345,12,4,8.1,0,4.8,1
CUST-14366,Cloud Hub 391,Enterprise,E-Commerce,Australia,2025-09-25,SUB-24366,Scale,Annual,5075.39,251,2025-09-25,,Active,,0.66,34,6,20968,1,7,23.3,0,4.7,0
CUST-14367,Data Pay 391,Mid-Market,Logistics & Supply Chain,Canada,2025-09-25,SUB-24367,Scale,Annual,3600.81,96,2025-09-25,,Active,,0.726,56,4,45414,5,4,23.8,0,4.3,0
CUST-14368,Nova Works 391,Mid-Market,SaaS / Tech,Australia,2025-09-25,SUB-24368,Scale,Monthly,2439.22,67,2025-09-25,,Active,,0.452,79,6,24665,11,3,20.2,0,3.8,0
CUST-14369,Pulse Security 391,Mid-Market,E-Commerce,Canada,2025-09-25,SUB-24369,Scale,Annual,2079.49,71,2025-09-25,,Active,,1.0,73,6,56467,2,6,71.9,3,1.3,0
CUST-14370,Stratum Analytics 391,Mid-Market,SaaS / Tech,Germany,2025-09-25,SUB-24370,Scale,Monthly,2837.78,80,2025-09-25,,Active,,1.0,65,1,3480,6,2,52.8,2,1.8,0
CUST-14371,Sync Tech 391,Mid-Market,Fintech,Canada,2025-09-25,SUB-24371,Scale,Annual,1291.31,83,2025-09-25,,Active,,0.511,61,4,5526,6,4,79.1,2,2.2,0
CUST-14372,Vanguard Sphere 391,Enterprise,Fintech,Canada,2025-09-25,SUB-24372,Scale,Monthly,15684.19,368,2025-09-25,,Active,,0.572,96,3,2364,8,5,8.5,0,4.8,0
CUST-14373,Omni Labs 391,Mid-Market,Logistics & Supply Chain,United Kingdom,2025-09-26,SUB-24373,Scale,Monthly,1063.66,66,2025-09-26,,Active,,0.86,82,1,46952,8,4,13.9,0,4.0,0
CUST-14374,Hyper Flow 391,SMB,Fintech,India,2025-09-26,SUB-24374,Starter,Monthly,409.54,20,2025-09-26,,Active,,0.887,60,4,24198,0,2,9.8,0,4.2,0
CUST-14375,Zenith Corp 391,Mid-Market,Fintech,Germany,2025-09-26,SUB-24375,Growth,Annual,1775.72,65,2025-09-26,2025-12-31,Churned,Low Adoption & License Waste,0.16,97,7,52186,2,4,23.7,0,4.7,1
CUST-14376,Quantum Stack 391,Mid-Market,SaaS / Tech,Germany,2025-09-26,SUB-24376,Growth,Annual,3096.05,50,2025-09-26,,Active,,0.668,35,5,4218,2,2,19.3,0,4.4,0
CUST-14377,Nexus AI 391,SMB,Healthcare,United Kingdom,2025-09-26,SUB-24377,Starter,Monthly,522.3,21,2025-09-26,,Active,,1.0,69,4,54128,0,3,21.1,0,3.9,0
CUST-14378,Vertex Scale 391,Enterprise,Logistics & Supply Chain,United States,2025-09-26,SUB-24378,Enterprise Plus,Annual,10289.5,219,2025-09-26,,Active,,1.0,88,4,31477,3,6,11.2,0,4.8,0
CUST-14379,Blue Systems 391,SMB,Healthcare,United States,2025-09-27,SUB-24379,Starter,Monthly,441.23,18,2025-09-27,,Active,,0.063,69,5,2362,18,0,4.0,0,4.4,0
CUST-14380,Apex Logic 392,Enterprise,Fintech,India,2025-09-27,SUB-24380,Scale,Annual,8443.29,419,2025-09-27,,Active,,0.786,58,7,18509,0,6,13.5,0,3.8,0
CUST-14381,Cloud Hub 392,Enterprise,Healthcare,United Kingdom,2025-09-27,SUB-24381,Scale,Annual,5193.29,319,2025-09-27,,Active,,0.742,96,2,25280,21,5,18.4,0,5.0,0
CUST-14382,Data Pay 392,SMB,E-Commerce,United States,2025-09-27,SUB-24382,Starter,Annual,191.21,11,2025-09-27,,Active,,0.361,83,4,16962,11,1,6.7,0,4.0,0
CUST-14383,Nova Works 392,SMB,Healthcare,United States,2025-09-27,SUB-24383,Starter,Monthly,262.18,6,2025-09-27,2025-12-31,Churned,Switched Tool,0.893,56,2,18214,0,3,12.9,0,4.9,1
CUST-14384,Pulse Security 392,SMB,E-Commerce,Germany,2025-09-27,SUB-24384,Starter,Monthly,305.74,17,2025-09-27,2025-12-31,Churned,Support / SLA Frustration,0.488,79,3,25938,0,4,73.7,1,2.6,1
CUST-14385,Stratum Analytics 392,SMB,Logistics & Supply Chain,Germany,2025-09-27,SUB-24385,Growth,Monthly,450.97,7,2025-09-27,2025-12-31,Churned,Support / SLA Frustration,0.312,42,3,538,7,5,106.8,1,1.5,1
CUST-14386,Sync Tech 392,SMB,Cybersecurity,Germany,2025-09-27,SUB-24386,Starter,Monthly,308.83,10,2025-09-27,2025-12-31,Churned,Switched Tool,0.561,58,4,5210,2,4,12.7,0,4.6,1
CUST-14387,Vanguard Sphere 392,Enterprise,Healthcare,United Kingdom,2025-09-27,SUB-24387,Enterprise Plus,Annual,12401.52,379,2025-09-27,,Active,,0.84,70,5,23958,6,2,17.7,0,4.4,0
CUST-14388,Omni Labs 392,Enterprise,E-Commerce,United States,2025-09-27,SUB-24388,Enterprise Plus,Annual,5407.05,265,2025-09-27,,Active,,0.423,65,5,54341,2,2,11.3,0,4.9,0
CUST-14389,Hyper Flow 392,Enterprise,E-Commerce,United States,2025-09-27,SUB-24389,Scale,Annual,10070.09,346,2025-09-27,,Active,,0.513,72,4,7931,2,4,4.2,0,5.0,0
CUST-14390,Zenith Corp 392,Mid-Market,Cybersecurity,United States,2025-09-27,SUB-24390,Growth,Annual,2753.6,68,2025-09-27,2025-12-31,Churned,Support / SLA Frustration,0.631,66,2,3941,7,4,86.0,1,2.1,1
CUST-14391,Quantum Stack 392,SMB,Cybersecurity,Germany,2025-09-27,SUB-24391,Growth,Monthly,728.33,16,2025-09-27,,Active,,0.711,76,4,68502,12,6,59.1,1,2.7,0
CUST-14392,Nexus AI 392,SMB,Fintech,United States,2025-09-27,SUB-24392,Starter,Monthly,649.2,19,2025-09-27,2025-12-31,Churned,Support / SLA Frustration,0.633,59,3,3811,6,3,92.2,0,1.9,1
CUST-14393,Vertex Scale 392,Enterprise,SaaS / Tech,United Kingdom,2025-09-28,SUB-24393,Enterprise Plus,Annual,16342.41,410,2025-09-28,,Active,,0.512,52,5,24793,0,8,117.3,5,2.4,0
CUST-14394,Blue Systems 392,SMB,Healthcare,United Kingdom,2025-09-28,SUB-24394,Growth,Annual,318.33,13,2025-09-28,2025-12-31,Churned,Low Adoption & License Waste,0.323,57,7,19576,7,3,15.7,0,4.1,1
CUST-14395,Apex Logic 393,SMB,Fintech,United Kingdom,2025-09-28,SUB-24395,Growth,Monthly,299.48,18,2025-09-28,,Active,,0.308,57,4,14016,4,1,23.3,0,3.9,0
CUST-14396,Cloud Hub 393,Mid-Market,Fintech,India,2025-09-28,SUB-24396,Growth,Annual,2311.34,82,2025-09-28,,Active,,1.0,73,6,12183,4,8,74.1,4,1.5,0
CUST-14397,Data Pay 393,Enterprise,E-Commerce,United States,2025-09-28,SUB-24397,Enterprise Plus,Annual,11624.48,358,2025-09-28,,Active,,0.315,91,2,11814,3,9,8.2,0,4.1,0
CUST-14398,Nova Works 393,Mid-Market,E-Commerce,Canada,2025-09-28,SUB-24398,Growth,Monthly,3439.75,47,2025-09-28,,Active,,0.798,69,3,10101,3,3,12.3,0,3.9,0
CUST-14399,Pulse Security 393,Enterprise,Fintech,United States,2025-09-29,SUB-24399,Enterprise Plus,Annual,11445.8,373,2025-09-29,2025-12-31,Churned,Support / SLA Frustration,0.758,60,7,27404,10,4,118.0,1,1.5,1
CUST-14400,Stratum Analytics 393,Enterprise,SaaS / Tech,United States,2025-09-29,SUB-24400,Scale,Monthly,12515.57,495,2025-09-29,,Active,,0.754,60,5,78626,2,6,18.6,0,3.8,0
CUST-14401,Sync Tech 393,SMB,Healthcare,United States,2025-09-29,SUB-24401,Starter,Monthly,618.94,7,2025-09-29,,Active,,0.824,35,3,10404,2,7,71.0,3,2.8,0
CUST-14402,Vanguard Sphere 393,Mid-Market,E-Commerce,United States,2025-09-29,SUB-24402,Growth,Monthly,2403.52,55,2025-09-29,,Active,,0.803,42,5,1692,3,4,22.2,0,4.4,0
CUST-14403,Omni Labs 393,Mid-Market,Healthcare,Canada,2025-09-29,SUB-24403,Scale,Annual,2272.06,73,2025-09-29,,Active,,0.927,88,5,10317,7,7,2.7,0,4.0,0
CUST-14404,Hyper Flow 393,SMB,Fintech,United Kingdom,2025-09-29,SUB-24404,Starter,Monthly,474.89,19,2025-09-29,2025-12-31,Churned,Competitor Alternative,0.643,63,4,42949,4,7,6.9,0,4.1,1
CUST-14405,Zenith Corp 393,SMB,Healthcare,United States,2025-09-30,SUB-24405,Starter,Monthly,281.33,21,2025-09-30,2025-12-31,Churned,Support / SLA Frustration,0.837,60,2,53854,0,5,119.8,4,1.3,1
CUST-14406,Quantum Stack 393,SMB,Fintech,United States,2025-09-30,SUB-24406,Starter,Monthly,134.67,12,2025-09-30,,Active,,0.554,52,3,47633,1,5,8.0,0,3.9,0
CUST-14407,Nexus AI 393,Enterprise,E-Commerce,United Kingdom,2025-09-30,SUB-24407,Scale,Annual,7783.27,394,2025-09-30,,Active,,0.641,58,6,15780,3,5,20.0,0,4.6,0
CUST-14408,Vertex Scale 393,Mid-Market,Fintech,Germany,2025-09-30,SUB-24408,Scale,Annual,1365.97,90,2025-09-30,2025-12-31,Churned,Support / SLA Frustration,0.92,86,6,708,4,3,112.5,0,1.4,1
CUST-14409,Blue Systems 393,SMB,E-Commerce,United States,2025-09-30,SUB-24409,Starter,Monthly,259.21,13,2025-09-30,,Active,,0.84,35,4,20819,3,5,7.2,0,4.3,0
CUST-14410,Apex Logic 394,Enterprise,Fintech,United Kingdom,2025-10-01,SUB-24410,Scale,Annual,11234.83,415,2025-10-01,2025-12-31,Churned,Support / SLA Frustration,0.473,66,6,13690,4,5,63.8,0,2.1,1
CUST-14411,Cloud Hub 394,Enterprise,SaaS / Tech,Canada,2025-10-01,SUB-24411,Enterprise Plus,Annual,8003.56,473,2025-10-01,,Active,,0.619,41,5,13448,6,7,3.8,0,4.1,0
CUST-14412,Data Pay 394,SMB,SaaS / Tech,United Kingdom,2025-10-01,SUB-24412,Starter,Annual,291.84,6,2025-10-01,,Active,,0.743,100,5,43515,16,4,3.1,0,5.0,0
CUST-14413,Nova Works 394,SMB,Fintech,United States,2025-10-01,SUB-24413,Starter,Monthly,332.39,24,2025-10-01,,Active,,0.915,52,6,6481,1,2,3.7,0,4.6,0
CUST-14414,Pulse Security 394,Mid-Market,E-Commerce,United Kingdom,2025-10-01,SUB-24414,Growth,Monthly,1816.32,41,2025-10-01,,Active,,1.0,55,4,13256,0,3,15.5,0,4.8,0
CUST-14415,Stratum Analytics 394,Mid-Market,Fintech,United Kingdom,2025-10-02,SUB-24415,Scale,Monthly,2728.8,77,2025-10-02,,Active,,1.0,55,3,43215,4,9,22.2,0,4.6,0
CUST-14416,Sync Tech 394,Mid-Market,E-Commerce,Canada,2025-10-02,SUB-24416,Scale,Monthly,1195.51,29,2025-10-02,2025-12-31,Churned,Competitor Alternative,1.0,71,3,133269,5,4,18.0,0,3.8,1
CUST-14417,Vanguard Sphere 394,Enterprise,Healthcare,United Kingdom,2025-10-02,SUB-24417,Enterprise Plus,Annual,14600.35,143,2025-10-02,,Active,,0.849,47,1,3822,4,2,14.4,0,4.1,0
CUST-14418,Omni Labs 394,Mid-Market,E-Commerce,Australia,2025-10-02,SUB-24418,Scale,Monthly,2783.71,27,2025-10-02,,Active,,0.583,97,4,58217,7,3,11.7,0,4.7,0
CUST-14419,Hyper Flow 394,Mid-Market,E-Commerce,United States,2025-10-02,SUB-24419,Scale,Monthly,2533.75,95,2025-10-02,2025-11-10,Churned,Competitor Alternative,0.944,56,6,5744,12,3,8.6,0,4.6,1
CUST-14420,Zenith Corp 394,Enterprise,Cybersecurity,Australia,2025-10-02,SUB-24420,Enterprise Plus,Annual,17069.83,394,2025-10-02,,Active,,0.768,53,4,34260,3,1,4.2,0,4.3,0
CUST-14421,Quantum Stack 394,SMB,E-Commerce,United Kingdom,2025-10-02,SUB-24421,Starter,Annual,380.18,16,2025-10-02,2025-12-18,Churned,Support / SLA Frustration,0.688,59,7,1171,6,2,52.7,0,2.3,1
CUST-14422,Nexus AI 394,SMB,E-Commerce,United Kingdom,2025-10-02,SUB-24422,Growth,Annual,647.12,21,2025-10-02,,Active,,0.589,76,5,9917,4,5,5.7,0,4.9,0
CUST-14423,Vertex Scale 394,SMB,Healthcare,United States,2025-10-02,SUB-24423,Starter,Monthly,632.18,9,2025-10-02,,Active,,0.142,87,6,64366,11,5,3.2,0,4.7,0
CUST-14424,Blue Systems 394,Mid-Market,Cybersecurity,United States,2025-10-02,SUB-24424,Scale,Monthly,1299.06,98,2025-10-02,,Active,,0.709,72,2,7491,0,3,9.0,0,4.6,0
CUST-14425,Apex Logic 395,Mid-Market,SaaS / Tech,Canada,2025-10-02,SUB-24425,Growth,Annual,3144.29,84,2025-10-02,,Active,,0.58,85,6,9143,13,2,23.1,0,5.0,0
CUST-14426,Cloud Hub 395,Mid-Market,Healthcare,Canada,2025-10-02,SUB-24426,Scale,Annual,2787.8,77,2025-10-02,2025-11-24,Churned,Competitor Alternative,0.536,69,4,38177,1,3,20.6,0,4.2,1
CUST-14427,Data Pay 395,Enterprise,Logistics & Supply Chain,United States,2025-10-02,SUB-24427,Enterprise Plus,Annual,15925.97,225,2025-10-02,,Active,,0.651,82,2,51800,2,5,10.3,0,4.9,0
CUST-14428,Nova Works 395,Mid-Market,Healthcare,United Kingdom,2025-10-02,SUB-24428,Growth,Annual,2893.57,39,2025-10-02,,Active,,0.917,69,5,8645,7,2,5.5,0,4.6,0
CUST-14429,Pulse Security 395,SMB,Logistics & Supply Chain,United States,2025-10-02,SUB-24429,Starter,Annual,134.83,14,2025-10-02,,Active,,0.756,73,3,9561,7,7,20.4,0,4.9,0
CUST-14430,Stratum Analytics 395,SMB,Logistics & Supply Chain,Australia,2025-10-02,SUB-24430,Starter,Monthly,251.55,23,2025-10-02,2025-12-31,Churned,Price / Budget Cuts,0.79,50,5,29544,4,3,13.5,0,4.1,1
CUST-14431,Sync Tech 395,SMB,Fintech,India,2025-10-03,SUB-24431,Starter,Monthly,584.25,8,2025-10-03,,Active,,0.797,53,5,28788,7,2,11.6,0,4.0,0
CUST-14432,Vanguard Sphere 395,Mid-Market,SaaS / Tech,United States,2025-10-03,SUB-24432,Growth,Monthly,2766.72,34,2025-10-03,,Active,,0.551,63,3,10861,0,1,3.6,0,3.9,0
CUST-14433,Omni Labs 395,SMB,Healthcare,Germany,2025-10-03,SUB-24433,Starter,Monthly,625.43,23,2025-10-03,,Active,,0.635,97,3,2245,4,6,3.7,0,4.6,0
CUST-14434,Hyper Flow 395,Enterprise,Healthcare,India,2025-10-03,SUB-24434,Scale,Annual,8528.91,498,2025-10-03,,Active,,0.697,84,5,10913,1,6,15.3,0,4.4,0
CUST-14435,Zenith Corp 395,Mid-Market,Healthcare,United States,2025-10-03,SUB-24435,Growth,Monthly,2135.5,79,2025-10-03,,Active,,1.0,59,6,63717,22,6,7.5,0,4.3,0
CUST-14436,Quantum Stack 395,Mid-Market,SaaS / Tech,Canada,2025-10-04,SUB-24436,Growth,Monthly,2219.92,85,2025-10-04,2025-12-31,Churned,Support / SLA Frustration,0.766,39,6,29859,5,6,50.2,2,2.1,1
CUST-14437,Nexus AI 395,SMB,Fintech,United States,2025-10-04,SUB-24437,Starter,Monthly,375.25,5,2025-10-04,,Active,,0.724,48,7,81154,0,4,21.3,0,4.5,0
CUST-14438,Vertex Scale 395,SMB,Fintech,United Kingdom,2025-10-04,SUB-24438,Starter,Monthly,215.61,8,2025-10-04,,Active,,0.684,59,4,726,3,0,4.0,0,4.6,0
CUST-14439,Blue Systems 395,Mid-Market,SaaS / Tech,United States,2025-10-04,SUB-24439,Growth,Annual,2178.15,59,2025-10-04,,Active,,0.438,49,3,15203,11,4,22.3,0,4.8,0
CUST-14440,Apex Logic 396,SMB,Fintech,United States,2025-10-04,SUB-24440,Starter,Annual,654.34,8,2025-10-04,2025-11-23,Churned,Price / Budget Cuts,0.484,76,5,14960,3,4,15.3,0,4.8,1
CUST-14441,Cloud Hub 396,SMB,Fintech,United States,2025-10-04,SUB-24441,Starter,Monthly,729.99,6,2025-10-04,2025-12-31,Churned,Competitor Alternative,0.7,49,6,50727,0,6,4.2,0,3.8,1
CUST-14442,Data Pay 396,Mid-Market,Fintech,United States,2025-10-04,SUB-24442,Scale,Annual,915.52,44,2025-10-04,,Active,,0.912,52,4,662,0,4,81.2,2,2.5,0
CUST-14443,Nova Works 396,Mid-Market,Healthcare,Germany,2025-10-04,SUB-24443,Growth,Annual,1951.1,93,2025-10-04,,Active,,0.854,65,5,81869,3,4,3.3,0,4.5,0
CUST-14444,Pulse Security 396,Mid-Market,E-Commerce,United States,2025-10-05,SUB-24444,Growth,Annual,3107.28,84,2025-10-05,,Active,,0.629,52,6,14515,0,7,21.0,0,4.7,0
CUST-14445,Stratum Analytics 396,SMB,Fintech,United States,2025-10-05,SUB-24445,Starter,Monthly,424.02,7,2025-10-05,2025-12-31,Churned,Low Adoption & License Waste,0.37,85,3,5870,4,5,22.4,0,5.0,1
CUST-14446,Sync Tech 396,Mid-Market,Cybersecurity,India,2025-10-05,SUB-24446,Growth,Annual,1944.69,44,2025-10-05,2025-12-31,Churned,Support / SLA Frustration,0.797,100,1,20255,4,5,85.6,2,1.9,1
CUST-14447,Vanguard Sphere 396,SMB,SaaS / Tech,United States,2025-10-05,SUB-24447,Starter,Monthly,581.37,17,2025-10-05,,Active,,0.54,79,3,4893,3,5,3.5,0,4.9,0
CUST-14448,Omni Labs 396,Mid-Market,Healthcare,United Kingdom,2025-10-05,SUB-24448,Scale,Monthly,3434.09,89,2025-10-05,,Active,,0.877,88,6,31772,2,5,12.4,0,4.2,0
CUST-14449,Hyper Flow 396,SMB,Healthcare,Australia,2025-10-06,SUB-24449,Starter,Monthly,436.46,12,2025-10-06,,Active,,0.627,95,2,52084,2,5,78.7,4,1.2,0
CUST-14450,Zenith Corp 396,Mid-Market,Healthcare,India,2025-10-06,SUB-24450,Growth,Annual,3728.74,51,2025-10-06,,Active,,0.645,68,2,46703,0,5,88.1,2,1.5,0
CUST-14451,Quantum Stack 396,SMB,E-Commerce,United States,2025-10-06,SUB-24451,Starter,Annual,573.23,13,2025-10-06,,Active,,0.453,66,3,13580,1,3,16.3,0,4.6,0
CUST-14452,Nexus AI 396,SMB,Fintech,United States,2025-10-06,SUB-24452,Starter,Monthly,609.78,19,2025-10-06,,Active,,0.507,68,6,45231,2,3,18.2,0,4.1,0
CUST-14453,Vertex Scale 396,SMB,Fintech,Australia,2025-10-06,SUB-24453,Growth,Monthly,572.68,9,2025-10-06,,Active,,0.634,82,5,16992,3,5,10.3,0,4.5,0
CUST-14454,Blue Systems 396,SMB,Logistics & Supply Chain,United States,2025-10-06,SUB-24454,Starter,Annual,199.57,13,2025-10-06,,Active,,0.574,51,6,20627,1,7,13.9,0,4.4,0
CUST-14455,Apex Logic 397,Enterprise,Healthcare,United States,2025-10-06,SUB-24455,Scale,Annual,11557.69,348,2025-10-06,,Active,,0.58,67,3,27939,10,0,4.0,0,5.0,0
CUST-14456,Cloud Hub 397,SMB,Healthcare,United States,2025-10-06,SUB-24456,Starter,Annual,506.37,18,2025-10-06,2025-12-19,Churned,Support / SLA Frustration,0.816,77,6,15202,1,6,117.1,3,1.9,1
CUST-14457,Data Pay 397,Enterprise,Logistics & Supply Chain,United States,2025-10-06,SUB-24457,Scale,Annual,15097.25,127,2025-10-06,,Active,,0.666,34,2,12946,6,4,21.6,0,4.8,0
CUST-14458,Nova Works 397,Mid-Market,SaaS / Tech,Canada,2025-10-07,SUB-24458,Growth,Annual,3549.63,38,2025-10-07,,Active,,0.442,81,5,2696,7,3,6.3,0,4.4,0
CUST-14459,Pulse Security 397,SMB,Healthcare,Canada,2025-10-07,SUB-24459,Starter,Monthly,328.31,15,2025-10-07,,Active,,0.333,74,4,13336,1,6,12.2,0,4.5,0
CUST-14460,Stratum Analytics 397,Mid-Market,SaaS / Tech,Australia,2025-10-07,SUB-24460,Growth,Monthly,3292.35,72,2025-10-07,,Active,,0.838,100,5,15595,0,3,4.0,0,4.7,0
CUST-14461,Sync Tech 397,SMB,Fintech,Canada,2025-10-07,SUB-24461,Starter,Annual,463.33,10,2025-10-07,,Active,,0.614,60,4,86580,3,5,4.0,0,4.3,0
CUST-14462,Vanguard Sphere 397,SMB,SaaS / Tech,United States,2025-10-07,SUB-24462,Starter,Monthly,648.35,10,2025-10-07,2025-12-31,Churned,Support / SLA Frustration,0.621,100,5,9039,6,4,114.6,0,2.6,1
CUST-14463,Omni Labs 397,Enterprise,E-Commerce,United States,2025-10-07,SUB-24463,Enterprise Plus,Annual,11125.44,432,2025-10-07,,Active,,0.545,50,3,15786,10,3,12.1,0,4.7,0
CUST-14464,Hyper Flow 397,SMB,Logistics & Supply Chain,Australia,2025-10-07,SUB-24464,Starter,Monthly,714.08,11,2025-10-07,,Active,,0.562,71,5,24925,2,2,19.4,0,5.0,0
CUST-14465,Zenith Corp 397,Mid-Market,Cybersecurity,United States,2025-10-07,SUB-24465,Growth,Annual,2760.33,66,2025-10-07,,Active,,1.0,26,5,2625,11,1,4.8,0,4.6,0
CUST-14466,Quantum Stack 397,Enterprise,Cybersecurity,United States,2025-10-07,SUB-24466,Scale,Annual,15695.34,462,2025-10-07,,Active,,0.956,92,5,7100,6,5,20.1,0,4.9,0
CUST-14467,Nexus AI 397,Mid-Market,Cybersecurity,India,2025-10-07,SUB-24467,Growth,Annual,3440.8,54,2025-10-07,,Active,,0.466,49,3,59681,0,4,3.2,0,4.6,0
CUST-14468,Vertex Scale 397,SMB,E-Commerce,United Kingdom,2025-10-07,SUB-24468,Starter,Monthly,354.46,6,2025-10-07,,Active,,0.619,72,3,18273,1,1,11.3,0,4.0,0
CUST-14469,Blue Systems 397,SMB,Healthcare,United States,2025-10-07,SUB-24469,Starter,Monthly,423.16,21,2025-10-07,,Active,,0.773,62,6,888,5,3,13.3,0,4.8,0
CUST-14470,Apex Logic 398,SMB,E-Commerce,India,2025-10-07,SUB-24470,Starter,Monthly,411.12,9,2025-10-07,,Active,,0.945,64,1,15632,11,4,9.4,0,4.5,0
CUST-14471,Cloud Hub 398,SMB,SaaS / Tech,Australia,2025-10-07,SUB-24471,Starter,Annual,321.07,5,2025-10-07,,Active,,0.376,100,5,32360,16,6,20.3,0,4.5,0
CUST-14472,Data Pay 398,Mid-Market,Logistics & Supply Chain,United States,2025-10-08,SUB-24472,Growth,Monthly,1580.39,33,2025-10-08,,Active,,0.447,55,5,44886,6,3,65.3,1,2.8,0
CUST-14473,Nova Works 398,Mid-Market,Fintech,Germany,2025-10-08,SUB-24473,Scale,Monthly,1074.08,29,2025-10-08,,Active,,0.624,64,3,33625,1,3,12.6,0,5.0,0
CUST-14474,Pulse Security 398,SMB,Cybersecurity,United States,2025-10-08,SUB-24474,Starter,Monthly,163.08,9,2025-10-08,,Active,,0.866,100,4,7917,13,4,21.4,0,3.9,0
CUST-14475,Stratum Analytics 398,Mid-Market,Logistics & Supply Chain,United Kingdom,2025-10-08,SUB-24475,Scale,Monthly,2176.94,43,2025-10-08,,Active,,0.679,50,4,45337,9,7,2.7,0,4.3,0
CUST-14476,Sync Tech 398,Mid-Market,Cybersecurity,India,2025-10-08,SUB-24476,Growth,Annual,3574.86,28,2025-10-08,,Active,,0.798,89,5,3915,0,6,2.9,0,3.9,0
CUST-14477,Vanguard Sphere 398,Mid-Market,Logistics & Supply Chain,Australia,2025-10-08,SUB-24477,Scale,Annual,2085.43,28,2025-10-08,,Active,,0.76,42,4,4320,3,6,20.6,0,3.8,0
CUST-14478,Omni Labs 398,SMB,Healthcare,United States,2025-10-08,SUB-24478,Starter,Monthly,540.03,15,2025-10-08,,Active,,0.81,78,5,2090,7,5,69.8,1,2.9,0
CUST-14479,Hyper Flow 398,SMB,Fintech,United States,2025-10-08,SUB-24479,Starter,Monthly,135.76,15,2025-10-08,,Active,,0.822,100,4,17054,3,0,4.0,0,4.9,0
CUST-14480,Zenith Corp 398,Mid-Market,Fintech,United States,2025-10-08,SUB-24480,Growth,Annual,3194.26,35,2025-10-08,2025-12-31,Churned,Support / SLA Frustration,0.965,31,3,51616,1,6,115.1,4,2.3,1
CUST-14481,Quantum Stack 398,Mid-Market,Healthcare,United Kingdom,2025-10-08,SUB-24481,Scale,Monthly,2103.22,25,2025-10-08,2025-12-31,Churned,Support / SLA Frustration,0.433,54,3,21871,4,7,72.7,3,2.9,1
CUST-14482,Nexus AI 398,SMB,E-Commerce,United States,2025-10-09,SUB-24482,Growth,Monthly,230.08,23,2025-10-09,,Active,,0.819,49,5,10472,5,3,22.4,0,4.1,0
CUST-14483,Vertex Scale 398,SMB,Logistics & Supply Chain,United States,2025-10-09,SUB-24483,Growth,Monthly,622.76,13,2025-10-09,2025-12-31,Churned,Support / SLA Frustration,1.0,78,3,1061,5,6,69.1,3,2.6,1
CUST-14484,Blue Systems 398,Mid-Market,Logistics & Supply Chain,United States,2025-10-09,SUB-24484,Growth,Annual,1362.46,80,2025-10-09,2025-12-31,Churned,Support / SLA Frustration,0.863,60,6,64866,2,5,65.9,2,2.5,1
CUST-14485,Apex Logic 399,SMB,E-Commerce,United States,2025-10-09,SUB-24485,Starter,Monthly,664.75,9,2025-10-09,2025-11-15,Churned,Price / Budget Cuts,0.699,75,5,3362,0,5,20.2,0,4.4,1
CUST-14486,Cloud Hub 399,Enterprise,Fintech,United States,2025-10-09,SUB-24486,Enterprise Plus,Annual,7832.75,438,2025-10-09,,Active,,0.671,94,6,59034,0,4,13.2,0,4.1,0
CUST-14487,Data Pay 399,Mid-Market,Fintech,Germany,2025-10-09,SUB-24487,Growth,Monthly,1555.75,28,2025-10-09,,Active,,0.697,84,4,43349,7,10,13.5,0,4.7,0
CUST-14488,Nova Works 399,SMB,Fintech,United States,2025-10-10,SUB-24488,Starter,Annual,415.22,16,2025-10-10,2025-12-31,Churned,Support / SLA Frustration,0.755,51,2,37664,2,3,106.4,2,1.3,1
CUST-14489,Pulse Security 399,SMB,Healthcare,United States,2025-10-10,SUB-24489,Starter,Annual,425.88,20,2025-10-10,,Active,,0.765,37,6,2704,4,6,71.2,2,3.0,0
CUST-14490,Stratum Analytics 399,Mid-Market,E-Commerce,Germany,2025-10-10,SUB-24490,Scale,Annual,3473.87,93,2025-10-10,,Active,,0.601,63,5,3172,0,5,12.3,0,4.1,0
CUST-14491,Sync Tech 399,SMB,Fintech,Canada,2025-10-10,SUB-24491,Starter,Monthly,430.17,23,2025-10-10,,Active,,0.43,48,3,70532,3,5,14.8,0,4.5,0
CUST-14492,Vanguard Sphere 399,SMB,Healthcare,United States,2025-10-10,SUB-24492,Starter,Monthly,245.59,11,2025-10-10,,Active,,0.759,60,4,31075,0,5,14.8,0,4.8,0
CUST-14493,Omni Labs 399,SMB,Fintech,United States,2025-10-10,SUB-24493,Growth,Monthly,581.28,22,2025-10-10,2025-12-31,Churned,Price / Budget Cuts,0.736,24,5,35015,5,5,2.2,0,3.9,1
CUST-14494,Hyper Flow 399,SMB,E-Commerce,Canada,2025-10-10,SUB-24494,Growth,Monthly,409.12,14,2025-10-10,2025-12-31,Churned,Competitor Alternative,0.522,79,1,99549,0,5,21.1,0,3.9,1
CUST-14495,Zenith Corp 399,SMB,E-Commerce,United States,2025-10-10,SUB-24495,Starter,Monthly,376.2,7,2025-10-10,2025-11-24,Churned,Low Adoption & License Waste,0.312,63,3,30663,6,0,4.0,0,4.4,1
CUST-14496,Quantum Stack 399,Mid-Market,E-Commerce,Canada,2025-10-11,SUB-24496,Growth,Monthly,971.74,32,2025-10-11,,Active,,0.982,79,5,25905,6,2,12.0,0,4.5,0
CUST-14497,Nexus AI 399,Enterprise,Healthcare,United States,2025-10-11,SUB-24497,Enterprise Plus,Annual,9978.96,146,2025-10-11,,Active,,0.418,40,5,61922,22,5,12.4,0,4.8,0
CUST-14498,Vertex Scale 399,Mid-Market,Cybersecurity,United States,2025-10-11,SUB-24498,Growth,Monthly,3101.42,32,2025-10-11,2025-12-31,Churned,Low Adoption & License Waste,0.58,100,2,11790,22,8,7.2,0,4.6,1
CUST-14499,Blue Systems 399,Mid-Market,Fintech,United States,2025-10-11,SUB-24499,Scale,Monthly,2968.75,60,2025-10-11,,Active,,0.72,100,7,77466,13,1,18.2,0,3.9,0
CUST-14500,Apex Logic 400,SMB,E-Commerce,Canada,2025-10-11,SUB-24500,Starter,Monthly,353.96,9,2025-10-11,2025-12-31,Churned,Low Adoption & License Waste,0.34,77,4,2983,5,3,2.4,0,4.9,1
CUST-14501,Cloud Hub 400,SMB,SaaS / Tech,India,2025-10-11,SUB-24501,Starter,Monthly,419.75,10,2025-10-11,,Active,,0.884,47,3,63376,1,4,116.4,4,1.3,0
CUST-14502,Data Pay 400,Mid-Market,E-Commerce,United States,2025-10-11,SUB-24502,Scale,Monthly,2156.43,53,2025-10-11,2025-12-31,Churned,Competitor Alternative,0.574,100,5,3785,3,2,14.4,0,4.5,1
CUST-14503,Nova Works 400,Enterprise,Cybersecurity,United Kingdom,2025-10-11,SUB-24503,Enterprise Plus,Annual,13832.86,412,2025-10-11,,Active,,0.892,85,2,20169,2,2,85.0,0,3.1,0
CUST-14504,Pulse Security 400,Mid-Market,Healthcare,United States,2025-10-11,SUB-24504,Growth,Annual,983.57,72,2025-10-11,2025-12-31,Churned,Competitor Alternative,0.534,61,5,24034,2,4,8.4,0,4.6,1
CUST-14505,Stratum Analytics 400,Mid-Market,E-Commerce,United States,2025-10-11,SUB-24505,Growth,Annual,2020.43,38,2025-10-11,2025-12-31,Churned,Support / SLA Frustration,0.495,66,6,40049,9,6,53.8,1,2.3,1
CUST-14506,Sync Tech 400,SMB,Fintech,India,2025-10-12,SUB-24506,Starter,Monthly,513.21,10,2025-10-12,,Active,,0.736,71,6,38004,1,2,5.6,0,4.5,0
CUST-14507,Vanguard Sphere 400,Enterprise,E-Commerce,United States,2025-10-12,SUB-24507,Scale,Annual,13979.6,408,2025-10-12,,Active,,0.879,55,3,5748,9,8,6.3,0,3.9,0
CUST-14508,Omni Labs 400,SMB,Healthcare,India,2025-10-12,SUB-24508,Starter,Annual,482.58,22,2025-10-12,,Active,,0.732,75,3,47236,2,3,9.1,0,4.9,0
CUST-14509,Hyper Flow 400,SMB,Fintech,United Kingdom,2025-10-12,SUB-24509,Growth,Monthly,147.34,21,2025-10-12,,Active,,0.858,70,4,103257,10,3,103.6,1,2.6,0
CUST-14510,Zenith Corp 400,Mid-Market,E-Commerce,India,2025-10-12,SUB-24510,Scale,Annual,2107.21,65,2025-10-12,,Active,,0.502,63,4,49323,2,4,8.2,0,4.2,0
CUST-14511,Quantum Stack 400,Mid-Market,E-Commerce,Canada,2025-10-12,SUB-24511,Growth,Annual,3469.27,90,2025-10-12,2025-12-31,Churned,Support / SLA Frustration,0.925,52,5,34707,3,4,89.2,1,1.2,1
CUST-14512,Nexus AI 400,Enterprise,Fintech,United States,2025-10-12,SUB-24512,Enterprise Plus,Annual,10042.65,366,2025-10-12,,Active,,1.0,73,3,33192,15,2,6.5,0,4.9,0
CUST-14513,Vertex Scale 400,SMB,SaaS / Tech,United States,2025-10-12,SUB-24513,Starter,Annual,573.55,10,2025-10-12,2025-12-31,Churned,Low Adoption & License Waste,0.366,85,2,76007,6,3,10.0,0,4.4,1
CUST-14514,Blue Systems 400,SMB,E-Commerce,United States,2025-10-12,SUB-24514,Starter,Annual,706.76,10,2025-10-12,,Active,,0.502,70,3,1345,0,3,10.1,0,4.1,0
CUST-14515,Apex Logic 401,Mid-Market,Fintech,United States,2025-10-12,SUB-24515,Growth,Monthly,2255.8,30,2025-10-12,,Active,,0.518,57,4,5144,0,1,92.2,0,3.1,0
CUST-14516,Cloud Hub 401,SMB,E-Commerce,United States,2025-10-12,SUB-24516,Starter,Annual,179.91,22,2025-10-12,,Active,,0.973,61,3,30799,8,1,5.8,0,4.5,0
CUST-14517,Data Pay 401,SMB,SaaS / Tech,United States,2025-10-12,SUB-24517,Starter,Monthly,440.62,9,2025-10-12,,Active,,0.879,95,4,2348,5,5,9.9,0,4.9,0
CUST-14518,Nova Works 401,Mid-Market,E-Commerce,Australia,2025-10-12,SUB-24518,Growth,Annual,1906.92,64,2025-10-12,2025-12-07,Churned,Leadership Transition,1.0,66,4,20950,17,4,5.8,0,3.9,1
CUST-14519,Pulse Security 401,Enterprise,Healthcare,United States,2025-10-12,SUB-24519,Scale,Annual,5199.46,293,2025-10-12,,Active,,0.614,71,3,6247,0,5,8.1,0,4.5,0
CUST-14520,Stratum Analytics 401,SMB,Healthcare,Canada,2025-10-13,SUB-24520,Growth,Monthly,670.99,17,2025-10-13,,Active,,1.0,31,5,17415,2,3,2.2,0,4.9,0
CUST-14521,Sync Tech 401,SMB,E-Commerce,India,2025-10-13,SUB-24521,Growth,Monthly,711.44,17,2025-10-13,,Active,,0.939,87,3,3527,0,3,22.8,0,4.7,0
CUST-14522,Vanguard Sphere 401,SMB,Cybersecurity,Germany,2025-10-13,SUB-24522,Growth,Monthly,467.25,22,2025-10-13,,Active,,0.759,49,4,1104,13,3,7.4,0,4.9,0
CUST-14523,Omni Labs 401,SMB,SaaS / Tech,United States,2025-10-13,SUB-24523,Starter,Monthly,400.41,7,2025-10-13,,Active,,0.981,100,4,14269,1,2,17.3,0,4.3,0
CUST-14524,Hyper Flow 401,SMB,Fintech,United States,2025-10-13,SUB-24524,Starter,Monthly,615.93,19,2025-10-13,2025-11-12,Churned,Low Adoption & License Waste,0.301,62,6,2970,3,5,18.7,0,4.8,1
CUST-14525,Zenith Corp 401,Mid-Market,E-Commerce,United States,2025-10-14,SUB-24525,Scale,Annual,1391.88,41,2025-10-14,,Active,,0.4,100,5,25552,13,1,53.4,0,1.7,0
CUST-14526,Quantum Stack 401,SMB,Logistics & Supply Chain,United States,2025-10-14,SUB-24526,Starter,Monthly,631.48,10,2025-10-14,,Active,,0.867,89,4,27745,3,1,3.5,0,4.6,0
CUST-14527,Nexus AI 401,SMB,Fintech,United States,2025-10-14,SUB-24527,Starter,Monthly,303.99,14,2025-10-14,,Active,,0.583,84,0,59782,1,5,16.4,0,4.9,0
CUST-14528,Vertex Scale 401,SMB,Cybersecurity,Germany,2025-10-14,SUB-24528,Starter,Monthly,691.76,11,2025-10-14,,Active,,1.0,45,5,27920,2,3,22.1,0,4.5,0
CUST-14529,Blue Systems 401,Mid-Market,Cybersecurity,United States,2025-10-14,SUB-24529,Scale,Monthly,1878.86,86,2025-10-14,2025-11-23,Churned,Internal Restructuring,0.612,48,6,37731,0,2,18.3,0,4.0,1
CUST-14530,Apex Logic 402,Mid-Market,Fintech,United Kingdom,2025-10-14,SUB-24530,Growth,Annual,1099.31,81,2025-10-14,2025-12-31,Churned,Support / SLA Frustration,0.349,58,5,46607,6,6,63.1,2,3.1,1
CUST-14531,Cloud Hub 402,Mid-Market,Cybersecurity,Australia,2025-10-14,SUB-24531,Growth,Annual,1322.9,36,2025-10-14,,Active,,0.858,62,6,28834,0,0,4.0,0,5.0,0
CUST-14532,Data Pay 402,Mid-Market,Healthcare,United States,2025-10-14,SUB-24532,Scale,Monthly,2524.01,47,2025-10-14,,Active,,0.778,82,5,8935,1,6,6.9,0,4.1,0
CUST-14533,Nova Works 402,Mid-Market,Logistics & Supply Chain,United States,2025-10-15,SUB-24533,Scale,Monthly,3210.26,25,2025-10-15,,Active,,0.808,57,5,3431,0,1,21.0,0,4.6,0
CUST-14534,Pulse Security 402,SMB,Healthcare,Canada,2025-10-15,SUB-24534,Starter,Monthly,333.09,19,2025-10-15,2025-12-31,Churned,Support / SLA Frustration,0.571,62,4,7776,5,2,75.7,0,1.3,1
CUST-14535,Stratum Analytics 402,SMB,Healthcare,United States,2025-10-15,SUB-24535,Starter,Annual,608.19,7,2025-10-15,,Active,,1.0,71,4,17898,0,3,69.9,1,2.3,0
CUST-14536,Sync Tech 402,Mid-Market,E-Commerce,United Kingdom,2025-10-15,SUB-24536,Scale,Monthly,3678.15,85,2025-10-15,,Active,,0.948,51,4,2545,2,3,3.3,0,4.7,0
CUST-14537,Vanguard Sphere 402,SMB,SaaS / Tech,United States,2025-10-15,SUB-24537,Starter,Monthly,578.71,5,2025-10-15,,Active,,0.764,52,3,197310,0,7,19.6,0,3.8,0
CUST-14538,Omni Labs 402,Enterprise,Fintech,Germany,2025-10-16,SUB-24538,Scale,Annual,4588.22,463,2025-10-16,,Active,,0.862,60,4,93421,1,3,88.3,1,2.5,0
CUST-14539,Hyper Flow 402,Enterprise,E-Commerce,United States,2025-10-16,SUB-24539,Enterprise Plus,Annual,9816.59,440,2025-10-16,,Active,,0.445,58,4,23461,2,4,10.9,0,4.8,0
CUST-14540,Zenith Corp 402,Mid-Market,Fintech,United States,2025-10-16,SUB-24540,Scale,Annual,3156.09,68,2025-10-16,,Active,,0.57,100,5,4261,10,8,94.6,3,1.5,0
CUST-14541,Quantum Stack 402,SMB,Healthcare,United Kingdom,2025-10-16,SUB-24541,Starter,Monthly,260.39,15,2025-10-16,2025-12-31,Churned,Low Adoption & License Waste,0.296,73,7,11934,14,4,13.2,0,4.6,1
CUST-14542,Nexus AI 402,Mid-Market,Healthcare,United States,2025-10-16,SUB-24542,Growth,Annual,1204.73,35,2025-10-16,2025-12-31,Churned,Support / SLA Frustration,0.393,85,5,3895,0,5,81.0,1,2.3,1
CUST-14543,Vertex Scale 402,Mid-Market,E-Commerce,United States,2025-10-16,SUB-24543,Scale,Annual,2553.3,69,2025-10-16,,Active,,0.955,65,4,27727,0,5,108.7,3,1.3,0
CUST-14544,Blue Systems 402,Mid-Market,Healthcare,United States,2025-10-16,SUB-24544,Scale,Monthly,3758.2,27,2025-10-16,2025-12-31,Churned,Low Adoption & License Waste,0.367,74,5,41958,7,3,4.1,0,4.3,1
CUST-14545,Apex Logic 403,SMB,Fintech,United States,2025-10-16,SUB-24545,Growth,Annual,579.51,12,2025-10-16,,Active,,0.589,96,2,35717,5,4,13.6,0,3.9,0
CUST-14546,Cloud Hub 403,Enterprise,Fintech,United Kingdom,2025-10-16,SUB-24546,Enterprise Plus,Annual,6647.92,389,2025-10-16,,Active,,0.623,95,3,14428,3,5,22.8,0,4.7,0
CUST-14547,Data Pay 403,SMB,Fintech,United Kingdom,2025-10-16,SUB-24547,Growth,Annual,700.04,7,2025-10-16,,Active,,0.715,36,6,7310,1,2,2.6,0,4.0,0
CUST-14548,Nova Works 403,SMB,E-Commerce,United Kingdom,2025-10-16,SUB-24548,Growth,Monthly,212.84,13,2025-10-16,,Active,,0.79,53,6,19429,2,6,49.5,3,1.7,0
CUST-14549,Pulse Security 403,SMB,Cybersecurity,United Kingdom,2025-10-17,SUB-24549,Starter,Monthly,594.48,18,2025-10-17,,Active,,1.0,26,2,4940,6,3,80.2,1,1.7,0
CUST-14550,Stratum Analytics 403,SMB,Fintech,United States,2025-10-17,SUB-24550,Growth,Annual,462.25,13,2025-10-17,2025-12-16,Churned,Support / SLA Frustration,0.757,68,1,21192,25,2,54.3,2,2.8,1
CUST-14551,Sync Tech 403,Enterprise,Cybersecurity,United States,2025-10-18,SUB-24551,Enterprise Plus,Annual,17853.8,291,2025-10-18,,Active,,0.845,55,5,11007,2,3,4.2,0,4.0,0
CUST-14552,Vanguard Sphere 403,Mid-Market,SaaS / Tech,Canada,2025-10-18,SUB-24552,Scale,Annual,3372.33,67,2025-10-18,,Active,,0.771,88,3,60158,0,4,20.1,0,4.4,0
CUST-14553,Omni Labs 403,SMB,E-Commerce,Germany,2025-10-18,SUB-24553,Starter,Monthly,349.31,6,2025-10-18,,Active,,0.801,72,5,13562,0,3,22.7,0,4.7,0
CUST-14554,Hyper Flow 403,Mid-Market,E-Commerce,United States,2025-10-18,SUB-24554,Scale,Annual,3361.9,70,2025-10-18,,Active,,0.692,97,2,18093,4,4,19.8,0,4.5,0
CUST-14555,Zenith Corp 403,SMB,Logistics & Supply Chain,United States,2025-10-18,SUB-24555,Starter,Monthly,526.66,19,2025-10-18,2025-12-31,Churned,Support / SLA Frustration,0.391,78,5,36924,7,5,119.3,2,2.0,1
CUST-14556,Quantum Stack 403,SMB,Fintech,United States,2025-10-18,SUB-24556,Growth,Annual,714.81,13,2025-10-18,,Active,,0.871,90,4,18893,7,2,9.1,0,3.8,0
CUST-14557,Nexus AI 403,SMB,E-Commerce,United Kingdom,2025-10-19,SUB-24557,Growth,Annual,138.29,16,2025-10-19,,Active,,0.936,77,3,69282,2,2,13.7,0,4.8,0
CUST-14558,Vertex Scale 403,SMB,SaaS / Tech,United Kingdom,2025-10-19,SUB-24558,Starter,Monthly,185.81,5,2025-10-19,,Active,,0.614,69,5,28494,0,4,10.6,0,4.6,0
CUST-14559,Blue Systems 403,SMB,E-Commerce,United States,2025-10-19,SUB-24559,Starter,Annual,484.89,15,2025-10-19,,Active,,1.0,55,5,29363,5,7,71.3,4,2.5,0
CUST-14560,Apex Logic 404,SMB,Logistics & Supply Chain,Canada,2025-10-20,SUB-24560,Starter,Annual,267.25,8,2025-10-20,,Active,,0.606,70,5,16600,3,7,58.9,2,2.8,0
CUST-14561,Cloud Hub 404,Mid-Market,Fintech,United States,2025-10-20,SUB-24561,Scale,Monthly,3153.34,97,2025-10-20,2025-12-19,Churned,Leadership Transition,0.845,79,4,35669,7,6,8.0,0,3.9,1
CUST-14562,Data Pay 404,SMB,SaaS / Tech,United States,2025-10-20,SUB-24562,Growth,Monthly,381.41,23,2025-10-20,,Active,,0.653,80,6,140000,3,1,9.8,0,4.4,0
CUST-14563,Nova Works 404,Enterprise,E-Commerce,Germany,2025-10-20,SUB-24563,Enterprise Plus,Annual,12120.26,496,2025-10-20,,Active,,0.924,52,4,3091,4,3,6.4,0,4.8,0
CUST-14564,Pulse Security 404,Mid-Market,Healthcare,United States,2025-10-20,SUB-24564,Scale,Annual,3663.57,98,2025-10-20,2025-12-31,Churned,Leadership Transition,0.935,55,4,6830,0,5,4.9,0,4.2,1
CUST-14565,Stratum Analytics 404,SMB,Healthcare,United States,2025-10-20,SUB-24565,Starter,Monthly,676.42,5,2025-10-20,2025-12-31,Churned,Switched Tool,0.936,74,3,12629,7,2,12.4,0,4.7,1
CUST-14566,Sync Tech 404,Mid-Market,E-Commerce,Australia,2025-10-20,SUB-24566,Scale,Annual,2856.38,93,2025-10-20,2025-12-31,Churned,Support / SLA Frustration,0.195,84,3,46341,10,3,119.9,1,1.3,1
CUST-14567,Vanguard Sphere 404,Mid-Market,Logistics & Supply Chain,India,2025-10-20,SUB-24567,Growth,Annual,3572.44,98,2025-10-20,,Active,,0.522,52,6,26291,4,3,11.4,0,4.2,0
CUST-14568,Omni Labs 404,Enterprise,E-Commerce,Canada,2025-10-20,SUB-24568,Scale,Monthly,5617.38,234,2025-10-20,,Active,,0.599,71,4,47380,9,2,8.1,0,4.5,0
CUST-14569,Hyper Flow 404,SMB,Logistics & Supply Chain,United States,2025-10-20,SUB-24569,Growth,Monthly,577.27,5,2025-10-20,,Active,,0.628,77,3,2365,2,5,77.0,0,3.0,0
CUST-14570,Zenith Corp 404,SMB,Healthcare,United States,2025-10-20,SUB-24570,Starter,Monthly,171.32,6,2025-10-20,,Active,,0.535,66,6,121785,5,2,5.1,0,4.6,0
CUST-14571,Quantum Stack 404,SMB,Fintech,India,2025-10-21,SUB-24571,Growth,Monthly,341.54,8,2025-10-21,2025-12-31,Churned,Competitor Alternative,1.0,94,3,10697,4,7,14.3,0,4.3,1
CUST-14572,Nexus AI 404,Mid-Market,Fintech,United Kingdom,2025-10-21,SUB-24572,Scale,Monthly,1044.92,66,2025-10-21,,Active,,0.666,60,7,3107,9,4,18.2,0,3.9,0
CUST-14573,Vertex Scale 404,SMB,Fintech,Germany,2025-10-21,SUB-24573,Starter,Monthly,338.03,19,2025-10-21,,Active,,0.757,62,5,36741,1,2,15.4,0,4.1,0
CUST-14574,Blue Systems 404,SMB,Healthcare,United States,2025-10-21,SUB-24574,Starter,Monthly,660.54,14,2025-10-21,,Active,,1.0,70,3,19911,11,5,5.9,0,4.7,0
CUST-14575,Apex Logic 405,Mid-Market,Healthcare,United States,2025-10-21,SUB-24575,Scale,Annual,1406.87,59,2025-10-21,,Active,,0.683,55,5,11827,0,2,70.4,1,1.7,0
CUST-14576,Cloud Hub 405,Mid-Market,SaaS / Tech,Australia,2025-10-21,SUB-24576,Growth,Annual,3244.16,67,2025-10-21,,Active,,0.75,51,1,15570,2,2,113.7,1,2.1,0
CUST-14577,Data Pay 405,Mid-Market,SaaS / Tech,United Kingdom,2025-10-22,SUB-24577,Scale,Annual,1551.67,34,2025-10-22,,Active,,0.799,83,5,36715,0,3,14.2,0,4.5,0
CUST-14578,Nova Works 405,SMB,Fintech,United States,2025-10-22,SUB-24578,Growth,Annual,194.09,6,2025-10-22,,Active,,0.665,50,3,53289,0,3,20.9,0,4.8,0
CUST-14579,Pulse Security 405,SMB,Fintech,United States,2025-10-22,SUB-24579,Starter,Monthly,132.52,15,2025-10-22,,Active,,0.827,65,2,10361,0,5,15.7,0,4.1,0
CUST-14580,Stratum Analytics 405,SMB,Healthcare,United States,2025-10-22,SUB-24580,Starter,Monthly,642.87,18,2025-10-22,,Active,,0.781,70,2,31602,0,2,18.5,0,4.8,0
CUST-14581,Sync Tech 405,Mid-Market,E-Commerce,United States,2025-10-22,SUB-24581,Growth,Annual,3356.63,50,2025-10-22,,Active,,0.996,49,7,11656,8,5,5.1,0,4.4,0
CUST-14582,Vanguard Sphere 405,SMB,Fintech,United States,2025-10-23,SUB-24582,Starter,Monthly,734.63,22,2025-10-23,,Active,,0.719,47,3,8181,6,6,4.8,0,4.9,0
CUST-14583,Omni Labs 405,SMB,Fintech,United States,2025-10-23,SUB-24583,Growth,Monthly,563.75,10,2025-10-23,2025-12-31,Churned,Support / SLA Frustration,0.793,53,6,11653,8,5,112.2,1,2.8,1
CUST-14584,Hyper Flow 405,SMB,Cybersecurity,Canada,2025-10-23,SUB-24584,Growth,Monthly,271.67,14,2025-10-23,2025-12-04,Churned,Support / SLA Frustration,0.911,43,4,29673,3,1,62.2,1,1.6,1
CUST-14585,Zenith Corp 405,SMB,Logistics & Supply Chain,United States,2025-10-23,SUB-24585,Starter,Monthly,480.84,9,2025-10-23,,Active,,0.448,66,4,9003,0,6,17.5,0,4.4,0
CUST-14586,Quantum Stack 405,Mid-Market,Fintech,Australia,2025-10-23,SUB-24586,Growth,Monthly,2685.28,56,2025-10-23,,Active,,0.522,70,4,26485,0,2,11.6,0,5.0,0
CUST-14587,Nexus AI 405,Enterprise,Healthcare,United States,2025-10-23,SUB-24587,Enterprise Plus,Annual,5512.81,337,2025-10-23,,Active,,0.599,53,4,11739,3,3,12.6,0,4.6,0
CUST-14588,Vertex Scale 405,SMB,Healthcare,United Kingdom,2025-10-24,SUB-24588,Starter,Monthly,476.65,6,2025-10-24,2025-12-31,Churned,Support / SLA Frustration,0.889,31,1,12840,3,5,100.2,1,1.9,1
CUST-14589,Blue Systems 405,SMB,SaaS / Tech,United States,2025-10-24,SUB-24589,Growth,Monthly,165.22,8,2025-10-24,2025-12-03,Churned,Competitor Alternative,0.897,94,3,4269,11,5,23.4,0,4.2,1
CUST-14590,Apex Logic 406,SMB,E-Commerce,Canada,2025-10-24,SUB-24590,Starter,Annual,382.56,19,2025-10-24,,Active,,0.967,49,1,23769,1,1,10.8,0,4.1,0
CUST-14591,Cloud Hub 406,Mid-Market,Fintech,Australia,2025-10-24,SUB-24591,Growth,Annual,3593.4,47,2025-10-24,2025-12-31,Churned,Support / SLA Frustration,0.629,81,5,40196,3,5,116.8,1,1.4,1
CUST-14592,Data Pay 406,SMB,SaaS / Tech,Germany,2025-10-24,SUB-24592,Growth,Annual,232.34,14,2025-10-24,,Active,,0.496,70,4,18294,11,3,67.0,1,2.9,0
CUST-14593,Nova Works 406,Mid-Market,Healthcare,United Kingdom,2025-10-24,SUB-24593,Growth,Monthly,1047.18,69,2025-10-24,,Active,,1.0,71,6,11466,3,2,4.8,0,5.0,0
CUST-14594,Pulse Security 406,Mid-Market,Healthcare,United States,2025-10-24,SUB-24594,Scale,Annual,3024.44,60,2025-10-24,,Active,,0.487,59,6,89193,3,3,9.1,0,4.2,0
CUST-14595,Stratum Analytics 406,SMB,Healthcare,Germany,2025-10-25,SUB-24595,Growth,Monthly,323.43,14,2025-10-25,,Active,,0.928,53,7,18603,11,2,63.0,1,1.3,0
CUST-14596,Sync Tech 406,SMB,E-Commerce,India,2025-10-25,SUB-24596,Starter,Annual,120.37,24,2025-10-25,,Active,,0.684,82,4,135138,2,3,9.8,0,4.2,0
CUST-14597,Vanguard Sphere 406,Mid-Market,Healthcare,Australia,2025-10-25,SUB-24597,Growth,Annual,925.92,46,2025-10-25,,Active,,0.299,98,6,4685,9,3,6.6,0,4.9,0
CUST-14598,Omni Labs 406,Mid-Market,Fintech,United States,2025-10-25,SUB-24598,Growth,Annual,1082.52,27,2025-10-25,,Active,,0.702,15,2,10329,4,6,2.5,0,4.5,0
CUST-14599,Hyper Flow 406,Mid-Market,Healthcare,Australia,2025-10-25,SUB-24599,Scale,Monthly,2087.22,87,2025-10-25,,Active,,1.0,51,1,3368,11,1,10.3,0,3.9,0
CUST-14600,Zenith Corp 406,Mid-Market,Fintech,United States,2025-10-25,SUB-24600,Growth,Monthly,1082.12,87,2025-10-25,,Active,,0.528,64,7,5805,0,3,15.6,0,4.4,0
CUST-14601,Quantum Stack 406,SMB,SaaS / Tech,United States,2025-10-25,SUB-24601,Growth,Monthly,637.07,16,2025-10-25,,Active,,0.873,51,6,10720,6,3,23.7,0,4.2,0
CUST-14602,Nexus AI 406,SMB,Fintech,United States,2025-10-25,SUB-24602,Starter,Monthly,396.91,5,2025-10-25,,Active,,0.321,61,4,2137,0,8,3.1,0,4.1,0
CUST-14603,Vertex Scale 406,Mid-Market,Fintech,United States,2025-10-25,SUB-24603,Growth,Monthly,940.26,71,2025-10-25,,Active,,0.757,34,3,2407,3,3,17.9,0,4.2,0
CUST-14604,Blue Systems 406,SMB,SaaS / Tech,Canada,2025-10-25,SUB-24604,Starter,Annual,391.58,24,2025-10-25,,Active,,0.889,100,3,4149,2,4,15.5,0,4.9,0
CUST-14605,Apex Logic 407,SMB,SaaS / Tech,Germany,2025-10-25,SUB-24605,Growth,Monthly,340.4,7,2025-10-25,,Active,,0.896,53,5,7859,0,4,10.8,0,4.3,0
CUST-14606,Cloud Hub 407,SMB,Logistics & Supply Chain,Canada,2025-10-26,SUB-24606,Starter,Monthly,712.38,24,2025-10-26,2025-12-31,Churned,Support / SLA Frustration,0.448,80,5,35114,11,6,107.6,3,2.2,1
CUST-14607,Data Pay 407,Mid-Market,E-Commerce,United Kingdom,2025-10-26,SUB-24607,Scale,Annual,1316.52,69,2025-10-26,,Active,,1.0,79,4,57706,4,2,7.6,0,4.1,0
CUST-14608,Nova Works 407,SMB,Fintech,United Kingdom,2025-10-26,SUB-24608,Starter,Monthly,555.74,19,2025-10-26,2025-12-31,Churned,Support / SLA Frustration,0.52,100,5,10245,2,1,119.2,0,1.7,1
CUST-14609,Pulse Security 407,Mid-Market,SaaS / Tech,Canada,2025-10-26,SUB-24609,Scale,Annual,3195.76,26,2025-10-26,,Active,,1.0,75,4,6127,2,5,3.1,0,3.9,0
CUST-14610,Stratum Analytics 407,Mid-Market,SaaS / Tech,United States,2025-10-26,SUB-24610,Scale,Annual,1684.51,31,2025-10-26,,Active,,0.641,72,2,51763,6,3,73.5,1,2.2,0
CUST-14611,Sync Tech 407,Enterprise,Fintech,Germany,2025-10-26,SUB-24611,Scale,Monthly,10107.77,471,2025-10-26,,Active,,0.61,62,3,2295,8,2,15.1,0,4.8,0
CUST-14612,Vanguard Sphere 407,Mid-Market,Cybersecurity,United Kingdom,2025-10-26,SUB-24612,Growth,Annual,2517.66,51,2025-10-26,2025-12-31,Churned,Support / SLA Frustration,0.378,58,3,7936,1,4,109.0,4,1.4,1
CUST-14613,Omni Labs 407,Enterprise,Fintech,Canada,2025-10-26,SUB-24613,Enterprise Plus,Annual,15456.56,272,2025-10-26,,Active,,0.705,64,5,22455,4,3,8.1,0,4.8,0
CUST-14614,Hyper Flow 407,Mid-Market,Cybersecurity,United Kingdom,2025-10-27,SUB-24614,Growth,Annual,2941.72,74,2025-10-27,2025-12-31,Churned,Support / SLA Frustration,0.422,86,4,7230,3,2,70.0,1,2.7,1
CUST-14615,Zenith Corp 407,Mid-Market,Logistics & Supply Chain,India,2025-10-27,SUB-24615,Growth,Annual,2680.9,95,2025-10-27,,Active,,0.393,69,4,53126,0,3,16.4,0,4.1,0
CUST-14616,Quantum Stack 407,SMB,SaaS / Tech,United States,2025-10-27,SUB-24616,Starter,Monthly,462.08,15,2025-10-27,2025-12-31,Churned,Switched Tool,0.549,46,6,42893,12,4,2.9,0,3.9,1
CUST-14617,Nexus AI 407,SMB,Cybersecurity,United States,2025-10-27,SUB-24617,Growth,Monthly,643.23,15,2025-10-27,2025-12-31,Churned,Switched Tool,0.665,70,3,21404,4,5,16.1,0,4.7,1
CUST-14618,Vertex Scale 407,Mid-Market,SaaS / Tech,Canada,2025-10-27,SUB-24618,Growth,Monthly,3577.21,88,2025-10-27,,Active,,1.0,68,4,29828,3,10,7.3,0,4.4,0
CUST-14619,Blue Systems 407,SMB,Fintech,United States,2025-10-27,SUB-24619,Starter,Monthly,445.63,16,2025-10-27,,Active,,0.94,83,4,59402,6,3,17.4,0,4.7,0
CUST-14620,Apex Logic 408,SMB,Healthcare,India,2025-10-28,SUB-24620,Starter,Annual,598.06,19,2025-10-28,,Active,,0.606,88,6,13189,0,7,12.5,0,5.0,0
CUST-14621,Cloud Hub 408,SMB,Fintech,United States,2025-10-28,SUB-24621,Growth,Monthly,314.2,22,2025-10-28,2025-12-31,Churned,Price / Budget Cuts,0.642,44,1,4699,2,4,9.9,0,4.0,1
CUST-14622,Data Pay 408,Enterprise,Healthcare,United States,2025-10-28,SUB-24622,Enterprise Plus,Monthly,8173.0,207,2025-10-28,,Active,,1.0,58,5,16646,7,1,11.6,0,4.9,0
CUST-14623,Nova Works 408,SMB,SaaS / Tech,India,2025-10-28,SUB-24623,Growth,Monthly,639.47,19,2025-10-28,,Active,,0.562,43,5,45498,5,3,54.7,3,2.5,0
CUST-14624,Pulse Security 408,SMB,Healthcare,United States,2025-10-28,SUB-24624,Starter,Monthly,624.69,20,2025-10-28,,Active,,0.666,70,2,49813,17,5,9.2,0,4.9,0
CUST-14625,Stratum Analytics 408,SMB,Healthcare,United Kingdom,2025-10-28,SUB-24625,Starter,Annual,535.62,14,2025-10-28,,Active,,0.884,69,4,3216,11,1,116.8,1,2.5,0
CUST-14626,Sync Tech 408,Mid-Market,E-Commerce,United States,2025-10-29,SUB-24626,Scale,Monthly,2663.86,99,2025-10-29,,Active,,0.65,62,5,9151,5,8,23.0,0,4.2,0
CUST-14627,Vanguard Sphere 408,SMB,Logistics & Supply Chain,United States,2025-10-29,SUB-24627,Starter,Monthly,533.33,11,2025-10-29,,Active,,0.496,29,6,19885,0,4,21.0,0,4.9,0
CUST-14628,Omni Labs 408,SMB,Fintech,United Kingdom,2025-10-29,SUB-24628,Starter,Monthly,484.99,7,2025-10-29,2025-12-31,Churned,Support / SLA Frustration,0.641,74,4,24293,1,1,105.8,1,3.2,1
CUST-14629,Hyper Flow 408,SMB,Healthcare,United States,2025-10-29,SUB-24629,Starter,Annual,470.36,8,2025-10-29,,Active,,0.929,66,2,8277,3,2,18.1,0,4.8,0
CUST-14630,Zenith Corp 408,Enterprise,Fintech,Germany,2025-10-29,SUB-24630,Enterprise Plus,Annual,5301.57,220,2025-10-29,2025-12-31,Churned,Support / SLA Frustration,0.332,59,6,1670,0,1,111.2,1,1.7,1
CUST-14631,Quantum Stack 408,Mid-Market,SaaS / Tech,Canada,2025-10-29,SUB-24631,Scale,Annual,2388.21,93,2025-10-29,,Active,,0.769,93,4,24099,5,4,22.1,0,4.6,0
CUST-14632,Nexus AI 408,SMB,Fintech,United States,2025-10-29,SUB-24632,Starter,Monthly,636.45,11,2025-10-29,,Active,,0.491,69,3,14038,7,6,19.7,0,5.0,0
CUST-14633,Vertex Scale 408,SMB,SaaS / Tech,Canada,2025-10-29,SUB-24633,Starter,Annual,717.74,23,2025-10-29,,Active,,0.668,44,2,18556,4,2,16.9,0,3.9,0
CUST-14634,Blue Systems 408,Enterprise,Healthcare,United Kingdom,2025-10-30,SUB-24634,Scale,Annual,6354.47,369,2025-10-30,,Active,,1.0,10,4,121241,8,3,11.5,0,4.1,0
CUST-14635,Apex Logic 409,SMB,Fintech,United States,2025-10-30,SUB-24635,Starter,Annual,639.68,11,2025-10-30,,Active,,0.562,87,2,10508,1,5,16.6,0,4.4,0
CUST-14636,Cloud Hub 409,Mid-Market,Cybersecurity,United States,2025-10-30,SUB-24636,Growth,Monthly,3110.95,76,2025-10-30,,Active,,0.548,81,3,35851,1,7,22.2,0,4.4,0
CUST-14637,Data Pay 409,SMB,Fintech,United States,2025-10-30,SUB-24637,Growth,Monthly,200.68,6,2025-10-30,,Active,,0.921,44,5,1051,10,0,4.0,0,4.8,0
CUST-14638,Nova Works 409,SMB,Healthcare,Canada,2025-10-30,SUB-24638,Starter,Annual,457.37,5,2025-10-30,,Active,,0.59,85,0,15000,11,5,2.5,0,3.9,0
CUST-14639,Pulse Security 409,SMB,Fintech,United Kingdom,2025-10-31,SUB-24639,Starter,Annual,352.01,18,2025-10-31,2025-12-31,Churned,Support / SLA Frustration,0.528,33,3,3992,6,3,66.5,2,2.2,1
CUST-14640,Stratum Analytics 409,SMB,E-Commerce,United Kingdom,2025-10-31,SUB-24640,Starter,Monthly,744.17,19,2025-10-31,2025-12-31,Churned,Support / SLA Frustration,0.955,89,5,35595,3,4,105.8,3,3.1,1
CUST-14641,Sync Tech 409,Mid-Market,E-Commerce,Canada,2025-10-31,SUB-24641,Growth,Monthly,2698.53,26,2025-10-31,,Active,,0.927,89,4,1143,9,2,11.7,0,4.2,0
CUST-14642,Vanguard Sphere 409,SMB,Healthcare,Canada,2025-10-31,SUB-24642,Starter,Monthly,349.62,6,2025-10-31,,Active,,0.342,20,6,28650,1,5,10.7,0,3.8,0
CUST-14643,Omni Labs 409,Enterprise,Fintech,United Kingdom,2025-10-31,SUB-24643,Scale,Annual,16870.24,181,2025-10-31,,Active,,0.346,42,7,38571,4,2,12.4,0,4.6,0
CUST-14644,Hyper Flow 409,SMB,Healthcare,Canada,2025-10-31,SUB-24644,Starter,Monthly,448.8,16,2025-10-31,2025-12-31,Churned,Support / SLA Frustration,0.929,17,5,9845,0,5,48.7,4,2.2,1
CUST-14645,Zenith Corp 409,SMB,SaaS / Tech,United States,2025-11-01,SUB-24645,Starter,Monthly,610.64,9,2025-11-01,,Active,,0.696,89,7,60690,0,6,22.1,0,5.0,0
CUST-14646,Quantum Stack 409,SMB,SaaS / Tech,India,2025-11-01,SUB-24646,Starter,Monthly,239.69,10,2025-11-01,,Active,,0.438,69,6,49190,10,3,20.1,0,4.2,0
CUST-14647,Nexus AI 409,Mid-Market,E-Commerce,United Kingdom,2025-11-01,SUB-24647,Growth,Annual,1682.51,28,2025-11-01,2025-12-31,Churned,Support / SLA Frustration,0.654,100,5,20549,4,5,70.7,1,3.2,1
CUST-14648,Vertex Scale 409,SMB,E-Commerce,Germany,2025-11-01,SUB-24648,Starter,Monthly,133.05,20,2025-11-01,,Active,,0.65,74,7,36741,8,4,3.1,0,5.0,0
CUST-14649,Blue Systems 409,Mid-Market,Fintech,United Kingdom,2025-11-01,SUB-24649,Scale,Annual,3755.53,75,2025-11-01,2025-12-31,Churned,Support / SLA Frustration,0.449,62,3,61123,2,3,96.7,1,1.5,1
CUST-14650,Apex Logic 410,Enterprise,Healthcare,United States,2025-11-01,SUB-24650,Enterprise Plus,Annual,15805.41,478,2025-11-01,,Active,,1.0,82,2,14571,10,4,4.1,0,4.8,0
CUST-14651,Cloud Hub 410,SMB,Fintech,United Kingdom,2025-11-01,SUB-24651,Starter,Monthly,590.57,11,2025-11-01,,Active,,1.0,54,3,11872,5,5,63.9,0,3.0,0
CUST-14652,Data Pay 410,Mid-Market,Fintech,United States,2025-11-01,SUB-24652,Growth,Annual,1401.97,29,2025-11-01,,Active,,0.942,58,4,14438,2,1,9.1,0,4.2,0
CUST-14653,Nova Works 410,SMB,Fintech,Canada,2025-11-01,SUB-24653,Starter,Monthly,697.16,15,2025-11-01,2025-12-31,Churned,Low Adoption & License Waste,0.05,49,5,29738,4,2,3.9,0,3.9,1
CUST-14654,Pulse Security 410,Mid-Market,E-Commerce,United States,2025-11-01,SUB-24654,Growth,Annual,3466.36,60,2025-11-01,,Active,,0.813,54,6,17924,0,3,108.2,0,2.1,0
CUST-14655,Stratum Analytics 410,Mid-Market,E-Commerce,Germany,2025-11-01,SUB-24655,Scale,Annual,2315.6,49,2025-11-01,,Active,,0.598,100,6,25412,5,4,19.1,0,4.4,0
CUST-14656,Sync Tech 410,SMB,Cybersecurity,United Kingdom,2025-11-02,SUB-24656,Starter,Monthly,443.13,11,2025-11-02,,Active,,0.919,43,5,17686,1,4,20.4,0,4.8,0
CUST-14657,Vanguard Sphere 410,SMB,Fintech,Canada,2025-11-02,SUB-24657,Growth,Monthly,122.2,23,2025-11-02,2025-12-31,Churned,Switched Tool,1.0,46,4,2387,9,5,15.3,0,4.6,1
CUST-14658,Omni Labs 410,Mid-Market,E-Commerce,United States,2025-11-02,SUB-24658,Growth,Monthly,3267.6,37,2025-11-02,,Active,,0.95,94,4,13259,3,3,14.4,0,4.9,0
CUST-14659,Hyper Flow 410,SMB,Logistics & Supply Chain,Australia,2025-11-02,SUB-24659,Starter,Annual,343.37,19,2025-11-02,,Active,,0.846,90,0,38128,1,1,14.4,0,3.8,0
CUST-14660,Zenith Corp 410,SMB,E-Commerce,Germany,2025-11-02,SUB-24660,Starter,Annual,439.49,15,2025-11-02,2025-12-31,Churned,Support / SLA Frustration,0.749,11,5,1947,5,4,48.2,1,2.1,1
CUST-14661,Quantum Stack 410,SMB,Healthcare,Canada,2025-11-02,SUB-24661,Starter,Monthly,558.36,21,2025-11-02,2025-12-31,Churned,Support / SLA Frustration,0.511,54,1,42997,3,2,107.4,0,2.6,1
CUST-14662,Nexus AI 410,Mid-Market,Healthcare,United States,2025-11-02,SUB-24662,Growth,Monthly,1944.28,97,2025-11-02,2025-12-02,Churned,Competitor Alternative,0.607,60,3,22395,0,4,3.5,0,4.4,1
CUST-14663,Vertex Scale 410,SMB,Fintech,United Kingdom,2025-11-02,SUB-24663,Starter,Monthly,604.51,19,2025-11-02,,Active,,0.417,100,6,27535,4,4,15.0,0,4.4,0
CUST-14664,Blue Systems 410,SMB,Healthcare,United States,2025-11-02,SUB-24664,Starter,Monthly,451.73,10,2025-11-02,,Active,,0.803,89,4,14822,1,5,51.2,2,2.1,0
CUST-14665,Apex Logic 411,SMB,SaaS / Tech,United Kingdom,2025-11-03,SUB-24665,Growth,Monthly,624.88,13,2025-11-03,,Active,,0.799,56,3,34374,2,3,12.0,0,4.7,0
CUST-14666,Cloud Hub 411,Enterprise,Fintech,United States,2025-11-03,SUB-24666,Scale,Annual,9554.58,448,2025-11-03,,Active,,0.619,65,7,53064,4,6,8.0,0,4.6,0
CUST-14667,Data Pay 411,SMB,Fintech,United Kingdom,2025-11-03,SUB-24667,Growth,Annual,499.08,18,2025-11-03,,Active,,0.871,54,3,37305,0,7,5.7,0,4.6,0
CUST-14668,Nova Works 411,SMB,SaaS / Tech,United Kingdom,2025-11-03,SUB-24668,Starter,Monthly,263.55,9,2025-11-03,,Active,,0.803,49,5,11006,0,3,12.0,0,4.2,0
CUST-14669,Pulse Security 411,SMB,SaaS / Tech,United States,2025-11-03,SUB-24669,Growth,Annual,610.71,15,2025-11-03,,Active,,0.833,45,2,3907,0,6,9.5,0,4.5,0
CUST-14670,Stratum Analytics 411,Mid-Market,E-Commerce,United States,2025-11-03,SUB-24670,Scale,Monthly,2824.11,55,2025-11-03,,Active,,0.448,82,5,58433,9,7,19.6,0,4.3,0
CUST-14671,Sync Tech 411,SMB,SaaS / Tech,Germany,2025-11-03,SUB-24671,Starter,Annual,182.52,16,2025-11-03,,Active,,1.0,74,2,26969,11,2,18.4,0,4.9,0
CUST-14672,Vanguard Sphere 411,SMB,Healthcare,United States,2025-11-03,SUB-24672,Growth,Monthly,384.38,16,2025-11-03,,Active,,0.492,75,5,61244,13,3,20.3,0,4.4,0
CUST-14673,Omni Labs 411,Enterprise,Fintech,Canada,2025-11-03,SUB-24673,Enterprise Plus,Annual,7697.92,467,2025-11-03,,Active,,0.407,89,3,18399,3,7,5.2,0,4.4,0
CUST-14674,Hyper Flow 411,Mid-Market,Healthcare,United States,2025-11-03,SUB-24674,Growth,Monthly,2754.63,53,2025-11-03,,Active,,0.995,45,1,36475,2,3,18.3,0,4.4,0
CUST-14675,Zenith Corp 411,SMB,E-Commerce,United States,2025-11-03,SUB-24675,Starter,Monthly,223.94,9,2025-11-03,,Active,,0.992,32,6,3607,1,3,12.1,0,4.3,0
CUST-14676,Quantum Stack 411,Enterprise,Cybersecurity,United States,2025-11-03,SUB-24676,Enterprise Plus,Annual,12254.03,468,2025-11-03,,Active,,0.936,78,1,10755,5,8,21.6,0,4.3,0
CUST-14677,Nexus AI 411,SMB,Fintech,Canada,2025-11-04,SUB-24677,Growth,Annual,310.35,8,2025-11-04,2025-12-31,Churned,Support / SLA Frustration,0.62,57,5,28583,2,2,75.8,1,2.2,1
CUST-14678,Vertex Scale 411,SMB,E-Commerce,United States,2025-11-04,SUB-24678,Growth,Monthly,403.31,21,2025-11-04,,Active,,0.943,72,5,1476,15,5,5.4,0,4.1,0
CUST-14679,Blue Systems 411,SMB,Healthcare,Germany,2025-11-04,SUB-24679,Starter,Annual,395.84,17,2025-11-04,2025-12-31,Churned,Competitor Alternative,0.581,79,3,2239,2,4,7.3,0,4.7,1
CUST-14680,Apex Logic 412,Mid-Market,E-Commerce,United Kingdom,2025-11-04,SUB-24680,Scale,Monthly,1245.62,47,2025-11-04,2025-12-31,Churned,Internal Restructuring,1.0,92,2,27915,3,4,10.5,0,4.8,1
CUST-14681,Cloud Hub 412,Mid-Market,Fintech,United States,2025-11-05,SUB-24681,Scale,Monthly,1036.84,28,2025-11-05,,Active,,0.994,99,7,5102,11,4,23.2,0,4.2,0
CUST-14682,Data Pay 412,SMB,Healthcare,Canada,2025-11-05,SUB-24682,Starter,Monthly,217.86,15,2025-11-05,,Active,,0.633,75,2,20402,0,6,18.1,0,4.7,0
CUST-14683,Nova Works 412,Mid-Market,Logistics & Supply Chain,United States,2025-11-05,SUB-24683,Scale,Monthly,2202.51,87,2025-11-05,,Active,,0.17,79,5,4334,13,5,11.9,0,3.8,0
CUST-14684,Pulse Security 412,SMB,E-Commerce,Canada,2025-11-05,SUB-24684,Starter,Monthly,452.49,15,2025-11-05,,Active,,0.731,91,3,17290,4,2,18.1,0,4.6,0
CUST-14685,Stratum Analytics 412,Mid-Market,E-Commerce,United States,2025-11-05,SUB-24685,Scale,Annual,1063.86,93,2025-11-05,,Active,,0.552,90,5,68642,9,3,12.7,0,4.1,0
CUST-14686,Sync Tech 412,Enterprise,Healthcare,United States,2025-11-05,SUB-24686,Scale,Annual,11667.04,490,2025-11-05,,Active,,0.7,85,5,10707,1,2,9.9,0,4.5,0
CUST-14687,Vanguard Sphere 412,Enterprise,Healthcare,Canada,2025-11-05,SUB-24687,Enterprise Plus,Annual,12379.12,488,2025-11-05,,Active,,0.379,25,4,38598,6,5,9.5,0,4.9,0
CUST-14688,Omni Labs 412,SMB,Healthcare,Australia,2025-11-06,SUB-24688,Growth,Annual,626.05,21,2025-11-06,,Active,,0.717,53,4,16622,15,5,11.7,0,4.7,0
CUST-14689,Hyper Flow 412,SMB,Logistics & Supply Chain,United States,2025-11-06,SUB-24689,Starter,Monthly,397.75,17,2025-11-06,,Active,,0.683,85,4,20164,10,6,16.3,0,4.2,0
CUST-14690,Zenith Corp 412,Mid-Market,Cybersecurity,Germany,2025-11-06,SUB-24690,Scale,Annual,1646.26,39,2025-11-06,,Active,,0.568,61,5,51779,3,4,5.4,0,4.8,0
CUST-14691,Quantum Stack 412,Mid-Market,Healthcare,United States,2025-11-06,SUB-24691,Scale,Monthly,2207.26,86,2025-11-06,2025-12-31,Churned,Support / SLA Frustration,0.42,78,2,5982,5,6,99.4,3,1.5,1
CUST-14692,Nexus AI 412,Mid-Market,Healthcare,Germany,2025-11-06,SUB-24692,Scale,Monthly,1122.74,63,2025-11-06,,Active,,0.741,95,4,3182,12,6,12.3,0,3.9,0
CUST-14693,Vertex Scale 412,SMB,Logistics & Supply Chain,United Kingdom,2025-11-06,SUB-24693,Growth,Annual,326.09,13,2025-11-06,2025-12-31,Churned,Support / SLA Frustration,0.451,64,4,30176,7,4,81.1,0,1.5,1
CUST-14694,Blue Systems 412,Mid-Market,Healthcare,United States,2025-11-06,SUB-24694,Scale,Annual,2329.32,57,2025-11-06,,Active,,0.46,61,5,6717,5,6,18.8,0,4.6,0
CUST-14695,Apex Logic 413,SMB,E-Commerce,United States,2025-11-06,SUB-24695,Starter,Monthly,320.21,16,2025-11-06,2025-12-31,Churned,Competitor Alternative,0.567,73,6,91705,6,3,7.0,0,4.6,1
CUST-14696,Cloud Hub 413,SMB,Fintech,United States,2025-11-06,SUB-24696,Starter,Monthly,689.4,24,2025-11-06,,Active,,0.886,59,5,5571,0,5,3.9,0,4.9,0
CUST-14697,Data Pay 413,SMB,SaaS / Tech,United States,2025-11-07,SUB-24697,Starter,Annual,318.1,11,2025-11-07,,Active,,0.693,49,5,26004,6,1,13.7,0,3.8,0
CUST-14698,Nova Works 413,Enterprise,E-Commerce,United States,2025-11-07,SUB-24698,Enterprise Plus,Annual,14874.21,380,2025-11-07,,Active,,0.898,78,5,11393,3,8,5.1,0,4.6,0
CUST-14699,Pulse Security 413,SMB,Logistics & Supply Chain,United Kingdom,2025-11-07,SUB-24699,Starter,Monthly,653.9,16,2025-11-07,,Active,,0.679,36,4,23305,1,4,21.3,0,4.6,0
CUST-14700,Stratum Analytics 413,Mid-Market,SaaS / Tech,Australia,2025-11-08,SUB-24700,Scale,Monthly,2626.65,92,2025-11-08,,Active,,1.0,10,2,15194,14,3,76.4,1,2.5,0
CUST-14701,Sync Tech 413,Enterprise,Fintech,United States,2025-11-08,SUB-24701,Enterprise Plus,Annual,9309.49,453,2025-11-08,2025-12-31,Churned,Support / SLA Frustration,1.0,57,5,9124,6,6,100.7,4,1.3,1
CUST-14702,Vanguard Sphere 413,SMB,SaaS / Tech,United Kingdom,2025-11-08,SUB-24702,Starter,Monthly,458.57,16,2025-11-08,,Active,,1.0,75,6,53552,8,2,10.1,0,4.8,0
CUST-14703,Omni Labs 413,SMB,Logistics & Supply Chain,United Kingdom,2025-11-08,SUB-24703,Starter,Monthly,281.8,22,2025-11-08,2025-12-31,Churned,Support / SLA Frustration,0.925,78,3,10719,14,1,56.6,0,1.8,1
CUST-14704,Hyper Flow 413,Mid-Market,Healthcare,India,2025-11-08,SUB-24704,Scale,Monthly,1700.53,72,2025-11-08,,Active,,0.7,99,4,2233,2,5,12.9,0,4.6,0
CUST-14705,Zenith Corp 413,Mid-Market,Fintech,United Kingdom,2025-11-08,SUB-24705,Scale,Annual,3255.51,25,2025-11-08,,Active,,0.791,100,2,4624,4,2,21.5,0,4.8,0
CUST-14706,Quantum Stack 413,SMB,Fintech,United Kingdom,2025-11-08,SUB-24706,Starter,Monthly,456.32,17,2025-11-08,2025-12-31,Churned,Support / SLA Frustration,0.976,66,3,12800,6,2,106.6,1,2.2,1
CUST-14707,Nexus AI 413,Mid-Market,E-Commerce,United States,2025-11-08,SUB-24707,Growth,Monthly,1873.79,58,2025-11-08,2025-12-31,Churned,Low Adoption & License Waste,0.296,77,5,16139,6,3,15.0,0,4.6,1
CUST-14708,Vertex Scale 413,SMB,Healthcare,United States,2025-11-09,SUB-24708,Starter,Monthly,511.59,21,2025-11-09,,Active,,0.512,59,3,14962,8,4,92.8,1,2.9,0
CUST-14709,Blue Systems 413,SMB,E-Commerce,United States,2025-11-09,SUB-24709,Starter,Monthly,427.4,18,2025-11-09,2025-12-31,Churned,Low Adoption & License Waste,0.286,64,5,2760,0,6,20.1,0,4.1,1
CUST-14710,Apex Logic 414,Mid-Market,Fintech,United States,2025-11-09,SUB-24710,Growth,Annual,2532.24,47,2025-11-09,,Active,,1.0,44,5,42498,11,3,13.0,0,4.3,0
CUST-14711,Cloud Hub 414,Mid-Market,Logistics & Supply Chain,United States,2025-11-09,SUB-24711,Growth,Annual,1922.57,28,2025-11-09,,Active,,0.433,58,4,11207,20,1,21.7,0,4.0,0
CUST-14712,Data Pay 414,Mid-Market,Healthcare,United Kingdom,2025-11-09,SUB-24712,Growth,Annual,1994.44,45,2025-11-09,2025-12-31,Churned,Leadership Transition,0.655,40,2,10271,1,2,5.0,0,4.4,1
CUST-14713,Nova Works 414,SMB,Fintech,United States,2025-11-09,SUB-24713,Starter,Monthly,518.98,15,2025-11-09,,Active,,0.565,66,4,24923,17,7,16.7,0,4.0,0
CUST-14714,Pulse Security 414,SMB,E-Commerce,United Kingdom,2025-11-09,SUB-24714,Starter,Annual,197.39,6,2025-11-09,,Active,,0.726,78,3,34905,23,4,64.5,0,2.9,0
CUST-14715,Stratum Analytics 414,Mid-Market,E-Commerce,United States,2025-11-10,SUB-24715,Growth,Annual,2442.95,33,2025-11-10,,Active,,0.517,60,3,21403,2,4,9.0,0,4.1,0
CUST-14716,Sync Tech 414,SMB,Fintech,India,2025-11-10,SUB-24716,Growth,Monthly,732.14,5,2025-11-10,,Active,,0.48,100,4,1107,8,4,4.9,0,4.9,0
CUST-14717,Vanguard Sphere 414,SMB,Healthcare,India,2025-11-10,SUB-24717,Growth,Monthly,688.33,15,2025-11-10,,Active,,0.37,81,4,3211,7,4,16.1,0,4.7,0
CUST-14718,Omni Labs 414,Mid-Market,Fintech,United States,2025-11-10,SUB-24718,Scale,Annual,1120.05,33,2025-11-10,,Active,,0.495,38,2,14589,0,5,16.2,0,4.6,0
CUST-14719,Hyper Flow 414,SMB,SaaS / Tech,United States,2025-11-11,SUB-24719,Growth,Annual,183.09,23,2025-11-11,2025-12-31,Churned,Low Adoption & License Waste,0.399,37,5,24290,4,5,3.4,0,3.9,1
CUST-14720,Zenith Corp 414,Mid-Market,SaaS / Tech,United Kingdom,2025-11-11,SUB-24720,Growth,Monthly,3188.89,28,2025-11-11,2025-12-31,Churned,Competitor Alternative,0.611,100,5,22683,1,5,6.6,0,4.8,1
CUST-14721,Quantum Stack 414,Enterprise,E-Commerce,United States,2025-11-11,SUB-24721,Scale,Annual,17961.87,451,2025-11-11,,Active,,0.269,33,3,21472,3,6,3.6,0,3.9,0
CUST-14722,Nexus AI 414,Mid-Market,SaaS / Tech,United States,2025-11-11,SUB-24722,Growth,Annual,2024.93,80,2025-11-11,,Active,,0.942,61,6,12524,8,1,22.0,0,4.3,0
CUST-14723,Vertex Scale 414,Mid-Market,SaaS / Tech,United States,2025-11-12,SUB-24723,Growth,Annual,3066.61,59,2025-11-12,,Active,,0.977,61,2,1708,0,3,91.7,1,1.9,0
CUST-14724,Blue Systems 414,Mid-Market,Fintech,India,2025-11-12,SUB-24724,Growth,Monthly,2597.4,61,2025-11-12,,Active,,0.675,51,2,1174,7,6,102.8,1,2.6,0
CUST-14725,Apex Logic 415,Enterprise,Cybersecurity,Germany,2025-11-12,SUB-24725,Enterprise Plus,Annual,13253.67,446,2025-11-12,,Active,,0.949,81,3,684,2,3,15.2,0,4.6,0
CUST-14726,Cloud Hub 415,SMB,Logistics & Supply Chain,United Kingdom,2025-11-12,SUB-24726,Starter,Monthly,506.73,15,2025-11-12,2025-12-31,Churned,Competitor Alternative,0.908,74,3,32191,4,3,18.2,0,4.0,1
CUST-14727,Data Pay 415,SMB,Fintech,United Kingdom,2025-11-12,SUB-24727,Starter,Monthly,556.66,13,2025-11-12,2025-12-31,Churned,Competitor Alternative,1.0,79,5,93589,0,7,15.4,0,4.6,1
CUST-14728,Nova Works 415,SMB,Fintech,India,2025-11-12,SUB-24728,Starter,Monthly,123.51,18,2025-11-12,2025-12-31,Churned,Switched Tool,0.463,56,6,6197,3,4,19.0,0,4.4,1
CUST-14729,Pulse Security 415,Mid-Market,Fintech,India,2025-11-12,SUB-24729,Growth,Annual,1887.56,37,2025-11-12,,Active,,0.956,100,6,3207,15,1,7.0,0,3.8,0
CUST-14730,Stratum Analytics 415,Enterprise,Fintech,Australia,2025-11-12,SUB-24730,Enterprise Plus,Annual,10405.56,368,2025-11-12,,Active,,0.448,45,7,4846,1,2,7.3,0,4.7,0
CUST-14731,Sync Tech 415,Enterprise,SaaS / Tech,United States,2025-11-13,SUB-24731,Enterprise Plus,Annual,13136.46,175,2025-11-13,,Active,,0.588,75,2,6191,4,1,55.7,1,2.5,0
CUST-14732,Vanguard Sphere 415,SMB,E-Commerce,United States,2025-11-13,SUB-24732,Starter,Annual,715.8,22,2025-11-13,,Active,,0.392,40,2,13448,15,5,14.6,0,4.9,0
CUST-14733,Omni Labs 415,SMB,SaaS / Tech,United Kingdom,2025-11-13,SUB-24733,Starter,Monthly,725.05,19,2025-11-13,,Active,,0.859,55,6,7042,6,0,4.0,0,4.9,0
CUST-14734,Hyper Flow 415,Mid-Market,SaaS / Tech,United Kingdom,2025-11-13,SUB-24734,Growth,Annual,1709.21,80,2025-11-13,,Active,,0.777,73,5,32292,1,3,7.2,0,4.6,0
CUST-14735,Zenith Corp 415,Enterprise,E-Commerce,United States,2025-11-14,SUB-24735,Enterprise Plus,Annual,6132.81,473,2025-11-14,2025-12-31,Churned,Support / SLA Frustration,1.0,97,7,9802,0,3,84.5,0,2.4,1
CUST-14736,Quantum Stack 415,SMB,SaaS / Tech,United States,2025-11-14,SUB-24736,Growth,Annual,155.74,15,2025-11-14,,Active,,0.74,41,1,28172,18,6,9.8,0,4.2,0
CUST-14737,Nexus AI 415,Mid-Market,Fintech,India,2025-11-14,SUB-24737,Growth,Annual,1152.94,96,2025-11-14,2025-12-31,Churned,Competitor Alternative,0.882,73,6,35994,12,4,13.4,0,3.9,1
CUST-14738,Vertex Scale 415,Mid-Market,Healthcare,Germany,2025-11-14,SUB-24738,Scale,Annual,3442.14,76,2025-11-14,,Active,,0.569,88,3,50950,1,3,3.6,0,4.1,0
CUST-14739,Blue Systems 415,SMB,E-Commerce,United States,2025-11-15,SUB-24739,Starter,Monthly,496.75,21,2025-11-15,,Active,,0.913,100,5,14369,9,4,92.6,3,3.1,0
CUST-14740,Apex Logic 416,SMB,Fintech,India,2025-11-15,SUB-24740,Starter,Monthly,303.34,12,2025-11-15,,Active,,0.721,60,1,38981,10,4,23.9,0,4.6,0
CUST-14741,Cloud Hub 416,Enterprise,Fintech,United Kingdom,2025-11-15,SUB-24741,Enterprise Plus,Monthly,12601.59,158,2025-11-15,,Active,,0.935,92,2,26182,2,4,66.3,3,1.6,0
CUST-14742,Data Pay 416,Enterprise,Logistics & Supply Chain,Germany,2025-11-15,SUB-24742,Scale,Monthly,9418.39,225,2025-11-15,,Active,,0.685,72,2,797,0,6,23.0,0,4.7,0
CUST-14743,Nova Works 416,SMB,SaaS / Tech,United States,2025-11-15,SUB-24743,Growth,Monthly,591.27,8,2025-11-15,,Active,,1.0,81,3,15087,5,5,66.3,1,2.4,0
CUST-14744,Pulse Security 416,Mid-Market,Healthcare,United States,2025-11-15,SUB-24744,Growth,Monthly,3530.08,99,2025-11-15,,Active,,0.628,87,6,57726,2,2,89.3,2,2.9,0
CUST-14745,Stratum Analytics 416,Enterprise,SaaS / Tech,United States,2025-11-15,SUB-24745,Enterprise Plus,Annual,5129.53,214,2025-11-15,2025-12-24,Churned,Low Adoption & License Waste,0.372,97,6,20801,16,7,10.4,0,3.8,1
CUST-14746,Sync Tech 416,Mid-Market,SaaS / Tech,United States,2025-11-15,SUB-24746,Growth,Monthly,909.84,48,2025-11-15,,Active,,0.661,77,6,46933,3,3,2.6,0,4.1,0
CUST-14747,Vanguard Sphere 416,Enterprise,Healthcare,United Kingdom,2025-11-16,SUB-24747,Enterprise Plus,Annual,7538.4,392,2025-11-16,,Active,,0.653,89,3,12324,3,4,10.9,0,4.8,0
CUST-14748,Omni Labs 416,Mid-Market,Fintech,United States,2025-11-16,SUB-24748,Scale,Annual,3646.06,40,2025-11-16,2025-12-31,Churned,Internal Restructuring,0.729,45,5,15364,8,10,22.5,0,3.9,1
CUST-14749,Hyper Flow 416,SMB,Cybersecurity,Australia,2025-11-16,SUB-24749,Growth,Monthly,351.97,21,2025-11-16,,Active,,0.322,52,3,30847,2,3,6.9,0,3.9,0
CUST-14750,Zenith Corp 416,Mid-Market,Healthcare,United States,2025-11-16,SUB-24750,Growth,Annual,3596.82,32,2025-11-16,,Active,,0.848,69,2,14408,3,7,96.3,2,1.8,0
CUST-14751,Quantum Stack 416,Mid-Market,Fintech,United States,2025-11-16,SUB-24751,Growth,Annual,1201.17,89,2025-11-16,,Active,,0.688,54,5,11150,0,6,13.4,0,4.8,0
CUST-14752,Nexus AI 416,SMB,E-Commerce,United Kingdom,2025-11-16,SUB-24752,Growth,Monthly,388.05,15,2025-11-16,2025-12-31,Churned,Price / Budget Cuts,0.929,85,7,35138,1,2,14.0,0,4.5,1
CUST-14753,Vertex Scale 416,SMB,SaaS / Tech,United Kingdom,2025-11-17,SUB-24753,Starter,Monthly,183.62,13,2025-11-17,2025-12-21,Churned,Support / SLA Frustration,0.217,76,4,27321,0,6,49.8,4,1.8,1
CUST-14754,Blue Systems 416,SMB,Fintech,United States,2025-11-17,SUB-24754,Starter,Monthly,585.62,19,2025-11-17,2025-12-31,Churned,Support / SLA Frustration,0.737,30,4,27048,12,2,117.2,0,3.1,1
CUST-14755,Apex Logic 417,SMB,Healthcare,Canada,2025-11-17,SUB-24755,Starter,Monthly,716.58,23,2025-11-17,,Active,,0.586,100,4,5522,0,3,23.0,0,4.6,0
CUST-14756,Cloud Hub 417,Enterprise,Fintech,United Kingdom,2025-11-17,SUB-24756,Scale,Annual,13183.54,218,2025-11-17,,Active,,0.46,18,2,6542,9,4,68.3,2,1.2,0
CUST-14757,Data Pay 417,SMB,Cybersecurity,United Kingdom,2025-11-17,SUB-24757,Growth,Monthly,256.47,14,2025-11-17,,Active,,0.783,59,4,47663,5,1,18.9,0,3.8,0
CUST-14758,Nova Works 417,Mid-Market,Fintech,Canada,2025-11-17,SUB-24758,Growth,Monthly,2176.22,55,2025-11-17,,Active,,0.571,53,7,41393,2,3,73.6,2,1.4,0
CUST-14759,Pulse Security 417,SMB,E-Commerce,United States,2025-11-17,SUB-24759,Starter,Annual,596.74,20,2025-11-17,,Active,,1.0,100,6,20949,0,5,23.6,0,4.8,0
CUST-14760,Stratum Analytics 417,Mid-Market,Cybersecurity,United Kingdom,2025-11-17,SUB-24760,Growth,Monthly,2580.08,77,2025-11-17,,Active,,0.315,48,4,14783,3,4,16.2,0,4.1,0
CUST-14761,Sync Tech 417,SMB,Fintech,India,2025-11-17,SUB-24761,Growth,Monthly,392.05,5,2025-11-17,,Active,,0.748,71,5,12822,14,4,59.9,0,2.8,0
CUST-14762,Vanguard Sphere 417,SMB,Cybersecurity,United States,2025-11-17,SUB-24762,Growth,Monthly,416.25,11,2025-11-17,,Active,,0.67,72,5,19970,3,5,73.0,1,2.1,0
CUST-14763,Omni Labs 417,Mid-Market,Cybersecurity,United States,2025-11-17,SUB-24763,Growth,Monthly,902.0,91,2025-11-17,,Active,,0.679,58,2,25439,0,6,14.4,0,4.7,0
CUST-14764,Hyper Flow 417,SMB,Logistics & Supply Chain,India,2025-11-18,SUB-24764,Growth,Monthly,197.1,18,2025-11-18,,Active,,0.566,57,3,27557,0,1,5.3,0,4.0,0
CUST-14765,Zenith Corp 417,SMB,Fintech,United States,2025-11-18,SUB-24765,Starter,Monthly,178.99,16,2025-11-18,,Active,,0.78,40,7,13634,11,7,11.4,0,4.6,0
CUST-14766,Quantum Stack 417,SMB,E-Commerce,United States,2025-11-18,SUB-24766,Starter,Monthly,623.97,24,2025-11-18,2025-12-31,Churned,Support / SLA Frustration,0.774,44,5,102877,0,2,110.3,0,2.7,1
CUST-14767,Nexus AI 417,Enterprise,SaaS / Tech,Australia,2025-11-18,SUB-24767,Scale,Annual,10480.54,133,2025-11-18,,Active,,0.886,73,5,562,3,4,22.5,0,4.2,0
CUST-14768,Vertex Scale 417,SMB,Cybersecurity,United States,2025-11-18,SUB-24768,Starter,Monthly,493.04,5,2025-11-18,,Active,,0.555,79,3,41171,5,1,9.9,0,4.9,0
CUST-14769,Blue Systems 417,Mid-Market,Fintech,United States,2025-11-18,SUB-24769,Growth,Annual,1677.27,90,2025-11-18,2025-12-31,Churned,Support / SLA Frustration,0.791,79,1,6502,1,2,64.1,1,1.3,1
CUST-14770,Apex Logic 418,Enterprise,SaaS / Tech,Germany,2025-11-19,SUB-24770,Scale,Annual,6619.42,146,2025-11-19,,Active,,0.539,87,0,65311,8,5,96.6,4,1.3,0
CUST-14771,Cloud Hub 418,Mid-Market,Healthcare,Germany,2025-11-19,SUB-24771,Scale,Annual,2995.32,57,2025-11-19,,Active,,1.0,87,4,23514,21,2,7.8,0,3.8,0
CUST-14772,Data Pay 418,Mid-Market,Fintech,United States,2025-11-19,SUB-24772,Scale,Monthly,3349.36,30,2025-11-19,,Active,,0.735,90,4,30676,1,7,18.6,0,3.8,0
CUST-14773,Nova Works 418,SMB,Healthcare,United Kingdom,2025-11-19,SUB-24773,Growth,Monthly,340.59,18,2025-11-19,,Active,,0.832,62,5,74914,0,6,5.4,0,4.0,0
CUST-14774,Pulse Security 418,Mid-Market,SaaS / Tech,Germany,2025-11-19,SUB-24774,Scale,Annual,3127.42,40,2025-11-19,,Active,,0.51,76,4,60601,7,4,67.2,3,1.4,0
CUST-14775,Stratum Analytics 418,SMB,E-Commerce,Canada,2025-11-20,SUB-24775,Starter,Monthly,463.85,6,2025-11-20,,Active,,1.0,59,4,3038,11,4,22.4,0,4.4,0
CUST-14776,Sync Tech 418,Enterprise,E-Commerce,United States,2025-11-20,SUB-24776,Enterprise Plus,Annual,11639.89,166,2025-11-20,,Active,,0.804,60,3,66535,10,4,5.9,0,4.3,0
CUST-14777,Vanguard Sphere 418,Mid-Market,Cybersecurity,United States,2025-11-20,SUB-24777,Growth,Monthly,2808.79,79,2025-11-20,,Active,,0.523,66,3,60661,0,5,13.5,0,4.3,0
CUST-14778,Omni Labs 418,Mid-Market,Healthcare,United States,2025-11-20,SUB-24778,Scale,Annual,2586.46,53,2025-11-20,,Active,,0.764,52,4,18222,11,5,13.2,0,4.8,0
CUST-14779,Hyper Flow 418,Mid-Market,E-Commerce,Germany,2025-11-20,SUB-24779,Growth,Annual,3165.37,37,2025-11-20,,Active,,0.492,68,5,18352,7,6,7.6,0,4.7,0
CUST-14780,Zenith Corp 418,Enterprise,Healthcare,India,2025-11-20,SUB-24780,Enterprise Plus,Annual,5156.51,284,2025-11-20,2025-12-31,Churned,Support / SLA Frustration,0.372,91,2,13597,10,9,99.4,5,1.7,1
CUST-14781,Quantum Stack 418,Mid-Market,Healthcare,Australia,2025-11-20,SUB-24781,Scale,Annual,1226.4,79,2025-11-20,,Active,,0.591,56,4,1958,4,2,17.4,0,4.5,0
CUST-14782,Nexus AI 418,SMB,SaaS / Tech,Germany,2025-11-20,SUB-24782,Starter,Monthly,264.97,21,2025-11-20,,Active,,0.893,92,6,69951,0,2,8.1,0,5.0,0
CUST-14783,Vertex Scale 418,Mid-Market,Cybersecurity,United Kingdom,2025-11-20,SUB-24783,Growth,Monthly,1167.24,40,2025-11-20,,Active,,0.821,53,2,19954,3,6,13.3,0,4.5,0
CUST-14784,Blue Systems 418,Mid-Market,E-Commerce,United States,2025-11-21,SUB-24784,Scale,Annual,1168.34,69,2025-11-21,,Active,,0.743,59,1,22564,3,4,16.7,0,4.8,0
CUST-14785,Apex Logic 419,Mid-Market,SaaS / Tech,Canada,2025-11-21,SUB-24785,Growth,Monthly,2693.09,62,2025-11-21,,Active,,0.44,80,2,33082,17,7,6.9,0,5.0,0
CUST-14786,Cloud Hub 419,SMB,Fintech,Canada,2025-11-21,SUB-24786,Starter,Monthly,456.35,17,2025-11-21,2025-12-31,Churned,Support / SLA Frustration,1.0,53,5,1371,2,3,54.2,1,1.4,1
CUST-14787,Data Pay 419,SMB,Fintech,United Kingdom,2025-11-21,SUB-24787,Starter,Monthly,135.35,16,2025-11-21,2025-12-31,Churned,Support / SLA Frustration,0.777,68,4,50578,10,4,92.0,3,1.4,1
CUST-14788,Nova Works 419,Mid-Market,E-Commerce,United States,2025-11-21,SUB-24788,Growth,Monthly,1944.5,78,2025-11-21,,Active,,0.585,90,3,3847,2,1,9.9,0,4.6,0
CUST-14789,Pulse Security 419,Mid-Market,Fintech,India,2025-11-21,SUB-24789,Growth,Annual,3310.66,43,2025-11-21,2025-12-31,Churned,Support / SLA Frustration,0.786,62,3,87909,0,4,75.5,1,2.2,1
CUST-14790,Stratum Analytics 419,Enterprise,Healthcare,United States,2025-11-21,SUB-24790,Scale,Annual,17683.2,125,2025-11-21,,Active,,0.845,66,6,813,18,3,6.6,0,4.1,0
CUST-14791,Sync Tech 419,SMB,E-Commerce,United States,2025-11-21,SUB-24791,Starter,Monthly,277.54,13,2025-11-21,,Active,,0.491,24,5,21094,7,4,15.3,0,4.8,0
CUST-14792,Vanguard Sphere 419,Enterprise,Fintech,United Kingdom,2025-11-22,SUB-24792,Enterprise Plus,Annual,14210.55,301,2025-11-22,,Active,,0.493,47,7,31135,2,4,3.6,0,4.0,0
CUST-14793,Omni Labs 419,Mid-Market,Healthcare,United Kingdom,2025-11-22,SUB-24793,Scale,Monthly,2306.39,68,2025-11-22,2025-12-31,Churned,Support / SLA Frustration,0.617,65,1,20017,6,5,64.9,3,2.5,1
CUST-14794,Hyper Flow 419,Mid-Market,E-Commerce,United States,2025-11-22,SUB-24794,Scale,Annual,1557.55,97,2025-11-22,2025-12-31,Churned,Support / SLA Frustration,0.367,95,2,26419,3,3,107.1,1,2.5,1
CUST-14795,Zenith Corp 419,Mid-Market,E-Commerce,Germany,2025-11-22,SUB-24795,Growth,Annual,3329.38,69,2025-11-22,,Active,,0.456,100,3,66640,0,2,13.7,0,3.8,0
CUST-14796,Quantum Stack 419,Mid-Market,Cybersecurity,United States,2025-11-23,SUB-24796,Growth,Annual,1745.3,94,2025-11-23,2025-12-31,Churned,Internal Restructuring,1.0,22,5,63741,10,2,22.0,0,5.0,1
CUST-14797,Nexus AI 419,SMB,E-Commerce,United States,2025-11-23,SUB-24797,Growth,Monthly,646.64,13,2025-11-23,2025-12-31,Churned,Competitor Alternative,1.0,98,4,5505,8,3,12.6,0,4.3,1
CUST-14798,Vertex Scale 419,Enterprise,Healthcare,United States,2025-11-23,SUB-24798,Enterprise Plus,Annual,11465.63,217,2025-11-23,,Active,,0.706,64,4,34124,4,2,23.6,0,4.8,0
CUST-14799,Blue Systems 419,SMB,Cybersecurity,Canada,2025-11-23,SUB-24799,Starter,Annual,303.12,24,2025-11-23,,Active,,0.95,72,7,16648,11,3,48.2,1,2.7,0
CUST-14800,Apex Logic 420,Enterprise,SaaS / Tech,Australia,2025-11-23,SUB-24800,Enterprise Plus,Annual,7638.83,276,2025-11-23,,Active,,0.738,51,4,83326,0,3,9.7,0,3.9,0
CUST-14801,Cloud Hub 420,Enterprise,Fintech,Germany,2025-11-23,SUB-24801,Enterprise Plus,Annual,5105.88,313,2025-11-23,2025-12-29,Churned,Support / SLA Frustration,0.484,94,3,12038,4,1,112.6,1,2.1,1
CUST-14802,Data Pay 420,SMB,Fintech,India,2025-11-24,SUB-24802,Starter,Monthly,555.52,12,2025-11-24,,Active,,0.641,60,5,26493,10,3,19.6,0,4.2,0
CUST-14803,Nova Works 420,Mid-Market,SaaS / Tech,United States,2025-11-24,SUB-24803,Scale,Annual,1669.23,48,2025-11-24,,Active,,0.815,92,5,102197,0,4,103.2,3,2.1,0
CUST-14804,Pulse Security 420,SMB,E-Commerce,United States,2025-11-24,SUB-24804,Growth,Annual,474.55,9,2025-11-24,2025-12-31,Churned,Support / SLA Frustration,0.397,66,4,24816,3,7,59.4,3,2.9,1
CUST-14805,Stratum Analytics 420,SMB,SaaS / Tech,United Kingdom,2025-11-24,SUB-24805,Starter,Annual,526.35,15,2025-11-24,2025-12-31,Churned,Low Adoption & License Waste,0.05,62,4,1385,1,1,22.8,0,4.1,1
CUST-14806,Sync Tech 420,Enterprise,SaaS / Tech,United States,2025-11-24,SUB-24806,Enterprise Plus,Annual,4623.51,372,2025-11-24,2025-12-31,Churned,Support / SLA Frustration,0.221,41,5,29260,2,3,109.3,1,2.6,1
CUST-14807,Vanguard Sphere 420,SMB,E-Commerce,Germany,2025-11-24,SUB-24807,Starter,Annual,312.58,19,2025-11-24,,Active,,0.598,53,2,124185,0,3,19.0,0,4.6,0
CUST-14808,Omni Labs 420,Mid-Market,Cybersecurity,United Kingdom,2025-11-24,SUB-24808,Scale,Annual,2633.87,78,2025-11-24,,Active,,0.709,51,3,9063,3,3,7.4,0,3.8,0
CUST-14809,Hyper Flow 420,SMB,E-Commerce,Australia,2025-11-25,SUB-24809,Starter,Annual,547.76,17,2025-11-25,,Active,,0.687,79,5,61988,2,7,11.0,0,4.4,0
CUST-14810,Zenith Corp 420,Mid-Market,Fintech,United States,2025-11-25,SUB-24810,Growth,Monthly,2316.7,81,2025-11-25,,Active,,0.619,29,5,600,5,3,18.9,0,4.1,0
CUST-14811,Quantum Stack 420,SMB,Logistics & Supply Chain,United States,2025-11-25,SUB-24811,Starter,Monthly,462.29,14,2025-11-25,2025-12-31,Churned,Support / SLA Frustration,0.678,71,4,41243,0,6,106.7,3,1.7,1
CUST-14812,Nexus AI 420,Enterprise,Healthcare,United Kingdom,2025-11-25,SUB-24812,Enterprise Plus,Annual,12124.15,384,2025-11-25,,Active,,0.735,93,5,12933,5,4,5.7,0,4.6,0
CUST-14813,Vertex Scale 420,SMB,SaaS / Tech,United States,2025-11-26,SUB-24813,Starter,Monthly,410.76,5,2025-11-26,2025-12-31,Churned,Support / SLA Frustration,0.959,93,5,44899,6,3,86.3,1,2.0,1
CUST-14814,Blue Systems 420,SMB,Cybersecurity,United Kingdom,2025-11-26,SUB-24814,Starter,Annual,407.83,11,2025-11-26,,Active,,0.642,80,2,14982,19,3,12.7,0,4.2,0
CUST-14815,Apex Logic 421,SMB,SaaS / Tech,United States,2025-11-26,SUB-24815,Growth,Monthly,640.17,15,2025-11-26,2025-12-31,Churned,Low Adoption & License Waste,0.389,67,3,4893,9,4,13.5,0,3.9,1
CUST-14816,Cloud Hub 421,SMB,E-Commerce,United States,2025-11-26,SUB-24816,Growth,Monthly,473.21,12,2025-11-26,,Active,,0.69,58,3,12318,9,4,118.9,2,3.0,0
CUST-14817,Data Pay 421,SMB,E-Commerce,United States,2025-11-26,SUB-24817,Starter,Annual,471.68,6,2025-11-26,2025-12-31,Churned,Support / SLA Frustration,0.654,65,4,37780,2,3,49.6,1,1.2,1
CUST-14818,Nova Works 421,SMB,Healthcare,United States,2025-11-26,SUB-24818,Growth,Monthly,222.13,14,2025-11-26,,Active,,0.4,66,3,47717,4,6,18.9,0,4.4,0
CUST-14819,Pulse Security 421,Mid-Market,Healthcare,United Kingdom,2025-11-26,SUB-24819,Scale,Annual,3570.22,91,2025-11-26,,Active,,0.825,82,4,37570,8,5,19.1,0,4.7,0
CUST-14820,Stratum Analytics 421,Mid-Market,E-Commerce,United States,2025-11-26,SUB-24820,Growth,Annual,3731.73,96,2025-11-26,,Active,,0.499,83,4,4249,2,9,16.5,0,4.8,0
CUST-14821,Sync Tech 421,Mid-Market,SaaS / Tech,United States,2025-11-26,SUB-24821,Growth,Annual,2694.74,47,2025-11-26,,Active,,0.808,47,0,23137,3,4,97.0,1,1.5,0
CUST-14822,Vanguard Sphere 421,Mid-Market,SaaS / Tech,United States,2025-11-27,SUB-24822,Scale,Monthly,2783.82,46,2025-11-27,,Active,,0.881,74,6,6699,0,1,9.8,0,3.8,0
CUST-14823,Omni Labs 421,Mid-Market,Fintech,United States,2025-11-27,SUB-24823,Scale,Annual,1009.13,63,2025-11-27,,Active,,0.643,53,3,105624,2,5,49.1,1,3.2,0
CUST-14824,Hyper Flow 421,SMB,E-Commerce,United States,2025-11-27,SUB-24824,Starter,Monthly,665.37,12,2025-11-27,,Active,,0.992,88,2,14910,3,4,5.8,0,3.9,0
CUST-14825,Zenith Corp 421,Mid-Market,SaaS / Tech,United States,2025-11-27,SUB-24825,Growth,Annual,1840.25,80,2025-11-27,,Active,,0.635,69,5,88058,5,1,2.3,0,4.8,0
CUST-14826,Quantum Stack 421,SMB,E-Commerce,United Kingdom,2025-11-27,SUB-24826,Starter,Monthly,529.7,9,2025-11-27,,Active,,0.626,47,3,3126,0,7,16.7,0,4.6,0
CUST-14827,Nexus AI 421,Mid-Market,E-Commerce,Canada,2025-11-27,SUB-24827,Growth,Annual,1906.09,55,2025-11-27,,Active,,1.0,75,2,44821,4,5,14.7,0,4.4,0
CUST-14828,Vertex Scale 421,Mid-Market,SaaS / Tech,United Kingdom,2025-11-27,SUB-24828,Growth,Monthly,1322.56,73,2025-11-27,,Active,,0.867,93,2,54175,1,3,20.8,0,4.3,0
CUST-14829,Blue Systems 421,SMB,SaaS / Tech,Germany,2025-11-27,SUB-24829,Starter,Monthly,314.79,12,2025-11-27,2025-12-31,Churned,Support / SLA Frustration,0.728,51,3,3014,4,7,74.0,2,1.5,1
CUST-14830,Apex Logic 422,SMB,Healthcare,United States,2025-11-27,SUB-24830,Starter,Monthly,487.61,17,2025-11-27,,Active,,0.757,27,6,9333,10,6,19.3,0,4.5,0
CUST-14831,Cloud Hub 422,SMB,Logistics & Supply Chain,United Kingdom,2025-11-28,SUB-24831,Growth,Monthly,584.47,6,2025-11-28,2025-12-31,Churned,Low Adoption & License Waste,0.087,39,4,58519,0,6,12.2,0,4.0,1
CUST-14832,Data Pay 422,SMB,Fintech,Germany,2025-11-28,SUB-24832,Growth,Monthly,568.37,15,2025-11-28,,Active,,0.895,91,6,8608,4,3,115.1,1,2.8,0
CUST-14833,Nova Works 422,Mid-Market,Cybersecurity,United States,2025-11-28,SUB-24833,Growth,Monthly,3445.79,74,2025-11-28,,Active,,0.511,69,5,9285,3,2,13.7,0,4.1,0
CUST-14834,Pulse Security 422,SMB,Fintech,Canada,2025-11-28,SUB-24834,Starter,Annual,345.41,19,2025-11-28,,Active,,0.569,100,5,71862,2,2,6.7,0,3.9,0
CUST-14835,Stratum Analytics 422,Enterprise,Fintech,United States,2025-11-28,SUB-24835,Scale,Annual,14850.05,233,2025-11-28,2025-12-31,Churned,Support / SLA Frustration,0.593,37,2,8254,1,1,94.9,0,2.7,1
CUST-14836,Sync Tech 422,Mid-Market,Logistics & Supply Chain,United States,2025-11-29,SUB-24836,Growth,Monthly,1311.33,52,2025-11-29,,Active,,1.0,69,3,41173,16,4,11.5,0,4.9,0
CUST-14837,Vanguard Sphere 422,Mid-Market,Fintech,Canada,2025-11-29,SUB-24837,Scale,Monthly,3400.91,64,2025-11-29,,Active,,0.712,27,3,7029,2,6,11.5,0,4.1,0
CUST-14838,Omni Labs 422,Enterprise,SaaS / Tech,United States,2025-11-29,SUB-24838,Enterprise Plus,Annual,12101.54,331,2025-11-29,,Active,,0.972,81,2,15496,1,4,13.8,0,4.8,0
CUST-14839,Hyper Flow 422,Mid-Market,Logistics & Supply Chain,United States,2025-11-29,SUB-24839,Growth,Annual,2293.57,52,2025-11-29,2025-12-31,Churned,Support / SLA Frustration,0.421,72,5,14710,0,5,106.8,1,2.0,1
CUST-14840,Zenith Corp 422,SMB,Logistics & Supply Chain,United States,2025-11-30,SUB-24840,Starter,Monthly,331.81,10,2025-11-30,,Active,,0.688,91,5,17232,2,1,22.8,0,4.0,0
CUST-14841,Quantum Stack 422,SMB,Cybersecurity,United States,2025-11-30,SUB-24841,Starter,Monthly,693.92,20,2025-11-30,,Active,,0.384,55,2,34402,1,4,3.5,0,4.1,0
CUST-14842,Nexus AI 422,Mid-Market,Healthcare,United States,2025-11-30,SUB-24842,Scale,Monthly,3569.53,42,2025-11-30,2025-12-31,Churned,Low Adoption & License Waste,0.369,100,3,8370,3,4,3.9,0,4.1,1
CUST-14843,Vertex Scale 422,Enterprise,SaaS / Tech,United Kingdom,2025-11-30,SUB-24843,Enterprise Plus,Annual,9655.34,360,2025-11-30,,Active,,0.839,65,2,13948,27,5,94.3,3,1.9,0
CUST-14844,Blue Systems 422,Mid-Market,Fintech,Canada,2025-11-30,SUB-24844,Growth,Monthly,2008.61,48,2025-11-30,2025-12-31,Churned,Support / SLA Frustration,0.547,71,6,50891,19,6,50.0,2,1.9,1
CUST-14845,Apex Logic 423,Mid-Market,Healthcare,Canada,2025-11-30,SUB-24845,Growth,Monthly,2643.05,98,2025-11-30,2025-12-31,Churned,Competitor Alternative,0.676,53,5,5063,19,2,9.7,0,4.5,1
CUST-14846,Cloud Hub 423,SMB,Logistics & Supply Chain,United States,2025-11-30,SUB-24846,Growth,Monthly,272.7,18,2025-11-30,,Active,,0.797,62,6,13103,7,4,6.1,0,4.4,0
CUST-14847,Data Pay 423,Enterprise,Healthcare,Australia,2025-11-30,SUB-24847,Enterprise Plus,Annual,7603.95,322,2025-11-30,,Active,,0.634,85,4,10347,4,2,22.8,0,4.8,0
CUST-14848,Nova Works 423,SMB,E-Commerce,United Kingdom,2025-11-30,SUB-24848,Starter,Monthly,516.2,10,2025-11-30,,Active,,1.0,74,6,4300,13,2,117.2,2,1.8,0
CUST-14849,Pulse Security 423,Enterprise,E-Commerce,United States,2025-11-30,SUB-24849,Scale,Annual,14055.21,338,2025-11-30,,Active,,0.397,71,4,30034,2,3,17.1,0,4.1,0
CUST-14850,Stratum Analytics 423,SMB,E-Commerce,Germany,2025-11-30,SUB-24850,Starter,Monthly,346.87,23,2025-11-30,,Active,,0.732,66,5,5573,14,5,18.3,0,4.3,0
CUST-14851,Sync Tech 423,Mid-Market,Cybersecurity,Canada,2025-11-30,SUB-24851,Growth,Annual,1910.25,34,2025-11-30,,Active,,0.512,71,4,53321,4,2,20.9,0,4.7,0
CUST-14852,Vanguard Sphere 423,SMB,Fintech,Canada,2025-12-01,SUB-24852,Starter,Monthly,134.28,22,2025-12-01,2025-12-31,Churned,Support / SLA Frustration,0.607,57,3,16676,12,5,110.7,2,1.4,1
CUST-14853,Omni Labs 423,Mid-Market,E-Commerce,United States,2025-12-01,SUB-24853,Scale,Annual,1802.5,59,2025-12-01,,Active,,0.556,88,4,9327,2,3,6.8,0,4.0,0
CUST-14854,Hyper Flow 423,SMB,Logistics & Supply Chain,United States,2025-12-01,SUB-24854,Starter,Annual,136.73,12,2025-12-01,2025-12-31,Churned,Low Adoption & License Waste,0.381,50,6,46831,14,5,24.0,0,4.8,1
CUST-14855,Zenith Corp 423,Mid-Market,E-Commerce,Germany,2025-12-01,SUB-24855,Growth,Annual,3391.88,45,2025-12-01,,Active,,0.986,69,5,5635,1,6,10.5,0,4.6,0
CUST-14856,Quantum Stack 423,Enterprise,Fintech,United Kingdom,2025-12-01,SUB-24856,Enterprise Plus,Annual,5130.79,397,2025-12-01,,Active,,0.87,71,5,8103,0,5,7.9,0,3.9,0
CUST-14857,Nexus AI 423,SMB,E-Commerce,Canada,2025-12-01,SUB-24857,Starter,Annual,489.96,5,2025-12-01,,Active,,0.711,74,4,15358,0,1,10.0,0,4.8,0
CUST-14858,Vertex Scale 423,SMB,Healthcare,United Kingdom,2025-12-01,SUB-24858,Starter,Monthly,321.23,5,2025-12-01,,Active,,0.365,61,3,15816,5,3,7.2,0,4.7,0
CUST-14859,Blue Systems 423,SMB,Fintech,Germany,2025-12-02,SUB-24859,Growth,Monthly,480.68,18,2025-12-02,,Active,,0.05,49,7,10775,2,2,10.4,0,4.7,0
CUST-14860,Apex Logic 424,SMB,Logistics & Supply Chain,United States,2025-12-02,SUB-24860,Growth,Monthly,600.18,13,2025-12-02,2025-12-31,Churned,Support / SLA Frustration,0.655,58,3,31828,26,6,117.3,3,1.4,1
CUST-14861,Cloud Hub 424,SMB,E-Commerce,United Kingdom,2025-12-02,SUB-24861,Starter,Monthly,665.15,7,2025-12-02,,Active,,0.498,64,7,23492,2,4,4.7,0,4.2,0
CUST-14862,Data Pay 424,Enterprise,Cybersecurity,United States,2025-12-03,SUB-24862,Enterprise Plus,Annual,5628.58,471,2025-12-03,,Active,,1.0,55,5,40659,0,1,19.1,0,4.4,0
CUST-14863,Nova Works 424,Mid-Market,Logistics & Supply Chain,Canada,2025-12-03,SUB-24863,Growth,Monthly,1416.9,44,2025-12-03,2025-12-31,Churned,Support / SLA Frustration,0.673,33,6,1365,4,4,86.7,2,1.5,1
CUST-14864,Pulse Security 424,Mid-Market,SaaS / Tech,Canada,2025-12-03,SUB-24864,Growth,Annual,2327.95,87,2025-12-03,,Active,,0.365,78,4,5338,7,1,4.5,0,4.7,0
CUST-14865,Stratum Analytics 424,SMB,Fintech,United States,2025-12-03,SUB-24865,Starter,Annual,148.11,17,2025-12-03,,Active,,0.833,10,4,45474,0,4,17.4,0,3.9,0
CUST-14866,Sync Tech 424,Mid-Market,Healthcare,United Kingdom,2025-12-03,SUB-24866,Growth,Monthly,3161.3,85,2025-12-03,2025-12-31,Churned,Support / SLA Frustration,1.0,67,5,11688,2,5,104.0,1,1.4,1
CUST-14867,Vanguard Sphere 424,Enterprise,Fintech,United States,2025-12-03,SUB-24867,Scale,Annual,7127.28,334,2025-12-03,,Active,,0.783,91,3,71711,12,4,8.3,0,4.3,0
CUST-14868,Omni Labs 424,SMB,Cybersecurity,United States,2025-12-03,SUB-24868,Starter,Monthly,204.07,14,2025-12-03,,Active,,0.781,47,5,57951,2,3,6.8,0,4.8,0
CUST-14869,Hyper Flow 424,SMB,Fintech,United States,2025-12-03,SUB-24869,Starter,Annual,534.38,24,2025-12-03,,Active,,0.754,73,3,73921,4,2,19.9,0,4.1,0
CUST-14870,Zenith Corp 424,Mid-Market,Healthcare,United States,2025-12-03,SUB-24870,Scale,Annual,1062.03,28,2025-12-03,2025-12-31,Churned,Leadership Transition,0.944,65,7,12801,2,4,22.4,0,5.0,1
CUST-14871,Quantum Stack 424,Enterprise,E-Commerce,United States,2025-12-03,SUB-24871,Scale,Monthly,9881.92,437,2025-12-03,,Active,,0.536,67,4,2105,5,7,85.1,4,2.6,0
CUST-14872,Nexus AI 424,Mid-Market,Healthcare,United States,2025-12-03,SUB-24872,Scale,Monthly,3648.7,42,2025-12-03,,Active,,1.0,98,2,1028,0,7,98.5,4,2.0,0
CUST-14873,Vertex Scale 424,Mid-Market,Fintech,Canada,2025-12-04,SUB-24873,Growth,Monthly,2500.11,43,2025-12-04,,Active,,0.678,68,5,13259,3,3,95.9,1,2.9,0
CUST-14874,Blue Systems 424,Mid-Market,E-Commerce,Canada,2025-12-04,SUB-24874,Growth,Monthly,937.09,93,2025-12-04,2025-12-31,Churned,Internal Restructuring,0.432,98,3,11942,16,4,17.5,0,4.4,1
CUST-14875,Apex Logic 425,SMB,Fintech,United Kingdom,2025-12-04,SUB-24875,Starter,Monthly,500.99,16,2025-12-04,2025-12-31,Churned,Price / Budget Cuts,0.878,84,2,11836,3,6,8.7,0,4.0,1
CUST-14876,Cloud Hub 425,SMB,Fintech,United States,2025-12-04,SUB-24876,Starter,Monthly,535.38,20,2025-12-04,,Active,,0.721,52,7,33871,9,3,17.2,0,4.3,0
CUST-14877,Data Pay 425,SMB,Healthcare,India,2025-12-05,SUB-24877,Starter,Annual,137.97,7,2025-12-05,,Active,,0.713,66,6,89223,4,4,3.4,0,4.2,0
CUST-14878,Nova Works 425,Mid-Market,SaaS / Tech,Canada,2025-12-05,SUB-24878,Scale,Annual,3081.53,39,2025-12-05,2025-12-31,Churned,Support / SLA Frustration,1.0,71,3,59560,1,2,73.0,1,2.3,1
CUST-14879,Pulse Security 425,SMB,E-Commerce,United States,2025-12-05,SUB-24879,Starter,Monthly,709.5,23,2025-12-05,2025-12-31,Churned,Support / SLA Frustration,0.544,69,1,26121,0,3,61.7,0,2.4,1
CUST-14880,Stratum Analytics 425,Mid-Market,Healthcare,Germany,2025-12-05,SUB-24880,Scale,Monthly,3549.67,78,2025-12-05,2025-12-31,Churned,Low Adoption & License Waste,0.202,48,4,59591,11,2,13.2,0,4.7,1
CUST-14881,Sync Tech 425,Mid-Market,E-Commerce,United States,2025-12-05,SUB-24881,Scale,Annual,3572.76,66,2025-12-05,,Active,,0.714,77,5,5303,2,6,21.8,0,4.3,0
CUST-14882,Vanguard Sphere 425,SMB,Healthcare,United Kingdom,2025-12-05,SUB-24882,Starter,Annual,656.86,15,2025-12-05,,Active,,0.815,72,2,72858,8,4,13.3,0,4.8,0
CUST-14883,Omni Labs 425,Mid-Market,Cybersecurity,United States,2025-12-05,SUB-24883,Scale,Annual,2096.26,49,2025-12-05,2025-12-31,Churned,Leadership Transition,0.837,87,5,27407,0,3,6.6,0,4.0,1
CUST-14884,Hyper Flow 425,Enterprise,Fintech,United States,2025-12-06,SUB-24884,Enterprise Plus,Annual,13432.0,100,2025-12-06,,Active,,0.912,52,5,20892,5,6,11.0,0,4.0,0
CUST-14885,Zenith Corp 425,SMB,SaaS / Tech,India,2025-12-06,SUB-24885,Starter,Annual,664.7,11,2025-12-06,,Active,,0.665,76,7,43373,1,2,15.8,0,4.7,0
CUST-14886,Quantum Stack 425,Mid-Market,Logistics & Supply Chain,United States,2025-12-06,SUB-24886,Growth,Annual,3362.98,26,2025-12-06,,Active,,1.0,84,4,12817,0,1,71.1,1,2.4,0
CUST-14887,Nexus AI 425,SMB,Logistics & Supply Chain,United States,2025-12-06,SUB-24887,Starter,Monthly,727.25,17,2025-12-06,2025-12-31,Churned,Switched Tool,0.641,51,4,55230,3,5,20.0,0,3.8,1
CUST-14888,Vertex Scale 425,Enterprise,Fintech,India,2025-12-06,SUB-24888,Scale,Annual,17662.24,311,2025-12-06,,Active,,0.61,56,5,1554,0,3,7.6,0,4.1,0
CUST-14889,Blue Systems 425,SMB,Healthcare,India,2025-12-06,SUB-24889,Starter,Monthly,729.23,19,2025-12-06,2025-12-31,Churned,Support / SLA Frustration,0.853,63,5,5870,0,5,49.2,4,1.3,1
CUST-14890,Apex Logic 426,Mid-Market,SaaS / Tech,Canada,2025-12-06,SUB-24890,Scale,Annual,2522.51,51,2025-12-06,,Active,,1.0,65,3,17036,2,5,14.6,0,4.3,0
CUST-14891,Cloud Hub 426,Enterprise,Fintech,United States,2025-12-07,SUB-24891,Scale,Monthly,9672.6,213,2025-12-07,,Active,,0.704,73,7,84552,5,4,22.5,0,4.2,0
CUST-14892,Data Pay 426,SMB,Logistics & Supply Chain,United States,2025-12-07,SUB-24892,Growth,Annual,589.67,18,2025-12-07,,Active,,0.776,100,6,10620,7,2,6.7,0,3.9,0
CUST-14893,Nova Works 426,Mid-Market,SaaS / Tech,Canada,2025-12-07,SUB-24893,Scale,Monthly,2945.36,48,2025-12-07,,Active,,0.381,54,2,22405,5,5,23.2,0,4.6,0
CUST-14894,Pulse Security 426,Mid-Market,SaaS / Tech,United States,2025-12-07,SUB-24894,Growth,Monthly,967.29,84,2025-12-07,,Active,,0.971,88,5,1259,1,8,17.6,0,4.0,0
CUST-14895,Stratum Analytics 426,Enterprise,Fintech,United States,2025-12-07,SUB-24895,Scale,Annual,7635.03,123,2025-12-07,2025-12-31,Churned,Support / SLA Frustration,0.63,72,3,8493,1,2,79.4,1,1.8,1
CUST-14896,Sync Tech 426,Enterprise,SaaS / Tech,United Kingdom,2025-12-07,SUB-24896,Enterprise Plus,Monthly,11534.26,386,2025-12-07,,Active,,1.0,60,6,121165,11,2,4.0,0,4.3,0
CUST-14897,Vanguard Sphere 426,Mid-Market,SaaS / Tech,United States,2025-12-07,SUB-24897,Growth,Monthly,3349.82,42,2025-12-07,,Active,,1.0,83,3,21558,0,8,8.3,0,4.7,0
CUST-14898,Omni Labs 426,Enterprise,Logistics & Supply Chain,United States,2025-12-08,SUB-24898,Enterprise Plus,Annual,17708.95,373,2025-12-08,2025-12-31,Churned,Competitor Alternative,1.0,96,5,31737,15,4,15.4,0,3.9,1
CUST-14899,Hyper Flow 426,SMB,Fintech,United States,2025-12-08,SUB-24899,Growth,Monthly,486.7,22,2025-12-08,,Active,,0.655,71,3,25870,0,5,11.5,0,4.2,0
CUST-14900,Zenith Corp 426,Enterprise,Fintech,United States,2025-12-08,SUB-24900,Enterprise Plus,Annual,15043.04,153,2025-12-08,,Active,,0.445,55,4,9967,6,1,21.4,0,4.3,0
CUST-14901,Quantum Stack 426,Mid-Market,Healthcare,United States,2025-12-08,SUB-24901,Growth,Monthly,2118.19,95,2025-12-08,2025-12-31,Churned,Competitor Alternative,0.773,42,6,128080,9,4,6.8,0,5.0,1
CUST-14902,Nexus AI 426,Enterprise,Fintech,United States,2025-12-08,SUB-24902,Enterprise Plus,Annual,11777.34,389,2025-12-08,2025-12-31,Churned,Internal Restructuring,1.0,47,3,53125,10,3,10.4,0,4.7,1
CUST-14903,Vertex Scale 426,Mid-Market,E-Commerce,United States,2025-12-08,SUB-24903,Growth,Annual,3066.21,80,2025-12-08,,Active,,0.82,52,5,4161,1,5,6.0,0,3.9,0
CUST-14904,Blue Systems 426,SMB,Cybersecurity,Canada,2025-12-09,SUB-24904,Starter,Monthly,506.6,9,2025-12-09,2025-12-31,Churned,Switched Tool,0.451,83,3,10278,7,1,15.8,0,4.8,1
CUST-14905,Apex Logic 427,Mid-Market,Healthcare,Germany,2025-12-09,SUB-24905,Scale,Annual,1669.18,88,2025-12-09,,Active,,0.69,66,2,55138,0,5,23.7,0,4.7,0
CUST-14906,Cloud Hub 427,SMB,Logistics & Supply Chain,United States,2025-12-09,SUB-24906,Growth,Monthly,704.67,9,2025-12-09,,Active,,0.585,93,2,22125,7,4,3.5,0,4.5,0
CUST-14907,Data Pay 427,Mid-Market,Fintech,United Kingdom,2025-12-09,SUB-24907,Growth,Annual,1602.13,53,2025-12-09,,Active,,0.752,56,2,21447,3,3,11.6,0,4.2,0
CUST-14908,Nova Works 427,SMB,Fintech,United States,2025-12-10,SUB-24908,Growth,Annual,350.24,19,2025-12-10,,Active,,0.607,31,2,24080,3,2,5.2,0,4.5,0
CUST-14909,Pulse Security 427,SMB,Fintech,United States,2025-12-10,SUB-24909,Starter,Monthly,392.21,8,2025-12-10,2025-12-31,Churned,Support / SLA Frustration,0.463,86,5,72102,0,4,115.5,1,1.6,1
CUST-14910,Stratum Analytics 427,SMB,Healthcare,United States,2025-12-10,SUB-24910,Growth,Annual,304.17,12,2025-12-10,2025-12-31,Churned,Support / SLA Frustration,0.963,100,5,6055,1,9,119.6,5,3.0,1
CUST-14911,Sync Tech 427,SMB,Cybersecurity,United Kingdom,2025-12-10,SUB-24911,Starter,Monthly,409.43,16,2025-12-10,2025-12-31,Churned,Switched Tool,1.0,47,4,5582,14,1,2.6,0,4.8,1
CUST-14912,Vanguard Sphere 427,SMB,Fintech,Canada,2025-12-10,SUB-24912,Starter,Monthly,708.4,24,2025-12-10,2025-12-31,Churned,Low Adoption & License Waste,0.121,94,3,26122,2,7,22.2,0,4.8,1
CUST-14913,Omni Labs 427,Mid-Market,E-Commerce,United Kingdom,2025-12-10,SUB-24913,Growth,Annual,2324.27,38,2025-12-10,,Active,,0.882,95,4,5499,6,5,11.0,0,4.7,0
CUST-14914,Hyper Flow 427,Mid-Market,E-Commerce,United States,2025-12-10,SUB-24914,Growth,Annual,2941.18,31,2025-12-10,,Active,,0.71,87,4,15912,2,2,6.7,0,4.7,0
CUST-14915,Zenith Corp 427,SMB,Cybersecurity,United States,2025-12-10,SUB-24915,Growth,Annual,536.21,23,2025-12-10,,Active,,1.0,29,5,5696,0,3,62.0,0,1.9,0
CUST-14916,Quantum Stack 427,Mid-Market,Fintech,Canada,2025-12-10,SUB-24916,Growth,Monthly,2027.16,97,2025-12-10,2025-12-31,Churned,Support / SLA Frustration,0.863,62,7,1896,4,7,59.9,2,1.6,1
CUST-14917,Nexus AI 427,Mid-Market,Fintech,United States,2025-12-11,SUB-24917,Scale,Annual,3310.15,39,2025-12-11,,Active,,0.878,49,5,103191,14,3,16.5,0,4.7,0
CUST-14918,Vertex Scale 427,SMB,Fintech,Canada,2025-12-11,SUB-24918,Starter,Annual,218.62,17,2025-12-11,,Active,,0.584,87,4,3256,9,5,19.6,0,4.7,0
CUST-14919,Blue Systems 427,Mid-Market,Healthcare,United Kingdom,2025-12-11,SUB-24919,Growth,Monthly,1862.79,97,2025-12-11,,Active,,0.683,73,7,37670,11,7,20.2,0,4.6,0
CUST-14920,Apex Logic 428,SMB,Healthcare,Canada,2025-12-12,SUB-24920,Starter,Annual,561.87,22,2025-12-12,,Active,,0.873,65,2,71875,7,5,23.1,0,4.3,0
CUST-14921,Cloud Hub 428,SMB,Logistics & Supply Chain,India,2025-12-12,SUB-24921,Growth,Monthly,289.87,5,2025-12-12,2025-12-31,Churned,Low Adoption & License Waste,0.05,26,5,62230,0,2,4.1,0,4.7,1
CUST-14922,Data Pay 428,SMB,E-Commerce,India,2025-12-12,SUB-24922,Starter,Monthly,336.87,16,2025-12-12,,Active,,0.781,65,7,19515,3,5,6.0,0,4.5,0
CUST-14923,Nova Works 428,SMB,E-Commerce,United Kingdom,2025-12-12,SUB-24923,Growth,Monthly,285.85,16,2025-12-12,,Active,,0.692,91,5,11830,5,6,15.9,0,4.8,0
CUST-14924,Pulse Security 428,Enterprise,E-Commerce,United Kingdom,2025-12-12,SUB-24924,Scale,Annual,15109.05,377,2025-12-12,,Active,,0.721,51,5,53185,2,2,22.5,0,4.9,0
CUST-14925,Stratum Analytics 428,Mid-Market,Fintech,United States,2025-12-13,SUB-24925,Scale,Annual,3552.39,34,2025-12-13,,Active,,1.0,50,4,30601,3,5,2.5,0,4.0,0
CUST-14926,Sync Tech 428,Mid-Market,Healthcare,India,2025-12-13,SUB-24926,Scale,Annual,1205.76,46,2025-12-13,,Active,,0.462,69,6,24605,19,4,9.0,0,4.3,0
CUST-14927,Vanguard Sphere 428,Mid-Market,Cybersecurity,United States,2025-12-13,SUB-24927,Growth,Annual,3654.26,49,2025-12-13,,Active,,0.272,54,6,95585,2,3,113.4,1,2.9,0
CUST-14928,Omni Labs 428,SMB,Logistics & Supply Chain,United States,2025-12-13,SUB-24928,Starter,Monthly,516.95,12,2025-12-13,2025-12-31,Churned,Support / SLA Frustration,1.0,81,4,5457,12,6,98.6,0,2.1,1
CUST-14929,Hyper Flow 428,SMB,Logistics & Supply Chain,United States,2025-12-13,SUB-24929,Growth,Annual,449.65,20,2025-12-13,2025-12-31,Churned,Support / SLA Frustration,0.382,66,3,18994,0,4,79.9,3,1.6,1
CUST-14930,Zenith Corp 428,Mid-Market,Logistics & Supply Chain,United States,2025-12-13,SUB-24930,Growth,Monthly,1672.85,37,2025-12-13,,Active,,0.429,88,3,56167,2,4,3.0,0,4.6,0
CUST-14931,Quantum Stack 428,Mid-Market,Fintech,United Kingdom,2025-12-13,SUB-24931,Growth,Monthly,3486.61,41,2025-12-13,,Active,,0.725,79,5,110881,8,3,78.9,1,2.9,0
CUST-14932,Nexus AI 428,SMB,Fintech,United Kingdom,2025-12-13,SUB-24932,Starter,Monthly,493.17,22,2025-12-13,,Active,,0.443,64,7,17645,12,4,20.5,0,3.9,0
CUST-14933,Vertex Scale 428,Mid-Market,Fintech,United States,2025-12-13,SUB-24933,Scale,Monthly,2637.12,35,2025-12-13,,Active,,0.625,61,4,35372,1,3,16.0,0,4.6,0
CUST-14934,Blue Systems 428,Mid-Market,Healthcare,United States,2025-12-13,SUB-24934,Growth,Monthly,2463.29,88,2025-12-13,,Active,,0.512,79,6,26169,0,4,2.2,0,3.8,0
CUST-14935,Apex Logic 429,Mid-Market,Fintech,India,2025-12-13,SUB-24935,Growth,Annual,2128.75,97,2025-12-13,,Active,,0.794,53,4,5071,1,2,10.4,0,4.7,0
CUST-14936,Cloud Hub 429,SMB,E-Commerce,Canada,2025-12-14,SUB-24936,Growth,Annual,671.05,14,2025-12-14,,Active,,0.839,87,6,153541,2,3,7.4,0,4.2,0
CUST-14937,Data Pay 429,SMB,SaaS / Tech,Germany,2025-12-14,SUB-24937,Starter,Monthly,494.94,15,2025-12-14,2025-12-31,Churned,Support / SLA Frustration,0.753,97,3,26345,0,3,58.5,2,2.7,1
CUST-14938,Nova Works 429,SMB,Logistics & Supply Chain,United States,2025-12-14,SUB-24938,Starter,Monthly,210.69,10,2025-12-14,,Active,,0.983,86,4,29333,9,4,18.0,0,4.4,0
CUST-14939,Pulse Security 429,SMB,SaaS / Tech,Canada,2025-12-14,SUB-24939,Growth,Monthly,402.49,8,2025-12-14,,Active,,0.749,73,3,20289,0,3,12.4,0,4.5,0
CUST-14940,Stratum Analytics 429,Mid-Market,Cybersecurity,United States,2025-12-14,SUB-24940,Growth,Annual,1059.06,61,2025-12-14,2025-12-31,Churned,Internal Restructuring,0.448,82,1,3260,1,4,9.4,0,4.3,1
CUST-14941,Sync Tech 429,Mid-Market,Fintech,United States,2025-12-14,SUB-24941,Scale,Annual,3358.49,77,2025-12-14,,Active,,0.768,62,0,4518,2,4,9.0,0,4.2,0
CUST-14942,Vanguard Sphere 429,SMB,Fintech,United States,2025-12-14,SUB-24942,Starter,Monthly,215.56,18,2025-12-14,,Active,,0.512,100,2,126673,8,6,4.3,0,4.7,0
CUST-14943,Omni Labs 429,Mid-Market,SaaS / Tech,United States,2025-12-14,SUB-24943,Growth,Annual,2543.12,28,2025-12-14,2025-12-31,Churned,Competitor Alternative,0.787,52,3,26632,2,4,7.1,0,4.4,1
CUST-14944,Hyper Flow 429,SMB,Healthcare,United States,2025-12-14,SUB-24944,Starter,Monthly,411.26,22,2025-12-14,2025-12-31,Churned,Support / SLA Frustration,0.965,55,5,68789,0,2,116.1,0,2.3,1
CUST-14945,Zenith Corp 429,SMB,Healthcare,Australia,2025-12-15,SUB-24945,Starter,Monthly,419.74,10,2025-12-15,,Active,,0.472,59,5,9358,1,5,6.9,0,4.8,0
CUST-14946,Quantum Stack 429,SMB,Healthcare,United States,2025-12-15,SUB-24946,Starter,Monthly,606.58,15,2025-12-15,,Active,,0.705,68,2,4373,15,2,60.0,1,2.1,0
CUST-14947,Nexus AI 429,SMB,Healthcare,United States,2025-12-15,SUB-24947,Starter,Monthly,478.62,11,2025-12-15,,Active,,1.0,51,6,74171,16,2,20.0,0,4.9,0
CUST-14948,Vertex Scale 429,SMB,E-Commerce,United States,2025-12-15,SUB-24948,Starter,Annual,375.6,8,2025-12-15,2025-12-31,Churned,Switched Tool,0.831,51,5,63596,4,4,8.2,0,4.5,1
CUST-14949,Blue Systems 429,SMB,Healthcare,United States,2025-12-15,SUB-24949,Starter,Monthly,659.29,17,2025-12-15,,Active,,0.515,56,5,25573,0,5,4.1,0,4.6,0
CUST-14950,Apex Logic 430,Mid-Market,E-Commerce,United Kingdom,2025-12-15,SUB-24950,Scale,Monthly,3757.91,44,2025-12-15,,Active,,0.723,60,1,18483,6,3,20.3,0,4.5,0
CUST-14951,Cloud Hub 430,Enterprise,SaaS / Tech,United States,2025-12-15,SUB-24951,Scale,Annual,11056.74,138,2025-12-15,,Active,,0.872,55,4,28839,6,3,4.8,0,4.1,0
CUST-14952,Data Pay 430,Mid-Market,Healthcare,Canada,2025-12-16,SUB-24952,Growth,Annual,3677.03,97,2025-12-16,,Active,,0.901,76,5,98312,8,4,23.6,0,4.0,0
CUST-14953,Nova Works 430,SMB,Healthcare,United States,2025-12-16,SUB-24953,Growth,Monthly,665.05,22,2025-12-16,,Active,,0.726,48,3,43389,0,4,19.5,0,4.2,0
CUST-14954,Pulse Security 430,Mid-Market,Fintech,United Kingdom,2025-12-16,SUB-24954,Scale,Monthly,1485.2,31,2025-12-16,,Active,,0.312,78,1,28722,7,2,13.5,0,4.2,0
CUST-14955,Stratum Analytics 430,SMB,Healthcare,Canada,2025-12-16,SUB-24955,Growth,Annual,306.41,14,2025-12-16,,Active,,0.79,50,5,30370,5,4,23.9,0,4.8,0
CUST-14956,Sync Tech 430,Mid-Market,SaaS / Tech,India,2025-12-16,SUB-24956,Growth,Monthly,1732.65,27,2025-12-16,,Active,,0.78,88,3,34546,8,5,19.6,0,4.1,0
CUST-14957,Vanguard Sphere 430,SMB,SaaS / Tech,Germany,2025-12-16,SUB-24957,Growth,Monthly,672.36,14,2025-12-16,,Active,,0.513,55,2,885,2,1,4.4,0,3.9,0
CUST-14958,Omni Labs 430,Mid-Market,SaaS / Tech,United Kingdom,2025-12-16,SUB-24958,Scale,Annual,2358.34,44,2025-12-16,,Active,,0.727,68,4,17975,12,6,18.6,0,5.0,0
CUST-14959,Hyper Flow 430,SMB,Fintech,United States,2025-12-17,SUB-24959,Growth,Annual,293.04,22,2025-12-17,,Active,,0.895,48,3,13691,0,8,106.2,3,1.7,0
CUST-14960,Zenith Corp 430,SMB,E-Commerce,United Kingdom,2025-12-17,SUB-24960,Starter,Monthly,530.57,6,2025-12-17,,Active,,0.587,63,4,31289,4,7,21.5,0,5.0,0
CUST-14961,Quantum Stack 430,Mid-Market,E-Commerce,Canada,2025-12-17,SUB-24961,Growth,Monthly,1687.36,53,2025-12-17,2025-12-31,Churned,Leadership Transition,0.559,64,3,3440,6,8,17.0,0,4.1,1
CUST-14962,Nexus AI 430,Mid-Market,E-Commerce,Germany,2025-12-17,SUB-24962,Scale,Annual,3025.91,59,2025-12-17,,Active,,0.668,54,2,6437,2,3,11.5,0,4.9,0
CUST-14963,Vertex Scale 430,SMB,E-Commerce,United States,2025-12-17,SUB-24963,Growth,Monthly,248.41,21,2025-12-17,,Active,,0.507,93,5,871,0,5,21.4,0,4.2,0
CUST-14964,Blue Systems 430,Mid-Market,E-Commerce,United States,2025-12-17,SUB-24964,Growth,Annual,3201.75,72,2025-12-17,,Active,,0.907,40,4,4247,11,4,19.9,0,4.7,0
CUST-14965,Apex Logic 431,Mid-Market,E-Commerce,Canada,2025-12-17,SUB-24965,Growth,Annual,3116.18,38,2025-12-17,,Active,,0.792,100,3,20353,1,5,21.3,0,4.0,0
CUST-14966,Cloud Hub 431,SMB,SaaS / Tech,United States,2025-12-17,SUB-24966,Growth,Annual,627.11,13,2025-12-17,,Active,,0.552,100,5,650,3,7,7.6,0,4.7,0
CUST-14967,Data Pay 431,SMB,Fintech,United States,2025-12-17,SUB-24967,Starter,Monthly,259.58,7,2025-12-17,,Active,,0.637,62,4,2596,1,7,52.3,3,1.2,0
CUST-14968,Nova Works 431,SMB,SaaS / Tech,United States,2025-12-18,SUB-24968,Starter,Monthly,186.74,24,2025-12-18,2025-12-31,Churned,Low Adoption & License Waste,0.299,68,3,32343,1,5,6.3,0,4.9,1
CUST-14969,Pulse Security 431,Mid-Market,Fintech,United Kingdom,2025-12-18,SUB-24969,Growth,Monthly,3383.88,95,2025-12-18,,Active,,0.839,78,4,12627,5,5,3.3,0,4.8,0
CUST-14970,Stratum Analytics 431,Mid-Market,Fintech,Australia,2025-12-18,SUB-24970,Growth,Monthly,1211.31,51,2025-12-18,,Active,,0.798,67,4,25474,2,4,16.6,0,4.8,0
CUST-14971,Sync Tech 431,SMB,Cybersecurity,United States,2025-12-18,SUB-24971,Growth,Monthly,317.43,7,2025-12-18,,Active,,0.484,83,7,14777,5,3,9.0,0,4.3,0
CUST-14972,Vanguard Sphere 431,SMB,Cybersecurity,United States,2025-12-18,SUB-24972,Starter,Annual,671.55,5,2025-12-18,,Active,,0.666,73,6,10663,1,3,6.1,0,4.5,0
CUST-14973,Omni Labs 431,SMB,Fintech,United States,2025-12-18,SUB-24973,Starter,Monthly,477.77,19,2025-12-18,,Active,,1.0,95,1,25654,1,4,11.2,0,4.4,0
CUST-14974,Hyper Flow 431,Mid-Market,Healthcare,United States,2025-12-18,SUB-24974,Scale,Annual,2009.86,95,2025-12-18,,Active,,1.0,34,4,22223,8,6,16.9,0,4.9,0
CUST-14975,Zenith Corp 431,Mid-Market,Fintech,United Kingdom,2025-12-18,SUB-24975,Scale,Monthly,1472.17,58,2025-12-18,2025-12-31,Churned,Support / SLA Frustration,0.822,31,2,22845,9,3,74.1,0,2.4,1
CUST-14976,Quantum Stack 431,Enterprise,E-Commerce,United Kingdom,2025-12-18,SUB-24976,Enterprise Plus,Annual,13514.99,305,2025-12-18,,Active,,0.452,77,4,19045,2,4,20.2,0,4.0,0
CUST-14977,Nexus AI 431,Mid-Market,Logistics & Supply Chain,United States,2025-12-18,SUB-24977,Scale,Annual,3152.24,40,2025-12-18,2025-12-31,Churned,Support / SLA Frustration,0.151,100,4,16276,3,2,68.0,2,2.9,1
CUST-14978,Vertex Scale 431,Enterprise,Cybersecurity,Canada,2025-12-18,SUB-24978,Enterprise Plus,Annual,6045.22,114,2025-12-18,,Active,,0.838,82,4,1438,10,3,3.7,0,4.6,0
CUST-14979,Blue Systems 431,Enterprise,E-Commerce,Canada,2025-12-18,SUB-24979,Enterprise Plus,Annual,9386.49,415,2025-12-18,,Active,,0.594,83,6,6534,7,2,11.1,0,4.5,0
CUST-14980,Apex Logic 432,SMB,Healthcare,United States,2025-12-18,SUB-24980,Starter,Monthly,426.84,5,2025-12-18,,Active,,0.898,60,3,81341,4,2,16.4,0,3.9,0
CUST-14981,Cloud Hub 432,Mid-Market,E-Commerce,United States,2025-12-18,SUB-24981,Growth,Annual,2820.99,43,2025-12-18,2025-12-31,Churned,Support / SLA Frustration,0.559,27,3,44977,2,6,73.4,1,1.5,1
CUST-14982,Data Pay 432,SMB,Healthcare,Australia,2025-12-18,SUB-24982,Starter,Monthly,210.22,24,2025-12-18,2025-12-31,Churned,Low Adoption & License Waste,0.509,61,5,79479,32,3,22.1,0,4.5,1
CUST-14983,Nova Works 432,SMB,Cybersecurity,United States,2025-12-19,SUB-24983,Growth,Annual,641.24,14,2025-12-19,,Active,,0.709,98,4,20603,4,5,17.5,0,4.1,0
CUST-14984,Pulse Security 432,SMB,Logistics & Supply Chain,Canada,2025-12-19,SUB-24984,Growth,Annual,203.33,22,2025-12-19,,Active,,0.801,76,5,48269,4,4,22.6,0,4.4,0
CUST-14985,Stratum Analytics 432,Mid-Market,E-Commerce,United States,2025-12-19,SUB-24985,Scale,Annual,3423.46,75,2025-12-19,,Active,,0.88,78,6,20073,1,5,92.3,5,2.6,0
CUST-14986,Sync Tech 432,SMB,Healthcare,Canada,2025-12-19,SUB-24986,Starter,Monthly,205.72,20,2025-12-19,,Active,,0.923,45,5,15701,7,5,3.6,0,4.3,0
CUST-14987,Vanguard Sphere 432,SMB,Healthcare,Canada,2025-12-19,SUB-24987,Growth,Monthly,533.19,19,2025-12-19,2025-12-31,Churned,Switched Tool,0.834,72,3,701,0,4,16.2,0,4.8,1
CUST-14988,Omni Labs 432,SMB,Fintech,United Kingdom,2025-12-19,SUB-24988,Starter,Monthly,379.76,16,2025-12-19,,Active,,0.669,100,4,2120,2,11,78.9,6,1.3,0
CUST-14989,Hyper Flow 432,SMB,Logistics & Supply Chain,Germany,2025-12-19,SUB-24989,Growth,Monthly,416.66,20,2025-12-19,2025-12-31,Churned,Price / Budget Cuts,0.544,59,3,5941,2,7,23.1,0,4.3,1
CUST-14990,Zenith Corp 432,SMB,E-Commerce,India,2025-12-19,SUB-24990,Starter,Monthly,210.96,15,2025-12-19,2025-12-31,Churned,Price / Budget Cuts,0.715,48,6,44206,10,4,4.0,0,4.8,1
CUST-14991,Quantum Stack 432,SMB,Healthcare,United Kingdom,2025-12-20,SUB-24991,Growth,Annual,655.17,11,2025-12-20,2025-12-31,Churned,Support / SLA Frustration,0.631,31,4,13920,6,5,96.5,2,1.3,1
CUST-14992,Nexus AI 432,Mid-Market,E-Commerce,United States,2025-12-20,SUB-24992,Growth,Annual,3440.62,30,2025-12-20,,Active,,1.0,78,5,72549,11,2,23.5,0,3.9,0
CUST-14993,Vertex Scale 432,SMB,Logistics & Supply Chain,United States,2025-12-20,SUB-24993,Starter,Monthly,345.28,6,2025-12-20,,Active,,0.753,88,6,1084,3,4,5.5,0,5.0,0
CUST-14994,Blue Systems 432,Enterprise,Fintech,Canada,2025-12-20,SUB-24994,Enterprise Plus,Annual,17568.51,115,2025-12-20,,Active,,0.387,84,4,15278,0,1,6.8,0,4.7,0
CUST-14995,Apex Logic 433,SMB,Logistics & Supply Chain,United Kingdom,2025-12-20,SUB-24995,Starter,Annual,548.65,5,2025-12-20,,Active,,0.514,48,4,14315,1,7,3.5,0,4.5,0
CUST-14996,Cloud Hub 433,Enterprise,Logistics & Supply Chain,United States,2025-12-20,SUB-24996,Scale,Annual,5504.88,222,2025-12-20,,Active,,0.444,72,2,133703,0,5,8.2,0,4.6,0
CUST-14997,Data Pay 433,Mid-Market,Cybersecurity,United States,2025-12-20,SUB-24997,Scale,Monthly,1368.07,67,2025-12-20,,Active,,0.577,100,5,37478,5,2,13.3,0,4.9,0
CUST-14998,Nova Works 433,SMB,Healthcare,Canada,2025-12-20,SUB-24998,Starter,Monthly,702.56,20,2025-12-20,2025-12-31,Churned,Support / SLA Frustration,0.813,39,2,4065,5,4,107.3,3,1.8,1
CUST-14999,Pulse Security 433,SMB,Fintech,United States,2025-12-20,SUB-24999,Growth,Monthly,393.62,14,2025-12-20,2025-12-31,Churned,Support / SLA Frustration,0.104,56,3,16571,0,2,118.7,1,1.7,1
