customer_id,license_utilization_rate,feature_adoption_score,weekly_active_days,api_calls_monthly,last_active_days_ago
CUST-10000,0.575,62,4,6193,1
CUST-10001,0.656,62,1,18311,2
CUST-10002,0.725,85,4,14694,2
CUST-10003,0.437,76,6,4698,4
CUST-10004,0.506,51,3,15478,11
CUST-10005,0.947,71,3,22081,3
CUST-10006,0.189,31,7,28070,1
CUST-10007,0.704,83,2,44570,2
CUST-10008,0.52,73,6,39573,0
CUST-10009,0.174,32,3,9849,9
CUST-10010,0.373,90,5,53755,3
CUST-10011,0.685,73,5,49237,13
CUST-10012,0.548,29,5,56387,3
CUST-10013,0.942,61,4,16031,7
CUST-10014,0.623,30,5,2060,7
CUST-10015,0.544,59,4,48513,4
CUST-10016,1.0,81,6,36416,5
CUST-10017,0.888,41,3,58801,21
CUST-10018,0.519,61,5,5246,9
CUST-10019,0.455,61,4,13913,7
CUST-10020,0.682,46,3,60157,7
CUST-10021,0.461,81,3,1744,10
CUST-10022,0.812,70,4,53401,10
CUST-10023,0.427,70,5,7911,0
CUST-10024,0.853,46,4,52627,3
CUST-10025,0.813,69,1,15097,14
CUST-10026,0.311,62,2,7321,0
CUST-10027,0.866,67,3,30443,11
CUST-10028,0.648,43,3,9554,5
CUST-10029,0.511,67,4,5670,20
CUST-10030,0.928,72,5,13894,1
CUST-10031,0.584,83,5,137845,9
CUST-10032,0.605,50,2,39283,4
CUST-10033,0.67,70,5,19000,0
CUST-10034,0.731,65,4,42029,5
CUST-10035,0.728,22,6,20006,1
CUST-10036,1.0,67,4,31148,12
CUST-10037,0.632,54,4,15972,0
CUST-10038,0.608,70,3,584,19
CUST-10039,0.653,68,4,7326,14
CUST-10040,0.527,69,4,10443,6
CUST-10041,0.925,80,5,24401,1
CUST-10042,0.897,49,4,5684,6
CUST-10043,0.741,91,1,24350,8
CUST-10044,0.563,85,2,46631,11
CUST-10045,0.725,51,3,2316,5
CUST-10046,0.76,55,6,52800,2
CUST-10047,1.0,63,3,23034,0
CUST-10048,0.307,80,4,22661,17
CUST-10049,0.92,60,6,16698,6
CUST-10050,0.929,53,3,6680,6
CUST-10051,0.615,98,6,10213,13
CUST-10052,0.882,10,5,19995,2
CUST-10053,0.735,79,1,23724,3
CUST-10054,0.659,87,6,42056,16
CUST-10055,0.787,88,1,3095,20
CUST-10056,0.649,10,1,19258,0
CUST-10057,0.58,67,4,66058,7
CUST-10058,0.489,53,4,30343,2
CUST-10059,0.695,82,3,28928,3
CUST-10060,0.735,75,3,9580,21
CUST-10061,0.631,98,4,20657,0
CUST-10062,1.0,68,3,8498,5
CUST-10063,0.556,77,3,14233,2
CUST-10064,0.706,95,5,11981,11
CUST-10065,0.635,38,4,24221,2
CUST-10066,0.877,50,4,8372,6
CUST-10067,0.73,79,2,55055,0
CUST-10068,0.871,89,3,24292,2
CUST-10069,0.968,96,5,60611,1
CUST-10070,0.567,100,3,31359,3
CUST-10071,0.99,100,5,3887,5
CUST-10072,0.463,73,6,922,0
CUST-10073,0.579,100,3,47305,11
CUST-10074,0.678,27,3,73375,3
CUST-10075,0.744,83,4,3647,0
CUST-10076,0.488,98,2,34139,1
CUST-10077,0.569,94,4,62242,7
CUST-10078,1.0,32,5,55359,16
CUST-10079,0.783,60,5,34922,10
CUST-10080,1.0,70,4,16523,19
CUST-10081,0.66,68,4,1967,3
CUST-10082,0.792,62,5,45488,22
CUST-10083,0.724,60,7,73756,3
CUST-10084,0.546,27,3,57649,0
CUST-10085,0.23,63,6,12310,3
CUST-10086,1.0,58,4,45204,7
CUST-10087,0.873,86,1,27976,0
CUST-10088,0.389,91,3,13339,1
CUST-10089,0.552,61,3,23848,0
CUST-10090,0.522,55,1,10317,10
CUST-10091,1.0,50,4,9266,21
CUST-10092,0.696,42,0,19341,1
CUST-10093,0.584,71,2,67927,0
CUST-10094,0.582,100,5,15742,5
CUST-10095,0.601,51,4,23090,3
CUST-10096,0.74,52,5,5194,3
CUST-10097,0.732,39,7,24714,3
CUST-10098,0.514,83,5,1767,1
CUST-10099,0.846,82,1,41995,0
CUST-10100,0.551,40,4,16752,2
CUST-10101,0.409,23,4,11009,1
CUST-10102,0.198,100,2,14137,2
CUST-10103,0.62,100,4,16815,0
CUST-10104,0.577,66,5,2858,17
CUST-10105,0.627,72,4,50314,0
CUST-10106,0.628,53,3,7500,6
CUST-10107,0.854,62,3,9254,11
CUST-10108,1.0,72,6,77820,4
CUST-10109,0.477,47,4,12868,11
CUST-10110,0.513,100,2,6631,2
CUST-10111,0.734,82,4,11954,4
CUST-10112,0.811,53,1,74024,13
CUST-10113,1.0,80,4,21297,10
CUST-10114,0.524,64,3,10792,2
CUST-10115,0.59,85,5,5348,2
CUST-10116,0.611,34,4,68020,15
CUST-10117,0.908,100,2,7044,27
CUST-10118,0.899,53,2,3241,4
CUST-10119,0.452,55,3,6926,1
CUST-10120,0.166,69,4,39249,5
CUST-10121,0.525,68,6,18932,4
CUST-10122,0.439,44,3,22716,7
CUST-10123,0.728,43,3,6500,0
CUST-10124,0.691,38,4,13245,2
CUST-10125,0.439,76,5,110841,1
CUST-10126,0.721,87,5,71956,7
CUST-10127,0.745,65,1,24366,10
CUST-10128,0.432,96,3,65013,0
CUST-10129,0.676,88,4,14155,9
CUST-10130,1.0,52,6,23063,0
CUST-10131,0.202,59,4,4551,4
CUST-10132,0.454,72,3,63847,2
CUST-10133,0.995,76,3,21471,2
CUST-10134,0.485,59,4,17949,13
CUST-10135,0.689,65,6,5795,8
CUST-10136,0.448,51,4,2951,9
CUST-10137,0.426,17,2,546,10
CUST-10138,0.065,61,6,15931,1
CUST-10139,0.284,46,2,121116,2
CUST-10140,0.819,58,2,20401,5
CUST-10141,0.241,58,4,43209,1
CUST-10142,0.512,57,5,35692,6
CUST-10143,1.0,61,3,18194,2
CUST-10144,0.783,61,3,36705,5
CUST-10145,0.974,48,3,7745,17
CUST-10146,0.965,67,3,55408,4
CUST-10147,0.59,64,5,4721,6
CUST-10148,0.507,58,2,17538,9
CUST-10149,0.587,52,7,3665,18
CUST-10150,0.495,48,6,104119,20
CUST-10151,0.845,65,5,5058,5
CUST-10152,0.173,56,6,28597,16
CUST-10153,0.606,34,3,3772,6
CUST-10154,0.62,75,4,4389,6
CUST-10155,0.93,58,4,13239,9
CUST-10156,0.319,76,3,56735,4
CUST-10157,0.417,56,5,39320,8
CUST-10158,0.539,45,2,6335,7
CUST-10159,0.874,100,2,28696,33
CUST-10160,0.92,98,4,11605,0
CUST-10161,0.531,89,2,53635,0
CUST-10162,0.295,75,5,65833,0
CUST-10163,1.0,40,4,19738,11
CUST-10164,0.657,83,3,658,11
CUST-10165,0.887,42,2,2509,10
CUST-10166,0.64,16,4,36889,14
CUST-10167,0.319,66,5,115714,2
CUST-10168,0.745,62,7,36412,7
CUST-10169,0.787,81,7,16809,33
CUST-10170,0.557,62,3,19519,0
CUST-10171,0.849,79,4,32566,1
CUST-10172,0.681,10,2,2539,16
CUST-10173,1.0,97,5,7373,8
CUST-10174,0.643,92,5,47388,3
CUST-10175,0.714,90,5,1115,5
CUST-10176,0.852,45,3,11226,8
CUST-10177,0.381,76,4,132921,2
CUST-10178,1.0,76,1,5037,0
CUST-10179,0.959,60,4,24922,0
CUST-10180,0.74,55,3,15926,3
CUST-10181,0.722,100,5,8810,3
CUST-10182,0.688,87,7,51259,10
CUST-10183,1.0,50,3,12409,2
CUST-10184,0.653,60,7,10425,4
CUST-10185,0.411,74,2,13598,11
CUST-10186,0.392,25,2,4763,9
CUST-10187,0.753,86,2,3062,10
CUST-10188,0.056,73,6,12547,1
CUST-10189,0.986,82,3,2209,4
CUST-10190,0.46,50,6,24564,9
CUST-10191,0.703,100,5,14658,15
CUST-10192,1.0,70,1,7074,0
CUST-10193,0.759,48,6,12824,15
CUST-10194,0.505,70,3,20613,4
CUST-10195,0.873,59,4,6433,0
CUST-10196,0.926,62,7,4750,1
CUST-10197,0.828,88,4,1595,4
CUST-10198,0.686,55,6,4227,1
CUST-10199,0.858,69,4,11503,3
CUST-10200,0.525,65,3,30906,3
CUST-10201,0.88,56,4,55674,1
CUST-10202,0.934,80,1,95808,1
CUST-10203,0.81,47,4,556,1
CUST-10204,0.852,45,6,18072,6
CUST-10205,0.622,100,6,7037,2
CUST-10206,0.725,56,7,6278,3
CUST-10207,0.646,76,2,47601,8
CUST-10208,0.535,87,4,127919,3
CUST-10209,0.376,98,3,39297,11
CUST-10210,0.786,75,2,28011,10
CUST-10211,1.0,41,2,11028,4
CUST-10212,0.775,41,3,67577,11
CUST-10213,0.39,72,6,50835,9
CUST-10214,0.737,81,5,44740,15
CUST-10215,0.103,86,5,10155,3
CUST-10216,0.753,74,3,1507,0
CUST-10217,0.741,89,7,71982,7
CUST-10218,0.519,57,4,26994,4
CUST-10219,0.959,38,2,28505,6
CUST-10220,0.707,10,3,228504,4
CUST-10221,0.774,50,4,21794,5
CUST-10222,0.878,66,3,80738,7
CUST-10223,0.867,36,3,7204,6
CUST-10224,0.758,76,5,97257,8
CUST-10225,0.823,80,3,10217,32
CUST-10226,0.377,50,5,3391,18
CUST-10227,0.436,47,2,1679,1
CUST-10228,0.294,45,6,14941,2
CUST-10229,0.542,78,1,9498,5
CUST-10230,0.613,59,3,16729,15
CUST-10231,0.686,55,5,2518,5
CUST-10232,0.709,52,3,3232,1
CUST-10233,0.877,76,5,6019,7
CUST-10234,0.92,62,5,2901,1
CUST-10235,0.672,74,5,9611,5
CUST-10236,0.353,81,5,56645,1
CUST-10237,0.529,75,2,18254,4
CUST-10238,0.837,69,3,2838,3
CUST-10239,0.412,51,2,3242,8
CUST-10240,0.818,77,4,8114,6
CUST-10241,1.0,77,4,86691,14
CUST-10242,0.405,39,5,30965,1
CUST-10243,0.853,73,6,15303,12
CUST-10244,1.0,45,7,1534,3
CUST-10245,0.507,60,7,47500,2
CUST-10246,0.648,86,3,6083,8
CUST-10247,0.756,100,5,2697,2
CUST-10248,0.72,43,7,53150,3
CUST-10249,0.795,53,2,47447,0
CUST-10250,0.817,38,3,27511,1
CUST-10251,0.05,87,2,19820,0
CUST-10252,0.937,98,4,18958,1
CUST-10253,0.643,100,6,63680,8
CUST-10254,0.549,60,4,5318,0
CUST-10255,0.733,88,6,5374,6
CUST-10256,0.488,50,4,41298,4
CUST-10257,0.254,81,3,1916,9
CUST-10258,0.546,84,4,20960,0
CUST-10259,0.646,61,5,10969,6
CUST-10260,0.43,94,4,25032,11
CUST-10261,0.451,100,4,1898,13
CUST-10262,0.944,39,6,63927,10
CUST-10263,0.908,100,6,4482,3
CUST-10264,0.568,32,3,938,3
CUST-10265,0.794,52,1,67421,7
CUST-10266,0.482,57,6,17022,1
CUST-10267,0.955,97,4,48561,3
CUST-10268,0.917,86,4,781,26
CUST-10269,0.846,97,4,42348,3
CUST-10270,1.0,100,3,20108,0
CUST-10271,0.64,46,3,31182,12
CUST-10272,0.302,99,2,11509,1
CUST-10273,0.489,50,3,18117,2
CUST-10274,0.751,100,5,16475,0
CUST-10275,0.591,76,3,30850,4
CUST-10276,0.615,30,5,20790,1
CUST-10277,0.769,48,5,16922,7
CUST-10278,0.938,43,2,57385,7
CUST-10279,1.0,91,3,33995,9
CUST-10280,0.415,98,6,4007,10
CUST-10281,0.418,96,2,17781,4
CUST-10282,0.862,95,4,46351,12
CUST-10283,0.675,57,3,8794,16
CUST-10284,0.588,58,5,55235,2
CUST-10285,0.525,72,2,6391,0
CUST-10286,0.695,76,6,5476,1
CUST-10287,0.534,55,5,2936,11
CUST-10288,0.831,89,4,23578,16
CUST-10289,0.391,69,2,4792,3
CUST-10290,0.806,59,3,13597,12
CUST-10291,0.362,69,3,14453,1
CUST-10292,0.618,73,3,18290,1
CUST-10293,0.542,52,6,1482,12
CUST-10294,0.733,79,4,8327,2
CUST-10295,0.744,68,5,686,2
CUST-10296,0.272,58,7,13460,7
CUST-10297,0.805,58,6,14651,17
CUST-10298,0.422,91,7,13625,8
CUST-10299,0.354,61,4,2592,18
CUST-10300,0.435,67,1,16104,5
CUST-10301,0.805,64,4,3053,17
CUST-10302,0.917,76,5,16477,4
CUST-10303,0.589,81,2,55196,2
CUST-10304,0.362,89,4,10867,3
CUST-10305,1.0,67,5,6754,6
CUST-10306,0.343,61,5,14988,8
CUST-10307,0.802,31,6,46746,40
CUST-10308,0.743,73,5,48538,4
CUST-10309,0.978,79,3,63489,2
CUST-10310,0.544,85,4,21557,9
CUST-10311,0.784,69,4,73493,2
CUST-10312,1.0,55,3,27666,0
CUST-10313,0.983,56,1,49159,4
CUST-10314,0.686,38,4,17690,3
CUST-10315,0.534,78,6,21729,7
CUST-10316,0.905,42,7,53289,2
CUST-10317,0.979,79,6,2477,3
CUST-10318,0.592,85,1,24559,12
CUST-10319,0.05,68,2,14302,2
CUST-10320,0.78,56,5,45132,1
CUST-10321,0.49,60,3,6081,1
CUST-10322,0.778,77,4,4606,0
CUST-10323,0.564,63,7,23348,3
CUST-10324,0.722,64,6,23733,5
CUST-10325,0.245,89,1,30522,5
CUST-10326,1.0,39,6,6238,4
CUST-10327,1.0,84,6,4659,3
CUST-10328,0.916,52,5,23294,2
CUST-10329,1.0,63,4,5523,16
CUST-10330,0.813,52,2,13459,10
CUST-10331,0.307,79,3,27254,1
CUST-10332,0.772,63,4,29955,6
CUST-10333,0.489,83,3,37220,4
CUST-10334,0.982,100,3,100166,1
CUST-10335,0.509,70,5,1785,2
CUST-10336,0.979,66,2,63725,0
CUST-10337,0.458,72,7,1976,0
CUST-10338,0.485,61,7,29892,4
CUST-10339,0.593,48,4,7608,3
CUST-10340,1.0,56,3,20377,13
CUST-10341,0.602,52,5,3585,14
CUST-10342,0.879,67,4,35993,3
CUST-10343,0.923,52,3,13159,0
CUST-10344,0.701,41,4,13627,1
CUST-10345,0.824,79,2,47650,3
CUST-10346,1.0,76,4,33210,6
CUST-10347,0.59,44,5,42605,0
CUST-10348,0.566,50,4,43728,11
CUST-10349,0.918,75,5,72490,3
CUST-10350,0.555,81,5,32015,11
CUST-10351,0.854,91,0,768,0
CUST-10352,0.888,100,3,11042,7
CUST-10353,0.539,54,4,36171,1
CUST-10354,0.526,75,4,2746,0
CUST-10355,1.0,91,3,1550,7
CUST-10356,0.422,84,3,29104,1
CUST-10357,0.626,55,4,124488,3
CUST-10358,0.846,63,3,2533,18
CUST-10359,0.291,70,4,19838,0
CUST-10360,0.888,90,2,28975,5
CUST-10361,0.621,51,6,108923,0
CUST-10362,0.403,90,4,1033,6
CUST-10363,1.0,58,4,6881,3
CUST-10364,0.312,78,6,24293,1
CUST-10365,0.834,48,5,118179,12
CUST-10366,0.949,75,6,26499,0
CUST-10367,0.667,41,3,5461,0
CUST-10368,0.759,38,2,20393,2
CUST-10369,0.949,60,4,16715,8
CUST-10370,0.838,69,4,6734,8
CUST-10371,0.649,45,4,8907,4
CUST-10372,0.698,43,5,16217,7
CUST-10373,0.303,50,4,43636,7
CUST-10374,0.64,39,2,31874,7
CUST-10375,0.763,71,6,21851,5
CUST-10376,0.903,51,6,37088,6
CUST-10377,0.801,75,4,13348,0
CUST-10378,0.747,73,4,16388,14
CUST-10379,0.911,51,5,18825,6
CUST-10380,0.635,78,5,3925,0
CUST-10381,0.829,95,5,20710,10
CUST-10382,1.0,92,5,20031,5
CUST-10383,0.874,51,4,28058,3
CUST-10384,0.975,100,3,12191,2
CUST-10385,0.942,60,6,5372,24
CUST-10386,0.482,67,6,17839,6
CUST-10387,0.886,59,2,4913,2
CUST-10388,0.305,100,4,10061,0
CUST-10389,1.0,52,3,31225,10
CUST-10390,0.893,94,6,23727,0
CUST-10391,0.478,100,5,45851,14
CUST-10392,0.723,81,3,17231,13
CUST-10393,0.758,52,4,6098,3
CUST-10394,0.574,40,2,2889,12
CUST-10395,0.449,87,6,23814,3
CUST-10396,0.452,82,4,11983,3
CUST-10397,0.84,51,5,54227,0
CUST-10398,1.0,47,4,9529,4
CUST-10399,0.535,97,4,3795,0
CUST-10400,0.902,63,4,55404,9
CUST-10401,0.948,52,3,9458,1
CUST-10402,0.975,100,2,39738,3
CUST-10403,0.787,70,4,8791,3
CUST-10404,0.867,75,5,63111,3
CUST-10405,0.568,87,2,7561,2
CUST-10406,0.744,85,4,25172,3
CUST-10407,0.554,91,5,16877,26
CUST-10408,0.501,46,3,14326,0
CUST-10409,0.49,67,3,10654,16
CUST-10410,0.747,53,5,2086,18
CUST-10411,0.582,100,4,75955,3
CUST-10412,0.879,86,7,1470,3
CUST-10413,0.846,65,6,52188,10
CUST-10414,0.395,51,4,85648,7
CUST-10415,0.517,59,7,42190,14
CUST-10416,0.634,76,1,28608,5
CUST-10417,0.457,72,4,14979,0
CUST-10418,0.809,16,4,12420,4
CUST-10419,0.47,55,4,9973,0
CUST-10420,0.899,67,3,50676,10
CUST-10421,0.907,50,0,8200,2
CUST-10422,0.565,51,4,30013,8
CUST-10423,0.894,50,4,13149,5
CUST-10424,0.997,48,4,26226,4
CUST-10425,0.791,61,1,9166,16
CUST-10426,0.822,85,4,32519,4
CUST-10427,0.796,60,3,7997,7
CUST-10428,0.786,64,4,28053,7
CUST-10429,1.0,78,3,32790,36
CUST-10430,0.758,79,4,85916,10
CUST-10431,0.721,60,4,44846,1
CUST-10432,0.257,95,2,48849,8
CUST-10433,0.465,100,4,104718,3
CUST-10434,1.0,100,4,107676,2
CUST-10435,0.819,66,4,14387,6
CUST-10436,0.186,74,6,46148,7
CUST-10437,0.748,70,5,692,2
CUST-10438,0.819,28,4,27407,26
CUST-10439,0.354,67,3,111298,22
CUST-10440,0.927,72,5,10612,5
CUST-10441,0.658,50,6,11354,3
CUST-10442,1.0,89,5,23531,6
CUST-10443,0.721,98,5,4137,13
CUST-10444,0.727,60,2,1539,0
CUST-10445,0.81,79,3,48902,0
CUST-10446,0.835,61,5,13991,0
CUST-10447,0.506,84,2,10776,5
CUST-10448,0.646,39,0,6013,3
CUST-10449,0.781,57,5,8460,0
CUST-10450,0.612,56,3,7059,2
CUST-10451,0.563,60,3,29651,1
CUST-10452,0.971,67,4,26789,5
CUST-10453,0.548,64,3,28279,18
CUST-10454,0.59,77,6,16441,4
CUST-10455,0.527,50,4,48941,11
CUST-10456,1.0,56,2,3486,0
CUST-10457,0.821,63,5,2743,3
CUST-10458,1.0,10,7,28085,3
CUST-10459,0.905,40,6,15053,2
CUST-10460,0.447,52,4,19766,2
CUST-10461,0.518,68,5,55457,5
CUST-10462,0.683,88,3,41500,0
CUST-10463,0.542,95,6,5536,7
CUST-10464,0.487,94,6,19014,5
CUST-10465,0.686,45,4,156712,4
CUST-10466,0.975,48,2,52874,0
CUST-10467,0.833,57,7,10075,10
CUST-10468,0.967,82,5,11067,4
CUST-10469,0.673,94,0,7933,3
CUST-10470,0.59,66,2,27899,4
CUST-10471,0.09,60,6,13678,5
CUST-10472,0.599,42,3,59776,5
CUST-10473,1.0,67,2,36680,6
CUST-10474,0.77,77,2,22658,9
CUST-10475,0.856,32,7,26480,0
CUST-10476,0.91,89,1,40433,4
CUST-10477,0.726,77,6,14854,19
CUST-10478,0.743,98,2,5945,1
CUST-10479,0.899,88,3,4272,9
CUST-10480,0.181,77,4,10050,3
CUST-10481,0.28,82,6,34956,7
CUST-10482,0.586,78,4,32166,6
CUST-10483,0.741,60,2,3916,1
CUST-10484,0.763,84,1,3874,15
CUST-10485,0.552,48,6,2339,2
CUST-10486,0.818,56,4,54754,1
CUST-10487,1.0,100,3,2255,2
CUST-10488,0.276,88,7,11987,0
CUST-10489,0.602,69,2,5301,13
CUST-10490,0.599,88,4,4830,5
CUST-10491,0.979,56,4,9938,0
CUST-10492,0.453,42,2,1263,2
CUST-10493,0.813,60,6,13907,3
CUST-10494,0.671,100,4,1259,2
CUST-10495,0.398,35,6,31250,2
CUST-10496,0.844,52,6,12205,2
CUST-10497,0.497,83,6,9541,3
CUST-10498,0.358,46,2,21217,6
CUST-10499,0.758,45,3,38137,0
CUST-10500,1.0,58,6,4783,1
CUST-10501,1.0,60,4,51336,2
CUST-10502,0.359,57,5,15441,5
CUST-10503,0.891,54,0,11564,3
CUST-10504,0.585,63,5,24120,19
CUST-10505,0.634,47,1,32302,5
CUST-10506,1.0,86,6,28071,18
CUST-10507,0.802,65,5,1409,0
CUST-10508,0.585,65,2,18536,0
CUST-10509,0.804,78,5,12713,14
CUST-10510,0.807,58,1,2703,1
CUST-10511,0.817,73,6,7265,4
CUST-10512,0.68,85,5,13229,2
CUST-10513,0.668,77,1,20934,0
CUST-10514,0.953,80,6,8588,1
CUST-10515,0.766,49,5,2888,0
CUST-10516,0.547,60,4,6250,8
CUST-10517,1.0,71,7,8568,5
CUST-10518,0.499,48,6,6276,1
CUST-10519,0.976,68,4,68554,10
CUST-10520,0.488,63,2,14352,3
CUST-10521,0.98,76,2,54302,15
CUST-10522,0.59,69,5,17825,7
CUST-10523,0.651,91,4,116310,11
CUST-10524,1.0,89,4,76441,8
CUST-10525,0.838,62,4,11410,1
CUST-10526,1.0,43,3,93361,3
CUST-10527,0.679,58,5,28939,6
CUST-10528,0.641,80,2,17148,0
CUST-10529,0.541,50,2,8617,3
CUST-10530,0.992,56,6,28498,2
CUST-10531,0.592,69,7,5736,1
CUST-10532,0.921,88,4,5462,3
CUST-10533,1.0,47,4,16188,8
CUST-10534,1.0,76,6,52260,6
CUST-10535,0.785,56,3,53792,0
CUST-10536,0.777,100,2,73104,11
CUST-10537,0.254,62,6,3328,36
CUST-10538,0.711,44,4,9593,13
CUST-10539,0.319,66,5,2319,6
CUST-10540,0.927,83,1,9769,2
CUST-10541,0.649,78,3,2182,3
CUST-10542,0.781,81,7,53933,12
CUST-10543,0.66,39,3,7940,8
CUST-10544,0.374,52,3,89418,22
CUST-10545,0.462,72,4,9411,11
CUST-10546,0.823,58,2,68749,1
CUST-10547,0.581,35,7,2637,5
CUST-10548,0.617,18,6,81349,6
CUST-10549,0.994,42,2,16712,1
CUST-10550,0.933,60,5,22357,3
CUST-10551,0.915,91,5,33970,0
CUST-10552,0.903,87,4,43597,1
CUST-10553,1.0,94,0,49245,7
CUST-10554,0.324,73,3,3222,3
CUST-10555,0.787,90,3,45935,0
CUST-10556,0.759,94,3,34141,0
CUST-10557,0.702,58,4,19416,6
CUST-10558,0.769,78,5,15809,5
CUST-10559,0.298,100,5,2667,8
CUST-10560,1.0,80,4,19619,0
CUST-10561,0.582,49,5,40052,2
CUST-10562,0.916,66,5,4871,0
CUST-10563,0.839,38,7,60443,2
CUST-10564,0.859,18,3,71605,4
CUST-10565,0.885,69,6,37459,0
CUST-10566,0.725,96,2,34327,0
CUST-10567,0.672,62,4,664,6
CUST-10568,0.545,58,4,17999,2
CUST-10569,0.255,12,4,43742,0
CUST-10570,0.617,78,3,9215,5
CUST-10571,1.0,62,6,16209,0
CUST-10572,1.0,57,6,18677,3
CUST-10573,0.5,76,5,9593,2
CUST-10574,0.953,72,4,23875,7
CUST-10575,0.749,58,2,5690,7
CUST-10576,0.44,94,5,25077,3
CUST-10577,0.785,88,4,21619,0
CUST-10578,0.595,100,3,13999,7
CUST-10579,0.465,83,5,3313,3
CUST-10580,0.689,44,4,13472,6
CUST-10581,0.87,62,3,7011,4
CUST-10582,0.496,34,2,20416,7
CUST-10583,0.555,69,6,48761,9
CUST-10584,0.596,55,2,51338,1
CUST-10585,0.568,67,3,27217,0
CUST-10586,0.59,75,1,35383,9
CUST-10587,0.774,64,5,16691,1
CUST-10588,0.657,88,1,1231,9
CUST-10589,0.467,100,0,7882,9
CUST-10590,0.756,96,4,7067,0
CUST-10591,1.0,83,3,39234,6
CUST-10592,0.891,36,3,26902,0
CUST-10593,0.762,73,3,4712,3
CUST-10594,0.595,37,4,2558,10
CUST-10595,0.657,49,7,50838,1
CUST-10596,0.56,59,5,26880,0
CUST-10597,0.627,68,5,6723,2
CUST-10598,0.364,96,5,6373,3
CUST-10599,0.844,62,4,10600,2
CUST-10600,0.319,81,2,50607,1
CUST-10601,0.768,74,4,5444,12
CUST-10602,0.565,87,3,20829,1
CUST-10603,0.681,55,3,36389,0
CUST-10604,0.515,65,1,1219,3
CUST-10605,0.85,37,5,36758,2
CUST-10606,0.807,98,4,5633,10
CUST-10607,0.937,71,3,17415,6
CUST-10608,0.706,75,2,9380,2
CUST-10609,0.991,64,2,15942,8
CUST-10610,0.05,71,5,2885,24
CUST-10611,0.607,40,4,11436,0
CUST-10612,0.594,48,2,28672,11
CUST-10613,0.734,33,5,3735,0
CUST-10614,0.87,95,2,6299,10
CUST-10615,0.688,79,4,262714,9
CUST-10616,0.514,52,6,80365,10
CUST-10617,0.481,44,5,5307,4
CUST-10618,0.586,51,3,3677,2
CUST-10619,1.0,100,5,6772,8
CUST-10620,0.962,84,4,33849,4
CUST-10621,0.322,72,3,6697,0
CUST-10622,0.524,67,6,7916,20
CUST-10623,0.992,52,6,35186,9
CUST-10624,0.795,49,3,2593,0
CUST-10625,0.883,43,2,3422,6
CUST-10626,0.881,52,4,9167,0
CUST-10627,0.772,54,4,162622,2
CUST-10628,0.488,63,5,44789,23
CUST-10629,0.45,58,5,20344,3
CUST-10630,0.93,37,1,29687,1
CUST-10631,0.707,75,4,33136,3
CUST-10632,0.866,80,6,14746,10
CUST-10633,0.476,74,4,21879,2
CUST-10634,0.299,48,3,11728,0
CUST-10635,0.27,45,4,6424,0
CUST-10636,0.499,68,3,5089,3
CUST-10637,0.339,85,3,40106,29
CUST-10638,1.0,87,4,20780,2
CUST-10639,0.827,51,4,38788,25
CUST-10640,0.54,55,4,16055,0
CUST-10641,0.717,35,7,62269,7
CUST-10642,0.625,50,4,23051,4
CUST-10643,0.764,97,1,37423,0
CUST-10644,0.612,67,1,7683,25
CUST-10645,0.901,30,1,16048,0
CUST-10646,0.343,46,6,5854,5
CUST-10647,0.675,66,4,16497,0
CUST-10648,0.284,76,3,1539,0
CUST-10649,0.643,85,5,4761,3
CUST-10650,0.992,41,5,33444,7
CUST-10651,0.349,29,5,53277,7
CUST-10652,0.78,48,4,23425,1
CUST-10653,1.0,91,2,11848,2
CUST-10654,0.787,42,4,3569,10
CUST-10655,1.0,66,3,8064,16
CUST-10656,0.8,100,5,4492,7
CUST-10657,1.0,100,4,1656,0
CUST-10658,0.468,100,3,25468,0
CUST-10659,0.53,86,0,9709,10
CUST-10660,0.609,100,4,67357,3
CUST-10661,0.798,100,0,2191,14
CUST-10662,0.939,98,5,22184,3
CUST-10663,0.551,49,6,27918,4
CUST-10664,0.63,35,4,32345,0
CUST-10665,0.373,100,5,36307,8
CUST-10666,0.547,65,4,10626,1
CUST-10667,1.0,60,3,15834,3
CUST-10668,0.298,89,4,14279,0
CUST-10669,0.884,100,6,22384,13
CUST-10670,0.814,75,4,10094,6
CUST-10671,0.611,97,4,12630,1
CUST-10672,0.508,56,3,905,7
CUST-10673,0.561,61,4,12051,14
CUST-10674,0.772,68,5,6134,2
CUST-10675,0.71,72,6,2724,2
CUST-10676,0.644,56,3,45892,0
CUST-10677,0.382,46,3,9279,2
CUST-10678,0.49,64,2,6587,2
CUST-10679,0.67,75,3,39748,3
CUST-10680,0.498,99,3,20853,0
CUST-10681,0.45,93,5,49647,0
CUST-10682,0.714,93,1,46748,10
CUST-10683,0.755,35,2,34020,0
CUST-10684,0.663,90,7,26443,1
CUST-10685,0.554,100,6,20703,3
CUST-10686,0.851,52,7,41044,1
CUST-10687,0.509,67,4,50780,4
CUST-10688,0.189,73,4,14410,3
CUST-10689,0.534,52,6,13546,14
CUST-10690,0.39,84,6,8766,1
CUST-10691,0.928,100,2,9170,4
CUST-10692,0.634,79,4,3159,0
CUST-10693,0.815,43,3,46901,8
CUST-10694,0.748,86,1,22373,5
CUST-10695,0.597,80,4,26038,10
CUST-10696,0.366,87,3,23196,3
CUST-10697,0.867,62,2,9786,0
CUST-10698,0.699,94,4,35619,0
CUST-10699,0.222,43,7,56389,4
CUST-10700,0.632,47,3,54494,0
CUST-10701,0.728,58,7,3212,11
CUST-10702,0.564,46,5,1624,4
CUST-10703,0.905,29,6,10206,11
CUST-10704,0.713,63,7,6013,1
CUST-10705,0.472,74,4,92407,1
CUST-10706,0.744,50,6,19268,4
CUST-10707,0.6,50,5,28765,4
CUST-10708,0.638,72,4,20633,15
CUST-10709,0.678,77,4,10061,0
CUST-10710,0.822,79,6,62100,1
CUST-10711,1.0,57,4,4295,3
CUST-10712,0.824,83,2,1441,1
CUST-10713,0.618,58,2,4272,4
CUST-10714,0.735,73,5,12842,7
CUST-10715,0.797,52,5,49699,3
CUST-10716,0.824,100,4,13275,22
CUST-10717,0.374,78,5,5494,2
CUST-10718,0.668,20,4,11573,4
CUST-10719,0.61,68,7,39384,7
CUST-10720,0.775,34,4,15747,0
CUST-10721,0.79,10,3,38176,3
CUST-10722,0.567,62,4,11149,4
CUST-10723,0.57,90,4,15681,4
CUST-10724,0.164,62,5,8551,17
CUST-10725,0.578,79,6,32359,0
CUST-10726,0.847,70,4,3588,3
CUST-10727,0.565,52,5,35699,0
CUST-10728,0.598,53,5,6723,0
CUST-10729,0.784,76,6,4795,4
CUST-10730,0.651,59,2,42870,8
CUST-10731,0.81,48,4,111533,4
CUST-10732,0.729,67,4,14066,0
CUST-10733,0.944,89,3,36463,1
CUST-10734,0.387,81,3,28133,2
CUST-10735,0.79,43,5,25426,3
CUST-10736,0.684,100,3,10929,6
CUST-10737,0.603,54,5,27786,1
CUST-10738,0.737,37,6,78462,0
CUST-10739,0.422,83,4,5355,2
CUST-10740,0.772,50,6,20029,8
CUST-10741,0.974,59,4,71313,10
CUST-10742,0.619,72,5,33410,22
CUST-10743,0.971,68,2,35494,3
CUST-10744,0.358,82,3,6109,0
CUST-10745,0.506,75,6,6343,12
CUST-10746,0.415,66,2,12290,4
CUST-10747,0.632,95,2,69189,2
CUST-10748,0.988,52,0,42524,13
CUST-10749,0.937,43,5,16197,4
CUST-10750,0.345,58,0,6377,14
CUST-10751,0.406,74,5,13310,2
CUST-10752,0.868,98,2,24576,13
CUST-10753,0.757,63,3,18283,6
CUST-10754,0.786,74,3,4752,1
CUST-10755,0.711,74,3,25070,1
CUST-10756,0.583,61,1,44952,8
CUST-10757,0.912,75,2,2557,6
CUST-10758,0.488,78,7,16751,18
CUST-10759,1.0,63,3,54122,2
CUST-10760,1.0,51,1,25201,4
CUST-10761,0.583,94,6,7854,1
CUST-10762,0.409,54,5,6596,12
CUST-10763,1.0,46,4,6487,4
CUST-10764,0.903,59,5,3184,6
CUST-10765,0.698,61,5,4145,3
CUST-10766,0.725,75,6,1514,3
CUST-10767,0.954,63,3,43593,6
CUST-10768,0.973,59,3,14448,2
CUST-10769,0.608,67,5,49822,13
CUST-10770,0.808,52,3,52427,2
CUST-10771,0.641,41,2,6087,3
CUST-10772,0.282,38,4,1271,1
CUST-10773,0.839,81,7,76276,7
CUST-10774,0.645,63,7,5027,5
CUST-10775,0.757,76,5,27780,9
CUST-10776,0.672,64,4,27624,7
CUST-10777,0.724,83,7,17144,3
CUST-10778,0.698,54,3,154039,8
CUST-10779,0.322,61,5,7346,8
CUST-10780,0.748,95,2,18699,27
CUST-10781,0.665,85,2,30102,1
CUST-10782,0.326,84,5,44255,1
CUST-10783,0.863,44,3,2909,4
CUST-10784,0.748,45,4,59007,1
CUST-10785,1.0,42,4,52667,16
CUST-10786,0.344,51,5,29177,12
CUST-10787,0.605,66,2,28689,13
CUST-10788,0.364,48,0,4447,3
CUST-10789,0.4,51,6,9764,9
CUST-10790,0.875,92,5,29221,8
CUST-10791,0.766,43,4,40709,2
CUST-10792,0.572,52,6,15379,5
CUST-10793,0.757,57,6,27055,2
CUST-10794,0.434,80,1,23459,3
CUST-10795,0.71,46,3,5537,9
CUST-10796,0.854,53,3,5021,13
CUST-10797,0.694,43,5,30915,10
CUST-10798,0.842,29,3,13250,8
CUST-10799,0.65,21,2,11892,3
CUST-10800,0.913,36,5,15440,8
CUST-10801,0.46,58,5,28766,1
CUST-10802,0.594,56,4,63520,1
CUST-10803,0.46,21,6,10737,5
CUST-10804,0.258,84,5,23576,3
CUST-10805,0.837,52,4,35946,4
CUST-10806,0.728,76,4,1989,8
CUST-10807,0.437,21,4,86983,16
CUST-10808,0.389,75,4,30870,2
CUST-10809,0.727,77,2,16983,6
CUST-10810,0.406,52,2,29298,8
CUST-10811,0.999,79,6,60402,1
CUST-10812,0.521,64,5,24432,0
CUST-10813,0.05,66,3,5741,8
CUST-10814,0.431,91,6,50953,0
CUST-10815,0.568,66,5,83774,4
CUST-10816,0.805,61,5,13745,21
CUST-10817,0.488,60,2,26025,22
CUST-10818,0.515,36,1,43005,0
CUST-10819,0.644,74,7,7424,4
CUST-10820,0.654,93,3,67430,5
CUST-10821,0.946,100,1,15772,14
CUST-10822,0.491,65,7,36739,16
CUST-10823,0.994,27,3,17371,13
CUST-10824,0.696,36,3,1304,1
CUST-10825,0.401,34,2,8672,1
CUST-10826,0.515,88,3,40984,1
CUST-10827,1.0,77,3,62102,0
CUST-10828,0.628,57,5,21486,0
CUST-10829,0.672,74,7,21750,30
CUST-10830,0.794,49,1,30067,6
CUST-10831,0.631,30,5,19353,2
CUST-10832,0.788,33,6,77706,2
CUST-10833,1.0,97,2,23429,0
CUST-10834,0.458,51,4,8848,0
CUST-10835,0.708,57,3,7276,1
CUST-10836,0.26,63,1,42641,18
CUST-10837,0.865,56,4,7347,0
CUST-10838,0.978,40,1,36945,0
CUST-10839,0.726,82,2,5992,6
CUST-10840,0.716,43,4,83885,0
CUST-10841,0.695,45,2,8950,11
CUST-10842,0.923,57,6,19585,9
CUST-10843,0.491,75,2,37643,8
CUST-10844,0.629,25,2,5343,10
CUST-10845,0.455,59,3,18282,9
CUST-10846,0.744,55,4,5015,5
CUST-10847,0.485,82,3,26320,5
CUST-10848,0.7,94,5,79200,5
CUST-10849,0.385,79,4,18604,33
CUST-10850,0.729,43,4,5175,1
CUST-10851,0.38,54,2,4114,9
CUST-10852,0.608,39,4,4315,0
CUST-10853,0.952,91,5,58093,2
CUST-10854,0.553,62,3,16892,15
CUST-10855,0.9,100,5,4764,12
CUST-10856,0.778,72,2,4613,15
CUST-10857,0.503,66,4,5850,8
CUST-10858,0.716,69,4,2283,12
CUST-10859,0.704,39,0,3912,0
CUST-10860,0.493,57,2,4210,12
CUST-10861,0.688,89,5,45664,6
CUST-10862,0.497,58,5,30276,3
CUST-10863,0.596,69,7,14796,2
CUST-10864,0.79,69,1,18364,5
CUST-10865,0.649,80,3,16612,28
CUST-10866,0.946,89,5,13917,3
CUST-10867,0.716,69,5,11413,7
CUST-10868,0.368,86,3,2357,17
CUST-10869,0.353,58,3,26534,7
CUST-10870,0.538,95,4,14932,9
CUST-10871,0.933,79,3,19849,13
CUST-10872,0.911,98,5,15171,4
CUST-10873,0.679,53,5,9114,8
CUST-10874,0.736,64,5,7005,9
CUST-10875,1.0,66,6,12823,1
CUST-10876,0.856,93,5,53970,0
CUST-10877,0.567,78,5,119715,1
CUST-10878,0.777,66,4,18168,5
CUST-10879,0.5,78,4,8369,6
CUST-10880,0.316,67,7,38684,0
CUST-10881,0.966,51,5,34223,0
CUST-10882,0.811,86,1,4532,14
CUST-10883,0.422,66,2,7246,33
CUST-10884,0.456,73,3,9177,0
CUST-10885,1.0,73,2,35538,12
CUST-10886,0.623,73,5,16329,5
CUST-10887,1.0,42,4,20216,2
CUST-10888,0.725,75,4,29189,16
CUST-10889,0.756,41,4,19210,7
CUST-10890,0.73,99,3,42257,2
CUST-10891,0.896,83,3,52135,3
CUST-10892,0.292,59,5,10316,4
CUST-10893,0.632,50,5,7820,2
CUST-10894,0.934,78,2,15275,0
CUST-10895,0.73,71,3,78709,10
CUST-10896,0.863,85,4,25146,2
CUST-10897,0.791,66,3,65184,5
CUST-10898,0.813,46,5,4886,7
CUST-10899,0.687,88,4,1125,0
CUST-10900,0.962,37,2,22741,5
CUST-10901,0.647,50,4,65941,5
CUST-10902,0.895,45,4,10930,12
CUST-10903,0.258,43,5,42214,3
CUST-10904,0.504,100,5,26710,3
CUST-10905,0.983,43,4,24100,9
CUST-10906,0.427,90,5,10285,0
CUST-10907,0.608,37,5,46503,0
CUST-10908,0.351,59,5,39634,3
CUST-10909,1.0,83,4,1018,6
CUST-10910,0.477,48,5,12168,0
CUST-10911,0.584,64,5,62438,10
CUST-10912,0.589,84,5,14028,4
CUST-10913,0.332,50,5,3325,1
CUST-10914,0.698,32,2,24430,1
CUST-10915,0.126,56,4,81637,7
CUST-10916,0.925,63,5,10013,6
CUST-10917,0.155,46,3,2613,0
CUST-10918,0.938,50,3,59392,6
CUST-10919,0.488,100,7,31729,12
CUST-10920,0.432,100,4,3932,7
CUST-10921,0.636,21,5,24232,8
CUST-10922,0.698,68,4,29976,0
CUST-10923,0.731,99,5,71555,5
CUST-10924,0.845,86,3,35248,1
CUST-10925,0.594,82,2,39405,5
CUST-10926,0.648,74,5,44706,4
CUST-10927,0.409,56,5,1893,4
CUST-10928,0.679,57,3,3530,10
CUST-10929,0.644,69,4,42615,0
CUST-10930,0.817,45,4,45697,0
CUST-10931,0.266,79,4,1979,0
CUST-10932,0.821,69,3,3096,2
CUST-10933,0.454,65,3,20769,22
CUST-10934,0.798,76,4,23600,4
CUST-10935,0.674,48,4,17524,0
CUST-10936,0.552,65,4,47811,0
CUST-10937,0.592,32,6,14809,14
CUST-10938,0.503,69,5,34520,7
CUST-10939,0.869,33,4,8886,7
CUST-10940,0.968,100,6,34991,0
CUST-10941,0.846,41,3,19817,0
CUST-10942,0.614,73,5,1823,6
CUST-10943,0.544,71,5,31677,9
CUST-10944,0.791,39,2,5843,5
CUST-10945,0.519,74,4,14491,2
CUST-10946,0.93,81,3,19556,3
CUST-10947,0.472,68,7,3458,1
CUST-10948,0.658,73,5,17941,20
CUST-10949,1.0,68,2,21255,0
CUST-10950,1.0,59,6,26376,8
CUST-10951,0.682,80,6,35095,7
CUST-10952,1.0,100,5,9854,4
CUST-10953,0.603,84,2,92891,9
CUST-10954,0.947,100,2,11193,3
CUST-10955,0.689,65,5,22558,15
CUST-10956,0.334,70,2,31856,2
CUST-10957,0.386,78,5,10739,0
CUST-10958,0.399,95,7,13595,15
CUST-10959,0.822,35,3,54717,0
CUST-10960,0.598,60,3,24690,3
CUST-10961,0.711,40,5,59471,1
CUST-10962,0.812,71,2,2270,19
CUST-10963,0.627,71,4,30502,2
CUST-10964,0.151,62,3,9747,6
CUST-10965,0.74,100,4,5675,0
CUST-10966,0.784,39,4,37603,14
CUST-10967,0.914,66,2,26185,2
CUST-10968,0.894,88,3,790,2
CUST-10969,0.665,92,2,11130,9
CUST-10970,0.512,67,2,81131,5
CUST-10971,0.283,92,5,21494,5
CUST-10972,0.862,77,6,9678,3
CUST-10973,0.213,81,3,17427,4
CUST-10974,0.723,59,3,13806,3
CUST-10975,0.426,78,3,14458,5
CUST-10976,1.0,99,6,42365,3
CUST-10977,0.752,52,4,2879,3
CUST-10978,0.761,82,3,15596,3
CUST-10979,0.801,58,5,19869,14
CUST-10980,0.825,64,5,67836,16
CUST-10981,0.777,57,3,29850,4
CUST-10982,0.966,45,2,32195,17
CUST-10983,0.582,92,6,665,4
CUST-10984,0.814,89,5,83868,1
CUST-10985,0.605,55,2,2131,12
CUST-10986,0.743,80,5,12344,5
CUST-10987,0.953,76,5,2613,3
CUST-10988,1.0,56,0,31134,3
CUST-10989,0.704,77,4,3499,0
CUST-10990,0.657,63,7,15382,1
CUST-10991,0.849,67,2,21338,2
CUST-10992,0.523,92,4,19700,3
CUST-10993,0.596,73,3,29705,3
CUST-10994,0.466,60,5,2742,2
CUST-10995,1.0,65,5,10323,6
CUST-10996,0.725,39,5,29982,2
CUST-10997,0.793,74,4,16740,0
CUST-10998,0.616,53,6,12823,0
CUST-10999,0.592,96,6,42579,3
CUST-11000,0.724,51,3,19111,6
CUST-11001,1.0,56,4,7783,1
CUST-11002,0.543,66,4,73215,0
CUST-11003,0.667,63,5,6508,0
CUST-11004,0.661,98,3,28874,0
CUST-11005,0.831,78,6,5036,2
CUST-11006,0.528,87,7,26976,1
CUST-11007,0.884,49,3,65213,7
CUST-11008,0.714,55,6,11032,6
CUST-11009,0.584,72,2,9199,1
CUST-11010,1.0,94,5,44547,4
CUST-11011,0.707,82,4,24501,7
CUST-11012,0.753,58,3,47872,7
CUST-11013,0.626,39,1,5988,0
CUST-11014,0.491,59,6,3547,0
CUST-11015,0.638,73,5,1863,0
CUST-11016,0.475,97,3,86384,7
CUST-11017,1.0,65,3,21230,0
CUST-11018,1.0,76,4,24501,16
CUST-11019,0.553,66,5,17231,1
CUST-11020,0.437,68,3,69970,0
CUST-11021,0.556,41,6,9995,38
CUST-11022,0.551,55,6,101645,7
CUST-11023,0.825,27,6,23103,5
CUST-11024,0.847,45,4,8023,2
CUST-11025,0.381,55,4,802,0
CUST-11026,0.602,58,4,16368,6
CUST-11027,1.0,74,3,560,0
CUST-11028,0.869,58,3,14932,3
CUST-11029,1.0,82,3,21475,3
CUST-11030,0.861,66,3,14860,2
CUST-11031,0.798,67,4,2257,3
CUST-11032,0.903,34,4,11205,10
CUST-11033,0.586,76,5,17446,2
CUST-11034,0.317,75,3,986,6
CUST-11035,0.961,64,3,3390,14
CUST-11036,0.964,50,5,6123,3
CUST-11037,0.803,92,5,25234,0
CUST-11038,0.921,70,4,136706,0
CUST-11039,0.927,98,4,4300,21
CUST-11040,0.406,41,3,22044,3
CUST-11041,0.494,78,3,2106,10
CUST-11042,0.693,32,6,40239,27
CUST-11043,0.271,78,1,16184,41
CUST-11044,0.609,92,1,35687,11
CUST-11045,0.667,69,5,28268,3
CUST-11046,0.346,91,4,32913,10
CUST-11047,0.836,51,4,68111,16
CUST-11048,0.381,62,5,706,0
CUST-11049,0.834,75,1,5594,1
CUST-11050,0.412,51,4,8664,2
CUST-11051,1.0,56,5,16646,11
CUST-11052,0.382,43,4,76572,10
CUST-11053,0.919,100,2,3746,4
CUST-11054,0.502,48,3,16915,5
CUST-11055,0.506,87,3,18899,6
CUST-11056,0.884,56,6,4857,2
CUST-11057,0.774,63,3,13044,13
CUST-11058,0.277,80,6,22380,5
CUST-11059,0.333,55,2,67546,21
CUST-11060,0.932,40,3,39795,4
CUST-11061,0.411,75,6,25283,0
CUST-11062,0.43,66,3,3436,1
CUST-11063,0.665,100,7,23800,5
CUST-11064,1.0,67,4,3987,3
CUST-11065,0.752,73,1,3556,4
CUST-11066,0.682,71,3,24687,1
CUST-11067,0.339,56,5,637,4
CUST-11068,0.776,54,5,16389,5
CUST-11069,0.608,60,3,25443,1
CUST-11070,0.606,20,5,70596,3
CUST-11071,0.56,60,3,16723,4
CUST-11072,0.417,46,7,2704,7
CUST-11073,0.558,80,4,43239,4
CUST-11074,0.797,53,4,24635,17
CUST-11075,1.0,40,5,25775,12
CUST-11076,0.725,100,5,1958,7
CUST-11077,0.973,80,4,88842,3
CUST-11078,0.587,72,4,10879,3
CUST-11079,0.913,61,5,9234,9
CUST-11080,0.819,90,5,33041,0
CUST-11081,0.526,100,4,5815,3
CUST-11082,0.62,53,4,4305,2
CUST-11083,0.367,86,3,30571,0
CUST-11084,0.6,100,5,12479,4
CUST-11085,0.704,92,5,79230,3
CUST-11086,0.851,59,5,8475,14
CUST-11087,0.931,73,6,7574,6
CUST-11088,0.829,77,6,6324,3
CUST-11089,0.707,54,6,8632,16
CUST-11090,0.985,89,3,21233,1
CUST-11091,0.964,74,6,7473,13
CUST-11092,0.664,100,4,15107,2
CUST-11093,0.831,78,1,3926,15
CUST-11094,0.821,53,2,20903,8
CUST-11095,0.54,49,5,10530,12
CUST-11096,0.911,88,5,11595,3
CUST-11097,0.552,54,3,14135,0
CUST-11098,1.0,61,4,5169,0
CUST-11099,0.3,100,2,43398,36
CUST-11100,0.544,81,4,15482,16
CUST-11101,1.0,88,6,795,12
CUST-11102,0.555,87,4,1804,6
CUST-11103,0.677,59,6,12453,2
CUST-11104,0.848,66,6,18593,1
CUST-11105,0.779,78,4,994,1
CUST-11106,0.597,62,3,70766,11
CUST-11107,0.408,38,5,1021,0
CUST-11108,0.508,79,3,27268,3
CUST-11109,0.411,66,5,6051,4
CUST-11110,1.0,63,2,61977,2
CUST-11111,0.587,54,7,30588,1
CUST-11112,0.266,65,5,21933,8
CUST-11113,0.454,61,5,38319,2
CUST-11114,0.923,75,5,16863,9
CUST-11115,0.375,88,5,8989,7
CUST-11116,0.497,100,2,743,1
CUST-11117,0.459,68,4,43082,1
CUST-11118,0.898,67,4,8735,3
CUST-11119,0.695,74,5,11754,4
CUST-11120,0.574,86,2,16846,0
CUST-11121,0.853,54,2,25031,7
CUST-11122,0.842,86,5,35258,2
CUST-11123,0.908,93,5,5222,3
CUST-11124,0.75,100,2,1321,0
CUST-11125,0.924,58,3,957,1
CUST-11126,0.441,52,5,2612,7
CUST-11127,0.87,45,4,34132,0
CUST-11128,0.629,62,4,13745,10
CUST-11129,0.777,78,7,40075,6
CUST-11130,0.563,53,4,9957,8
CUST-11131,0.688,66,6,102219,13
CUST-11132,0.747,67,4,11050,2
CUST-11133,0.452,72,5,36050,6
CUST-11134,1.0,70,4,4953,0
CUST-11135,1.0,53,2,3977,1
CUST-11136,0.711,50,5,10611,6
CUST-11137,0.575,65,3,54842,5
CUST-11138,0.759,65,5,55326,8
CUST-11139,0.885,80,1,46674,1
CUST-11140,0.636,62,5,4603,7
CUST-11141,0.787,39,5,6948,1
CUST-11142,0.502,91,4,16503,17
CUST-11143,0.775,88,2,9601,2
CUST-11144,0.793,78,3,11562,8
CUST-11145,0.649,73,3,55628,1
CUST-11146,0.941,80,2,65166,0
CUST-11147,0.643,26,5,15953,4
CUST-11148,0.386,71,4,20016,1
CUST-11149,0.61,85,7,11239,6
CUST-11150,0.697,79,3,36381,6
CUST-11151,0.872,84,4,7143,2
CUST-11152,0.748,59,4,11533,6
CUST-11153,0.947,63,3,11901,4
CUST-11154,0.379,65,5,1186,6
CUST-11155,0.717,81,4,26415,5
CUST-11156,0.533,85,5,14927,0
CUST-11157,1.0,47,2,32706,15
CUST-11158,0.819,78,4,9254,1
CUST-11159,0.647,66,4,36314,9
CUST-11160,1.0,48,4,86017,1
CUST-11161,0.505,93,3,27872,5
CUST-11162,0.791,73,4,11215,0
CUST-11163,0.63,100,2,63336,5
CUST-11164,0.637,76,2,16305,11
CUST-11165,0.992,50,5,9994,2
CUST-11166,0.688,98,5,18134,1
CUST-11167,0.558,73,4,17039,7
CUST-11168,0.198,59,5,2365,1
CUST-11169,0.785,28,4,38763,0
CUST-11170,0.808,92,2,5549,1
CUST-11171,0.415,51,6,29577,4
CUST-11172,0.699,44,3,26608,1
CUST-11173,0.925,60,3,12824,8
CUST-11174,0.518,66,3,10573,9
CUST-11175,1.0,58,1,66709,8
CUST-11176,0.73,53,4,34463,4
CUST-11177,0.267,69,3,1110,2
CUST-11178,1.0,61,2,67786,6
CUST-11179,0.705,83,7,5854,1
CUST-11180,0.292,81,3,31877,3
CUST-11181,0.896,39,6,45675,0
CUST-11182,0.899,78,2,8886,4
CUST-11183,0.817,99,3,3852,15
CUST-11184,1.0,66,6,37687,14
CUST-11185,0.511,61,3,17304,3
CUST-11186,0.854,40,2,3288,5
CUST-11187,0.384,92,5,59087,8
CUST-11188,0.532,52,5,8272,11
CUST-11189,0.901,60,3,11134,4
CUST-11190,0.215,27,1,7691,6
CUST-11191,0.999,65,6,26708,4
CUST-11192,0.675,54,2,20032,13
CUST-11193,0.705,60,6,13376,18
CUST-11194,0.531,62,5,12571,1
CUST-11195,0.528,67,6,21462,1
CUST-11196,0.639,63,6,33445,1
CUST-11197,0.718,84,2,728,0
CUST-11198,0.438,76,4,10531,9
CUST-11199,0.596,76,6,9169,3
CUST-11200,0.611,71,6,13523,5
CUST-11201,0.585,71,4,3146,11
CUST-11202,0.996,38,5,12782,7
CUST-11203,0.646,76,3,2399,7
CUST-11204,0.615,28,5,10795,2
CUST-11205,0.462,46,5,48265,8
CUST-11206,0.474,72,3,3616,1
CUST-11207,0.91,76,3,27231,10
CUST-11208,0.395,34,2,1555,7
CUST-11209,1.0,47,7,9518,2
CUST-11210,0.894,86,5,35964,1
CUST-11211,0.849,72,3,3095,24
CUST-11212,0.721,89,5,33634,8
CUST-11213,0.225,60,4,9891,4
CUST-11214,0.612,60,4,6259,8
CUST-11215,0.584,86,5,24480,5
CUST-11216,1.0,44,5,3242,11
CUST-11217,0.542,100,5,22478,8
CUST-11218,0.12,52,3,5778,0
CUST-11219,0.614,75,5,6669,0
CUST-11220,0.122,63,3,50398,0
CUST-11221,1.0,79,4,794,2
CUST-11222,0.749,34,5,69670,11
CUST-11223,0.613,51,6,2959,6
CUST-11224,0.567,75,4,10372,2
CUST-11225,0.706,53,4,984,2
CUST-11226,0.675,100,5,21768,20
CUST-11227,0.961,76,4,7432,7
CUST-11228,0.859,71,1,12646,1
CUST-11229,0.719,64,2,56272,1
CUST-11230,0.866,58,4,8330,3
CUST-11231,0.679,65,5,29114,29
CUST-11232,0.495,63,4,109011,4
CUST-11233,0.943,67,3,32151,0
CUST-11234,0.45,62,5,24993,7
CUST-11235,0.727,92,1,20123,8
CUST-11236,0.79,85,4,58887,17
CUST-11237,0.465,96,3,13713,0
CUST-11238,0.615,68,4,2449,1
CUST-11239,0.996,77,3,9395,0
CUST-11240,0.615,57,2,4816,2
CUST-11241,0.764,77,5,32384,3
CUST-11242,1.0,77,3,6868,19
CUST-11243,0.759,43,3,14200,2
CUST-11244,0.429,80,3,1569,11
CUST-11245,0.761,82,6,1284,1
CUST-11246,0.622,74,5,34212,6
CUST-11247,0.98,34,3,28424,9
CUST-11248,0.672,58,5,3523,16
CUST-11249,0.264,83,4,42948,1
CUST-11250,0.615,68,4,9450,4
CUST-11251,0.864,40,2,46259,9
CUST-11252,1.0,47,6,118868,4
CUST-11253,0.274,72,4,4897,4
CUST-11254,0.89,72,5,68640,0
CUST-11255,0.639,61,5,2611,19
CUST-11256,1.0,40,2,28183,0
CUST-11257,0.759,67,5,5130,3
CUST-11258,0.526,64,2,56622,11
CUST-11259,0.692,69,3,7503,4
CUST-11260,0.49,45,5,13071,0
CUST-11261,1.0,54,4,29643,0
CUST-11262,0.846,43,4,3824,1
CUST-11263,0.305,63,4,1009,0
CUST-11264,0.591,62,4,3155,0
CUST-11265,0.759,70,3,28243,5
CUST-11266,0.417,71,3,107537,2
CUST-11267,0.904,77,4,21449,7
CUST-11268,0.905,63,4,7384,6
CUST-11269,0.879,70,5,77599,2
CUST-11270,0.681,23,2,65004,14
CUST-11271,0.914,63,4,2538,4
CUST-11272,0.597,74,5,32864,3
CUST-11273,1.0,50,5,6538,14
CUST-11274,0.699,55,5,55607,6
CUST-11275,0.515,95,6,5777,9
CUST-11276,0.527,45,2,77452,1
CUST-11277,0.7,53,6,21816,0
CUST-11278,0.642,39,6,1265,0
CUST-11279,0.853,84,5,7248,1
CUST-11280,0.799,98,5,42194,2
CUST-11281,0.915,59,4,50918,2
CUST-11282,0.899,38,6,7855,19
CUST-11283,1.0,60,4,47969,13
CUST-11284,0.973,69,4,11806,1
CUST-11285,1.0,76,1,5062,1
CUST-11286,0.912,81,1,11996,0
CUST-11287,0.548,46,5,36479,1
CUST-11288,0.699,48,6,5864,12
CUST-11289,1.0,46,6,7638,8
CUST-11290,0.549,77,2,9208,2
CUST-11291,0.562,53,5,513,0
CUST-11292,0.314,76,4,3339,8
CUST-11293,0.913,51,6,5719,10
CUST-11294,0.9,59,4,5448,6
CUST-11295,0.567,62,3,56026,8
CUST-11296,0.457,76,2,43328,2
CUST-11297,1.0,72,4,28567,1
CUST-11298,0.711,77,4,102926,10
CUST-11299,0.729,50,4,4182,2
CUST-11300,0.73,75,4,34151,14
CUST-11301,0.678,69,4,7464,34
CUST-11302,0.96,43,3,23978,2
CUST-11303,0.774,73,6,24759,10
CUST-11304,0.209,70,4,20639,2
CUST-11305,0.461,43,7,41436,4
CUST-11306,0.707,83,4,20913,2
CUST-11307,0.921,81,4,6816,0
CUST-11308,0.762,92,3,19106,5
CUST-11309,0.326,60,6,28714,10
CUST-11310,0.595,81,6,54739,9
CUST-11311,0.322,73,4,14950,11
CUST-11312,0.699,74,4,48584,10
CUST-11313,0.395,60,4,18325,3
CUST-11314,0.898,41,3,25321,1
CUST-11315,1.0,58,5,947,5
CUST-11316,0.785,58,1,2412,33
CUST-11317,0.496,47,1,9302,16
CUST-11318,0.778,78,5,29312,1
CUST-11319,0.79,72,7,100788,4
CUST-11320,0.679,68,4,201085,12
CUST-11321,0.604,71,5,49497,2
CUST-11322,0.857,50,2,5947,2
CUST-11323,0.799,100,2,5202,0
CUST-11324,0.365,52,4,611,13
CUST-11325,0.716,100,3,48099,5
CUST-11326,0.555,82,1,9547,9
CUST-11327,1.0,84,6,12157,1
CUST-11328,0.996,69,5,888,38
CUST-11329,0.715,85,5,10697,4
CUST-11330,0.841,82,2,27677,16
CUST-11331,0.442,28,3,56770,6
CUST-11332,0.571,65,3,2329,5
CUST-11333,0.991,44,2,16808,7
CUST-11334,0.612,63,3,30372,19
CUST-11335,0.676,42,5,5513,1
CUST-11336,0.545,46,4,2098,9
CUST-11337,0.897,53,1,11419,1
CUST-11338,0.429,56,3,23424,1
CUST-11339,0.697,100,6,41916,1
CUST-11340,0.821,67,4,8160,8
CUST-11341,0.85,82,7,30419,5
CUST-11342,0.132,79,4,8295,0
CUST-11343,0.926,45,3,8199,7
CUST-11344,0.753,67,4,10130,1
CUST-11345,0.826,65,2,10930,8
CUST-11346,0.873,50,5,25932,6
CUST-11347,0.346,56,3,7562,5
CUST-11348,0.708,51,4,29515,3
CUST-11349,0.558,83,2,34202,1
CUST-11350,0.913,40,5,15995,2
CUST-11351,0.758,65,4,11663,1
CUST-11352,0.563,57,3,32227,4
CUST-11353,0.671,85,6,59461,0
CUST-11354,0.594,47,5,59869,12
CUST-11355,0.696,82,3,12592,16
CUST-11356,0.599,60,5,43568,1
CUST-11357,0.87,74,5,26857,5
CUST-11358,0.598,97,4,34968,1
CUST-11359,0.459,82,2,8355,1
CUST-11360,0.51,30,0,61413,6
CUST-11361,0.616,40,2,17976,0
CUST-11362,0.922,82,3,19734,0
CUST-11363,0.779,66,6,4813,7
CUST-11364,0.533,61,1,75504,2
CUST-11365,0.649,80,4,13010,2
CUST-11366,0.567,81,5,19765,4
CUST-11367,0.645,92,5,70539,9
CUST-11368,0.801,75,1,5904,0
CUST-11369,0.469,63,4,72860,2
CUST-11370,0.237,78,4,72189,0
CUST-11371,0.659,86,2,51747,1
CUST-11372,0.512,27,2,16089,0
CUST-11373,0.686,54,2,3649,10
CUST-11374,0.84,53,1,26404,0
CUST-11375,0.127,63,3,13981,3
CUST-11376,0.781,63,3,18768,0
CUST-11377,0.361,73,4,12850,8
CUST-11378,0.983,72,4,9204,0
CUST-11379,0.905,43,5,46941,5
CUST-11380,0.745,90,3,17982,0
CUST-11381,0.917,82,7,35691,7
CUST-11382,0.58,71,4,43092,3
CUST-11383,1.0,41,6,34533,1
CUST-11384,0.51,80,2,8665,10
CUST-11385,0.928,79,6,64895,1
CUST-11386,0.497,47,2,30351,1
CUST-11387,0.433,79,1,5871,2
CUST-11388,0.89,59,2,5874,7
CUST-11389,0.737,62,3,13014,9
CUST-11390,0.541,66,4,28105,6
CUST-11391,0.851,60,4,24354,5
CUST-11392,0.507,79,5,673,11
CUST-11393,0.904,92,2,39212,1
CUST-11394,0.733,23,1,122474,8
CUST-11395,0.846,84,2,14789,11
CUST-11396,0.475,56,2,17420,2
CUST-11397,0.564,79,2,2444,4
CUST-11398,0.847,21,5,2634,2
CUST-11399,0.3,60,2,13201,5
CUST-11400,0.434,100,5,85416,1
CUST-11401,0.424,65,4,13814,2
CUST-11402,0.694,93,4,35323,2
CUST-11403,0.675,86,5,7279,4
CUST-11404,0.939,69,4,4180,5
CUST-11405,0.799,61,1,43371,4
CUST-11406,0.305,70,5,7168,2
CUST-11407,0.88,56,6,13419,2
CUST-11408,0.599,48,4,15822,1
CUST-11409,1.0,67,3,13658,1
CUST-11410,0.56,80,5,600,0
CUST-11411,0.359,60,3,19261,6
CUST-11412,0.463,52,3,28855,16
CUST-11413,0.78,63,4,98000,1
CUST-11414,0.672,32,4,20371,3
CUST-11415,0.573,74,4,52869,2
CUST-11416,0.444,61,2,35047,2
CUST-11417,0.859,66,5,46239,5
CUST-11418,0.494,86,1,987,7
CUST-11419,0.709,57,2,8874,1
CUST-11420,0.657,57,4,995,16
CUST-11421,0.517,58,4,59325,5
CUST-11422,0.888,72,5,52680,2
CUST-11423,0.769,49,1,29549,2
CUST-11424,0.635,73,4,4642,11
CUST-11425,0.824,80,3,9283,16
CUST-11426,0.676,51,4,11327,5
CUST-11427,0.581,85,1,5201,7
CUST-11428,0.825,65,2,32277,10
CUST-11429,0.999,55,5,13988,3
CUST-11430,0.356,49,3,3946,1
CUST-11431,0.604,25,4,44677,0
CUST-11432,0.642,54,6,65344,4
CUST-11433,0.647,38,4,15499,15
CUST-11434,0.413,58,4,23318,3
CUST-11435,0.236,77,6,27844,11
CUST-11436,0.632,75,6,4441,11
CUST-11437,0.882,77,3,4902,8
CUST-11438,0.622,47,3,104696,0
CUST-11439,0.55,100,3,2984,0
CUST-11440,0.785,49,4,81912,2
CUST-11441,0.764,30,2,1712,10
CUST-11442,0.49,41,4,20108,0
CUST-11443,0.753,59,4,36354,1
CUST-11444,1.0,83,6,36622,1
CUST-11445,0.391,98,5,11542,1
CUST-11446,0.773,64,3,2658,1
CUST-11447,0.636,67,2,11175,11
CUST-11448,0.684,88,4,26177,1
CUST-11449,0.916,84,3,5264,0
CUST-11450,0.746,77,3,48228,0
CUST-11451,0.687,99,6,13276,14
CUST-11452,1.0,88,4,40367,1
CUST-11453,0.748,79,5,86636,16
CUST-11454,0.66,38,4,16076,0
CUST-11455,0.855,94,2,38005,3
CUST-11456,0.735,57,4,66425,2
CUST-11457,0.882,72,5,82084,9
CUST-11458,0.846,62,2,1676,2
CUST-11459,0.804,78,6,19223,0
CUST-11460,0.44,63,4,53410,2
CUST-11461,0.696,69,7,3982,27
CUST-11462,0.746,13,2,6783,1
CUST-11463,0.817,43,3,65726,7
CUST-11464,0.476,84,2,4052,6
CUST-11465,0.796,46,5,11363,0
CUST-11466,0.851,77,3,32921,1
CUST-11467,0.688,98,3,59290,3
CUST-11468,0.705,79,4,49765,4
CUST-11469,0.468,74,7,20244,2
CUST-11470,0.557,50,6,44650,1
CUST-11471,0.644,24,6,21653,6
CUST-11472,0.791,63,2,28207,11
CUST-11473,0.963,74,4,23131,3
CUST-11474,0.637,59,6,41130,4
CUST-11475,0.694,81,5,22128,1
CUST-11476,0.479,58,4,40147,8
CUST-11477,0.692,84,2,17764,5
CUST-11478,0.967,17,4,19075,0
CUST-11479,0.379,61,6,13826,6
CUST-11480,0.593,47,6,105870,4
CUST-11481,0.735,61,3,1421,11
CUST-11482,0.711,62,5,2451,5
CUST-11483,0.341,71,5,39920,2
CUST-11484,0.317,98,6,9298,2
CUST-11485,0.505,86,3,5170,2
CUST-11486,1.0,48,4,3048,11
CUST-11487,0.748,60,3,52190,1
CUST-11488,0.624,100,3,14099,2
CUST-11489,0.866,51,2,10251,18
CUST-11490,0.199,100,4,27003,7
CUST-11491,0.7,62,1,5585,6
CUST-11492,0.973,52,3,16427,1
CUST-11493,0.405,63,3,20180,6
CUST-11494,0.702,12,5,2866,3
CUST-11495,1.0,71,2,35978,5
CUST-11496,0.552,55,4,14678,1
CUST-11497,0.59,56,6,28171,6
CUST-11498,0.876,72,3,108168,1
CUST-11499,0.992,74,2,8692,2
CUST-11500,0.249,75,2,4121,0
CUST-11501,0.534,68,4,32668,3
CUST-11502,0.364,38,5,6557,2
CUST-11503,0.562,74,4,1824,5
CUST-11504,0.535,64,6,26226,10
CUST-11505,1.0,87,2,34497,1
CUST-11506,0.674,74,6,18031,0
CUST-11507,0.881,49,3,18778,1
CUST-11508,0.307,75,6,1219,1
CUST-11509,0.817,69,6,3757,6
CUST-11510,0.728,100,2,11124,15
CUST-11511,0.396,57,2,14639,3
CUST-11512,1.0,67,1,27851,6
CUST-11513,0.96,59,4,41137,4
CUST-11514,0.578,52,5,73086,3
CUST-11515,0.966,70,4,7856,2
CUST-11516,0.565,48,4,3389,5
CUST-11517,0.968,85,4,49589,0
CUST-11518,0.809,57,6,64317,2
CUST-11519,0.948,90,3,47799,0
CUST-11520,0.458,76,6,39452,5
CUST-11521,0.668,59,5,5920,1
CUST-11522,0.775,72,5,33051,4
CUST-11523,0.717,89,5,2862,1
CUST-11524,0.811,62,4,64878,4
CUST-11525,0.808,93,4,20246,3
CUST-11526,0.556,71,5,15799,7
CUST-11527,1.0,91,4,925,1
CUST-11528,1.0,90,4,18838,3
CUST-11529,0.526,88,5,15916,3
CUST-11530,0.806,100,4,21852,0
CUST-11531,0.94,62,6,32240,3
CUST-11532,0.632,46,2,3803,7
CUST-11533,0.563,51,5,17589,3
CUST-11534,0.406,50,4,45290,3
CUST-11535,0.655,67,7,2731,10
CUST-11536,0.857,48,7,16428,7
CUST-11537,0.761,73,5,44574,3
CUST-11538,1.0,22,5,44718,14
CUST-11539,0.503,16,5,44936,8
CUST-11540,0.782,85,3,35048,5
CUST-11541,0.758,68,4,4453,0
CUST-11542,0.688,44,5,23505,20
CUST-11543,0.379,36,2,11223,0
CUST-11544,1.0,65,5,17705,12
CUST-11545,0.979,53,5,29185,3
CUST-11546,0.891,72,5,50816,0
CUST-11547,0.739,60,5,29892,3
CUST-11548,0.548,78,3,20377,2
CUST-11549,0.526,57,6,27532,17
CUST-11550,0.39,79,3,5953,5
CUST-11551,0.385,26,6,9216,3
CUST-11552,0.488,53,6,26630,2
CUST-11553,0.334,59,4,27829,3
CUST-11554,0.416,73,6,36927,1
CUST-11555,0.618,88,3,18346,9
CUST-11556,0.812,97,5,21556,3
CUST-11557,0.7,52,5,43345,9
CUST-11558,1.0,68,4,59600,3
CUST-11559,1.0,71,5,14388,0
CUST-11560,0.86,59,1,17304,2
CUST-11561,0.332,20,4,60544,4
CUST-11562,0.811,86,5,2782,3
CUST-11563,0.629,72,1,9418,7
CUST-11564,0.734,74,6,55349,1
CUST-11565,0.33,100,4,27269,3
CUST-11566,0.877,95,2,9870,2
CUST-11567,0.815,79,5,7781,0
CUST-11568,0.594,96,3,822,3
CUST-11569,0.641,93,2,94445,1
CUST-11570,0.534,44,7,11347,0
CUST-11571,0.629,84,5,7613,0
CUST-11572,0.38,70,6,6698,9
CUST-11573,0.572,46,5,19185,5
CUST-11574,0.609,61,7,16140,0
CUST-11575,0.768,72,5,24768,6
CUST-11576,0.744,67,5,14155,12
CUST-11577,0.566,77,7,69892,14
CUST-11578,0.822,72,3,26271,1
CUST-11579,0.683,25,6,20912,16
CUST-11580,0.583,67,1,38142,3
CUST-11581,0.881,75,4,11746,27
CUST-11582,0.788,48,3,3183,2
CUST-11583,0.729,62,4,16961,5
CUST-11584,0.551,64,6,18132,7
CUST-11585,1.0,80,2,4902,2
CUST-11586,0.804,68,4,13588,4
CUST-11587,0.514,62,4,31253,20
CUST-11588,0.255,75,4,61989,11
CUST-11589,0.823,100,5,30625,6
CUST-11590,0.808,50,1,41210,3
CUST-11591,0.782,58,4,13325,1
CUST-11592,0.493,50,4,18984,5
CUST-11593,0.566,89,4,1460,5
CUST-11594,1.0,65,3,38997,5
CUST-11595,0.534,89,3,34831,2
CUST-11596,1.0,65,6,7727,2
CUST-11597,0.377,76,4,45344,4
CUST-11598,0.556,69,2,24188,11
CUST-11599,0.956,70,3,21264,1
CUST-11600,0.866,100,3,15157,37
CUST-11601,0.759,90,6,10063,0
CUST-11602,0.584,49,6,89018,2
CUST-11603,0.714,69,4,31515,3
CUST-11604,0.575,49,4,34508,1
CUST-11605,1.0,63,4,10508,5
CUST-11606,0.503,86,4,6637,7
CUST-11607,0.747,89,5,62387,7
CUST-11608,0.956,56,5,11417,15
CUST-11609,1.0,100,4,13919,9
CUST-11610,0.935,57,5,16698,7
CUST-11611,0.567,45,4,16703,20
CUST-11612,0.521,88,6,14408,0
CUST-11613,0.337,57,5,15813,7
CUST-11614,1.0,38,5,9037,4
CUST-11615,0.569,42,5,9370,0
CUST-11616,1.0,70,5,16889,1
CUST-11617,0.533,38,3,1799,8
CUST-11618,0.752,65,5,10386,1
CUST-11619,0.832,24,3,58355,0
CUST-11620,0.862,97,4,25325,19
CUST-11621,1.0,55,0,6074,0
CUST-11622,0.969,66,6,17261,5
CUST-11623,0.491,54,4,74113,10
CUST-11624,0.738,66,3,35676,2
CUST-11625,0.303,50,1,16296,0
CUST-11626,0.533,62,3,5512,19
CUST-11627,0.922,77,7,6629,0
CUST-11628,0.96,75,2,9062,4
CUST-11629,0.822,54,4,24301,7
CUST-11630,0.576,53,5,32712,2
CUST-11631,0.166,73,3,28010,1
CUST-11632,0.717,63,5,5424,4
CUST-11633,0.736,47,5,35312,12
CUST-11634,0.571,83,3,8246,1
CUST-11635,0.986,64,5,50697,1
CUST-11636,0.614,73,4,53172,10
CUST-11637,0.527,100,3,25336,0
CUST-11638,0.482,46,2,7742,2
CUST-11639,0.53,62,0,5264,9
CUST-11640,0.61,79,5,65006,0
CUST-11641,0.561,77,6,30645,1
CUST-11642,0.455,91,3,28049,8
CUST-11643,0.535,54,4,1468,1
CUST-11644,0.544,36,4,31576,2
CUST-11645,0.622,49,4,13912,11
CUST-11646,0.538,73,5,15585,7
CUST-11647,0.893,71,2,24553,15
CUST-11648,0.661,55,3,12566,0
CUST-11649,0.752,68,2,10109,1
CUST-11650,1.0,51,4,8529,2
CUST-11651,0.471,81,2,28727,11
CUST-11652,0.683,86,7,28046,2
CUST-11653,0.805,71,7,1401,11
CUST-11654,0.589,93,4,20535,4
CUST-11655,1.0,76,5,13802,6
CUST-11656,0.913,62,4,1515,11
CUST-11657,0.718,79,5,23236,0
CUST-11658,0.186,87,7,23156,2
CUST-11659,0.742,52,4,634,3
CUST-11660,0.851,78,6,3864,19
CUST-11661,0.732,71,5,2012,3
CUST-11662,0.799,45,4,6255,1
CUST-11663,0.397,48,6,30442,6
CUST-11664,0.659,59,5,13325,4
CUST-11665,0.728,83,5,64709,4
CUST-11666,0.832,54,4,25235,7
CUST-11667,0.478,51,5,100452,1
CUST-11668,0.761,54,4,23126,4
CUST-11669,0.889,69,4,11586,16
CUST-11670,0.571,49,0,13283,2
CUST-11671,0.862,73,3,15390,5
CUST-11672,1.0,95,5,8501,4
CUST-11673,1.0,78,2,14637,0
CUST-11674,0.5,86,4,142767,3
CUST-11675,0.79,50,2,3449,3
CUST-11676,1.0,40,7,1508,4
CUST-11677,0.766,81,4,54710,6
CUST-11678,0.847,92,5,764,2
CUST-11679,0.491,26,4,30103,4
CUST-11680,0.675,75,5,7812,8
CUST-11681,0.813,48,4,591,8
CUST-11682,0.222,67,3,4057,3
CUST-11683,0.771,94,4,22524,13
CUST-11684,0.802,40,6,112464,3
CUST-11685,0.893,88,3,5363,0
CUST-11686,0.352,60,4,11211,7
CUST-11687,0.693,51,2,7464,5
CUST-11688,0.864,49,3,1147,0
CUST-11689,1.0,92,4,23336,3
CUST-11690,0.657,72,5,9121,36
CUST-11691,0.268,55,4,5342,4
CUST-11692,0.772,68,7,6511,0
CUST-11693,0.92,88,4,22630,3
CUST-11694,0.482,100,5,19537,3
CUST-11695,0.56,36,5,14463,5
CUST-11696,0.862,51,6,47471,4
CUST-11697,0.714,80,3,14061,5
CUST-11698,0.761,51,2,98195,3
CUST-11699,0.45,89,6,3253,8
CUST-11700,0.929,55,1,11512,7
CUST-11701,0.907,100,5,4808,9
CUST-11702,0.924,37,3,26664,1
CUST-11703,0.539,74,5,51559,3
CUST-11704,0.717,58,3,29072,7
CUST-11705,0.264,100,3,9345,3
CUST-11706,0.911,82,6,7961,10
CUST-11707,0.498,94,5,16711,1
CUST-11708,0.271,44,2,36091,0
CUST-11709,0.559,70,4,51327,0
CUST-11710,0.773,43,4,58139,0
CUST-11711,1.0,64,5,49920,6
CUST-11712,0.763,84,5,4907,6
CUST-11713,0.845,44,3,69095,0
CUST-11714,1.0,64,4,30633,18
CUST-11715,0.267,14,4,13724,2
CUST-11716,0.919,71,3,28279,0
CUST-11717,0.583,43,6,11573,3
CUST-11718,0.918,59,4,22299,0
CUST-11719,0.844,80,7,1792,1
CUST-11720,0.588,58,5,36489,3
CUST-11721,0.746,34,2,23485,2
CUST-11722,0.813,40,4,1062,1
CUST-11723,0.694,23,4,1108,1
CUST-11724,0.441,82,2,103899,21
CUST-11725,0.748,93,6,14372,19
CUST-11726,0.37,59,4,21728,1
CUST-11727,0.634,44,6,54981,4
CUST-11728,0.911,100,4,37021,3
CUST-11729,0.614,41,3,7177,14
CUST-11730,0.913,41,4,30269,1
CUST-11731,0.659,66,4,10631,0
CUST-11732,0.475,85,6,57580,0
CUST-11733,1.0,76,3,43667,1
CUST-11734,0.744,64,4,39371,3
CUST-11735,0.958,71,3,4583,15
CUST-11736,0.527,64,5,10181,11
CUST-11737,0.617,65,2,53146,0
CUST-11738,0.823,62,7,46649,4
CUST-11739,0.855,76,6,29431,0
CUST-11740,0.811,37,6,127366,0
CUST-11741,0.445,42,0,8324,5
CUST-11742,0.586,84,4,35332,18
CUST-11743,0.563,36,4,82751,1
CUST-11744,0.888,82,7,21743,1
CUST-11745,0.556,72,4,14463,3
CUST-11746,0.479,79,4,54299,6
CUST-11747,0.912,83,4,14982,4
CUST-11748,0.556,55,4,8491,8
CUST-11749,0.495,90,2,5952,1
CUST-11750,0.591,91,3,11594,0
CUST-11751,0.634,72,4,5203,0
CUST-11752,0.667,88,4,1559,3
CUST-11753,0.447,78,4,10380,8
CUST-11754,0.658,46,4,13999,23
CUST-11755,0.362,71,5,5355,4
CUST-11756,0.578,66,3,81335,1
CUST-11757,0.655,100,4,10411,4
CUST-11758,0.864,100,6,17910,6
CUST-11759,0.603,74,4,11768,3
CUST-11760,0.873,62,4,35430,0
CUST-11761,0.76,92,5,5755,0
CUST-11762,0.744,51,4,1332,5
CUST-11763,0.851,62,5,9908,1
CUST-11764,0.346,68,5,13302,7
CUST-11765,0.993,73,3,23589,5
CUST-11766,0.737,55,0,10209,0
CUST-11767,0.385,30,2,14239,5
CUST-11768,0.467,49,7,21444,12
CUST-11769,0.686,28,6,11698,19
CUST-11770,1.0,61,4,1636,0
CUST-11771,0.624,89,5,4284,5
CUST-11772,0.619,46,6,2576,0
CUST-11773,0.354,99,6,10883,0
CUST-11774,0.543,76,6,41274,3
CUST-11775,0.961,91,4,37901,4
CUST-11776,0.933,92,7,40562,5
CUST-11777,0.82,100,3,1403,0
CUST-11778,0.656,47,5,90447,0
CUST-11779,0.896,49,6,1089,10
CUST-11780,0.6,57,6,24993,1
CUST-11781,0.562,65,6,10261,5
CUST-11782,0.989,100,6,2780,2
CUST-11783,0.936,72,5,10456,11
CUST-11784,0.581,38,5,33075,3
CUST-11785,0.614,79,5,32270,5
CUST-11786,0.344,56,4,7185,3
CUST-11787,0.485,86,3,96121,17
CUST-11788,0.744,69,5,7921,13
CUST-11789,0.159,76,2,40667,5
CUST-11790,0.742,53,3,33885,12
CUST-11791,0.827,67,4,1137,3
CUST-11792,0.867,74,6,559,2
CUST-11793,0.946,73,5,16274,0
CUST-11794,0.775,36,5,9208,1
CUST-11795,0.489,67,2,22411,14
CUST-11796,1.0,74,5,26652,1
CUST-11797,0.512,46,5,23009,6
CUST-11798,0.825,73,3,6867,2
CUST-11799,0.675,68,6,26664,2
CUST-11800,0.968,75,5,6498,15
CUST-11801,0.659,68,3,105782,5
CUST-11802,1.0,79,4,7727,1
CUST-11803,0.678,86,3,6448,1
CUST-11804,0.54,90,4,114652,5
CUST-11805,0.638,53,2,26649,7
CUST-11806,0.783,86,7,27957,1
CUST-11807,0.582,38,4,57846,2
CUST-11808,0.594,91,3,36570,1
CUST-11809,0.855,47,4,19264,10
CUST-11810,0.96,67,3,10349,4
CUST-11811,0.738,78,2,25685,1
CUST-11812,0.994,72,2,30701,0
CUST-11813,0.552,66,5,24901,11
CUST-11814,0.898,62,7,29898,5
CUST-11815,0.822,69,3,26600,6
CUST-11816,0.734,100,4,18754,9
CUST-11817,0.905,77,6,3877,2
CUST-11818,0.993,74,3,7997,5
CUST-11819,0.721,82,5,86274,13
CUST-11820,1.0,63,6,70792,30
CUST-11821,0.69,70,4,15083,5
CUST-11822,0.809,68,4,26649,9
CUST-11823,0.828,92,4,3454,3
CUST-11824,1.0,64,4,10397,8
CUST-11825,0.833,91,4,13331,8
CUST-11826,0.862,68,2,88152,8
CUST-11827,0.388,53,6,19484,2
CUST-11828,0.754,34,3,39719,4
CUST-11829,0.524,89,3,9327,2
CUST-11830,0.617,50,4,5765,1
CUST-11831,0.7,54,3,5926,24
CUST-11832,1.0,78,5,30941,6
CUST-11833,0.923,79,4,5636,1
CUST-11834,0.894,65,2,15371,5
CUST-11835,0.24,54,6,25367,1
CUST-11836,1.0,100,3,47047,0
CUST-11837,0.697,60,4,11369,6
CUST-11838,0.843,64,6,12227,0
CUST-11839,0.989,85,6,19382,3
CUST-11840,1.0,73,6,59027,5
CUST-11841,0.981,68,4,24204,0
CUST-11842,1.0,49,5,46531,0
CUST-11843,0.771,97,7,9551,1
CUST-11844,0.586,58,3,8176,1
CUST-11845,0.776,52,5,1108,2
CUST-11846,0.515,35,7,18787,5
CUST-11847,0.636,100,6,2067,5
CUST-11848,0.485,90,4,27789,12
CUST-11849,0.836,58,6,31050,0
CUST-11850,0.858,66,1,12438,5
CUST-11851,0.929,47,7,18209,29
CUST-11852,0.606,47,4,78232,4
CUST-11853,0.914,100,3,50297,5
CUST-11854,0.495,71,7,15492,12
CUST-11855,0.625,100,1,6430,4
CUST-11856,0.546,53,4,4012,0
CUST-11857,0.439,66,5,13426,1
CUST-11858,1.0,74,1,30634,17
CUST-11859,0.392,56,7,17388,5
CUST-11860,0.892,86,6,17486,7
CUST-11861,0.559,76,4,69297,1
CUST-11862,0.439,28,4,37774,11
CUST-11863,0.506,68,6,6271,4
CUST-11864,0.651,91,1,777,5
CUST-11865,0.679,79,7,19788,11
CUST-11866,0.815,30,2,65196,8
CUST-11867,0.843,68,4,3822,4
CUST-11868,0.65,43,3,68555,2
CUST-11869,0.963,70,3,11760,1
CUST-11870,0.74,79,4,2149,0
CUST-11871,0.843,37,5,29591,2
CUST-11872,0.811,30,5,11214,8
CUST-11873,0.919,71,5,30893,12
CUST-11874,0.606,87,6,7503,1
CUST-11875,0.666,95,6,687,3
CUST-11876,0.311,66,2,10274,7
CUST-11877,0.735,72,6,2444,6
CUST-11878,0.702,87,4,25785,9
CUST-11879,0.699,43,5,8854,6
CUST-11880,0.201,47,4,30660,1
CUST-11881,0.922,10,4,27222,3
CUST-11882,0.284,67,1,20569,3
CUST-11883,0.579,60,4,4199,3
CUST-11884,0.932,80,5,29511,7
CUST-11885,0.432,63,5,7482,4
CUST-11886,0.66,58,4,14847,1
CUST-11887,0.925,51,3,44686,25
CUST-11888,0.519,69,5,67424,5
CUST-11889,0.777,100,4,825,6
CUST-11890,0.925,87,7,25960,0
CUST-11891,0.823,73,5,33029,2
CUST-11892,0.701,84,4,62448,6
CUST-11893,0.727,100,1,2915,1
CUST-11894,0.819,68,4,13420,17
CUST-11895,0.18,51,4,8507,3
CUST-11896,0.719,79,3,52955,4
CUST-11897,0.758,65,5,29227,3
CUST-11898,0.604,54,4,26698,1
CUST-11899,0.54,10,3,19558,1
CUST-11900,0.218,78,5,4505,13
CUST-11901,0.341,71,5,9529,5
CUST-11902,0.346,98,3,6627,6
CUST-11903,0.584,62,5,3749,0
CUST-11904,0.387,57,2,27777,6
CUST-11905,0.53,73,5,5006,8
CUST-11906,0.752,42,2,9656,2
CUST-11907,0.681,53,6,17545,8
CUST-11908,0.828,56,1,30766,0
CUST-11909,0.503,65,4,33188,0
CUST-11910,0.4,84,3,3558,1
CUST-11911,1.0,56,3,16294,18
CUST-11912,0.917,77,4,7297,15
CUST-11913,0.782,91,5,55826,8
CUST-11914,0.446,100,5,11909,4
CUST-11915,0.838,62,4,7611,1
CUST-11916,0.625,83,6,8017,0
CUST-11917,0.738,69,4,5371,10
CUST-11918,0.816,77,3,30077,2
CUST-11919,0.322,34,6,634,8
CUST-11920,0.32,52,3,30172,0
CUST-11921,1.0,68,4,101230,1
CUST-11922,0.494,78,3,53672,2
CUST-11923,0.65,83,3,6061,1
CUST-11924,0.74,86,4,8052,6
CUST-11925,0.218,53,4,60890,3
CUST-11926,0.566,48,4,21136,17
CUST-11927,0.915,94,6,7644,6
CUST-11928,0.872,63,3,2206,2
CUST-11929,0.55,71,4,65271,6
CUST-11930,0.635,53,1,177630,2
CUST-11931,0.87,69,4,10390,6
CUST-11932,0.712,48,5,48513,21
CUST-11933,0.21,84,5,19319,0
CUST-11934,0.502,76,5,27250,2
CUST-11935,0.479,100,5,8428,21
CUST-11936,0.825,61,4,42228,3
CUST-11937,0.777,71,4,10390,0
CUST-11938,0.968,70,4,6543,3
CUST-11939,0.74,99,6,10683,7
CUST-11940,1.0,100,6,5064,12
CUST-11941,1.0,83,3,5353,6
CUST-11942,0.569,74,4,3442,11
CUST-11943,0.802,32,4,44080,8
CUST-11944,0.879,73,3,53234,2
CUST-11945,0.81,76,4,36164,2
CUST-11946,0.823,100,5,20976,1
CUST-11947,0.834,61,5,1008,24
CUST-11948,0.774,87,7,31288,9
CUST-11949,0.524,100,5,42182,7
CUST-11950,0.903,97,3,3871,12
CUST-11951,0.614,100,1,67646,1
CUST-11952,0.661,99,5,28981,0
CUST-11953,0.615,91,4,2232,3
CUST-11954,0.782,74,3,18177,8
CUST-11955,0.926,74,2,32357,11
CUST-11956,0.628,53,7,33236,1
CUST-11957,0.784,72,4,14690,4
CUST-11958,0.302,95,4,590,2
CUST-11959,0.606,41,4,38740,4
CUST-11960,0.782,61,5,31698,9
CUST-11961,0.944,73,3,42740,0
CUST-11962,0.473,44,5,27208,9
CUST-11963,0.81,89,4,7171,7
CUST-11964,0.687,31,4,5435,29
CUST-11965,0.969,69,5,2911,7
CUST-11966,0.659,91,5,20190,1
CUST-11967,0.564,56,4,25409,2
CUST-11968,0.679,69,3,1923,5
CUST-11969,0.639,63,6,19067,1
CUST-11970,0.527,94,4,2185,9
CUST-11971,0.47,63,5,17114,4
CUST-11972,0.436,94,2,4866,1
CUST-11973,0.702,64,3,29807,6
CUST-11974,0.794,63,4,25375,11
CUST-11975,0.877,98,3,28047,8
CUST-11976,0.566,72,4,6821,3
CUST-11977,0.669,54,4,5497,2
CUST-11978,0.933,65,7,14376,12
CUST-11979,0.749,54,4,16728,10
CUST-11980,0.798,73,4,17613,0
CUST-11981,0.69,81,4,64066,5
CUST-11982,0.743,68,5,62601,2
CUST-11983,0.73,67,4,49898,10
CUST-11984,0.457,74,7,59575,12
CUST-11985,0.484,57,7,33725,2
CUST-11986,0.65,69,4,19434,1
CUST-11987,0.794,59,1,34867,0
CUST-11988,0.947,25,7,26110,2
CUST-11989,0.836,52,3,1534,1
CUST-11990,0.304,50,3,10277,6
CUST-11991,0.88,73,1,26837,4
CUST-11992,0.308,47,5,30286,2
CUST-11993,0.886,51,7,40299,5
CUST-11994,0.782,81,5,2913,3
CUST-11995,0.952,66,3,32007,3
CUST-11996,0.837,79,6,15349,4
CUST-11997,0.836,48,3,19132,1
CUST-11998,0.735,100,5,1975,0
CUST-11999,0.588,77,1,36480,15
CUST-12000,0.502,63,3,39055,6
CUST-12001,0.495,78,3,49502,12
CUST-12002,0.554,59,4,14523,12
CUST-12003,0.508,83,2,39304,1
CUST-12004,0.892,43,4,29966,0
CUST-12005,0.772,36,3,18978,18
CUST-12006,0.718,64,5,21412,15
CUST-12007,0.829,60,3,9666,0
CUST-12008,0.467,59,3,30973,2
CUST-12009,1.0,62,4,6729,5
CUST-12010,0.524,43,3,12429,8
CUST-12011,0.5,20,3,30257,5
CUST-12012,0.65,57,4,14299,0
CUST-12013,0.791,67,4,3275,3
CUST-12014,0.775,67,4,6117,7
CUST-12015,0.462,100,2,10827,4
CUST-12016,0.203,56,0,41499,4
CUST-12017,0.861,64,4,3473,2
CUST-12018,0.611,43,5,21477,4
CUST-12019,0.632,59,5,49125,3
CUST-12020,0.752,62,7,56515,13
CUST-12021,0.511,64,5,35117,1
CUST-12022,0.595,88,6,41463,18
CUST-12023,0.68,47,3,60812,4
CUST-12024,0.771,78,5,42332,0
CUST-12025,0.886,68,3,31612,7
CUST-12026,0.965,52,5,12693,5
CUST-12027,0.94,67,4,14834,4
CUST-12028,0.47,96,3,726,10
CUST-12029,0.414,98,2,10315,5
CUST-12030,0.383,72,3,16900,7
CUST-12031,0.76,100,5,8476,0
CUST-12032,0.91,20,5,30078,3
CUST-12033,0.806,58,1,8484,5
CUST-12034,0.717,94,5,42425,3
CUST-12035,0.646,43,5,19564,6
CUST-12036,0.648,64,3,69786,5
CUST-12037,0.557,100,1,643,13
CUST-12038,0.163,100,4,10790,16
CUST-12039,0.724,100,5,6464,0
CUST-12040,0.668,52,7,24133,1
CUST-12041,0.727,96,6,7277,2
CUST-12042,1.0,35,5,11117,7
CUST-12043,0.575,52,5,33426,6
CUST-12044,0.804,74,6,8544,2
CUST-12045,0.398,14,5,23446,8
CUST-12046,0.784,69,4,13733,7
CUST-12047,1.0,90,6,32483,12
CUST-12048,0.778,38,1,110966,9
CUST-12049,0.872,45,2,32169,0
CUST-12050,0.243,58,5,10590,12
CUST-12051,0.8,70,5,4836,8
CUST-12052,0.766,28,4,12461,6
CUST-12053,0.564,70,3,37455,0
CUST-12054,0.577,75,3,20573,2
CUST-12055,1.0,66,4,50504,5
CUST-12056,0.758,88,4,49097,3
CUST-12057,0.472,59,2,111891,49
CUST-12058,0.836,74,3,18714,0
CUST-12059,0.649,80,3,6490,0
CUST-12060,0.854,57,7,514,3
CUST-12061,1.0,50,2,23325,12
CUST-12062,0.821,54,4,6676,14
CUST-12063,0.624,74,2,5001,3
CUST-12064,0.587,66,5,8638,5
CUST-12065,0.83,93,3,29980,0
CUST-12066,0.626,75,5,5560,0
CUST-12067,0.532,87,3,5364,2
CUST-12068,0.5,40,3,36133,6
CUST-12069,1.0,48,1,30903,4
CUST-12070,0.593,70,1,10650,4
CUST-12071,0.706,47,2,13354,2
CUST-12072,0.812,55,6,54079,8
CUST-12073,0.62,98,3,4716,6
CUST-12074,1.0,47,5,26214,1
CUST-12075,1.0,48,7,14467,3
CUST-12076,0.453,46,5,1260,0
CUST-12077,1.0,91,4,1624,4
CUST-12078,0.786,63,4,18200,0
CUST-12079,0.537,68,3,33712,1
CUST-12080,0.8,100,6,5829,3
CUST-12081,0.437,31,7,13166,8
CUST-12082,0.974,95,1,38225,0
CUST-12083,0.887,100,7,103061,28
CUST-12084,0.672,96,1,44776,8
CUST-12085,0.811,57,5,13213,4
CUST-12086,0.63,49,5,6230,2
CUST-12087,1.0,70,2,43441,0
CUST-12088,0.65,61,5,35460,4
CUST-12089,0.769,73,3,3291,2
CUST-12090,0.476,40,6,5210,11
CUST-12091,0.542,67,6,3305,5
CUST-12092,0.576,85,5,109548,10
CUST-12093,0.903,63,2,3231,0
CUST-12094,0.811,73,4,6105,2
CUST-12095,0.396,75,5,56862,3
CUST-12096,1.0,75,5,942,9
CUST-12097,0.581,53,6,33040,1
CUST-12098,1.0,81,4,53528,4
CUST-12099,0.405,64,6,40161,12
CUST-12100,0.63,38,3,17227,19
CUST-12101,0.605,89,4,69688,0
CUST-12102,0.589,51,3,39121,0
CUST-12103,0.735,60,2,20895,12
CUST-12104,0.76,51,2,20748,2
CUST-12105,0.664,53,4,96906,7
CUST-12106,0.794,63,2,14744,3
CUST-12107,1.0,85,2,23028,10
CUST-12108,0.762,56,3,33398,2
CUST-12109,0.617,53,5,107088,9
CUST-12110,0.921,50,5,2037,2
CUST-12111,0.503,54,4,28171,1
CUST-12112,0.462,42,4,24183,21
CUST-12113,0.618,35,6,43011,0
CUST-12114,1.0,93,4,26499,2
CUST-12115,0.398,59,4,79062,9
CUST-12116,0.448,76,6,48250,1
CUST-12117,1.0,66,5,2532,4
CUST-12118,0.99,69,3,31048,0
CUST-12119,0.739,64,3,2513,10
CUST-12120,1.0,47,5,62358,11
CUST-12121,0.712,47,3,22904,3
CUST-12122,0.641,64,7,25046,8
CUST-12123,0.519,28,3,19842,22
CUST-12124,0.708,55,3,14758,6
CUST-12125,0.632,58,4,22135,1
CUST-12126,0.417,46,2,24613,9
CUST-12127,0.339,86,5,5841,14
CUST-12128,0.663,67,6,3865,19
CUST-12129,1.0,42,7,13192,1
CUST-12130,0.716,71,7,46380,6
CUST-12131,0.923,74,3,21302,20
CUST-12132,0.515,93,4,28935,1
CUST-12133,0.453,88,5,4771,7
CUST-12134,0.72,61,4,24470,0
CUST-12135,0.675,54,5,9388,2
CUST-12136,0.527,85,5,16043,18
CUST-12137,0.308,59,4,19966,1
CUST-12138,0.421,60,3,37776,17
CUST-12139,0.869,68,5,102741,6
CUST-12140,0.437,65,5,53952,10
CUST-12141,0.973,45,3,33590,5
CUST-12142,0.763,45,2,7634,14
CUST-12143,0.73,46,6,52961,1
CUST-12144,0.31,92,3,7654,5
CUST-12145,0.996,72,7,31994,3
CUST-12146,0.785,94,4,45823,19
CUST-12147,0.673,100,5,50300,0
CUST-12148,0.648,76,3,519,6
CUST-12149,0.724,91,4,7944,1
CUST-12150,0.716,51,2,15795,11
CUST-12151,0.436,69,2,5967,1
CUST-12152,0.639,34,6,56166,5
CUST-12153,0.696,84,3,39861,9
CUST-12154,0.77,89,5,18160,10
CUST-12155,0.86,69,5,1300,0
CUST-12156,0.661,77,3,8224,5
CUST-12157,0.199,54,5,34472,6
CUST-12158,0.256,73,4,12236,6
CUST-12159,0.917,68,5,32565,3
CUST-12160,0.612,61,2,50691,24
CUST-12161,0.734,10,4,11195,6
CUST-12162,0.344,90,6,20716,7
CUST-12163,0.402,88,3,15447,9
CUST-12164,0.631,77,3,1822,6
CUST-12165,0.365,52,6,16150,5
CUST-12166,0.743,60,7,32668,6
CUST-12167,0.808,70,4,24043,7
CUST-12168,0.514,53,3,21912,4
CUST-12169,0.955,53,4,9505,0
CUST-12170,0.905,67,6,8965,11
CUST-12171,0.586,31,2,30390,4
CUST-12172,0.599,64,5,63872,1
CUST-12173,0.568,58,4,9091,3
CUST-12174,0.557,80,5,10871,7
CUST-12175,0.994,53,3,2093,2
CUST-12176,0.662,50,5,28101,1
CUST-12177,0.491,82,4,34053,8
CUST-12178,1.0,82,7,33487,0
CUST-12179,0.714,95,6,2242,3
CUST-12180,0.587,76,2,26898,8
CUST-12181,0.6,20,2,20618,5
CUST-12182,0.572,38,2,169338,1
CUST-12183,0.812,100,7,15513,1
CUST-12184,0.511,70,2,3814,15
CUST-12185,0.58,50,5,75093,1
CUST-12186,0.587,60,5,2000,0
CUST-12187,1.0,100,5,43772,3
CUST-12188,0.957,85,1,4036,6
CUST-12189,0.966,54,5,17573,3
CUST-12190,0.556,52,3,12876,4
CUST-12191,0.375,71,3,1052,1
CUST-12192,1.0,68,1,30178,2
CUST-12193,0.82,80,6,39477,24
CUST-12194,0.741,84,4,92099,7
CUST-12195,0.57,89,2,1518,3
CUST-12196,0.885,49,3,13679,8
CUST-12197,0.71,59,2,26444,0
CUST-12198,0.707,68,7,20011,5
CUST-12199,0.332,61,5,29277,0
CUST-12200,1.0,55,4,24822,33
CUST-12201,0.534,56,3,13893,0
CUST-12202,0.712,59,0,30856,4
CUST-12203,0.666,68,5,40480,3
CUST-12204,0.492,78,5,2861,1
CUST-12205,0.853,100,3,25867,6
CUST-12206,0.711,100,4,5056,4
CUST-12207,0.705,83,5,33135,3
CUST-12208,0.604,33,7,39311,0
CUST-12209,0.922,80,3,5613,5
CUST-12210,0.65,49,4,29748,1
CUST-12211,0.903,71,5,3298,0
CUST-12212,0.647,82,3,13672,1
CUST-12213,0.33,35,6,58686,3
CUST-12214,0.873,68,7,11781,7
CUST-12215,1.0,96,1,15327,4
CUST-12216,0.63,92,5,69818,7
CUST-12217,0.375,72,3,34219,6
CUST-12218,0.666,98,4,26202,6
CUST-12219,0.592,55,3,17172,7
CUST-12220,0.701,62,6,24412,4
CUST-12221,1.0,56,4,6341,8
CUST-12222,0.845,57,2,51218,1
CUST-12223,0.317,40,4,5032,11
CUST-12224,0.496,72,4,114071,1
CUST-12225,0.916,42,4,14982,1
CUST-12226,0.459,49,4,25305,6
CUST-12227,0.576,84,5,78308,8
CUST-12228,0.729,94,4,8588,2
CUST-12229,1.0,40,2,19544,1
CUST-12230,0.888,68,2,11148,12
CUST-12231,0.597,52,2,92655,2
CUST-12232,0.607,53,4,68407,0
CUST-12233,0.805,62,4,6000,5
CUST-12234,1.0,53,5,57210,9
CUST-12235,0.45,100,4,6332,0
CUST-12236,0.986,73,7,14212,4
CUST-12237,0.308,66,6,687,9
CUST-12238,1.0,82,4,17982,5
CUST-12239,0.82,87,3,30397,7
CUST-12240,0.566,83,5,46691,4
CUST-12241,0.863,49,4,48284,4
CUST-12242,0.487,72,3,64666,11
CUST-12243,0.724,75,2,23576,9
CUST-12244,0.511,61,6,8914,1
CUST-12245,0.791,80,5,6184,12
CUST-12246,0.878,61,3,4777,7
CUST-12247,1.0,70,4,36763,0
CUST-12248,0.496,85,4,2559,2
CUST-12249,0.346,10,4,15931,12
CUST-12250,0.856,68,3,27215,1
CUST-12251,0.539,82,4,19835,2
CUST-12252,0.501,70,2,12596,4
CUST-12253,0.72,100,3,61227,2
CUST-12254,0.689,75,2,16633,2
CUST-12255,0.669,96,2,11082,3
CUST-12256,0.702,77,5,15264,3
CUST-12257,0.568,93,5,67694,1
CUST-12258,0.474,93,3,15791,1
CUST-12259,0.796,92,2,7143,6
CUST-12260,0.502,67,6,113916,2
CUST-12261,0.634,80,6,8887,2
CUST-12262,0.622,93,3,32757,3
CUST-12263,0.923,100,6,15472,3
CUST-12264,0.713,86,5,24889,2
CUST-12265,0.541,100,3,3170,1
CUST-12266,0.882,100,4,9231,14
CUST-12267,0.663,94,3,6170,4
CUST-12268,0.648,47,5,38399,16
CUST-12269,0.334,87,3,54699,0
CUST-12270,1.0,95,5,5967,2
CUST-12271,0.362,52,7,2191,3
CUST-12272,0.535,57,5,84027,5
CUST-12273,0.342,33,2,1113,0
CUST-12274,0.69,96,6,14746,9
CUST-12275,0.566,61,4,87094,1
CUST-12276,0.885,55,3,50560,6
CUST-12277,0.425,87,2,42366,3
CUST-12278,0.751,68,4,3027,7
CUST-12279,0.819,85,2,11337,7
CUST-12280,0.821,64,3,16164,16
CUST-12281,0.999,100,6,991,6
CUST-12282,0.523,22,4,108822,9
CUST-12283,1.0,80,7,13792,0
CUST-12284,0.68,72,5,21696,5
CUST-12285,1.0,81,3,63396,6
CUST-12286,0.73,49,3,20354,0
CUST-12287,0.891,66,3,2016,2
CUST-12288,0.548,46,4,10320,6
CUST-12289,0.836,100,4,12538,1
CUST-12290,0.287,35,7,13519,18
CUST-12291,0.546,68,5,20936,3
CUST-12292,0.678,57,5,5905,12
CUST-12293,0.541,82,4,108242,8
CUST-12294,0.473,75,4,2251,6
CUST-12295,0.299,74,3,28334,2
CUST-12296,0.885,67,5,4650,4
CUST-12297,0.878,73,6,20214,18
CUST-12298,0.824,63,6,27250,2
CUST-12299,0.996,100,5,9621,9
CUST-12300,0.589,63,3,60164,3
CUST-12301,0.411,42,4,2152,7
CUST-12302,0.809,76,3,33650,5
CUST-12303,0.933,66,3,1858,0
CUST-12304,0.654,91,4,14605,5
CUST-12305,0.681,75,4,3716,3
CUST-12306,0.554,59,5,13756,2
CUST-12307,0.888,78,5,24952,2
CUST-12308,0.697,82,3,924,1
CUST-12309,0.394,61,4,1316,1
CUST-12310,0.63,60,7,10225,0
CUST-12311,0.326,68,5,34358,7
CUST-12312,0.806,33,1,28274,9
CUST-12313,0.952,51,3,4728,2
CUST-12314,0.757,100,3,1664,10
CUST-12315,0.985,50,2,92098,0
CUST-12316,0.917,63,6,41484,3
CUST-12317,1.0,50,3,10534,5
CUST-12318,0.7,92,6,9050,7
CUST-12319,0.605,54,4,4711,5
CUST-12320,1.0,30,4,22841,2
CUST-12321,0.743,53,4,6717,4
CUST-12322,0.464,99,4,36081,0
CUST-12323,0.107,61,4,10110,4
CUST-12324,0.694,51,4,38610,5
CUST-12325,0.811,100,2,52182,2
CUST-12326,0.672,13,4,20320,1
CUST-12327,0.972,29,5,3098,17
CUST-12328,0.753,56,3,9221,8
CUST-12329,0.37,78,2,799,9
CUST-12330,1.0,99,7,6012,1
CUST-12331,1.0,100,4,8434,9
CUST-12332,0.567,84,1,5789,9
CUST-12333,0.872,68,4,61819,6
CUST-12334,0.521,100,4,15099,4
CUST-12335,0.671,100,4,5832,2
CUST-12336,0.421,61,4,2908,7
CUST-12337,0.837,94,7,115099,5
CUST-12338,1.0,60,5,15322,8
CUST-12339,0.825,48,6,5119,5
CUST-12340,0.855,100,3,31316,19
CUST-12341,0.504,68,5,54911,0
CUST-12342,0.684,90,4,7368,2
CUST-12343,0.923,61,2,10512,4
CUST-12344,0.6,62,2,45430,4
CUST-12345,0.633,47,5,35118,21
CUST-12346,0.822,67,3,18219,7
CUST-12347,0.449,61,7,23259,4
CUST-12348,0.388,63,2,1640,2
CUST-12349,0.673,69,3,2378,3
CUST-12350,1.0,45,4,7966,1
CUST-12351,0.438,65,4,12312,1
CUST-12352,0.482,47,6,34427,4
CUST-12353,0.394,92,5,193756,3
CUST-12354,0.696,82,5,54362,3
CUST-12355,1.0,61,7,49127,31
CUST-12356,0.664,35,4,13067,6
CUST-12357,0.868,33,5,6924,5
CUST-12358,0.627,62,5,1437,10
CUST-12359,0.609,59,4,23535,3
CUST-12360,0.905,53,2,5849,6
CUST-12361,0.471,63,1,42299,9
CUST-12362,0.659,71,5,1573,9
CUST-12363,0.737,83,2,32093,15
CUST-12364,0.964,68,4,14973,4
CUST-12365,0.577,78,4,2544,1
CUST-12366,0.688,77,3,8853,0
CUST-12367,0.73,75,2,36558,12
CUST-12368,0.524,44,3,41590,3
CUST-12369,0.73,60,3,6290,7
CUST-12370,0.526,52,0,32944,7
CUST-12371,0.825,100,6,46679,3
CUST-12372,0.679,59,3,35665,4
CUST-12373,0.641,82,3,28060,1
CUST-12374,0.899,92,4,8614,6
CUST-12375,0.803,73,5,94859,1
CUST-12376,0.812,66,7,1966,0
CUST-12377,1.0,68,4,16081,16
CUST-12378,0.98,42,4,9924,5
CUST-12379,0.851,48,1,8474,2
CUST-12380,0.819,72,4,8159,18
CUST-12381,0.706,91,2,21023,2
CUST-12382,0.614,47,5,13520,3
CUST-12383,0.267,73,7,5493,1
CUST-12384,1.0,80,7,39442,4
CUST-12385,0.735,65,4,19463,3
CUST-12386,0.786,65,5,41249,1
CUST-12387,0.44,68,5,61978,6
CUST-12388,0.409,93,3,9663,0
CUST-12389,0.713,72,5,28103,11
CUST-12390,0.569,75,4,6523,5
CUST-12391,0.713,27,6,77825,2
CUST-12392,0.509,93,5,8489,4
CUST-12393,0.661,75,6,34743,14
CUST-12394,0.63,89,6,36138,13
CUST-12395,0.605,76,3,26578,9
CUST-12396,0.965,45,2,34763,19
CUST-12397,1.0,90,3,9941,11
CUST-12398,0.326,25,4,8253,32
CUST-12399,1.0,98,6,26502,12
CUST-12400,0.953,27,6,2419,9
CUST-12401,0.453,49,5,9361,9
CUST-12402,0.842,79,4,16739,6
CUST-12403,0.734,63,4,61603,3
CUST-12404,1.0,63,3,8014,4
CUST-12405,1.0,100,6,23725,5
CUST-12406,1.0,47,3,23844,0
CUST-12407,0.592,58,2,12102,0
CUST-12408,0.952,56,5,3085,0
CUST-12409,0.409,10,4,5814,2
CUST-12410,0.48,53,2,8128,0
CUST-12411,0.503,40,1,19066,3
CUST-12412,0.686,98,4,63108,0
CUST-12413,0.668,74,5,13467,1
CUST-12414,0.767,29,6,15323,2
CUST-12415,0.934,70,5,2557,0
CUST-12416,1.0,55,7,46838,0
CUST-12417,0.689,63,5,1697,10
CUST-12418,0.768,73,7,8937,1
CUST-12419,0.754,97,5,13151,3
CUST-12420,0.706,80,3,26947,3
CUST-12421,0.33,77,6,11160,9
CUST-12422,0.618,64,5,21632,6
CUST-12423,0.94,84,7,46693,3
CUST-12424,0.827,80,4,45534,10
CUST-12425,0.393,56,4,8048,1
CUST-12426,0.594,41,3,22310,4
CUST-12427,0.857,59,6,6826,13
CUST-12428,0.788,90,3,4161,1
CUST-12429,0.585,91,3,31405,0
CUST-12430,0.751,59,7,9580,3
CUST-12431,0.561,61,2,11615,3
CUST-12432,0.504,66,4,3575,1
CUST-12433,0.609,67,4,6501,13
CUST-12434,0.605,83,5,19063,11
CUST-12435,0.693,64,4,3244,5
CUST-12436,0.288,73,5,10906,5
CUST-12437,0.48,56,7,5873,11
CUST-12438,0.756,91,2,46563,1
CUST-12439,0.99,55,7,5418,4
CUST-12440,0.803,94,6,9890,11
CUST-12441,0.721,79,5,17058,3
CUST-12442,0.746,71,4,23077,10
CUST-12443,0.72,21,7,21711,2
CUST-12444,0.356,96,4,9802,21
CUST-12445,0.785,28,5,49813,8
CUST-12446,0.909,71,4,42090,2
CUST-12447,0.522,51,1,29535,1
CUST-12448,0.633,80,1,51357,5
CUST-12449,0.05,33,5,17764,11
CUST-12450,0.898,71,4,15360,6
CUST-12451,0.881,66,2,4544,11
CUST-12452,0.955,96,5,6619,2
CUST-12453,0.93,76,4,15415,4
CUST-12454,0.836,80,3,3073,9
CUST-12455,0.487,61,1,20010,4
CUST-12456,0.625,55,2,39038,2
CUST-12457,0.459,100,3,8382,2
CUST-12458,0.799,74,4,25589,8
CUST-12459,0.602,82,5,2543,2
CUST-12460,0.814,76,5,5484,11
CUST-12461,0.356,50,5,24939,4
CUST-12462,0.807,62,4,22354,10
CUST-12463,0.442,74,2,664,10
CUST-12464,0.871,49,3,5559,1
CUST-12465,0.728,66,6,61691,0
CUST-12466,0.897,82,5,11483,5
CUST-12467,0.595,76,5,2191,3
CUST-12468,0.692,52,5,40745,11
CUST-12469,0.908,83,5,8982,2
CUST-12470,0.761,86,1,39469,0
CUST-12471,0.715,90,4,24590,6
CUST-12472,0.66,60,3,10546,2
CUST-12473,0.73,22,4,15633,4
CUST-12474,0.659,63,4,11468,3
CUST-12475,0.976,57,3,18617,2
CUST-12476,0.439,66,3,12404,12
CUST-12477,0.464,69,5,32213,16
CUST-12478,0.519,45,4,4842,16
CUST-12479,0.488,83,4,6238,7
CUST-12480,0.449,100,4,6029,22
CUST-12481,0.901,39,4,11799,5
CUST-12482,1.0,72,3,9954,8
CUST-12483,0.777,54,4,9963,16
CUST-12484,0.789,85,4,806,6
CUST-12485,0.548,67,7,595,6
CUST-12486,0.773,92,3,31909,5
CUST-12487,0.758,92,2,26432,5
CUST-12488,0.574,50,4,2031,13
CUST-12489,0.739,60,2,8643,19
CUST-12490,1.0,50,3,12625,2
CUST-12491,0.724,59,5,10476,4
CUST-12492,1.0,83,4,1123,9
CUST-12493,0.736,81,7,25252,12
CUST-12494,0.43,71,5,42615,1
CUST-12495,0.675,48,5,11213,3
CUST-12496,0.6,66,5,19425,1
CUST-12497,0.796,57,3,5143,12
CUST-12498,0.48,66,7,19144,0
CUST-12499,1.0,61,4,15156,13
CUST-12500,0.543,91,2,78657,7
CUST-12501,0.742,38,2,7316,9
CUST-12502,0.287,53,3,8022,5
CUST-12503,0.422,56,4,4402,1
CUST-12504,0.541,43,3,28218,0
CUST-12505,0.845,90,5,23709,1
CUST-12506,0.93,56,1,67961,6
CUST-12507,0.603,57,1,22633,1
CUST-12508,1.0,67,6,12843,3
CUST-12509,0.467,75,3,6848,10
CUST-12510,1.0,100,0,85274,9
CUST-12511,0.83,53,5,7273,0
CUST-12512,0.404,96,6,44606,0
CUST-12513,0.389,82,4,15981,15
CUST-12514,0.835,40,4,19735,9
CUST-12515,0.953,66,6,49308,3
CUST-12516,0.677,68,2,27691,5
CUST-12517,0.425,70,4,24507,11
CUST-12518,0.172,87,2,4448,1
CUST-12519,0.697,68,5,41246,4
CUST-12520,1.0,98,4,50386,4
CUST-12521,0.595,89,0,12481,4
CUST-12522,0.696,57,3,17500,0
CUST-12523,0.887,49,4,40070,0
CUST-12524,0.911,50,5,12823,0
CUST-12525,0.712,68,3,35368,9
CUST-12526,0.671,72,5,45739,3
CUST-12527,0.819,85,7,23250,1
CUST-12528,0.953,88,4,14209,8
CUST-12529,0.4,62,7,26927,1
CUST-12530,0.534,52,4,6870,0
CUST-12531,0.849,87,6,7009,2
CUST-12532,0.625,74,4,16470,2
CUST-12533,0.05,85,3,8562,5
CUST-12534,0.756,73,5,23550,1
CUST-12535,0.478,37,3,19754,9
CUST-12536,0.781,80,5,21245,3
CUST-12537,0.695,62,5,4795,9
CUST-12538,0.606,97,3,90809,12
CUST-12539,0.791,85,4,56827,3
CUST-12540,0.67,26,6,5584,4
CUST-12541,0.485,57,3,3090,5
CUST-12542,1.0,68,5,5046,0
CUST-12543,0.698,87,1,7842,1
CUST-12544,0.583,78,5,24214,4
CUST-12545,0.684,74,0,33635,10
CUST-12546,0.955,79,3,53027,4
CUST-12547,0.896,98,4,34282,7
CUST-12548,0.735,100,6,55935,5
CUST-12549,0.571,100,5,4950,0
CUST-12550,0.764,93,4,9353,12
CUST-12551,0.482,100,4,7206,9
CUST-12552,0.978,67,4,14916,1
CUST-12553,0.678,78,2,13433,12
CUST-12554,0.754,23,4,81788,8
CUST-12555,0.471,60,1,14353,0
CUST-12556,0.64,85,1,4633,13
CUST-12557,0.689,66,3,33297,2
CUST-12558,1.0,33,3,43714,3
CUST-12559,0.479,78,4,833,4
CUST-12560,0.863,85,5,639,4
CUST-12561,0.217,87,4,6416,10
CUST-12562,0.907,92,1,30872,27
CUST-12563,0.415,83,4,22580,12
CUST-12564,0.852,53,5,38894,2
CUST-12565,0.775,30,4,11000,2
CUST-12566,0.917,46,2,29902,2
CUST-12567,0.828,80,3,11769,5
CUST-12568,0.804,43,3,12715,9
CUST-12569,0.599,66,3,8783,2
CUST-12570,0.768,67,5,61243,2
CUST-12571,0.647,60,2,84529,1
CUST-12572,0.886,54,4,11553,3
CUST-12573,0.562,74,0,27207,7
CUST-12574,0.5,99,7,26756,18
CUST-12575,0.64,98,2,55203,3
CUST-12576,0.879,67,6,69075,5
CUST-12577,0.751,66,4,20358,4
CUST-12578,0.596,82,7,18706,18
CUST-12579,0.405,100,3,16432,0
CUST-12580,0.591,58,7,10006,0
CUST-12581,0.728,76,5,8590,3
CUST-12582,0.689,66,3,23702,17
CUST-12583,0.982,60,7,11927,1
CUST-12584,0.6,73,5,49891,29
CUST-12585,0.406,54,5,8633,0
CUST-12586,0.738,48,4,40817,4
CUST-12587,0.835,82,4,32500,3
CUST-12588,0.554,62,3,18590,6
CUST-12589,0.788,61,4,768,7
CUST-12590,0.411,64,7,4711,19
CUST-12591,0.846,92,6,27899,3
CUST-12592,0.309,74,1,8996,9
CUST-12593,0.323,92,1,4742,3
CUST-12594,0.628,98,7,12815,2
CUST-12595,0.813,71,3,31186,5
CUST-12596,0.484,50,2,29843,19
CUST-12597,0.644,85,5,4709,14
CUST-12598,0.687,68,4,7015,2
CUST-12599,0.687,70,3,21212,19
CUST-12600,0.703,87,2,4052,12
CUST-12601,1.0,24,6,2273,6
CUST-12602,0.376,56,4,18591,9
CUST-12603,0.743,74,5,57235,0
CUST-12604,0.628,64,4,9968,1
CUST-12605,0.838,75,2,1705,5
CUST-12606,0.811,95,3,2507,7
CUST-12607,0.867,68,6,43455,3
CUST-12608,0.674,39,4,4491,1
CUST-12609,0.372,100,7,47103,4
CUST-12610,0.612,39,5,8477,1
CUST-12611,0.78,86,1,8660,13
CUST-12612,0.823,87,3,17266,9
CUST-12613,0.449,74,5,32465,1
CUST-12614,0.841,97,6,19143,16
CUST-12615,0.714,70,2,1136,1
CUST-12616,0.651,32,4,21092,15
CUST-12617,0.99,63,3,33035,1
CUST-12618,0.362,36,5,102700,5
CUST-12619,0.746,100,4,28067,4
CUST-12620,0.686,100,1,37274,1
CUST-12621,0.444,100,3,23607,4
CUST-12622,1.0,59,5,33512,0
CUST-12623,0.775,58,4,12749,3
CUST-12624,0.637,74,2,74737,4
CUST-12625,0.816,86,6,9547,13
CUST-12626,0.742,100,6,2023,2
CUST-12627,0.716,44,7,6222,5
CUST-12628,0.672,93,3,100052,0
CUST-12629,0.521,75,5,4591,1
CUST-12630,0.801,45,3,9107,11
CUST-12631,0.674,79,6,2735,12
CUST-12632,0.589,100,6,2145,2
CUST-12633,0.76,100,4,12872,3
CUST-12634,0.725,70,3,15013,2
CUST-12635,0.367,60,5,51966,3
CUST-12636,0.833,78,6,23874,3
CUST-12637,0.395,29,4,9783,4
CUST-12638,0.534,100,4,947,6
CUST-12639,0.574,72,3,13517,6
CUST-12640,0.585,38,4,10327,7
CUST-12641,0.662,77,4,14814,2
CUST-12642,0.532,100,5,17788,4
CUST-12643,0.732,82,5,18653,0
CUST-12644,0.69,71,3,9715,7
CUST-12645,0.879,44,3,97892,5
CUST-12646,0.873,87,5,17867,8
CUST-12647,0.751,79,5,2996,0
CUST-12648,0.662,64,6,3647,2
CUST-12649,0.68,76,3,33036,15
CUST-12650,0.606,40,2,26916,1
CUST-12651,0.508,100,3,3990,1
CUST-12652,0.889,76,4,21597,0
CUST-12653,0.433,72,4,7012,6
CUST-12654,0.767,72,2,6907,6
CUST-12655,0.567,100,5,1018,2
CUST-12656,0.873,59,3,25392,0
CUST-12657,1.0,52,4,31795,5
CUST-12658,0.494,39,4,85662,3
CUST-12659,0.564,100,3,17062,2
CUST-12660,0.777,48,4,575,0
CUST-12661,0.73,73,5,79698,3
CUST-12662,0.304,48,3,868,4
CUST-12663,0.479,58,5,2985,21
CUST-12664,0.718,46,3,46548,4
CUST-12665,0.866,84,3,24821,5
CUST-12666,0.307,68,3,7483,1
CUST-12667,0.643,86,2,5590,4
CUST-12668,0.979,68,5,25228,0
CUST-12669,0.743,98,3,16614,3
CUST-12670,0.434,87,4,25438,24
CUST-12671,0.882,71,6,49543,4
CUST-12672,0.93,64,4,11001,7
CUST-12673,0.617,53,4,98717,1
CUST-12674,0.447,56,6,49767,2
CUST-12675,0.843,100,5,25323,7
CUST-12676,0.635,71,5,16688,3
CUST-12677,0.536,24,3,22855,2
CUST-12678,0.44,78,5,22099,2
CUST-12679,0.854,76,5,13467,29
CUST-12680,1.0,83,2,17241,1
CUST-12681,0.844,57,4,12530,2
CUST-12682,0.601,63,3,42546,10
CUST-12683,1.0,60,2,32411,4
CUST-12684,0.749,90,6,3759,5
CUST-12685,0.823,63,3,6474,5
CUST-12686,0.582,76,3,11790,0
CUST-12687,0.499,20,3,25016,12
CUST-12688,0.792,31,3,43519,6
CUST-12689,0.675,87,3,36252,3
CUST-12690,0.621,46,4,3578,0
CUST-12691,0.997,49,3,34666,1
CUST-12692,0.763,86,7,9245,0
CUST-12693,0.367,69,5,683,2
CUST-12694,0.592,54,6,11169,4
CUST-12695,0.82,92,4,2802,3
CUST-12696,0.561,50,1,17335,1
CUST-12697,0.52,44,5,23538,2
CUST-12698,0.884,46,4,30168,4
CUST-12699,0.512,91,3,2969,12
CUST-12700,0.725,98,5,20586,17
CUST-12701,0.922,66,2,7079,1
CUST-12702,0.623,69,4,8454,11
CUST-12703,0.747,82,6,4456,8
CUST-12704,0.908,77,5,31997,5
CUST-12705,1.0,65,3,10010,7
CUST-12706,1.0,94,4,6656,0
CUST-12707,0.964,81,2,4604,0
CUST-12708,0.52,73,4,5524,5
CUST-12709,0.988,57,5,14071,3
CUST-12710,0.618,86,4,569,4
CUST-12711,0.801,54,5,14952,1
CUST-12712,0.952,52,2,39462,8
CUST-12713,0.234,61,2,47738,3
CUST-12714,0.421,89,1,56997,4
CUST-12715,0.45,97,6,19462,8
CUST-12716,0.563,91,6,35836,5
CUST-12717,0.905,74,4,33017,11
CUST-12718,0.895,65,5,2773,5
CUST-12719,0.889,92,2,21495,0
CUST-12720,0.148,98,4,16904,7
CUST-12721,1.0,94,2,5075,9
CUST-12722,0.853,85,4,22028,13
CUST-12723,0.82,100,4,23610,6
CUST-12724,0.291,97,6,50396,8
CUST-12725,0.725,95,3,12769,6
CUST-12726,0.313,79,6,61475,1
CUST-12727,0.66,22,2,17285,22
CUST-12728,0.983,69,3,30239,6
CUST-12729,0.768,65,4,7403,8
CUST-12730,0.862,63,4,30502,4
CUST-12731,0.701,58,3,22357,8
CUST-12732,0.869,47,4,37863,1
CUST-12733,0.878,63,3,31361,6
CUST-12734,0.728,77,6,4653,10
CUST-12735,0.613,47,3,4922,24
CUST-12736,0.453,76,3,1938,0
CUST-12737,0.393,82,5,111564,0
CUST-12738,0.627,82,3,107759,23
CUST-12739,0.618,76,6,3946,1
CUST-12740,0.916,80,4,19622,6
CUST-12741,0.96,56,5,34161,2
CUST-12742,0.546,64,3,61585,5
CUST-12743,0.74,70,4,9366,0
CUST-12744,0.394,95,4,1782,1
CUST-12745,1.0,65,1,17691,0
CUST-12746,0.714,81,4,30724,25
CUST-12747,0.626,49,3,2909,0
CUST-12748,0.833,85,3,5497,7
CUST-12749,0.922,72,5,9889,2
CUST-12750,0.804,58,6,45976,6
CUST-12751,1.0,47,2,5250,3
CUST-12752,0.768,52,4,30637,13
CUST-12753,0.662,59,2,716,13
CUST-12754,0.736,33,6,7698,7
CUST-12755,0.816,75,3,63424,0
CUST-12756,0.733,48,4,7641,3
CUST-12757,0.397,100,4,73465,4
CUST-12758,0.414,52,5,36667,1
CUST-12759,0.736,74,5,3922,7
CUST-12760,0.683,30,3,37088,10
CUST-12761,0.646,52,3,14551,10
CUST-12762,0.725,83,4,3452,1
CUST-12763,0.667,70,1,52294,1
CUST-12764,0.793,96,5,1169,4
CUST-12765,0.79,78,5,4059,2
CUST-12766,0.688,91,4,46137,9
CUST-12767,0.706,72,4,44070,2
CUST-12768,0.606,99,4,7574,9
CUST-12769,0.712,79,4,4110,7
CUST-12770,0.548,31,3,14291,0
CUST-12771,0.588,69,5,42454,8
CUST-12772,0.852,73,4,8301,5
CUST-12773,0.904,64,1,42880,0
CUST-12774,0.299,57,4,61494,1
CUST-12775,0.607,32,5,33848,1
CUST-12776,0.551,58,5,62067,8
CUST-12777,0.623,39,5,8529,2
CUST-12778,0.54,84,1,23642,21
CUST-12779,0.843,72,4,8524,11
CUST-12780,0.343,66,5,16378,7
CUST-12781,0.808,64,4,9004,0
CUST-12782,0.471,22,3,6682,9
CUST-12783,0.705,56,6,15959,1
CUST-12784,0.911,53,2,36015,8
CUST-12785,1.0,66,5,16969,3
CUST-12786,0.908,40,3,100712,6
CUST-12787,0.77,52,4,39550,12
CUST-12788,0.612,51,5,42157,0
CUST-12789,0.775,73,4,3706,0
CUST-12790,0.775,85,4,37216,3
CUST-12791,0.722,45,4,9561,3
CUST-12792,0.778,63,4,37417,7
CUST-12793,0.661,45,7,63171,2
CUST-12794,0.74,70,5,12186,14
CUST-12795,0.99,66,3,35829,10
CUST-12796,0.625,94,6,48602,0
CUST-12797,1.0,52,4,73815,0
CUST-12798,0.657,100,4,16330,12
CUST-12799,0.978,69,5,15661,10
CUST-12800,0.588,86,2,25733,10
CUST-12801,0.756,56,2,15397,11
CUST-12802,0.502,90,5,16842,5
CUST-12803,0.469,83,7,24237,13
CUST-12804,0.385,100,5,18378,8
CUST-12805,0.389,62,3,1153,8
CUST-12806,0.738,84,3,18018,4
CUST-12807,0.728,87,2,13392,32
CUST-12808,0.401,97,6,31212,0
CUST-12809,1.0,66,6,18789,3
CUST-12810,0.927,54,6,1283,2
CUST-12811,0.66,99,3,5531,2
CUST-12812,0.619,71,5,52591,7
CUST-12813,0.534,49,4,44394,0
CUST-12814,0.583,65,4,60042,0
CUST-12815,1.0,68,6,11896,6
CUST-12816,0.636,96,4,9885,38
CUST-12817,0.674,83,6,811,3
CUST-12818,0.18,68,3,2448,2
CUST-12819,0.479,71,4,28304,16
CUST-12820,0.98,57,7,20322,9
CUST-12821,0.935,62,3,22858,6
CUST-12822,0.478,87,3,750,7
CUST-12823,0.771,84,6,7989,15
CUST-12824,0.71,89,5,16003,3
CUST-12825,0.696,72,2,10086,0
CUST-12826,1.0,70,5,16942,2
CUST-12827,0.811,43,7,15576,2
CUST-12828,0.643,48,4,72355,6
CUST-12829,0.691,72,5,11112,5
CUST-12830,0.854,47,3,51846,12
CUST-12831,0.727,76,5,28824,3
CUST-12832,0.608,53,2,21338,1
CUST-12833,0.398,80,3,688,0
CUST-12834,0.449,63,4,14674,0
CUST-12835,0.758,99,2,87194,3
CUST-12836,0.487,80,2,6020,4
CUST-12837,0.84,81,3,69749,3
CUST-12838,0.488,57,6,12168,5
CUST-12839,0.245,54,4,30415,13
CUST-12840,0.71,59,6,12684,10
CUST-12841,0.87,21,6,32257,15
CUST-12842,0.575,61,3,28566,1
CUST-12843,0.71,100,3,16997,1
CUST-12844,0.769,77,7,13917,2
CUST-12845,0.879,76,3,12493,7
CUST-12846,0.911,55,4,41703,6
CUST-12847,0.518,73,7,20969,0
CUST-12848,0.886,49,4,32828,6
CUST-12849,0.846,50,4,11761,1
CUST-12850,0.662,90,5,45801,9
CUST-12851,0.709,75,3,13721,0
CUST-12852,0.525,80,6,23916,30
CUST-12853,0.824,31,3,6116,4
CUST-12854,0.707,77,6,16182,0
CUST-12855,1.0,65,3,5650,13
CUST-12856,0.835,95,4,24760,3
CUST-12857,0.592,86,5,35969,3
CUST-12858,0.665,33,4,41564,4
CUST-12859,0.43,34,3,9599,10
CUST-12860,0.791,76,5,1433,1
CUST-12861,0.558,16,5,3466,0
CUST-12862,0.355,86,4,9659,5
CUST-12863,0.635,63,5,146892,0
CUST-12864,0.756,58,3,8923,9
CUST-12865,1.0,94,5,43683,9
CUST-12866,0.448,98,6,9613,0
CUST-12867,0.754,72,4,40005,1
CUST-12868,0.525,71,4,26854,11
CUST-12869,0.785,81,1,21961,20
CUST-12870,0.782,57,6,45087,0
CUST-12871,0.755,53,3,15983,14
CUST-12872,0.699,64,6,10291,2
CUST-12873,0.806,68,3,15712,2
CUST-12874,0.639,59,5,36578,1
CUST-12875,0.208,54,2,6680,0
CUST-12876,0.55,76,4,2061,1
CUST-12877,0.541,77,5,51186,17
CUST-12878,0.422,69,2,1689,0
CUST-12879,0.957,92,4,9813,8
CUST-12880,0.669,56,4,112936,8
CUST-12881,0.715,67,4,45409,4
CUST-12882,0.258,100,3,24803,8
CUST-12883,0.683,78,6,10936,0
CUST-12884,0.664,86,2,4327,0
CUST-12885,0.792,79,6,24765,15
CUST-12886,0.63,61,3,52330,12
CUST-12887,0.414,100,6,57511,5
CUST-12888,0.866,48,5,8490,3
CUST-12889,0.979,44,4,15547,1
CUST-12890,0.556,67,3,5852,7
CUST-12891,0.692,73,3,551,3
CUST-12892,0.778,71,6,41061,2
CUST-12893,0.694,74,5,3250,16
CUST-12894,0.674,41,7,27837,1
CUST-12895,0.567,49,3,3867,10
CUST-12896,0.62,99,4,9219,9
CUST-12897,0.502,65,3,22874,25
CUST-12898,0.694,71,5,9942,1
CUST-12899,0.855,86,3,46389,7
CUST-12900,0.339,59,5,50230,2
CUST-12901,0.668,90,3,14403,5
CUST-12902,0.368,58,3,787,1
CUST-12903,0.636,57,3,2470,2
CUST-12904,0.85,68,4,11749,10
CUST-12905,0.684,42,2,63331,2
CUST-12906,0.894,100,5,11159,3
CUST-12907,0.506,61,3,19328,3
CUST-12908,0.617,25,4,18138,7
CUST-12909,1.0,69,6,74497,2
CUST-12910,0.885,46,6,21609,0
CUST-12911,0.506,86,5,101599,3
CUST-12912,0.936,68,3,4065,22
CUST-12913,0.567,86,3,15430,1
CUST-12914,0.683,85,2,10294,8
CUST-12915,0.776,69,1,3535,11
CUST-12916,0.892,83,4,1198,2
CUST-12917,0.408,81,4,123782,5
CUST-12918,0.088,83,6,41892,15
CUST-12919,0.995,42,1,92861,6
CUST-12920,0.61,78,2,10029,12
CUST-12921,0.35,80,4,10190,0
CUST-12922,0.621,58,2,12511,9
CUST-12923,0.806,100,5,60964,6
CUST-12924,0.915,58,5,18131,0
CUST-12925,0.93,52,3,1813,8
CUST-12926,0.623,49,4,4314,7
CUST-12927,0.773,55,5,41933,1
CUST-12928,0.539,75,5,32800,6
CUST-12929,0.117,61,5,27562,0
CUST-12930,1.0,24,3,11121,6
CUST-12931,0.875,55,3,14184,0
CUST-12932,0.386,62,3,13179,0
CUST-12933,0.685,47,6,18883,0
CUST-12934,0.668,68,4,3135,2
CUST-12935,0.877,68,3,3762,3
CUST-12936,0.931,52,6,71403,20
CUST-12937,0.687,85,3,14911,3
CUST-12938,1.0,56,6,66305,7
CUST-12939,0.414,100,3,29702,0
CUST-12940,0.497,76,4,23430,19
CUST-12941,0.534,83,7,6537,0
CUST-12942,0.404,78,3,10874,8
CUST-12943,0.776,58,6,6289,19
CUST-12944,0.856,80,3,2266,0
CUST-12945,0.384,53,2,147318,3
CUST-12946,0.828,73,3,7468,12
CUST-12947,0.606,56,7,43409,1
CUST-12948,0.786,37,3,6394,3
CUST-12949,0.88,75,3,22029,4
CUST-12950,0.784,80,4,10188,9
CUST-12951,0.454,63,7,43881,3
CUST-12952,0.785,56,5,32645,6
CUST-12953,0.542,68,6,57334,5
CUST-12954,1.0,100,4,30188,1
CUST-12955,0.765,75,3,14315,10
CUST-12956,0.585,75,3,14532,7
CUST-12957,0.693,81,3,1865,0
CUST-12958,0.486,66,7,65866,8
CUST-12959,0.872,77,3,7064,3
CUST-12960,1.0,73,4,19019,6
CUST-12961,0.745,64,7,7934,3
CUST-12962,0.364,64,4,13468,0
CUST-12963,0.881,51,6,23804,5
CUST-12964,0.777,100,3,27861,1
CUST-12965,0.748,73,0,29528,8
CUST-12966,0.578,73,2,13204,6
CUST-12967,0.531,68,2,54542,7
CUST-12968,0.859,77,6,2012,0
CUST-12969,0.578,46,3,18773,1
CUST-12970,0.669,77,1,25751,9
CUST-12971,0.697,30,4,18215,0
CUST-12972,0.616,100,4,44138,0
CUST-12973,0.77,67,5,60615,2
CUST-12974,0.614,95,5,30525,10
CUST-12975,0.666,84,4,34173,0
CUST-12976,0.59,87,6,25831,6
CUST-12977,0.827,62,5,20304,1
CUST-12978,0.44,65,2,49477,2
CUST-12979,0.941,66,1,5319,1
CUST-12980,0.697,98,7,11315,1
CUST-12981,0.649,77,4,14254,1
CUST-12982,0.989,73,4,45744,1
CUST-12983,0.614,70,5,18679,19
CUST-12984,0.785,56,4,662,4
CUST-12985,0.995,72,2,34044,4
CUST-12986,0.522,73,4,69893,3
CUST-12987,0.689,46,5,8385,4
CUST-12988,0.784,70,3,11928,1
CUST-12989,0.735,68,1,10019,2
CUST-12990,0.717,76,3,42153,13
CUST-12991,0.491,53,7,36658,16
CUST-12992,0.741,64,3,9125,4
CUST-12993,0.922,54,3,76982,4
CUST-12994,0.465,66,7,7627,2
CUST-12995,0.706,58,2,49882,1
CUST-12996,0.708,58,1,26150,0
CUST-12997,0.883,49,3,7027,2
CUST-12998,0.5,67,4,13443,1
CUST-12999,0.55,83,2,1828,4
CUST-13000,0.948,57,5,12644,5
CUST-13001,0.923,40,6,53501,25
CUST-13002,0.92,55,0,12716,2
CUST-13003,0.718,71,5,15026,8
CUST-13004,0.485,86,5,42203,34
CUST-13005,0.62,68,3,30709,5
CUST-13006,0.54,76,2,52287,0
CUST-13007,0.464,79,4,17974,0
CUST-13008,0.893,39,7,17776,19
CUST-13009,0.826,100,6,49802,11
CUST-13010,0.619,83,3,114942,10
CUST-13011,0.638,97,5,38027,6
CUST-13012,0.821,51,7,20101,18
CUST-13013,0.814,90,7,46754,2
CUST-13014,0.708,28,2,29164,9
CUST-13015,0.793,83,7,9226,14
CUST-13016,0.672,100,2,2042,1
CUST-13017,0.972,68,3,24825,2
CUST-13018,0.511,69,2,5577,4
CUST-13019,1.0,59,6,11960,0
CUST-13020,0.961,74,2,27560,0
CUST-13021,0.749,86,4,2707,1
CUST-13022,0.937,53,1,4801,9
CUST-13023,0.65,57,3,5219,4
CUST-13024,0.846,14,5,3652,0
CUST-13025,0.769,77,1,3130,7
CUST-13026,1.0,75,2,41700,1
CUST-13027,0.328,91,4,1207,5
CUST-13028,0.695,92,3,43348,2
CUST-13029,0.845,79,6,16302,4
CUST-13030,0.866,77,5,55699,9
CUST-13031,0.753,86,5,4680,14
CUST-13032,0.695,64,4,13782,5
CUST-13033,0.609,82,5,32523,0
CUST-13034,0.978,61,6,6934,2
CUST-13035,0.946,71,2,17358,3
CUST-13036,1.0,59,5,943,3
CUST-13037,0.854,92,4,64547,3
CUST-13038,0.473,42,1,60904,3
CUST-13039,0.825,69,2,51181,2
CUST-13040,0.642,91,3,16461,1
CUST-13041,0.858,60,2,10688,9
CUST-13042,0.536,94,4,13788,2
CUST-13043,0.872,100,5,21947,0
CUST-13044,0.481,95,0,1056,12
CUST-13045,0.761,73,2,54167,1
CUST-13046,0.309,42,4,16823,0
CUST-13047,0.517,49,4,56247,6
CUST-13048,0.426,55,5,2626,0
CUST-13049,0.374,70,4,17013,3
CUST-13050,0.773,63,3,28519,10
CUST-13051,0.734,52,2,6006,6
CUST-13052,0.584,72,6,1394,4
CUST-13053,0.983,43,7,58396,2
CUST-13054,0.743,58,3,15959,11
CUST-13055,0.396,96,3,4768,3
CUST-13056,0.631,43,5,1579,1
CUST-13057,0.724,97,2,10493,7
CUST-13058,0.776,45,4,21577,0
CUST-13059,0.148,100,1,1326,4
CUST-13060,0.278,45,3,5349,4
CUST-13061,0.803,31,5,35855,3
CUST-13062,0.622,90,5,44543,10
CUST-13063,0.881,22,4,36719,2
CUST-13064,0.48,62,5,49825,4
CUST-13065,0.766,73,3,23965,1
CUST-13066,0.531,63,6,7738,0
CUST-13067,0.651,62,2,14490,7
CUST-13068,0.873,47,5,118568,5
CUST-13069,0.737,76,4,46978,0
CUST-13070,0.661,79,2,10142,4
CUST-13071,0.415,34,7,13800,8
CUST-13072,0.92,88,5,508,0
CUST-13073,0.683,80,5,8414,5
CUST-13074,1.0,100,1,21030,5
CUST-13075,0.812,88,2,24821,14
CUST-13076,0.872,47,2,10001,0
CUST-13077,0.669,58,4,65405,0
CUST-13078,0.553,67,2,5359,5
CUST-13079,0.813,94,3,22866,10
CUST-13080,0.92,71,5,21837,5
CUST-13081,0.918,76,2,17518,2
CUST-13082,0.543,54,4,41415,2
CUST-13083,0.846,68,4,18822,7
CUST-13084,0.688,78,7,12711,19
CUST-13085,0.69,65,3,31781,3
CUST-13086,0.578,37,4,10703,6
CUST-13087,0.924,90,7,12904,0
CUST-13088,0.429,100,2,7672,9
CUST-13089,0.612,48,4,1673,1
CUST-13090,1.0,62,4,2382,0
CUST-13091,0.455,75,5,38477,1
CUST-13092,0.568,30,5,20543,1
CUST-13093,1.0,94,4,18306,1
CUST-13094,1.0,57,4,84535,2
CUST-13095,0.468,70,3,1706,1
CUST-13096,0.797,81,5,27854,3
CUST-13097,0.636,70,4,12271,2
CUST-13098,0.559,76,3,25213,2
CUST-13099,0.703,53,4,8242,0
CUST-13100,0.525,73,2,72273,3
CUST-13101,0.769,82,3,4381,9
CUST-13102,0.99,60,4,26477,3
CUST-13103,0.597,77,4,43184,2
CUST-13104,0.58,70,7,31856,13
CUST-13105,0.489,78,4,27582,0
CUST-13106,0.6,21,3,20550,0
CUST-13107,0.63,52,4,20585,5
CUST-13108,0.83,100,4,30100,2
CUST-13109,0.686,100,5,4825,13
CUST-13110,1.0,13,7,4838,0
CUST-13111,0.677,100,7,10521,12
CUST-13112,0.735,29,5,36670,3
CUST-13113,0.138,82,2,12498,1
CUST-13114,0.717,85,5,41123,8
CUST-13115,0.467,77,7,38050,7
CUST-13116,1.0,85,3,4585,2
CUST-13117,0.973,50,6,40230,6
CUST-13118,0.838,71,5,6055,16
CUST-13119,0.83,55,2,44329,1
CUST-13120,0.557,100,5,41803,2
CUST-13121,0.726,43,5,25161,0
CUST-13122,0.807,45,1,27141,12
CUST-13123,0.495,59,7,27386,7
CUST-13124,0.541,88,5,3726,3
CUST-13125,0.541,53,2,16401,13
CUST-13126,0.493,78,4,6211,4
CUST-13127,0.931,58,2,41436,6
CUST-13128,0.36,65,6,17816,0
CUST-13129,0.357,89,5,35031,9
CUST-13130,0.618,100,3,17121,1
CUST-13131,0.089,61,3,46964,4
CUST-13132,0.8,80,2,21438,16
CUST-13133,0.586,77,5,36616,4
CUST-13134,0.583,51,1,38531,2
CUST-13135,0.865,72,3,30443,1
CUST-13136,0.688,73,5,4739,12
CUST-13137,0.758,51,5,27804,12
CUST-13138,0.839,82,3,20336,5
CUST-13139,0.605,67,5,9506,1
CUST-13140,0.426,73,4,50541,3
CUST-13141,0.938,81,7,108456,9
CUST-13142,1.0,97,5,102118,0
CUST-13143,0.503,73,7,47996,0
CUST-13144,0.812,51,5,51162,0
CUST-13145,0.482,50,5,9657,25
CUST-13146,0.863,52,3,53653,0
CUST-13147,0.386,65,1,25053,0
CUST-13148,0.314,47,4,67591,1
CUST-13149,0.657,34,5,3319,2
CUST-13150,0.29,62,5,2294,7
CUST-13151,0.731,66,2,1729,7
CUST-13152,0.699,58,2,22145,1
CUST-13153,0.866,79,3,10620,10
CUST-13154,0.566,43,4,12515,0
CUST-13155,0.489,52,4,45843,4
CUST-13156,0.905,79,4,1135,0
CUST-13157,0.611,67,3,15476,0
CUST-13158,0.507,51,6,30356,2
CUST-13159,0.396,60,6,18974,0
CUST-13160,0.87,49,7,5036,8
CUST-13161,0.614,97,4,20890,5
CUST-13162,0.884,48,4,114500,5
CUST-13163,0.63,49,4,3561,3
CUST-13164,0.876,72,5,13766,2
CUST-13165,0.807,100,5,21497,1
CUST-13166,0.517,26,7,5215,4
CUST-13167,0.717,44,1,12584,5
CUST-13168,1.0,48,2,74687,1
CUST-13169,0.688,54,4,63216,15
CUST-13170,0.507,61,3,30650,14
CUST-13171,0.889,89,4,6860,14
CUST-13172,0.542,53,4,40666,9
CUST-13173,0.924,45,5,29949,0
CUST-13174,0.821,44,4,10603,10
CUST-13175,0.752,66,4,5670,1
CUST-13176,0.574,65,7,19400,21
CUST-13177,0.68,61,4,16377,15
CUST-13178,0.665,63,2,36729,3
CUST-13179,0.929,72,6,2651,2
CUST-13180,0.93,56,6,12136,7
CUST-13181,0.827,87,3,19593,3
CUST-13182,0.699,87,4,18974,9
CUST-13183,0.705,58,4,45465,17
CUST-13184,0.735,11,5,1136,3
CUST-13185,0.999,75,7,77628,9
CUST-13186,0.803,72,3,46778,0
CUST-13187,0.465,68,4,14965,2
CUST-13188,0.955,62,0,10106,1
CUST-13189,1.0,89,3,18878,2
CUST-13190,0.875,58,4,46250,24
CUST-13191,0.44,48,3,21421,17
CUST-13192,0.924,100,5,54500,2
CUST-13193,0.35,65,1,12297,3
CUST-13194,0.639,54,3,86468,7
CUST-13195,0.96,41,3,29408,2
CUST-13196,0.949,75,4,4391,4
CUST-13197,0.436,68,3,18941,0
CUST-13198,0.849,100,5,32502,4
CUST-13199,1.0,76,4,64649,1
CUST-13200,0.795,39,5,36445,9
CUST-13201,0.374,96,3,31908,2
CUST-13202,0.464,44,4,72635,5
CUST-13203,0.69,78,4,2987,9
CUST-13204,0.708,40,5,37874,10
CUST-13205,0.931,48,2,42785,0
CUST-13206,0.883,68,4,1044,13
CUST-13207,0.747,73,5,9378,4
CUST-13208,0.851,79,2,33812,6
CUST-13209,0.443,14,5,27262,0
CUST-13210,0.729,52,5,37500,7
CUST-13211,0.549,50,3,38626,4
CUST-13212,0.57,59,5,19297,20
CUST-13213,0.844,61,5,18238,3
CUST-13214,0.659,71,7,73126,13
CUST-13215,0.537,100,5,48331,8
CUST-13216,0.515,35,2,10272,3
CUST-13217,0.939,66,5,4290,0
CUST-13218,0.709,80,6,1937,2
CUST-13219,0.826,83,4,32941,2
CUST-13220,0.758,81,3,554,1
CUST-13221,0.949,36,7,14534,3
CUST-13222,0.755,57,3,27246,0
CUST-13223,0.583,67,5,82959,1
CUST-13224,0.718,59,5,16544,3
CUST-13225,0.297,61,5,17810,3
CUST-13226,0.622,70,1,91341,8
CUST-13227,1.0,68,2,38781,4
CUST-13228,0.417,38,4,33288,5
CUST-13229,0.693,83,2,9730,1
CUST-13230,0.871,80,6,11880,0
CUST-13231,0.823,38,5,38068,2
CUST-13232,0.832,100,5,2268,2
CUST-13233,0.788,62,6,18583,1
CUST-13234,0.333,75,3,11651,0
CUST-13235,0.811,80,4,5253,0
CUST-13236,1.0,58,3,4672,1
CUST-13237,0.972,75,4,3280,2
CUST-13238,1.0,64,3,37909,5
CUST-13239,0.635,64,3,18537,7
CUST-13240,0.677,69,2,35485,6
CUST-13241,0.69,60,4,18350,11
CUST-13242,0.858,76,3,15052,4
CUST-13243,0.498,54,2,29542,6
CUST-13244,0.541,100,6,13225,7
CUST-13245,0.743,62,5,7408,2
CUST-13246,0.494,64,5,21401,1
CUST-13247,0.626,93,3,23161,6
CUST-13248,0.468,55,3,16420,3
CUST-13249,0.659,56,7,85797,16
CUST-13250,0.75,52,3,3923,1
CUST-13251,0.794,56,5,11549,2
CUST-13252,0.496,45,3,40826,0
CUST-13253,0.897,88,4,2565,6
CUST-13254,0.242,70,4,9754,2
CUST-13255,0.552,71,4,10648,8
CUST-13256,0.637,68,3,10615,6
CUST-13257,0.885,58,6,27879,18
CUST-13258,0.775,81,5,43010,4
CUST-13259,0.747,62,4,1267,8
CUST-13260,1.0,74,4,2815,5
CUST-13261,0.839,72,3,19255,7
CUST-13262,0.494,60,5,16760,4
CUST-13263,0.46,86,3,188371,2
CUST-13264,0.522,78,3,23741,1
CUST-13265,1.0,62,4,66488,0
CUST-13266,0.813,33,4,6587,11
CUST-13267,0.94,39,5,21129,6
CUST-13268,0.955,86,3,35109,22
CUST-13269,0.72,85,1,37097,6
CUST-13270,0.689,84,3,58120,1
CUST-13271,0.708,65,1,27507,3
CUST-13272,0.825,26,6,32495,6
CUST-13273,0.446,70,2,36518,1
CUST-13274,0.45,56,5,11812,6
CUST-13275,0.557,10,3,53775,6
CUST-13276,0.61,62,4,4272,8
CUST-13277,1.0,100,4,15061,3
CUST-13278,0.823,32,5,20431,11
CUST-13279,0.528,35,5,11546,6
CUST-13280,0.523,78,5,22850,4
CUST-13281,1.0,68,5,6340,1
CUST-13282,0.732,56,0,19122,12
CUST-13283,0.553,69,3,30684,21
CUST-13284,0.773,100,6,28359,3
CUST-13285,0.78,89,2,13791,2
CUST-13286,0.591,86,5,24806,4
CUST-13287,0.775,68,4,150548,9
CUST-13288,0.588,100,5,5379,13
CUST-13289,0.472,44,1,6584,3
CUST-13290,0.443,89,5,12145,2
CUST-13291,1.0,55,7,32118,4
CUST-13292,0.838,65,5,18924,2
CUST-13293,0.32,68,7,22085,1
CUST-13294,0.853,74,6,32090,10
CUST-13295,0.561,91,3,11300,1
CUST-13296,0.466,56,3,4468,4
CUST-13297,0.499,66,3,79755,2
CUST-13298,0.608,52,3,12592,9
CUST-13299,0.925,64,1,2131,1
CUST-13300,0.66,38,3,12470,2
CUST-13301,0.937,50,1,57915,0
CUST-13302,0.89,73,7,22530,2
CUST-13303,0.481,60,3,1979,8
CUST-13304,1.0,71,5,9747,0
CUST-13305,0.563,81,4,13877,4
CUST-13306,0.286,24,3,17674,8
CUST-13307,0.393,72,2,27632,2
CUST-13308,1.0,76,1,44031,26
CUST-13309,0.606,74,4,20210,3
CUST-13310,0.516,41,4,8992,19
CUST-13311,0.961,78,2,14461,3
CUST-13312,0.636,58,5,30412,9
CUST-13313,0.549,53,5,96599,1
CUST-13314,0.992,48,4,52803,2
CUST-13315,0.649,85,5,90984,1
CUST-13316,0.779,56,5,19516,4
CUST-13317,0.417,87,5,8430,4
CUST-13318,0.423,45,4,90344,8
CUST-13319,0.638,84,2,9320,8
CUST-13320,0.608,85,5,9064,0
CUST-13321,0.425,89,4,15506,2
CUST-13322,0.61,44,6,29953,15
CUST-13323,0.618,82,7,30158,5
CUST-13324,0.854,70,5,11575,0
CUST-13325,0.122,76,4,2373,10
CUST-13326,0.773,41,1,51585,21
CUST-13327,0.44,99,2,20821,0
CUST-13328,0.35,50,5,13903,5
CUST-13329,0.604,61,3,4763,4
CUST-13330,0.572,83,4,100460,0
CUST-13331,0.465,100,4,41590,8
CUST-13332,0.684,52,4,2504,0
CUST-13333,0.546,75,4,31446,0
CUST-13334,0.926,45,5,60695,2
CUST-13335,0.835,76,5,19791,18
CUST-13336,0.569,55,4,40418,6
CUST-13337,0.885,90,4,17329,7
CUST-13338,0.591,74,5,1902,2
CUST-13339,0.537,70,5,60831,2
CUST-13340,0.394,85,3,46616,9
CUST-13341,0.596,65,3,22896,0
CUST-13342,0.808,51,3,67583,1
CUST-13343,0.758,15,4,8647,9
CUST-13344,0.807,43,1,102433,11
CUST-13345,0.792,66,3,11617,12
CUST-13346,0.561,53,2,55411,0
CUST-13347,0.803,61,6,18520,3
CUST-13348,0.779,66,2,25444,14
CUST-13349,0.335,72,4,8801,10
CUST-13350,0.626,64,4,12888,3
CUST-13351,0.994,38,5,7271,3
CUST-13352,0.722,61,5,16339,4
CUST-13353,0.875,30,5,9188,6
CUST-13354,0.42,74,7,9333,4
CUST-13355,0.507,64,4,12785,7
CUST-13356,0.851,52,4,89407,12
CUST-13357,1.0,100,7,8635,15
CUST-13358,0.763,77,5,7796,1
CUST-13359,0.543,89,6,18081,4
CUST-13360,0.527,58,4,7893,6
CUST-13361,1.0,66,2,5774,8
CUST-13362,0.566,30,5,13258,0
CUST-13363,0.966,58,4,7676,2
CUST-13364,1.0,15,5,16127,8
CUST-13365,0.762,60,3,3641,7
CUST-13366,0.452,53,2,2645,0
CUST-13367,0.479,69,4,24645,17
CUST-13368,0.435,25,2,37600,7
CUST-13369,0.868,84,6,31246,4
CUST-13370,0.765,100,3,13492,0
CUST-13371,0.557,61,5,1822,3
CUST-13372,0.613,92,5,21855,8
CUST-13373,0.331,80,5,613,0
CUST-13374,0.916,49,2,3594,0
CUST-13375,1.0,54,5,14809,7
CUST-13376,0.621,86,4,54896,0
CUST-13377,0.809,66,3,44508,3
CUST-13378,0.635,76,2,47149,10
CUST-13379,1.0,86,3,11084,5
CUST-13380,0.565,51,1,3956,3
CUST-13381,0.584,43,4,5288,0
CUST-13382,0.682,62,2,2093,8
CUST-13383,0.613,54,4,16278,0
CUST-13384,0.412,40,5,57312,0
CUST-13385,0.868,60,4,44148,2
CUST-13386,0.655,58,6,3884,4
CUST-13387,0.53,81,5,69184,0
CUST-13388,0.416,39,4,13480,13
CUST-13389,1.0,50,2,76744,0
CUST-13390,0.858,86,3,1813,20
CUST-13391,0.646,68,7,3362,4
CUST-13392,0.446,49,6,15141,4
CUST-13393,0.813,50,5,44594,10
CUST-13394,0.404,71,2,36522,2
CUST-13395,0.7,74,4,14198,9
CUST-13396,0.389,89,4,36440,1
CUST-13397,0.63,84,3,103309,11
CUST-13398,0.824,73,3,39401,2
CUST-13399,0.701,55,6,8307,4
CUST-13400,0.222,63,6,2506,5
CUST-13401,0.971,59,4,27406,9
CUST-13402,0.913,80,6,8201,2
CUST-13403,0.203,44,4,12071,2
CUST-13404,0.678,35,3,27450,1
CUST-13405,0.841,51,4,25535,1
CUST-13406,0.633,77,3,20927,14
CUST-13407,0.822,58,4,20607,1
CUST-13408,0.837,99,6,7312,14
CUST-13409,0.485,92,3,7977,7
CUST-13410,0.677,50,1,99804,1
CUST-13411,0.501,62,6,10692,1
CUST-13412,0.383,91,3,9977,3
CUST-13413,0.626,38,2,13579,4
CUST-13414,0.819,74,1,10099,7
CUST-13415,0.63,56,7,6165,12
CUST-13416,0.595,75,5,15643,3
CUST-13417,0.226,64,4,16438,1
CUST-13418,0.684,51,3,18181,21
CUST-13419,0.54,45,6,12548,3
CUST-13420,0.646,62,4,28535,5
CUST-13421,0.44,67,5,6667,17
CUST-13422,0.235,59,3,97343,2
CUST-13423,0.511,54,3,13769,1
CUST-13424,0.471,83,5,8905,8
CUST-13425,0.773,73,6,11905,3
CUST-13426,0.548,87,2,13231,0
CUST-13427,0.598,47,2,7875,0
CUST-13428,0.946,69,2,8888,11
CUST-13429,0.539,46,4,31379,1
CUST-13430,0.78,45,7,18414,3
CUST-13431,0.673,16,6,1444,6
CUST-13432,0.681,78,3,55768,15
CUST-13433,0.679,68,0,45394,8
CUST-13434,0.781,73,6,2261,3
CUST-13435,0.672,28,5,10984,3
CUST-13436,0.665,64,3,23394,2
CUST-13437,0.711,74,6,31282,0
CUST-13438,0.27,49,2,11977,1
CUST-13439,0.738,66,3,39421,18
CUST-13440,0.392,99,4,11956,1
CUST-13441,1.0,68,6,83469,9
CUST-13442,1.0,57,3,18676,12
CUST-13443,0.68,72,6,12451,0
CUST-13444,0.908,87,5,22538,3
CUST-13445,0.997,89,4,12999,11
CUST-13446,0.804,79,5,52140,0
CUST-13447,0.599,85,3,7681,22
CUST-13448,0.861,67,1,11751,12
CUST-13449,0.538,92,2,16364,17
CUST-13450,0.646,44,4,13391,0
CUST-13451,0.478,60,6,17512,3
CUST-13452,0.62,67,3,32725,0
CUST-13453,0.925,85,4,13197,1
CUST-13454,0.673,35,3,19473,6
CUST-13455,0.685,71,7,42360,8
CUST-13456,0.61,42,4,23466,7
CUST-13457,1.0,54,2,23836,0
CUST-13458,0.596,88,2,6597,0
CUST-13459,0.672,52,6,5240,7
CUST-13460,0.888,35,1,17305,2
CUST-13461,0.505,66,3,5244,8
CUST-13462,0.415,52,2,9404,5
CUST-13463,0.565,61,6,10166,9
CUST-13464,1.0,46,4,21385,4
CUST-13465,0.443,100,5,12425,0
CUST-13466,0.946,82,4,29965,6
CUST-13467,0.731,37,4,6387,10
CUST-13468,0.981,62,6,44392,11
CUST-13469,0.619,100,5,8090,0
CUST-13470,0.639,68,2,3369,12
CUST-13471,0.682,95,6,13457,3
CUST-13472,0.57,32,2,8084,4
CUST-13473,0.777,91,3,43605,2
CUST-13474,0.79,67,3,8720,0
CUST-13475,0.825,44,6,19728,8
CUST-13476,0.593,86,5,12502,10
CUST-13477,0.602,42,4,19646,12
CUST-13478,0.442,59,6,3734,0
CUST-13479,0.76,67,4,30412,7
CUST-13480,0.392,86,5,49864,3
CUST-13481,1.0,77,2,4586,19
CUST-13482,0.925,84,3,16151,6
CUST-13483,0.764,82,2,43354,1
CUST-13484,0.756,63,7,146263,2
CUST-13485,0.497,65,5,30229,1
CUST-13486,0.936,65,3,18990,3
CUST-13487,0.631,73,4,23512,2
CUST-13488,0.604,79,4,27613,7
CUST-13489,0.345,83,5,28208,1
CUST-13490,1.0,70,4,16450,2
CUST-13491,0.458,97,6,89419,3
CUST-13492,0.432,70,3,4559,1
CUST-13493,0.712,87,7,40491,3
CUST-13494,0.427,66,2,37351,6
CUST-13495,0.631,52,5,28126,7
CUST-13496,0.757,56,3,2539,3
CUST-13497,0.515,81,4,56168,0
CUST-13498,0.74,31,4,15344,5
CUST-13499,0.599,63,5,25978,3
CUST-13500,1.0,50,3,14290,9
CUST-13501,1.0,76,2,18077,6
CUST-13502,0.829,49,2,15428,6
CUST-13503,0.799,48,4,13948,7
CUST-13504,0.645,84,6,26739,9
CUST-13505,0.637,68,5,7188,7
CUST-13506,1.0,74,6,58574,8
CUST-13507,0.711,78,6,16449,21
CUST-13508,0.922,76,7,27683,7
CUST-13509,0.764,27,3,7341,3
CUST-13510,0.613,40,2,14445,5
CUST-13511,0.753,43,3,6931,3
CUST-13512,0.546,52,5,1922,2
CUST-13513,0.794,53,4,29234,2
CUST-13514,0.37,54,5,39350,16
CUST-13515,0.612,81,7,8002,6
CUST-13516,0.446,64,5,53433,0
CUST-13517,0.965,52,3,4427,1
CUST-13518,1.0,65,4,4792,0
CUST-13519,0.901,99,4,24700,5
CUST-13520,0.676,56,7,620,1
CUST-13521,0.947,68,5,30904,2
CUST-13522,0.304,89,3,15896,2
CUST-13523,0.336,82,2,12480,1
CUST-13524,0.878,86,4,8693,11
CUST-13525,0.916,86,2,5780,5
CUST-13526,0.731,92,4,1067,2
CUST-13527,0.697,72,5,20027,6
CUST-13528,0.589,63,3,16841,3
CUST-13529,0.427,39,4,5585,2
CUST-13530,0.237,61,1,5375,11
CUST-13531,0.855,97,4,52129,7
CUST-13532,0.586,57,4,18853,7
CUST-13533,0.404,63,7,27939,2
CUST-13534,0.879,90,4,49320,2
CUST-13535,0.712,75,3,17161,0
CUST-13536,0.627,96,5,3132,5
CUST-13537,0.877,81,1,2817,5
CUST-13538,0.504,58,4,13638,14
CUST-13539,0.695,65,2,21751,1
CUST-13540,0.839,62,5,4182,6
CUST-13541,0.39,49,3,3814,0
CUST-13542,0.682,76,5,31277,5
CUST-13543,0.636,65,4,8149,0
CUST-13544,0.975,93,4,10587,11
CUST-13545,0.808,41,5,33045,8
CUST-13546,0.618,98,4,39401,14
CUST-13547,0.448,36,4,3662,9
CUST-13548,1.0,76,2,66649,1
CUST-13549,0.201,72,6,16731,7
CUST-13550,1.0,40,3,8057,6
CUST-13551,0.477,76,2,15608,7
CUST-13552,0.783,32,2,33168,9
CUST-13553,0.53,89,2,5418,9
CUST-13554,0.522,57,4,26285,9
CUST-13555,0.845,80,7,12114,15
CUST-13556,0.828,100,3,15136,9
CUST-13557,0.605,83,6,122820,21
CUST-13558,0.424,59,6,15838,2
CUST-13559,0.672,83,6,87101,4
CUST-13560,0.619,86,6,80135,2
CUST-13561,0.869,87,4,28430,12
CUST-13562,1.0,82,3,11768,18
CUST-13563,1.0,40,4,16477,4
CUST-13564,0.108,83,4,11504,3
CUST-13565,0.848,51,6,5559,1
CUST-13566,0.122,31,6,97299,2
CUST-13567,0.643,87,3,15436,1
CUST-13568,0.574,51,3,5006,2
CUST-13569,0.67,100,5,9698,18
CUST-13570,0.846,78,2,19808,3
CUST-13571,0.363,59,5,56233,5
CUST-13572,0.686,41,2,13044,2
CUST-13573,0.623,44,3,24021,0
CUST-13574,0.888,63,2,2260,5
CUST-13575,0.249,64,5,12991,5
CUST-13576,0.477,66,2,11092,7
CUST-13577,0.372,41,2,10218,9
CUST-13578,0.395,51,4,7183,23
CUST-13579,0.896,84,3,26713,3
CUST-13580,0.919,62,0,11433,1
CUST-13581,0.599,48,4,2183,4
CUST-13582,0.419,64,3,5871,8
CUST-13583,0.283,62,4,130825,3
CUST-13584,0.413,74,3,33495,6
CUST-13585,0.939,49,6,70350,4
CUST-13586,0.848,77,2,6901,5
CUST-13587,0.91,58,2,25268,2
CUST-13588,0.375,41,7,38621,6
CUST-13589,0.601,83,4,83517,3
CUST-13590,0.651,81,4,15529,7
CUST-13591,0.668,68,5,33651,13
CUST-13592,0.425,71,4,36023,6
CUST-13593,0.951,47,2,46189,5
CUST-13594,0.656,53,1,1516,2
CUST-13595,0.78,86,4,60248,4
CUST-13596,1.0,59,3,564,0
CUST-13597,0.482,77,2,6477,0
CUST-13598,1.0,91,2,102633,0
CUST-13599,1.0,43,4,10487,0
CUST-13600,0.484,100,4,10096,2
CUST-13601,0.75,59,5,73805,0
CUST-13602,0.673,87,4,51514,14
CUST-13603,0.701,78,4,29603,10
CUST-13604,0.9,82,6,14814,7
CUST-13605,0.882,84,2,19045,13
CUST-13606,0.906,100,5,1891,13
CUST-13607,0.609,46,5,58824,2
CUST-13608,0.589,49,4,2650,4
CUST-13609,0.81,100,4,20059,3
CUST-13610,0.698,64,4,21213,7
CUST-13611,0.659,73,4,22604,6
CUST-13612,0.918,73,6,4691,12
CUST-13613,0.787,60,5,18638,6
CUST-13614,0.979,91,5,15781,3
CUST-13615,1.0,100,3,33345,4
CUST-13616,0.744,100,3,39095,4
CUST-13617,0.835,62,2,2491,9
CUST-13618,0.597,59,3,28517,6
CUST-13619,0.548,75,3,11233,3
CUST-13620,0.784,54,6,14431,0
CUST-13621,0.397,77,7,14739,1
CUST-13622,0.386,83,3,37986,0
CUST-13623,0.677,64,2,2480,4
CUST-13624,0.879,69,2,20281,4
CUST-13625,1.0,61,3,35436,6
CUST-13626,0.743,25,2,7580,2
CUST-13627,0.793,62,0,58604,0
CUST-13628,0.567,59,4,1043,2
CUST-13629,0.82,75,5,6380,3
CUST-13630,0.71,50,2,116610,0
CUST-13631,0.827,39,5,54025,0
CUST-13632,0.416,62,3,5666,7
CUST-13633,0.95,64,6,12404,6
CUST-13634,0.99,92,4,6502,2
CUST-13635,0.68,74,4,44560,10
CUST-13636,1.0,91,5,35131,4
CUST-13637,0.23,59,7,32004,13
CUST-13638,0.482,98,3,21752,2
CUST-13639,0.576,79,4,35998,9
CUST-13640,0.62,52,1,19910,1
CUST-13641,0.661,64,3,9256,7
CUST-13642,0.293,63,3,27643,0
CUST-13643,0.727,48,2,16177,18
CUST-13644,0.439,48,3,5523,0
CUST-13645,0.449,49,5,794,9
CUST-13646,0.476,92,4,5501,16
CUST-13647,0.555,78,4,11320,4
CUST-13648,0.814,57,4,12925,5
CUST-13649,0.681,100,5,6212,4
CUST-13650,0.332,56,5,74841,1
CUST-13651,0.699,79,2,51493,4
CUST-13652,1.0,42,3,45191,0
CUST-13653,0.625,55,5,16998,4
CUST-13654,0.793,73,5,11193,4
CUST-13655,0.993,39,2,2999,0
CUST-13656,0.535,65,4,6391,0
CUST-13657,0.299,35,1,62308,0
CUST-13658,0.358,87,4,14462,2
CUST-13659,0.49,80,5,4525,1
CUST-13660,0.31,52,5,23864,6
CUST-13661,0.552,58,4,20090,5
CUST-13662,0.715,71,4,12179,1
CUST-13663,0.696,39,5,64341,3
CUST-13664,0.42,96,6,6760,0
CUST-13665,0.354,39,4,6654,10
CUST-13666,0.323,83,3,20711,7
CUST-13667,0.549,51,2,32356,8
CUST-13668,0.589,42,5,4933,2
CUST-13669,0.831,68,5,32265,0
CUST-13670,0.779,90,3,2666,9
CUST-13671,0.449,66,7,15537,3
CUST-13672,0.676,60,4,82331,1
CUST-13673,0.646,88,4,13839,4
CUST-13674,0.584,51,0,1475,3
CUST-13675,0.723,65,4,972,0
CUST-13676,0.923,80,5,7812,2
CUST-13677,1.0,91,7,6410,18
CUST-13678,0.56,95,3,6495,9
CUST-13679,0.829,100,7,21813,0
CUST-13680,0.901,30,4,20856,17
CUST-13681,0.336,60,1,100264,1
CUST-13682,0.568,78,4,90033,1
CUST-13683,0.962,90,6,32223,0
CUST-13684,0.488,42,6,1909,7
CUST-13685,0.439,42,4,6908,0
CUST-13686,1.0,48,5,9273,8
CUST-13687,0.719,63,4,66983,16
CUST-13688,0.385,31,4,40636,0
CUST-13689,0.994,60,4,15637,11
CUST-13690,0.871,100,3,36854,5
CUST-13691,0.661,65,5,13333,21
CUST-13692,0.608,55,7,20391,1
CUST-13693,0.361,72,5,7974,2
CUST-13694,0.637,86,2,7749,3
CUST-13695,0.733,42,5,75776,1
CUST-13696,0.567,92,4,4691,7
CUST-13697,0.399,60,6,13135,1
CUST-13698,0.462,44,3,59948,2
CUST-13699,0.511,52,2,81143,8
CUST-13700,0.841,52,7,91141,0
CUST-13701,0.61,65,0,13828,3
CUST-13702,0.765,66,5,13720,12
CUST-13703,0.878,69,5,4842,17
CUST-13704,0.525,49,6,121781,18
CUST-13705,0.303,78,5,10634,1
CUST-13706,0.621,72,5,111534,8
CUST-13707,0.693,71,5,33664,5
CUST-13708,0.929,68,5,3020,5
CUST-13709,0.793,71,1,24231,11
CUST-13710,0.665,59,5,29913,4
CUST-13711,1.0,83,3,38728,11
CUST-13712,0.523,59,3,45298,0
CUST-13713,0.722,76,6,5373,8
CUST-13714,1.0,54,3,11891,35
CUST-13715,0.831,100,5,8902,3
CUST-13716,0.325,68,5,5572,4
CUST-13717,0.388,49,5,34748,2
CUST-13718,0.571,90,7,650,0
CUST-13719,0.536,100,4,9863,0
CUST-13720,0.611,96,6,20287,1
CUST-13721,0.987,37,6,43248,1
CUST-13722,0.59,32,5,10778,4
CUST-13723,0.912,83,3,5975,10
CUST-13724,0.615,77,3,4994,0
CUST-13725,0.663,78,7,62726,3
CUST-13726,0.442,100,3,4964,7
CUST-13727,0.671,89,3,35133,7
CUST-13728,0.827,82,7,81378,6
CUST-13729,0.792,93,7,3225,3
CUST-13730,0.956,40,4,9227,0
CUST-13731,0.767,34,3,12101,4
CUST-13732,0.681,61,1,28007,1
CUST-13733,1.0,58,3,3182,1
CUST-13734,0.659,52,2,593,4
CUST-13735,0.921,50,7,9309,4
CUST-13736,0.761,52,5,10462,11
CUST-13737,0.928,65,4,8119,7
CUST-13738,0.721,100,3,1852,0
CUST-13739,0.694,100,4,587,6
CUST-13740,0.361,66,7,26536,0
CUST-13741,0.932,64,5,37026,1
CUST-13742,1.0,15,5,13241,1
CUST-13743,0.99,60,3,10397,0
CUST-13744,0.887,97,6,20864,4
CUST-13745,0.919,71,6,8897,15
CUST-13746,0.689,88,6,4503,1
CUST-13747,0.828,30,5,48165,19
CUST-13748,0.764,47,5,15015,1
CUST-13749,0.8,96,3,127491,4
CUST-13750,0.694,81,5,55880,1
CUST-13751,0.978,84,4,22521,0
CUST-13752,0.567,53,4,57800,1
CUST-13753,0.659,71,2,1853,17
CUST-13754,0.661,22,2,25377,9
CUST-13755,0.68,69,3,42769,3
CUST-13756,0.457,53,6,66968,16
CUST-13757,0.624,100,5,11237,5
CUST-13758,0.933,51,5,4372,5
CUST-13759,0.62,33,4,1210,0
CUST-13760,0.635,50,1,9374,14
CUST-13761,0.111,55,4,23251,12
CUST-13762,0.603,100,3,36164,0
CUST-13763,0.39,69,4,10101,10
CUST-13764,0.664,50,5,8248,0
CUST-13765,0.732,67,2,29068,7
CUST-13766,0.709,66,2,21662,8
CUST-13767,1.0,84,6,2663,15
CUST-13768,0.926,50,4,62010,5
CUST-13769,0.803,80,4,19202,3
CUST-13770,0.885,100,3,69939,2
CUST-13771,0.295,59,6,3092,0
CUST-13772,0.555,65,4,30811,1
CUST-13773,1.0,43,5,32524,2
CUST-13774,0.9,73,2,54815,2
CUST-13775,0.688,49,6,9353,6
CUST-13776,0.652,66,6,49538,5
CUST-13777,0.549,73,1,45754,2
CUST-13778,0.871,23,4,6317,0
CUST-13779,0.908,78,5,17647,6
CUST-13780,0.767,49,3,8035,8
CUST-13781,0.627,92,2,37603,10
CUST-13782,0.757,87,3,18014,0
CUST-13783,0.597,65,5,52086,7
CUST-13784,0.657,76,7,62515,15
CUST-13785,0.404,31,5,8684,2
CUST-13786,0.817,47,6,2970,3
CUST-13787,0.734,72,1,16289,3
CUST-13788,0.95,49,2,20321,5
CUST-13789,0.68,51,3,7322,1
CUST-13790,0.82,61,2,8237,20
CUST-13791,0.406,100,5,33746,2
CUST-13792,0.446,65,4,20680,0
CUST-13793,0.74,33,3,58902,0
CUST-13794,0.994,88,3,19781,2
CUST-13795,0.364,73,5,3613,16
CUST-13796,1.0,71,4,10514,22
CUST-13797,0.393,100,4,23610,0
CUST-13798,1.0,100,2,49769,5
CUST-13799,0.959,73,5,12450,5
CUST-13800,0.779,44,3,10211,1
CUST-13801,0.7,39,3,45431,7
CUST-13802,0.531,94,5,19836,1
CUST-13803,1.0,80,1,121925,0
CUST-13804,1.0,55,5,41722,4
CUST-13805,0.904,100,2,58283,4
CUST-13806,0.341,89,7,35502,5
CUST-13807,0.982,75,2,9340,0
CUST-13808,0.686,66,3,45202,0
CUST-13809,0.748,98,4,2445,0
CUST-13810,0.838,24,4,27855,6
CUST-13811,0.939,74,5,94839,0
CUST-13812,0.552,84,3,28159,21
CUST-13813,0.85,88,5,3116,7
CUST-13814,1.0,74,5,30240,0
CUST-13815,0.718,56,5,164432,2
CUST-13816,0.05,59,4,4548,9
CUST-13817,0.49,67,3,28945,10
CUST-13818,0.766,69,7,7037,2
CUST-13819,0.665,86,7,12036,0
CUST-13820,0.621,65,1,12444,5
CUST-13821,0.877,100,7,17411,4
CUST-13822,0.671,94,4,5493,7
CUST-13823,0.705,93,4,13439,2
CUST-13824,0.781,62,3,31749,0
CUST-13825,0.745,75,2,16067,11
CUST-13826,0.792,69,3,45416,12
CUST-13827,0.901,18,5,63606,3
CUST-13828,1.0,84,4,18744,5
CUST-13829,0.637,72,4,11519,3
CUST-13830,1.0,52,4,12377,7
CUST-13831,0.677,73,5,12016,2
CUST-13832,0.543,72,4,6150,7
CUST-13833,0.674,64,4,58072,13
CUST-13834,0.517,100,1,35885,8
CUST-13835,0.973,69,6,40904,1
CUST-13836,0.716,63,4,32424,3
CUST-13837,0.491,100,5,24671,13
CUST-13838,0.8,78,6,64426,1
CUST-13839,1.0,50,7,48027,11
CUST-13840,0.609,59,5,6878,11
CUST-13841,0.84,13,1,106676,4
CUST-13842,0.608,54,4,8164,3
CUST-13843,0.676,51,5,30736,1
CUST-13844,1.0,52,3,11546,8
CUST-13845,0.917,35,6,35114,11
CUST-13846,0.901,44,5,42114,7
CUST-13847,0.637,87,5,49963,10
CUST-13848,0.781,55,3,6513,9
CUST-13849,0.789,46,1,12336,1
CUST-13850,0.602,62,2,677,13
CUST-13851,0.301,70,4,41472,7
CUST-13852,0.786,70,5,39376,1
CUST-13853,1.0,55,4,48485,20
CUST-13854,0.935,62,2,8596,2
CUST-13855,0.599,92,5,6242,0
CUST-13856,0.542,48,3,16183,11
CUST-13857,0.542,100,4,42734,2
CUST-13858,0.333,71,2,61984,3
CUST-13859,0.22,72,4,17556,3
CUST-13860,0.668,80,2,50714,16
CUST-13861,0.883,57,4,6101,6
CUST-13862,0.881,40,5,15564,4
CUST-13863,0.648,56,4,17512,8
CUST-13864,0.556,84,3,3538,5
CUST-13865,0.927,86,5,2042,13
CUST-13866,0.897,64,5,2094,6
CUST-13867,1.0,98,5,32032,3
CUST-13868,0.435,78,6,8540,2
CUST-13869,0.936,72,5,927,2
CUST-13870,0.463,74,2,12197,0
CUST-13871,0.933,85,5,44716,6
CUST-13872,0.79,96,1,1871,2
CUST-13873,0.687,77,4,7900,6
CUST-13874,1.0,60,4,1534,5
CUST-13875,0.655,72,5,17060,2
CUST-13876,0.619,100,5,21449,18
CUST-13877,1.0,75,6,19839,7
CUST-13878,0.563,86,3,14572,16
CUST-13879,0.786,49,3,4449,3
CUST-13880,0.615,38,5,3418,8
CUST-13881,0.773,62,3,142220,0
CUST-13882,0.811,40,4,21132,7
CUST-13883,0.561,67,2,23466,1
CUST-13884,1.0,76,4,70946,7
CUST-13885,0.742,54,2,38891,4
CUST-13886,0.871,43,4,23173,5
CUST-13887,0.86,63,5,8978,17
CUST-13888,0.714,69,6,35199,5
CUST-13889,0.391,96,5,36899,1
CUST-13890,0.991,57,5,46142,13
CUST-13891,0.655,55,3,3150,4
CUST-13892,0.462,50,5,20357,3
CUST-13893,0.378,47,4,1444,0
CUST-13894,0.903,39,2,17385,13
CUST-13895,0.561,67,4,35928,5
CUST-13896,1.0,65,6,11508,4
CUST-13897,0.92,60,3,8327,15
CUST-13898,0.576,100,6,59445,2
CUST-13899,0.255,94,3,30486,0
CUST-13900,0.846,37,1,1298,1
CUST-13901,0.976,48,7,13853,0
CUST-13902,0.781,25,7,7948,2
CUST-13903,0.613,75,4,10334,2
CUST-13904,0.932,54,1,29125,3
CUST-13905,0.667,57,4,50926,12
CUST-13906,0.748,56,5,60045,1
CUST-13907,0.476,90,3,33735,3
CUST-13908,0.579,66,7,6712,0
CUST-13909,0.715,53,5,32652,1
CUST-13910,0.703,72,7,76007,4
CUST-13911,0.381,55,6,31839,0
CUST-13912,0.673,71,4,4716,1
CUST-13913,0.693,74,4,29894,0
CUST-13914,0.598,99,7,26149,7
CUST-13915,1.0,63,1,9815,1
CUST-13916,0.966,73,3,8842,0
CUST-13917,0.294,100,5,9693,10
CUST-13918,0.67,61,4,17240,0
CUST-13919,1.0,75,4,10909,5
CUST-13920,1.0,40,2,33791,0
CUST-13921,0.601,74,4,16397,1
CUST-13922,0.704,92,4,14579,5
CUST-13923,0.784,60,2,23027,5
CUST-13924,1.0,78,5,2176,1
CUST-13925,0.599,83,2,13338,1
CUST-13926,1.0,57,3,31856,0
CUST-13927,0.763,85,6,16309,0
CUST-13928,0.749,74,5,2249,27
CUST-13929,0.88,68,6,32270,8
CUST-13930,0.584,82,6,37131,4
CUST-13931,0.587,75,4,13904,8
CUST-13932,0.327,52,6,100084,0
CUST-13933,0.815,69,6,3350,9
CUST-13934,0.884,60,5,9445,1
CUST-13935,0.525,67,3,12919,0
CUST-13936,0.684,36,0,77891,19
CUST-13937,0.788,70,2,43496,10
CUST-13938,0.634,100,6,6895,3
CUST-13939,0.612,92,4,12204,4
CUST-13940,0.871,57,5,1979,4
CUST-13941,0.815,75,3,9827,8
CUST-13942,0.705,53,4,23871,3
CUST-13943,0.473,84,5,33573,13
CUST-13944,0.68,83,3,63500,4
CUST-13945,1.0,99,5,7926,0
CUST-13946,0.522,92,7,3420,0
CUST-13947,0.272,65,4,7876,0
CUST-13948,0.642,43,3,30927,6
CUST-13949,0.293,95,4,49179,5
CUST-13950,0.649,49,3,1002,17
CUST-13951,0.739,53,5,15225,1
CUST-13952,0.789,70,3,10744,4
CUST-13953,0.862,77,3,5097,2
CUST-13954,0.479,72,5,29903,10
CUST-13955,0.734,27,3,10459,6
CUST-13956,0.098,100,4,32809,1
CUST-13957,0.55,77,5,5297,3
CUST-13958,0.692,89,3,2151,0
CUST-13959,0.832,59,5,1522,1
CUST-13960,0.484,68,5,15937,24
CUST-13961,0.551,67,3,8903,7
CUST-13962,0.762,51,4,15638,4
CUST-13963,0.841,41,1,16055,37
CUST-13964,0.623,55,4,570,15
CUST-13965,0.382,87,4,11076,0
CUST-13966,0.671,40,5,57165,4
CUST-13967,0.912,100,1,5520,4
CUST-13968,1.0,72,3,23249,9
CUST-13969,0.643,79,6,886,7
CUST-13970,0.91,90,4,3551,0
CUST-13971,0.204,70,3,10193,5
CUST-13972,0.882,71,5,43162,0
CUST-13973,0.836,67,3,27010,9
CUST-13974,0.852,66,4,13688,2
CUST-13975,0.697,65,1,33220,0
CUST-13976,0.676,50,4,19664,2
CUST-13977,0.737,59,0,39611,0
CUST-13978,0.611,58,4,5763,3
CUST-13979,0.595,57,7,59616,8
CUST-13980,0.559,60,4,12552,9
CUST-13981,0.892,67,4,31822,11
CUST-13982,0.68,88,5,610,4
CUST-13983,0.53,48,4,29429,7
CUST-13984,0.901,83,4,88818,1
CUST-13985,0.568,79,1,38496,2
CUST-13986,0.592,80,3,24521,2
CUST-13987,0.821,45,2,17788,11
CUST-13988,0.633,99,5,51541,3
CUST-13989,0.601,48,6,4536,2
CUST-13990,0.939,82,1,29297,1
CUST-13991,0.676,100,5,37248,1
CUST-13992,0.689,66,3,4824,32
CUST-13993,0.723,66,0,776,5
CUST-13994,0.776,27,5,8308,5
CUST-13995,0.706,43,1,1929,6
CUST-13996,0.668,40,2,12271,1
CUST-13997,0.151,56,4,7437,9
CUST-13998,0.808,83,6,3919,4
CUST-13999,0.808,73,3,18878,9
CUST-14000,0.665,96,3,19032,6
CUST-14001,0.699,90,6,43671,2
CUST-14002,0.627,100,6,92974,0
CUST-14003,0.864,88,3,13656,6
CUST-14004,0.79,53,5,36729,12
CUST-14005,1.0,65,4,34602,3
CUST-14006,0.875,61,4,38881,4
CUST-14007,1.0,56,5,6879,1
CUST-14008,0.875,50,2,8373,0
CUST-14009,0.851,31,2,4440,10
CUST-14010,0.9,50,4,66369,2
CUST-14011,0.71,46,5,10187,8
CUST-14012,0.788,75,5,22332,4
CUST-14013,0.7,80,5,5315,4
CUST-14014,0.386,44,4,15462,4
CUST-14015,0.658,68,5,21259,13
CUST-14016,0.78,71,5,19888,6
CUST-14017,0.696,71,3,37001,3
CUST-14018,0.153,69,4,3872,0
CUST-14019,0.81,73,6,569,2
CUST-14020,0.722,66,6,38888,7
CUST-14021,1.0,63,4,22775,8
CUST-14022,0.647,68,6,27488,0
CUST-14023,0.948,67,4,15189,10
CUST-14024,0.573,51,4,7892,1
CUST-14025,0.538,51,3,10133,4
CUST-14026,0.546,65,6,3153,17
CUST-14027,0.646,64,4,21389,2
CUST-14028,0.836,84,7,23961,1
CUST-14029,0.414,61,2,2991,2
CUST-14030,1.0,100,1,7414,1
CUST-14031,0.375,52,4,6529,3
CUST-14032,0.474,98,3,3698,1
CUST-14033,0.61,37,3,54479,19
CUST-14034,0.911,79,5,1993,19
CUST-14035,0.435,43,6,37574,0
CUST-14036,0.882,62,5,11661,2
CUST-14037,0.435,75,4,5059,1
CUST-14038,1.0,62,6,37035,3
CUST-14039,0.668,83,4,21458,4
CUST-14040,0.539,77,3,132231,12
CUST-14041,0.494,48,7,20723,2
CUST-14042,0.518,100,4,23956,7
CUST-14043,0.62,79,5,29267,1
CUST-14044,0.656,75,5,11818,16
CUST-14045,0.456,43,4,79473,4
CUST-14046,0.175,75,3,845,4
CUST-14047,0.878,64,5,8241,8
CUST-14048,0.624,97,3,11933,3
CUST-14049,0.781,47,3,10817,0
CUST-14050,0.929,90,1,14733,16
CUST-14051,0.581,98,5,7018,0
CUST-14052,0.688,51,6,32360,14
CUST-14053,0.863,47,5,29172,4
CUST-14054,0.415,53,1,2662,11
CUST-14055,0.652,33,6,15295,12
CUST-14056,0.477,37,3,27416,3
CUST-14057,0.838,97,4,125023,10
CUST-14058,0.598,56,7,18301,13
CUST-14059,0.556,82,3,16126,0
CUST-14060,0.561,92,3,73474,17
CUST-14061,0.573,95,6,14018,5
CUST-14062,0.744,69,3,32132,0
CUST-14063,0.771,100,5,38156,0
CUST-14064,0.779,84,4,17604,1
CUST-14065,0.458,62,1,18684,8
CUST-14066,1.0,23,6,20794,10
CUST-14067,0.593,77,5,4279,1
CUST-14068,0.621,38,3,5605,0
CUST-14069,0.547,38,5,121970,4
CUST-14070,0.853,63,2,17719,3
CUST-14071,0.767,83,6,12082,3
CUST-14072,0.121,80,3,21575,1
CUST-14073,1.0,100,4,19571,3
CUST-14074,1.0,63,5,7564,5
CUST-14075,0.883,74,6,38237,11
CUST-14076,0.582,49,1,71419,1
CUST-14077,0.867,63,2,9914,9
CUST-14078,0.511,58,4,34345,2
CUST-14079,0.801,77,3,1929,2
CUST-14080,0.714,98,3,35138,1
CUST-14081,0.742,73,6,34096,1
CUST-14082,0.978,59,4,39923,0
CUST-14083,0.742,81,4,73072,2
CUST-14084,0.612,61,3,11534,0
CUST-14085,0.691,76,4,15308,0
CUST-14086,0.787,70,7,63462,3
CUST-14087,0.556,54,7,82340,4
CUST-14088,0.704,88,2,62890,6
CUST-14089,1.0,53,5,31984,2
CUST-14090,0.416,71,3,27876,1
CUST-14091,0.356,50,3,50134,6
CUST-14092,0.845,67,4,23257,0
CUST-14093,0.726,47,5,11114,4
CUST-14094,0.915,57,3,70101,2
CUST-14095,0.91,54,5,2095,12
CUST-14096,0.743,76,4,15573,4
CUST-14097,1.0,86,2,9259,4
CUST-14098,0.789,51,3,1114,0
CUST-14099,0.605,53,3,10425,0
CUST-14100,0.771,100,2,7466,9
CUST-14101,0.728,22,1,20236,3
CUST-14102,0.835,83,6,18776,5
CUST-14103,0.573,66,6,35791,5
CUST-14104,1.0,60,4,1688,1
CUST-14105,0.5,35,5,8111,18
CUST-14106,0.911,28,3,28542,4
CUST-14107,0.712,55,4,9168,12
CUST-14108,0.589,56,4,30598,12
CUST-14109,0.661,10,1,44641,2
CUST-14110,0.557,75,5,3159,0
CUST-14111,0.819,57,2,19521,3
CUST-14112,0.8,100,3,16437,0
CUST-14113,0.975,62,3,16908,0
CUST-14114,0.571,70,3,33573,3
CUST-14115,0.856,66,4,14423,7
CUST-14116,0.61,53,4,16574,15
CUST-14117,0.538,84,5,4989,1
CUST-14118,0.628,68,5,1992,11
CUST-14119,0.798,67,3,38817,1
CUST-14120,0.557,79,5,7444,0
CUST-14121,1.0,21,2,28558,1
CUST-14122,1.0,79,6,14633,1
CUST-14123,0.544,55,3,4803,4
CUST-14124,0.882,60,4,59422,35
CUST-14125,0.722,58,6,23946,2
CUST-14126,0.624,86,4,79948,9
CUST-14127,0.887,65,4,19487,12
CUST-14128,0.993,75,3,8462,6
CUST-14129,0.622,83,3,1808,0
CUST-14130,0.416,72,3,22283,0
CUST-14131,0.574,60,5,28189,10
CUST-14132,1.0,100,4,4578,21
CUST-14133,0.446,62,4,16693,6
CUST-14134,0.761,54,3,25057,2
CUST-14135,0.433,89,3,9749,6
CUST-14136,0.662,71,6,6489,10
CUST-14137,0.743,73,6,23934,2
CUST-14138,0.654,39,4,34491,0
CUST-14139,0.984,35,1,169136,2
CUST-14140,0.463,88,4,10525,8
CUST-14141,0.942,99,3,31802,7
CUST-14142,0.714,69,5,1023,15
CUST-14143,0.725,60,3,43011,3
CUST-14144,0.351,58,3,5977,5
CUST-14145,0.65,88,5,12055,15
CUST-14146,0.538,61,4,89337,3
CUST-14147,0.847,59,4,48617,1
CUST-14148,0.311,77,5,55836,12
CUST-14149,0.816,48,3,26257,0
CUST-14150,0.845,54,6,75714,6
CUST-14151,0.987,34,3,10833,1
CUST-14152,0.813,83,5,8167,5
CUST-14153,0.753,42,4,7338,11
CUST-14154,0.401,54,3,20358,5
CUST-14155,0.321,28,1,8897,2
CUST-14156,1.0,51,5,29030,2
CUST-14157,0.589,81,4,1017,10
CUST-14158,1.0,72,3,5825,14
CUST-14159,1.0,76,7,15375,4
CUST-14160,0.357,89,3,20811,11
CUST-14161,0.756,50,4,1452,5
CUST-14162,0.395,60,4,8740,1
CUST-14163,0.383,30,4,2590,6
CUST-14164,0.399,76,5,78862,4
CUST-14165,0.722,66,3,1183,3
CUST-14166,0.685,85,2,894,30
CUST-14167,0.739,42,3,21673,8
CUST-14168,0.735,34,4,4897,4
CUST-14169,0.244,79,4,23390,1
CUST-14170,1.0,63,5,4938,9
CUST-14171,0.237,62,5,39915,0
CUST-14172,0.646,35,6,21194,0
CUST-14173,0.381,70,5,48876,4
CUST-14174,0.808,44,0,12122,6
CUST-14175,0.733,47,5,42850,6
CUST-14176,1.0,72,3,42671,2
CUST-14177,0.503,57,6,20500,1
CUST-14178,0.535,78,4,16446,0
CUST-14179,0.875,84,4,67362,4
CUST-14180,0.683,36,3,61088,1
CUST-14181,0.277,70,6,21251,10
CUST-14182,0.174,81,3,56972,6
CUST-14183,0.894,78,7,6480,5
CUST-14184,0.936,59,6,6989,5
CUST-14185,1.0,58,6,5525,0
CUST-14186,1.0,69,4,21520,1
CUST-14187,0.44,82,2,32776,6
CUST-14188,0.839,100,5,40271,5
CUST-14189,0.78,78,3,44259,10
CUST-14190,0.653,88,4,4974,7
CUST-14191,0.855,48,3,5220,0
CUST-14192,0.682,99,4,46843,20
CUST-14193,0.782,85,3,45996,2
CUST-14194,0.825,56,3,41268,18
CUST-14195,0.719,74,6,114069,14
CUST-14196,0.817,48,3,2844,5
CUST-14197,0.768,89,0,7322,4
CUST-14198,0.894,62,5,12857,5
CUST-14199,0.614,85,3,46890,9
CUST-14200,0.394,87,5,26630,18
CUST-14201,0.726,84,3,32187,10
CUST-14202,0.662,100,5,14012,18
CUST-14203,0.743,92,4,7620,7
CUST-14204,0.305,76,3,19708,3
CUST-14205,0.658,70,6,18938,1
CUST-14206,0.79,70,4,2441,11
CUST-14207,0.394,74,3,1957,1
CUST-14208,0.564,68,3,1535,21
CUST-14209,0.635,90,4,11587,0
CUST-14210,0.455,71,5,78455,4
CUST-14211,0.769,56,4,37228,18
CUST-14212,1.0,62,5,36040,1
CUST-14213,0.839,55,5,31663,0
CUST-14214,0.563,73,4,29617,22
CUST-14215,0.725,73,3,19100,0
CUST-14216,0.943,79,5,2939,5
CUST-14217,0.588,59,5,21687,3
CUST-14218,0.406,100,3,50506,1
CUST-14219,0.513,60,3,8358,0
CUST-14220,0.72,50,5,20838,3
CUST-14221,1.0,83,4,25182,0
CUST-14222,0.897,100,7,28415,0
CUST-14223,0.364,94,4,19416,0
CUST-14224,0.615,87,7,31951,6
CUST-14225,0.9,77,3,47792,3
CUST-14226,0.764,48,6,9982,1
CUST-14227,0.53,74,6,2747,7
CUST-14228,0.522,83,4,71075,2
CUST-14229,0.775,75,7,121708,3
CUST-14230,0.789,60,4,31743,2
CUST-14231,0.491,74,6,13069,2
CUST-14232,0.766,51,2,75367,1
CUST-14233,0.463,61,5,11395,28
CUST-14234,1.0,46,2,23259,17
CUST-14235,0.381,48,3,1165,1
CUST-14236,0.673,66,2,18388,1
CUST-14237,0.739,64,5,2938,10
CUST-14238,0.966,60,4,15235,4
CUST-14239,0.264,66,0,28933,3
CUST-14240,0.952,87,4,594,8
CUST-14241,1.0,73,5,19087,4
CUST-14242,0.686,78,6,34379,6
CUST-14243,0.837,100,3,33200,11
CUST-14244,0.615,55,7,13090,1
CUST-14245,0.475,32,3,19419,0
CUST-14246,1.0,56,5,16250,2
CUST-14247,0.865,60,5,32787,13
CUST-14248,0.503,55,2,51653,1
CUST-14249,0.715,81,3,6254,12
CUST-14250,0.455,51,0,6133,2
CUST-14251,0.613,84,5,43475,8
CUST-14252,0.7,67,5,42633,13
CUST-14253,0.847,88,4,3496,0
CUST-14254,0.483,72,3,22554,24
CUST-14255,0.844,60,6,9643,10
CUST-14256,0.43,71,6,4656,7
CUST-14257,0.422,47,5,13188,16
CUST-14258,0.874,81,2,22866,8
CUST-14259,0.719,15,2,101330,0
CUST-14260,0.919,56,6,34292,0
CUST-14261,1.0,63,3,30796,1
CUST-14262,0.567,59,2,11051,3
CUST-14263,0.605,51,5,16611,10
CUST-14264,0.707,73,7,17152,1
CUST-14265,0.478,75,4,26071,1
CUST-14266,0.67,79,6,21539,2
CUST-14267,0.378,27,3,33964,0
CUST-14268,0.553,77,2,116681,5
CUST-14269,0.427,73,6,102596,1
CUST-14270,0.982,77,5,23451,10
CUST-14271,0.758,56,3,15177,11
CUST-14272,1.0,45,6,6087,5
CUST-14273,0.606,31,6,31030,0
CUST-14274,0.603,87,3,5703,2
CUST-14275,0.917,80,6,13313,16
CUST-14276,0.315,46,3,16026,11
CUST-14277,0.643,25,0,7807,1
CUST-14278,0.778,38,2,13225,5
CUST-14279,0.8,52,6,8414,7
CUST-14280,0.955,68,5,4919,5
CUST-14281,0.545,57,4,24477,4
CUST-14282,1.0,60,6,4005,7
CUST-14283,0.456,58,7,3914,1
CUST-14284,0.48,52,2,61016,8
CUST-14285,0.749,67,3,23718,0
CUST-14286,0.689,55,4,16810,6
CUST-14287,1.0,53,4,34055,0
CUST-14288,0.95,67,5,1685,29
CUST-14289,0.555,44,5,65715,5
CUST-14290,0.324,100,4,11894,11
CUST-14291,0.302,68,3,45783,0
CUST-14292,0.678,67,1,80803,5
CUST-14293,0.89,84,4,6826,4
CUST-14294,0.517,69,4,55255,24
CUST-14295,0.788,96,4,22042,22
CUST-14296,0.645,63,3,6717,0
CUST-14297,0.674,33,4,16419,0
CUST-14298,0.459,68,4,52369,9
CUST-14299,0.562,67,5,9865,21
CUST-14300,0.609,75,4,2257,13
CUST-14301,0.48,51,6,23252,7
CUST-14302,0.572,96,5,14323,6
CUST-14303,0.774,83,3,22290,3
CUST-14304,0.811,100,5,40811,2
CUST-14305,0.789,68,4,10269,0
CUST-14306,0.705,70,4,13168,18
CUST-14307,0.357,10,1,40069,2
CUST-14308,0.834,54,4,9031,0
CUST-14309,0.943,55,2,2332,1
CUST-14310,0.894,90,3,1599,3
CUST-14311,0.807,91,3,19849,16
CUST-14312,0.662,56,2,22367,0
CUST-14313,0.645,44,4,4071,7
CUST-14314,0.863,84,2,141913,22
CUST-14315,0.533,41,5,7311,4
CUST-14316,0.557,74,4,114875,8
CUST-14317,0.966,44,4,20043,0
CUST-14318,0.66,73,3,6772,2
CUST-14319,0.868,72,7,3342,0
CUST-14320,0.365,45,4,5666,0
CUST-14321,0.948,74,3,47448,9
CUST-14322,0.55,84,4,1870,3
CUST-14323,0.315,94,2,32147,0
CUST-14324,1.0,100,4,5959,6
CUST-14325,0.777,68,6,29926,4
CUST-14326,0.602,66,4,13126,11
CUST-14327,0.414,73,3,23064,6
CUST-14328,0.713,43,5,14936,0
CUST-14329,0.938,69,6,55604,3
CUST-14330,0.53,46,7,37123,1
CUST-14331,0.411,57,3,68642,1
CUST-14332,0.657,24,6,3494,0
CUST-14333,0.739,51,1,12201,2
CUST-14334,0.75,72,5,1530,0
CUST-14335,0.861,80,6,28517,7
CUST-14336,0.752,82,3,14644,7
CUST-14337,0.651,55,3,167463,3
CUST-14338,0.579,58,4,24253,4
CUST-14339,0.761,60,4,14057,2
CUST-14340,0.668,77,5,4482,19
CUST-14341,0.836,93,7,794,7
CUST-14342,0.646,51,5,3320,9
CUST-14343,0.905,57,4,6834,9
CUST-14344,0.524,79,3,17933,40
CUST-14345,0.733,55,7,56403,13
CUST-14346,0.788,57,5,37986,4
CUST-14347,1.0,45,3,19948,3
CUST-14348,0.326,71,7,41607,5
CUST-14349,0.914,54,5,3726,1
CUST-14350,0.742,91,7,3811,0
CUST-14351,0.641,46,3,9680,21
CUST-14352,1.0,97,2,97052,21
CUST-14353,1.0,53,5,53547,0
CUST-14354,0.543,100,3,78437,0
CUST-14355,0.469,58,7,4618,13
CUST-14356,0.757,47,3,6436,5
CUST-14357,0.316,90,5,46203,3
CUST-14358,0.904,71,3,38300,0
CUST-14359,0.791,76,5,44908,0
CUST-14360,0.717,74,4,10878,2
CUST-14361,1.0,69,3,4375,5
CUST-14362,0.49,100,4,53231,3
CUST-14363,0.442,92,2,24614,0
CUST-14364,0.693,35,2,15251,2
CUST-14365,0.465,91,3,18345,12
CUST-14366,0.66,34,6,20968,1
CUST-14367,0.726,56,4,45414,5
CUST-14368,0.452,79,6,24665,11
CUST-14369,1.0,73,6,56467,2
CUST-14370,1.0,65,1,3480,6
CUST-14371,0.511,61,4,5526,6
CUST-14372,0.572,96,3,2364,8
CUST-14373,0.86,82,1,46952,8
CUST-14374,0.887,60,4,24198,0
CUST-14375,0.16,97,7,52186,2
CUST-14376,0.668,35,5,4218,2
CUST-14377,1.0,69,4,54128,0
CUST-14378,1.0,88,4,31477,3
CUST-14379,0.063,69,5,2362,18
CUST-14380,0.786,58,7,18509,0
CUST-14381,0.742,96,2,25280,21
CUST-14382,0.361,83,4,16962,11
CUST-14383,0.893,56,2,18214,0
CUST-14384,0.488,79,3,25938,0
CUST-14385,0.312,42,3,538,7
CUST-14386,0.561,58,4,5210,2
CUST-14387,0.84,70,5,23958,6
CUST-14388,0.423,65,5,54341,2
CUST-14389,0.513,72,4,7931,2
CUST-14390,0.631,66,2,3941,7
CUST-14391,0.711,76,4,68502,12
CUST-14392,0.633,59,3,3811,6
CUST-14393,0.512,52,5,24793,0
CUST-14394,0.323,57,7,19576,7
CUST-14395,0.308,57,4,14016,4
CUST-14396,1.0,73,6,12183,4
CUST-14397,0.315,91,2,11814,3
CUST-14398,0.798,69,3,10101,3
CUST-14399,0.758,60,7,27404,10
CUST-14400,0.754,60,5,78626,2
CUST-14401,0.824,35,3,10404,2
CUST-14402,0.803,42,5,1692,3
CUST-14403,0.927,88,5,10317,7
CUST-14404,0.643,63,4,42949,4
CUST-14405,0.837,60,2,53854,0
CUST-14406,0.554,52,3,47633,1
CUST-14407,0.641,58,6,15780,3
CUST-14408,0.92,86,6,708,4
CUST-14409,0.84,35,4,20819,3
CUST-14410,0.473,66,6,13690,4
CUST-14411,0.619,41,5,13448,6
CUST-14412,0.743,100,5,43515,16
CUST-14413,0.915,52,6,6481,1
CUST-14414,1.0,55,4,13256,0
CUST-14415,1.0,55,3,43215,4
CUST-14416,1.0,71,3,133269,5
CUST-14417,0.849,47,1,3822,4
CUST-14418,0.583,97,4,58217,7
CUST-14419,0.944,56,6,5744,12
CUST-14420,0.768,53,4,34260,3
CUST-14421,0.688,59,7,1171,6
CUST-14422,0.589,76,5,9917,4
CUST-14423,0.142,87,6,64366,11
CUST-14424,0.709,72,2,7491,0
CUST-14425,0.58,85,6,9143,13
CUST-14426,0.536,69,4,38177,1
CUST-14427,0.651,82,2,51800,2
CUST-14428,0.917,69,5,8645,7
CUST-14429,0.756,73,3,9561,7
CUST-14430,0.79,50,5,29544,4
CUST-14431,0.797,53,5,28788,7
CUST-14432,0.551,63,3,10861,0
CUST-14433,0.635,97,3,2245,4
CUST-14434,0.697,84,5,10913,1
CUST-14435,1.0,59,6,63717,22
CUST-14436,0.766,39,6,29859,5
CUST-14437,0.724,48,7,81154,0
CUST-14438,0.684,59,4,726,3
CUST-14439,0.438,49,3,15203,11
CUST-14440,0.484,76,5,14960,3
CUST-14441,0.7,49,6,50727,0
CUST-14442,0.912,52,4,662,0
CUST-14443,0.854,65,5,81869,3
CUST-14444,0.629,52,6,14515,0
CUST-14445,0.37,85,3,5870,4
CUST-14446,0.797,100,1,20255,4
CUST-14447,0.54,79,3,4893,3
CUST-14448,0.877,88,6,31772,2
CUST-14449,0.627,95,2,52084,2
CUST-14450,0.645,68,2,46703,0
CUST-14451,0.453,66,3,13580,1
CUST-14452,0.507,68,6,45231,2
CUST-14453,0.634,82,5,16992,3
CUST-14454,0.574,51,6,20627,1
CUST-14455,0.58,67,3,27939,10
CUST-14456,0.816,77,6,15202,1
CUST-14457,0.666,34,2,12946,6
CUST-14458,0.442,81,5,2696,7
CUST-14459,0.333,74,4,13336,1
CUST-14460,0.838,100,5,15595,0
CUST-14461,0.614,60,4,86580,3
CUST-14462,0.621,100,5,9039,6
CUST-14463,0.545,50,3,15786,10
CUST-14464,0.562,71,5,24925,2
CUST-14465,1.0,26,5,2625,11
CUST-14466,0.956,92,5,7100,6
CUST-14467,0.466,49,3,59681,0
CUST-14468,0.619,72,3,18273,1
CUST-14469,0.773,62,6,888,5
CUST-14470,0.945,64,1,15632,11
CUST-14471,0.376,100,5,32360,16
CUST-14472,0.447,55,5,44886,6
CUST-14473,0.624,64,3,33625,1
CUST-14474,0.866,100,4,7917,13
CUST-14475,0.679,50,4,45337,9
CUST-14476,0.798,89,5,3915,0
CUST-14477,0.76,42,4,4320,3
CUST-14478,0.81,78,5,2090,7
CUST-14479,0.822,100,4,17054,3
CUST-14480,0.965,31,3,51616,1
CUST-14481,0.433,54,3,21871,4
CUST-14482,0.819,49,5,10472,5
CUST-14483,1.0,78,3,1061,5
CUST-14484,0.863,60,6,64866,2
CUST-14485,0.699,75,5,3362,0
CUST-14486,0.671,94,6,59034,0
CUST-14487,0.697,84,4,43349,7
CUST-14488,0.755,51,2,37664,2
CUST-14489,0.765,37,6,2704,4
CUST-14490,0.601,63,5,3172,0
CUST-14491,0.43,48,3,70532,3
CUST-14492,0.759,60,4,31075,0
CUST-14493,0.736,24,5,35015,5
CUST-14494,0.522,79,1,99549,0
CUST-14495,0.312,63,3,30663,6
CUST-14496,0.982,79,5,25905,6
CUST-14497,0.418,40,5,61922,22
CUST-14498,0.58,100,2,11790,22
CUST-14499,0.72,100,7,77466,13
CUST-14500,0.34,77,4,2983,5
CUST-14501,0.884,47,3,63376,1
CUST-14502,0.574,100,5,3785,3
CUST-14503,0.892,85,2,20169,2
CUST-14504,0.534,61,5,24034,2
CUST-14505,0.495,66,6,40049,9
CUST-14506,0.736,71,6,38004,1
CUST-14507,0.879,55,3,5748,9
CUST-14508,0.732,75,3,47236,2
CUST-14509,0.858,70,4,103257,10
CUST-14510,0.502,63,4,49323,2
CUST-14511,0.925,52,5,34707,3
CUST-14512,1.0,73,3,33192,15
CUST-14513,0.366,85,2,76007,6
CUST-14514,0.502,70,3,1345,0
CUST-14515,0.518,57,4,5144,0
CUST-14516,0.973,61,3,30799,8
CUST-14517,0.879,95,4,2348,5
CUST-14518,1.0,66,4,20950,17
CUST-14519,0.614,71,3,6247,0
CUST-14520,1.0,31,5,17415,2
CUST-14521,0.939,87,3,3527,0
CUST-14522,0.759,49,4,1104,13
CUST-14523,0.981,100,4,14269,1
CUST-14524,0.301,62,6,2970,3
CUST-14525,0.4,100,5,25552,13
CUST-14526,0.867,89,4,27745,3
CUST-14527,0.583,84,0,59782,1
CUST-14528,1.0,45,5,27920,2
CUST-14529,0.612,48,6,37731,0
CUST-14530,0.349,58,5,46607,6
CUST-14531,0.858,62,6,28834,0
CUST-14532,0.778,82,5,8935,1
CUST-14533,0.808,57,5,3431,0
CUST-14534,0.571,62,4,7776,5
CUST-14535,1.0,71,4,17898,0
CUST-14536,0.948,51,4,2545,2
CUST-14537,0.764,52,3,197310,0
CUST-14538,0.862,60,4,93421,1
CUST-14539,0.445,58,4,23461,2
CUST-14540,0.57,100,5,4261,10
CUST-14541,0.296,73,7,11934,14
CUST-14542,0.393,85,5,3895,0
CUST-14543,0.955,65,4,27727,0
CUST-14544,0.367,74,5,41958,7
CUST-14545,0.589,96,2,35717,5
CUST-14546,0.623,95,3,14428,3
CUST-14547,0.715,36,6,7310,1
CUST-14548,0.79,53,6,19429,2
CUST-14549,1.0,26,2,4940,6
CUST-14550,0.757,68,1,21192,25
CUST-14551,0.845,55,5,11007,2
CUST-14552,0.771,88,3,60158,0
CUST-14553,0.801,72,5,13562,0
CUST-14554,0.692,97,2,18093,4
CUST-14555,0.391,78,5,36924,7
CUST-14556,0.871,90,4,18893,7
CUST-14557,0.936,77,3,69282,2
CUST-14558,0.614,69,5,28494,0
CUST-14559,1.0,55,5,29363,5
CUST-14560,0.606,70,5,16600,3
CUST-14561,0.845,79,4,35669,7
CUST-14562,0.653,80,6,140000,3
CUST-14563,0.924,52,4,3091,4
CUST-14564,0.935,55,4,6830,0
CUST-14565,0.936,74,3,12629,7
CUST-14566,0.195,84,3,46341,10
CUST-14567,0.522,52,6,26291,4
CUST-14568,0.599,71,4,47380,9
CUST-14569,0.628,77,3,2365,2
CUST-14570,0.535,66,6,121785,5
CUST-14571,1.0,94,3,10697,4
CUST-14572,0.666,60,7,3107,9
CUST-14573,0.757,62,5,36741,1
CUST-14574,1.0,70,3,19911,11
CUST-14575,0.683,55,5,11827,0
CUST-14576,0.75,51,1,15570,2
CUST-14577,0.799,83,5,36715,0
CUST-14578,0.665,50,3,53289,0
CUST-14579,0.827,65,2,10361,0
CUST-14580,0.781,70,2,31602,0
CUST-14581,0.996,49,7,11656,8
CUST-14582,0.719,47,3,8181,6
CUST-14583,0.793,53,6,11653,8
CUST-14584,0.911,43,4,29673,3
CUST-14585,0.448,66,4,9003,0
CUST-14586,0.522,70,4,26485,0
CUST-14587,0.599,53,4,11739,3
CUST-14588,0.889,31,1,12840,3
CUST-14589,0.897,94,3,4269,11
CUST-14590,0.967,49,1,23769,1
CUST-14591,0.629,81,5,40196,3
CUST-14592,0.496,70,4,18294,11
CUST-14593,1.0,71,6,11466,3
CUST-14594,0.487,59,6,89193,3
CUST-14595,0.928,53,7,18603,11
CUST-14596,0.684,82,4,135138,2
CUST-14597,0.299,98,6,4685,9
CUST-14598,0.702,15,2,10329,4
CUST-14599,1.0,51,1,3368,11
CUST-14600,0.528,64,7,5805,0
CUST-14601,0.873,51,6,10720,6
CUST-14602,0.321,61,4,2137,0
CUST-14603,0.757,34,3,2407,3
CUST-14604,0.889,100,3,4149,2
CUST-14605,0.896,53,5,7859,0
CUST-14606,0.448,80,5,35114,11
CUST-14607,1.0,79,4,57706,4
CUST-14608,0.52,100,5,10245,2
CUST-14609,1.0,75,4,6127,2
CUST-14610,0.641,72,2,51763,6
CUST-14611,0.61,62,3,2295,8
CUST-14612,0.378,58,3,7936,1
CUST-14613,0.705,64,5,22455,4
CUST-14614,0.422,86,4,7230,3
CUST-14615,0.393,69,4,53126,0
CUST-14616,0.549,46,6,42893,12
CUST-14617,0.665,70,3,21404,4
CUST-14618,1.0,68,4,29828,3
CUST-14619,0.94,83,4,59402,6
CUST-14620,0.606,88,6,13189,0
CUST-14621,0.642,44,1,4699,2
CUST-14622,1.0,58,5,16646,7
CUST-14623,0.562,43,5,45498,5
CUST-14624,0.666,70,2,49813,17
CUST-14625,0.884,69,4,3216,11
CUST-14626,0.65,62,5,9151,5
CUST-14627,0.496,29,6,19885,0
CUST-14628,0.641,74,4,24293,1
CUST-14629,0.929,66,2,8277,3
CUST-14630,0.332,59,6,1670,0
CUST-14631,0.769,93,4,24099,5
CUST-14632,0.491,69,3,14038,7
CUST-14633,0.668,44,2,18556,4
CUST-14634,1.0,10,4,121241,8
CUST-14635,0.562,87,2,10508,1
CUST-14636,0.548,81,3,35851,1
CUST-14637,0.921,44,5,1051,10
CUST-14638,0.59,85,0,15000,11
CUST-14639,0.528,33,3,3992,6
CUST-14640,0.955,89,5,35595,3
CUST-14641,0.927,89,4,1143,9
CUST-14642,0.342,20,6,28650,1
CUST-14643,0.346,42,7,38571,4
CUST-14644,0.929,17,5,9845,0
CUST-14645,0.696,89,7,60690,0
CUST-14646,0.438,69,6,49190,10
CUST-14647,0.654,100,5,20549,4
CUST-14648,0.65,74,7,36741,8
CUST-14649,0.449,62,3,61123,2
CUST-14650,1.0,82,2,14571,10
CUST-14651,1.0,54,3,11872,5
CUST-14652,0.942,58,4,14438,2
CUST-14653,0.05,49,5,29738,4
CUST-14654,0.813,54,6,17924,0
CUST-14655,0.598,100,6,25412,5
CUST-14656,0.919,43,5,17686,1
CUST-14657,1.0,46,4,2387,9
CUST-14658,0.95,94,4,13259,3
CUST-14659,0.846,90,0,38128,1
CUST-14660,0.749,11,5,1947,5
CUST-14661,0.511,54,1,42997,3
CUST-14662,0.607,60,3,22395,0
CUST-14663,0.417,100,6,27535,4
CUST-14664,0.803,89,4,14822,1
CUST-14665,0.799,56,3,34374,2
CUST-14666,0.619,65,7,53064,4
CUST-14667,0.871,54,3,37305,0
CUST-14668,0.803,49,5,11006,0
CUST-14669,0.833,45,2,3907,0
CUST-14670,0.448,82,5,58433,9
CUST-14671,1.0,74,2,26969,11
CUST-14672,0.492,75,5,61244,13
CUST-14673,0.407,89,3,18399,3
CUST-14674,0.995,45,1,36475,2
CUST-14675,0.992,32,6,3607,1
CUST-14676,0.936,78,1,10755,5
CUST-14677,0.62,57,5,28583,2
CUST-14678,0.943,72,5,1476,15
CUST-14679,0.581,79,3,2239,2
CUST-14680,1.0,92,2,27915,3
CUST-14681,0.994,99,7,5102,11
CUST-14682,0.633,75,2,20402,0
CUST-14683,0.17,79,5,4334,13
CUST-14684,0.731,91,3,17290,4
CUST-14685,0.552,90,5,68642,9
CUST-14686,0.7,85,5,10707,1
CUST-14687,0.379,25,4,38598,6
CUST-14688,0.717,53,4,16622,15
CUST-14689,0.683,85,4,20164,10
CUST-14690,0.568,61,5,51779,3
CUST-14691,0.42,78,2,5982,5
CUST-14692,0.741,95,4,3182,12
CUST-14693,0.451,64,4,30176,7
CUST-14694,0.46,61,5,6717,5
CUST-14695,0.567,73,6,91705,6
CUST-14696,0.886,59,5,5571,0
CUST-14697,0.693,49,5,26004,6
CUST-14698,0.898,78,5,11393,3
CUST-14699,0.679,36,4,23305,1
CUST-14700,1.0,10,2,15194,14
CUST-14701,1.0,57,5,9124,6
CUST-14702,1.0,75,6,53552,8
CUST-14703,0.925,78,3,10719,14
CUST-14704,0.7,99,4,2233,2
CUST-14705,0.791,100,2,4624,4
CUST-14706,0.976,66,3,12800,6
CUST-14707,0.296,77,5,16139,6
CUST-14708,0.512,59,3,14962,8
CUST-14709,0.286,64,5,2760,0
CUST-14710,1.0,44,5,42498,11
CUST-14711,0.433,58,4,11207,20
CUST-14712,0.655,40,2,10271,1
CUST-14713,0.565,66,4,24923,17
CUST-14714,0.726,78,3,34905,23
CUST-14715,0.517,60,3,21403,2
CUST-14716,0.48,100,4,1107,8
CUST-14717,0.37,81,4,3211,7
CUST-14718,0.495,38,2,14589,0
CUST-14719,0.399,37,5,24290,4
CUST-14720,0.611,100,5,22683,1
CUST-14721,0.269,33,3,21472,3
CUST-14722,0.942,61,6,12524,8
CUST-14723,0.977,61,2,1708,0
CUST-14724,0.675,51,2,1174,7
CUST-14725,0.949,81,3,684,2
CUST-14726,0.908,74,3,32191,4
CUST-14727,1.0,79,5,93589,0
CUST-14728,0.463,56,6,6197,3
CUST-14729,0.956,100,6,3207,15
CUST-14730,0.448,45,7,4846,1
CUST-14731,0.588,75,2,6191,4
CUST-14732,0.392,40,2,13448,15
CUST-14733,0.859,55,6,7042,6
CUST-14734,0.777,73,5,32292,1
CUST-14735,1.0,97,7,9802,0
CUST-14736,0.74,41,1,28172,18
CUST-14737,0.882,73,6,35994,12
CUST-14738,0.569,88,3,50950,1
CUST-14739,0.913,100,5,14369,9
CUST-14740,0.721,60,1,38981,10
CUST-14741,0.935,92,2,26182,2
CUST-14742,0.685,72,2,797,0
CUST-14743,1.0,81,3,15087,5
CUST-14744,0.628,87,6,57726,2
CUST-14745,0.372,97,6,20801,16
CUST-14746,0.661,77,6,46933,3
CUST-14747,0.653,89,3,12324,3
CUST-14748,0.729,45,5,15364,8
CUST-14749,0.322,52,3,30847,2
CUST-14750,0.848,69,2,14408,3
CUST-14751,0.688,54,5,11150,0
CUST-14752,0.929,85,7,35138,1
CUST-14753,0.217,76,4,27321,0
CUST-14754,0.737,30,4,27048,12
CUST-14755,0.586,100,4,5522,0
CUST-14756,0.46,18,2,6542,9
CUST-14757,0.783,59,4,47663,5
CUST-14758,0.571,53,7,41393,2
CUST-14759,1.0,100,6,20949,0
CUST-14760,0.315,48,4,14783,3
CUST-14761,0.748,71,5,12822,14
CUST-14762,0.67,72,5,19970,3
CUST-14763,0.679,58,2,25439,0
CUST-14764,0.566,57,3,27557,0
CUST-14765,0.78,40,7,13634,11
CUST-14766,0.774,44,5,102877,0
CUST-14767,0.886,73,5,562,3
CUST-14768,0.555,79,3,41171,5
CUST-14769,0.791,79,1,6502,1
CUST-14770,0.539,87,0,65311,8
CUST-14771,1.0,87,4,23514,21
CUST-14772,0.735,90,4,30676,1
CUST-14773,0.832,62,5,74914,0
CUST-14774,0.51,76,4,60601,7
CUST-14775,1.0,59,4,3038,11
CUST-14776,0.804,60,3,66535,10
CUST-14777,0.523,66,3,60661,0
CUST-14778,0.764,52,4,18222,11
CUST-14779,0.492,68,5,18352,7
CUST-14780,0.372,91,2,13597,10
CUST-14781,0.591,56,4,1958,4
CUST-14782,0.893,92,6,69951,0
CUST-14783,0.821,53,2,19954,3
CUST-14784,0.743,59,1,22564,3
CUST-14785,0.44,80,2,33082,17
CUST-14786,1.0,53,5,1371,2
CUST-14787,0.777,68,4,50578,10
CUST-14788,0.585,90,3,3847,2
CUST-14789,0.786,62,3,87909,0
CUST-14790,0.845,66,6,813,18
CUST-14791,0.491,24,5,21094,7
CUST-14792,0.493,47,7,31135,2
CUST-14793,0.617,65,1,20017,6
CUST-14794,0.367,95,2,26419,3
CUST-14795,0.456,100,3,66640,0
CUST-14796,1.0,22,5,63741,10
CUST-14797,1.0,98,4,5505,8
CUST-14798,0.706,64,4,34124,4
CUST-14799,0.95,72,7,16648,11
CUST-14800,0.738,51,4,83326,0
CUST-14801,0.484,94,3,12038,4
CUST-14802,0.641,60,5,26493,10
CUST-14803,0.815,92,5,102197,0
CUST-14804,0.397,66,4,24816,3
CUST-14805,0.05,62,4,1385,1
CUST-14806,0.221,41,5,29260,2
CUST-14807,0.598,53,2,124185,0
CUST-14808,0.709,51,3,9063,3
CUST-14809,0.687,79,5,61988,2
CUST-14810,0.619,29,5,600,5
CUST-14811,0.678,71,4,41243,0
CUST-14812,0.735,93,5,12933,5
CUST-14813,0.959,93,5,44899,6
CUST-14814,0.642,80,2,14982,19
CUST-14815,0.389,67,3,4893,9
CUST-14816,0.69,58,3,12318,9
CUST-14817,0.654,65,4,37780,2
CUST-14818,0.4,66,3,47717,4
CUST-14819,0.825,82,4,37570,8
CUST-14820,0.499,83,4,4249,2
CUST-14821,0.808,47,0,23137,3
CUST-14822,0.881,74,6,6699,0
CUST-14823,0.643,53,3,105624,2
CUST-14824,0.992,88,2,14910,3
CUST-14825,0.635,69,5,88058,5
CUST-14826,0.626,47,3,3126,0
CUST-14827,1.0,75,2,44821,4
CUST-14828,0.867,93,2,54175,1
CUST-14829,0.728,51,3,3014,4
CUST-14830,0.757,27,6,9333,10
CUST-14831,0.087,39,4,58519,0
CUST-14832,0.895,91,6,8608,4
CUST-14833,0.511,69,5,9285,3
CUST-14834,0.569,100,5,71862,2
CUST-14835,0.593,37,2,8254,1
CUST-14836,1.0,69,3,41173,16
CUST-14837,0.712,27,3,7029,2
CUST-14838,0.972,81,2,15496,1
CUST-14839,0.421,72,5,14710,0
CUST-14840,0.688,91,5,17232,2
CUST-14841,0.384,55,2,34402,1
CUST-14842,0.369,100,3,8370,3
CUST-14843,0.839,65,2,13948,27
CUST-14844,0.547,71,6,50891,19
CUST-14845,0.676,53,5,5063,19
CUST-14846,0.797,62,6,13103,7
CUST-14847,0.634,85,4,10347,4
CUST-14848,1.0,74,6,4300,13
CUST-14849,0.397,71,4,30034,2
CUST-14850,0.732,66,5,5573,14
CUST-14851,0.512,71,4,53321,4
CUST-14852,0.607,57,3,16676,12
CUST-14853,0.556,88,4,9327,2
CUST-14854,0.381,50,6,46831,14
CUST-14855,0.986,69,5,5635,1
CUST-14856,0.87,71,5,8103,0
CUST-14857,0.711,74,4,15358,0
CUST-14858,0.365,61,3,15816,5
CUST-14859,0.05,49,7,10775,2
CUST-14860,0.655,58,3,31828,26
CUST-14861,0.498,64,7,23492,2
CUST-14862,1.0,55,5,40659,0
CUST-14863,0.673,33,6,1365,4
CUST-14864,0.365,78,4,5338,7
CUST-14865,0.833,10,4,45474,0
CUST-14866,1.0,67,5,11688,2
CUST-14867,0.783,91,3,71711,12
CUST-14868,0.781,47,5,57951,2
CUST-14869,0.754,73,3,73921,4
CUST-14870,0.944,65,7,12801,2
CUST-14871,0.536,67,4,2105,5
CUST-14872,1.0,98,2,1028,0
CUST-14873,0.678,68,5,13259,3
CUST-14874,0.432,98,3,11942,16
CUST-14875,0.878,84,2,11836,3
CUST-14876,0.721,52,7,33871,9
CUST-14877,0.713,66,6,89223,4
CUST-14878,1.0,71,3,59560,1
CUST-14879,0.544,69,1,26121,0
CUST-14880,0.202,48,4,59591,11
CUST-14881,0.714,77,5,5303,2
CUST-14882,0.815,72,2,72858,8
CUST-14883,0.837,87,5,27407,0
CUST-14884,0.912,52,5,20892,5
CUST-14885,0.665,76,7,43373,1
CUST-14886,1.0,84,4,12817,0
CUST-14887,0.641,51,4,55230,3
CUST-14888,0.61,56,5,1554,0
CUST-14889,0.853,63,5,5870,0
CUST-14890,1.0,65,3,17036,2
CUST-14891,0.704,73,7,84552,5
CUST-14892,0.776,100,6,10620,7
CUST-14893,0.381,54,2,22405,5
CUST-14894,0.971,88,5,1259,1
CUST-14895,0.63,72,3,8493,1
CUST-14896,1.0,60,6,121165,11
CUST-14897,1.0,83,3,21558,0
CUST-14898,1.0,96,5,31737,15
CUST-14899,0.655,71,3,25870,0
CUST-14900,0.445,55,4,9967,6
CUST-14901,0.773,42,6,128080,9
CUST-14902,1.0,47,3,53125,10
CUST-14903,0.82,52,5,4161,1
CUST-14904,0.451,83,3,10278,7
CUST-14905,0.69,66,2,55138,0
CUST-14906,0.585,93,2,22125,7
CUST-14907,0.752,56,2,21447,3
CUST-14908,0.607,31,2,24080,3
CUST-14909,0.463,86,5,72102,0
CUST-14910,0.963,100,5,6055,1
CUST-14911,1.0,47,4,5582,14
CUST-14912,0.121,94,3,26122,2
CUST-14913,0.882,95,4,5499,6
CUST-14914,0.71,87,4,15912,2
CUST-14915,1.0,29,5,5696,0
CUST-14916,0.863,62,7,1896,4
CUST-14917,0.878,49,5,103191,14
CUST-14918,0.584,87,4,3256,9
CUST-14919,0.683,73,7,37670,11
CUST-14920,0.873,65,2,71875,7
CUST-14921,0.05,26,5,62230,0
CUST-14922,0.781,65,7,19515,3
CUST-14923,0.692,91,5,11830,5
CUST-14924,0.721,51,5,53185,2
CUST-14925,1.0,50,4,30601,3
CUST-14926,0.462,69,6,24605,19
CUST-14927,0.272,54,6,95585,2
CUST-14928,1.0,81,4,5457,12
CUST-14929,0.382,66,3,18994,0
CUST-14930,0.429,88,3,56167,2
CUST-14931,0.725,79,5,110881,8
CUST-14932,0.443,64,7,17645,12
CUST-14933,0.625,61,4,35372,1
CUST-14934,0.512,79,6,26169,0
CUST-14935,0.794,53,4,5071,1
CUST-14936,0.839,87,6,153541,2
CUST-14937,0.753,97,3,26345,0
CUST-14938,0.983,86,4,29333,9
CUST-14939,0.749,73,3,20289,0
CUST-14940,0.448,82,1,3260,1
CUST-14941,0.768,62,0,4518,2
CUST-14942,0.512,100,2,126673,8
CUST-14943,0.787,52,3,26632,2
CUST-14944,0.965,55,5,68789,0
CUST-14945,0.472,59,5,9358,1
CUST-14946,0.705,68,2,4373,15
CUST-14947,1.0,51,6,74171,16
CUST-14948,0.831,51,5,63596,4
CUST-14949,0.515,56,5,25573,0
CUST-14950,0.723,60,1,18483,6
CUST-14951,0.872,55,4,28839,6
CUST-14952,0.901,76,5,98312,8
CUST-14953,0.726,48,3,43389,0
CUST-14954,0.312,78,1,28722,7
CUST-14955,0.79,50,5,30370,5
CUST-14956,0.78,88,3,34546,8
CUST-14957,0.513,55,2,885,2
CUST-14958,0.727,68,4,17975,12
CUST-14959,0.895,48,3,13691,0
CUST-14960,0.587,63,4,31289,4
CUST-14961,0.559,64,3,3440,6
CUST-14962,0.668,54,2,6437,2
CUST-14963,0.507,93,5,871,0
CUST-14964,0.907,40,4,4247,11
CUST-14965,0.792,100,3,20353,1
CUST-14966,0.552,100,5,650,3
CUST-14967,0.637,62,4,2596,1
CUST-14968,0.299,68,3,32343,1
CUST-14969,0.839,78,4,12627,5
CUST-14970,0.798,67,4,25474,2
CUST-14971,0.484,83,7,14777,5
CUST-14972,0.666,73,6,10663,1
CUST-14973,1.0,95,1,25654,1
CUST-14974,1.0,34,4,22223,8
CUST-14975,0.822,31,2,22845,9
CUST-14976,0.452,77,4,19045,2
CUST-14977,0.151,100,4,16276,3
CUST-14978,0.838,82,4,1438,10
CUST-14979,0.594,83,6,6534,7
CUST-14980,0.898,60,3,81341,4
CUST-14981,0.559,27,3,44977,2
CUST-14982,0.509,61,5,79479,32
CUST-14983,0.709,98,4,20603,4
CUST-14984,0.801,76,5,48269,4
CUST-14985,0.88,78,6,20073,1
CUST-14986,0.923,45,5,15701,7
CUST-14987,0.834,72,3,701,0
CUST-14988,0.669,100,4,2120,2
CUST-14989,0.544,59,3,5941,2
CUST-14990,0.715,48,6,44206,10
CUST-14991,0.631,31,4,13920,6
CUST-14992,1.0,78,5,72549,11
CUST-14993,0.753,88,6,1084,3
CUST-14994,0.387,84,4,15278,0
CUST-14995,0.514,48,4,14315,1
CUST-14996,0.444,72,2,133703,0
CUST-14997,0.577,100,5,37478,5
CUST-14998,0.813,39,2,4065,5
CUST-14999,0.104,56,3,16571,0
