subscription_id,customer_id,plan_type,billing_cycle,mrr,seats_purchased,start_date,end_date,status,churn_reason
SUB-20000,CUST-10000,Scale,Annual,1905.26,74,2024-01-01,,Active,
SUB-20001,CUST-10001,Starter,Monthly,725.56,7,2024-01-01,2024-10-30,Churned,Support / SLA Frustration
SUB-20002,CUST-10002,Growth,Annual,381.12,5,2024-01-01,,Active,
SUB-20003,CUST-10003,Starter,Monthly,335.45,22,2024-01-01,2024-09-22,Churned,Support / SLA Frustration
SUB-20004,CUST-10004,Scale,Monthly,2637.31,43,2024-01-01,,Active,
SUB-20005,CUST-10005,Growth,Annual,1846.83,75,2024-01-01,,Active,
SUB-20006,CUST-10006,Enterprise Plus,Annual,6512.71,108,2024-01-01,,Active,
SUB-20007,CUST-10007,Starter,Annual,614.83,7,2024-01-01,2024-02-24,Churned,Support / SLA Frustration
SUB-20008,CUST-10008,Growth,Monthly,166.23,21,2024-01-01,,Active,
SUB-20009,CUST-10009,Starter,Annual,683.65,5,2024-01-02,,Active,
SUB-20010,CUST-10010,Scale,Annual,14076.6,215,2024-01-02,,Active,
SUB-20011,CUST-10011,Starter,Monthly,317.63,8,2024-01-03,,Active,
SUB-20012,CUST-10012,Starter,Monthly,147.43,20,2024-01-03,,Active,
SUB-20013,CUST-10013,Growth,Annual,3057.83,97,2024-01-03,2024-04-27,Churned,Support / SLA Frustration
SUB-20014,CUST-10014,Growth,Annual,3547.36,75,2024-01-03,,Active,
SUB-20015,CUST-10015,Growth,Monthly,3062.28,82,2024-01-03,2024-06-04,Churned,Internal Restructuring
SUB-20016,CUST-10016,Scale,Annual,1750.89,72,2024-01-03,,Active,
SUB-20017,CUST-10017,Starter,Monthly,384.59,8,2024-01-03,,Active,
SUB-20018,CUST-10018,Growth,Monthly,3217.92,61,2024-01-03,,Active,
SUB-20019,CUST-10019,Growth,Annual,3180.25,55,2024-01-04,,Active,
SUB-20020,CUST-10020,Starter,Monthly,271.97,20,2024-01-04,,Active,
SUB-20021,CUST-10021,Scale,Annual,7320.03,126,2024-01-04,,Active,
SUB-20022,CUST-10022,Growth,Annual,2950.01,80,2024-01-04,,Active,
SUB-20023,CUST-10023,Scale,Annual,2731.9,68,2024-01-04,2024-06-04,Churned,Support / SLA Frustration
SUB-20024,CUST-10024,Growth,Monthly,3647.02,39,2024-01-05,,Active,
SUB-20025,CUST-10025,Growth,Annual,314.29,10,2024-01-05,,Active,
SUB-20026,CUST-10026,Scale,Annual,3458.81,87,2024-01-05,2024-11-24,Churned,Low Adoption & License Waste
SUB-20027,CUST-10027,Starter,Monthly,707.76,21,2024-01-05,2024-12-29,Churned,Support / SLA Frustration
SUB-20028,CUST-10028,Starter,Monthly,477.17,16,2024-01-05,,Active,
SUB-20029,CUST-10029,Enterprise Plus,Annual,5554.64,242,2024-01-06,,Active,
SUB-20030,CUST-10030,Starter,Monthly,726.73,16,2024-01-06,2024-06-09,Churned,Competitor Alternative
SUB-20031,CUST-10031,Scale,Annual,2916.39,30,2024-01-06,,Active,
SUB-20032,CUST-10032,Scale,Annual,8689.19,119,2024-01-06,,Active,
SUB-20033,CUST-10033,Growth,Monthly,159.76,6,2024-01-06,,Active,
SUB-20034,CUST-10034,Starter,Annual,607.81,11,2024-01-06,,Active,
SUB-20035,CUST-10035,Growth,Annual,430.51,18,2024-01-06,,Active,
SUB-20036,CUST-10036,Scale,Monthly,3581.98,42,2024-01-06,2024-02-09,Churned,Competitor Alternative
SUB-20037,CUST-10037,Enterprise Plus,Monthly,5551.57,122,2024-01-07,,Active,
SUB-20038,CUST-10038,Starter,Monthly,283.72,8,2024-01-07,,Active,
SUB-20039,CUST-10039,Growth,Monthly,1620.82,47,2024-01-07,,Active,
SUB-20040,CUST-10040,Enterprise Plus,Monthly,13609.01,413,2024-01-07,,Active,
SUB-20041,CUST-10041,Growth,Annual,2217.38,85,2024-01-07,,Active,
SUB-20042,CUST-10042,Enterprise Plus,Annual,17848.42,128,2024-01-07,,Active,
SUB-20043,CUST-10043,Starter,Annual,362.15,7,2024-01-07,2024-04-12,Churned,Support / SLA Frustration
SUB-20044,CUST-10044,Scale,Annual,1815.8,38,2024-01-07,,Active,
SUB-20045,CUST-10045,Growth,Monthly,694.58,24,2024-01-07,2024-06-12,Churned,Support / SLA Frustration
SUB-20046,CUST-10046,Growth,Annual,1461.81,41,2024-01-08,2024-06-02,Churned,Support / SLA Frustration
SUB-20047,CUST-10047,Growth,Annual,152.36,17,2024-01-08,,Active,
SUB-20048,CUST-10048,Starter,Monthly,354.28,21,2024-01-08,,Active,
SUB-20049,CUST-10049,Growth,Annual,3211.59,96,2024-01-08,,Active,
SUB-20050,CUST-10050,Starter,Monthly,427.14,7,2024-01-08,,Active,
SUB-20051,CUST-10051,Growth,Monthly,613.3,18,2024-01-08,,Active,
SUB-20052,CUST-10052,Starter,Annual,259.04,5,2024-01-08,2024-11-01,Churned,Support / SLA Frustration
SUB-20053,CUST-10053,Starter,Monthly,644.88,12,2024-01-08,,Active,
SUB-20054,CUST-10054,Growth,Monthly,614.47,24,2024-01-09,2024-10-24,Churned,Competitor Alternative
SUB-20055,CUST-10055,Starter,Monthly,511.75,21,2024-01-09,,Active,
SUB-20056,CUST-10056,Enterprise Plus,Annual,7579.01,128,2024-01-09,,Active,
SUB-20057,CUST-10057,Growth,Monthly,3040.32,49,2024-01-09,2024-02-15,Churned,Support / SLA Frustration
SUB-20058,CUST-10058,Enterprise Plus,Annual,8302.08,105,2024-01-09,,Active,
SUB-20059,CUST-10059,Growth,Monthly,3326.03,47,2024-01-09,,Active,
SUB-20060,CUST-10060,Growth,Monthly,3619.44,83,2024-01-10,2025-01-01,Churned,Leadership Transition
SUB-20061,CUST-10061,Scale,Annual,2424.67,42,2024-01-10,,Active,
SUB-20062,CUST-10062,Growth,Monthly,645.23,12,2024-01-10,,Active,
SUB-20063,CUST-10063,Scale,Annual,2176.38,71,2024-01-10,,Active,
SUB-20064,CUST-10064,Growth,Monthly,2563.46,63,2024-01-10,2024-06-28,Churned,Internal Restructuring
SUB-20065,CUST-10065,Growth,Monthly,449.02,23,2024-01-10,,Active,
SUB-20066,CUST-10066,Scale,Annual,12556.64,241,2024-01-11,,Active,
SUB-20067,CUST-10067,Starter,Monthly,374.98,21,2024-01-11,2024-05-03,Churned,Support / SLA Frustration
SUB-20068,CUST-10068,Enterprise Plus,Monthly,15122.87,209,2024-01-11,2024-12-21,Churned,Support / SLA Frustration
SUB-20069,CUST-10069,Starter,Monthly,651.25,5,2024-01-11,,Active,
SUB-20070,CUST-10070,Starter,Monthly,523.13,9,2024-01-11,,Active,
SUB-20071,CUST-10071,Growth,Monthly,3491.9,44,2024-01-12,2024-05-31,Churned,Support / SLA Frustration
SUB-20072,CUST-10072,Enterprise Plus,Annual,14908.6,425,2024-01-12,,Active,
SUB-20073,CUST-10073,Starter,Monthly,325.35,8,2024-01-12,,Active,
SUB-20074,CUST-10074,Growth,Monthly,658.39,6,2024-01-12,,Active,
SUB-20075,CUST-10075,Growth,Monthly,532.56,5,2024-01-12,,Active,
SUB-20076,CUST-10076,Starter,Monthly,352.31,9,2024-01-12,,Active,
SUB-20077,CUST-10077,Enterprise Plus,Annual,8867.89,200,2024-01-12,,Active,
SUB-20078,CUST-10078,Growth,Monthly,1941.9,25,2024-01-13,,Active,
SUB-20079,CUST-10079,Enterprise Plus,Annual,6235.67,493,2024-01-13,,Active,
SUB-20080,CUST-10080,Starter,Monthly,360.8,22,2024-01-13,,Active,
SUB-20081,CUST-10081,Starter,Monthly,197.12,20,2024-01-13,,Active,
SUB-20082,CUST-10082,Growth,Monthly,1533.56,73,2024-01-13,,Active,
SUB-20083,CUST-10083,Enterprise Plus,Annual,15318.19,239,2024-01-13,,Active,
SUB-20084,CUST-10084,Scale,Annual,2498.38,97,2024-01-13,,Active,
SUB-20085,CUST-10085,Scale,Annual,2180.06,29,2024-01-13,,Active,
SUB-20086,CUST-10086,Growth,Monthly,362.61,7,2024-01-13,,Active,
SUB-20087,CUST-10087,Growth,Monthly,298.24,12,2024-01-13,2024-03-25,Churned,Support / SLA Frustration
SUB-20088,CUST-10088,Starter,Monthly,705.88,22,2024-01-13,,Active,
SUB-20089,CUST-10089,Growth,Monthly,2127.01,43,2024-01-14,,Active,
SUB-20090,CUST-10090,Enterprise Plus,Annual,8870.28,495,2024-01-14,,Active,
SUB-20091,CUST-10091,Starter,Monthly,709.56,15,2024-01-14,,Active,
SUB-20092,CUST-10092,Starter,Monthly,190.29,13,2024-01-14,2024-07-12,Churned,Support / SLA Frustration
SUB-20093,CUST-10093,Growth,Monthly,392.11,16,2024-01-14,2024-03-26,Churned,Switched Tool
SUB-20094,CUST-10094,Starter,Monthly,314.26,21,2024-01-14,,Active,
SUB-20095,CUST-10095,Growth,Annual,1755.87,52,2024-01-14,,Active,
SUB-20096,CUST-10096,Starter,Annual,699.81,16,2024-01-15,,Active,
SUB-20097,CUST-10097,Scale,Annual,1893.57,26,2024-01-15,,Active,
SUB-20098,CUST-10098,Scale,Monthly,4994.23,274,2024-01-15,,Active,
SUB-20099,CUST-10099,Scale,Annual,15824.5,349,2024-01-15,,Active,
SUB-20100,CUST-10100,Enterprise Plus,Annual,17249.37,383,2024-01-15,,Active,
SUB-20101,CUST-10101,Starter,Monthly,698.77,16,2024-01-15,,Active,
SUB-20102,CUST-10102,Scale,Annual,1548.71,79,2024-01-15,2024-07-29,Churned,Support / SLA Frustration
SUB-20103,CUST-10103,Starter,Monthly,513.13,9,2024-01-15,2024-08-30,Churned,Switched Tool
SUB-20104,CUST-10104,Growth,Monthly,681.39,11,2024-01-16,,Active,
SUB-20105,CUST-10105,Growth,Monthly,2625.84,66,2024-01-16,2024-05-01,Churned,Leadership Transition
SUB-20106,CUST-10106,Scale,Annual,2393.32,28,2024-01-16,,Active,
SUB-20107,CUST-10107,Starter,Annual,695.34,13,2024-01-16,,Active,
SUB-20108,CUST-10108,Growth,Monthly,2666.81,70,2024-01-16,,Active,
SUB-20109,CUST-10109,Scale,Annual,6738.7,121,2024-01-16,,Active,
SUB-20110,CUST-10110,Growth,Annual,1718.7,75,2024-01-16,,Active,
SUB-20111,CUST-10111,Growth,Monthly,1164.28,36,2024-01-16,,Active,
SUB-20112,CUST-10112,Starter,Monthly,661.53,24,2024-01-16,,Active,
SUB-20113,CUST-10113,Starter,Monthly,513.76,17,2024-01-17,2024-12-30,Churned,Competitor Alternative
SUB-20114,CUST-10114,Starter,Monthly,363.22,13,2024-01-17,,Active,
SUB-20115,CUST-10115,Starter,Annual,346.48,6,2024-01-17,2024-04-02,Churned,Support / SLA Frustration
SUB-20116,CUST-10116,Growth,Annual,282.87,22,2024-01-17,,Active,
SUB-20117,CUST-10117,Growth,Annual,2014.27,33,2024-01-17,2024-06-26,Churned,Low Adoption & License Waste
SUB-20118,CUST-10118,Starter,Annual,396.08,21,2024-01-17,,Active,
SUB-20119,CUST-10119,Starter,Monthly,246.37,11,2024-01-18,,Active,
SUB-20120,CUST-10120,Growth,Annual,660.5,14,2024-01-18,2025-01-02,Churned,Low Adoption & License Waste
SUB-20121,CUST-10121,Growth,Monthly,333.47,20,2024-01-18,2024-06-03,Churned,Support / SLA Frustration
SUB-20122,CUST-10122,Scale,Annual,3721.33,31,2024-01-18,,Active,
SUB-20123,CUST-10123,Scale,Annual,14257.0,484,2024-01-18,,Active,
SUB-20124,CUST-10124,Growth,Annual,2648.4,46,2024-01-18,,Active,
SUB-20125,CUST-10125,Growth,Annual,1087.09,61,2024-01-19,2024-12-23,Churned,Leadership Transition
SUB-20126,CUST-10126,Starter,Monthly,526.77,8,2024-01-19,2024-12-22,Churned,Support / SLA Frustration
SUB-20127,CUST-10127,Starter,Monthly,232.74,18,2024-01-19,,Active,
SUB-20128,CUST-10128,Enterprise Plus,Annual,12690.2,263,2024-01-19,,Active,
SUB-20129,CUST-10129,Starter,Monthly,730.47,14,2024-01-19,,Active,
SUB-20130,CUST-10130,Growth,Monthly,1284.12,82,2024-01-19,,Active,
SUB-20131,CUST-10131,Scale,Annual,3732.9,98,2024-01-19,,Active,
SUB-20132,CUST-10132,Enterprise Plus,Annual,7822.0,332,2024-01-19,,Active,
SUB-20133,CUST-10133,Growth,Annual,2128.66,74,2024-01-19,2024-07-10,Churned,Support / SLA Frustration
SUB-20134,CUST-10134,Starter,Monthly,131.21,19,2024-01-20,,Active,
SUB-20135,CUST-10135,Scale,Annual,3697.74,26,2024-01-20,,Active,
SUB-20136,CUST-10136,Starter,Monthly,616.37,5,2024-01-20,,Active,
SUB-20137,CUST-10137,Growth,Monthly,473.68,14,2024-01-20,,Active,
SUB-20138,CUST-10138,Growth,Monthly,2087.2,82,2024-01-20,2024-09-29,Churned,Support / SLA Frustration
SUB-20139,CUST-10139,Starter,Monthly,183.89,7,2024-01-21,2024-11-26,Churned,Low Adoption & License Waste
SUB-20140,CUST-10140,Starter,Annual,461.04,20,2024-01-21,,Active,
SUB-20141,CUST-10141,Scale,Monthly,2873.81,50,2024-01-21,,Active,
SUB-20142,CUST-10142,Growth,Annual,2965.12,37,2024-01-21,,Active,
SUB-20143,CUST-10143,Growth,Monthly,3632.91,70,2024-01-21,,Active,
SUB-20144,CUST-10144,Scale,Monthly,2342.57,78,2024-01-21,,Active,
SUB-20145,CUST-10145,Enterprise Plus,Annual,9037.76,189,2024-01-21,,Active,
SUB-20146,CUST-10146,Starter,Monthly,337.48,12,2024-01-21,,Active,
SUB-20147,CUST-10147,Growth,Monthly,457.33,22,2024-01-22,2024-12-01,Churned,Support / SLA Frustration
SUB-20148,CUST-10148,Enterprise Plus,Annual,5656.2,171,2024-01-22,,Active,
SUB-20149,CUST-10149,Growth,Annual,3700.63,97,2024-01-22,,Active,
SUB-20150,CUST-10150,Growth,Monthly,727.34,18,2024-01-22,,Active,
SUB-20151,CUST-10151,Growth,Monthly,947.92,35,2024-01-23,,Active,
SUB-20152,CUST-10152,Enterprise Plus,Annual,9416.63,300,2024-01-23,,Active,
SUB-20153,CUST-10153,Scale,Monthly,2054.63,34,2024-01-23,2024-08-22,Churned,Leadership Transition
SUB-20154,CUST-10154,Starter,Monthly,395.54,14,2024-01-23,,Active,
SUB-20155,CUST-10155,Growth,Monthly,2651.39,77,2024-01-23,,Active,
SUB-20156,CUST-10156,Starter,Annual,706.51,23,2024-01-23,,Active,
SUB-20157,CUST-10157,Growth,Monthly,633.6,18,2024-01-23,2024-09-20,Churned,Support / SLA Frustration
SUB-20158,CUST-10158,Scale,Monthly,1289.67,54,2024-01-23,2024-12-12,Churned,Support / SLA Frustration
SUB-20159,CUST-10159,Growth,Monthly,666.73,6,2024-01-24,,Active,
SUB-20160,CUST-10160,Growth,Annual,1049.65,33,2024-01-24,,Active,
SUB-20161,CUST-10161,Starter,Monthly,159.94,10,2024-01-24,,Active,
SUB-20162,CUST-10162,Starter,Monthly,510.79,17,2024-01-24,2024-07-12,Churned,Support / SLA Frustration
SUB-20163,CUST-10163,Starter,Annual,573.8,21,2024-01-24,2024-05-15,Churned,Support / SLA Frustration
SUB-20164,CUST-10164,Scale,Annual,7857.66,167,2024-01-24,,Active,
SUB-20165,CUST-10165,Growth,Monthly,256.2,11,2024-01-24,2024-10-10,Churned,Support / SLA Frustration
SUB-20166,CUST-10166,Scale,Monthly,3451.85,59,2024-01-24,,Active,
SUB-20167,CUST-10167,Scale,Annual,1125.36,55,2024-01-24,2024-03-31,Churned,Low Adoption & License Waste
SUB-20168,CUST-10168,Enterprise Plus,Annual,15947.33,160,2024-01-24,2024-12-26,Churned,Support / SLA Frustration
SUB-20169,CUST-10169,Starter,Annual,375.04,5,2024-01-24,,Active,
SUB-20170,CUST-10170,Starter,Monthly,421.24,15,2024-01-24,,Active,
SUB-20171,CUST-10171,Scale,Annual,11371.56,226,2024-01-25,2024-08-11,Churned,Support / SLA Frustration
SUB-20172,CUST-10172,Growth,Monthly,329.33,23,2024-01-25,2024-09-29,Churned,Support / SLA Frustration
SUB-20173,CUST-10173,Scale,Monthly,2907.48,53,2024-01-26,,Active,
SUB-20174,CUST-10174,Starter,Monthly,737.91,17,2024-01-26,,Active,
SUB-20175,CUST-10175,Scale,Annual,2080.17,92,2024-01-26,,Active,
SUB-20176,CUST-10176,Growth,Monthly,608.1,13,2024-01-26,,Active,
SUB-20177,CUST-10177,Growth,Monthly,2499.78,44,2024-01-26,2024-06-20,Churned,Low Adoption & License Waste
SUB-20178,CUST-10178,Starter,Monthly,180.93,19,2024-01-26,2024-07-15,Churned,Support / SLA Frustration
SUB-20179,CUST-10179,Scale,Annual,15362.4,287,2024-01-26,,Active,
SUB-20180,CUST-10180,Scale,Annual,3677.15,40,2024-01-26,,Active,
SUB-20181,CUST-10181,Scale,Monthly,14654.74,192,2024-01-26,,Active,
SUB-20182,CUST-10182,Growth,Monthly,719.17,15,2024-01-27,,Active,
SUB-20183,CUST-10183,Starter,Monthly,330.97,15,2024-01-27,,Active,
SUB-20184,CUST-10184,Growth,Annual,1655.26,40,2024-01-27,,Active,
SUB-20185,CUST-10185,Growth,Monthly,601.12,24,2024-01-27,2024-09-03,Churned,Competitor Alternative
SUB-20186,CUST-10186,Starter,Monthly,316.41,8,2024-01-28,,Active,
SUB-20187,CUST-10187,Starter,Monthly,684.08,16,2024-01-28,,Active,
SUB-20188,CUST-10188,Starter,Monthly,438.67,8,2024-01-28,,Active,
SUB-20189,CUST-10189,Growth,Monthly,3343.61,69,2024-01-28,,Active,
SUB-20190,CUST-10190,Enterprise Plus,Annual,10840.26,400,2024-01-28,2024-09-25,Churned,Support / SLA Frustration
SUB-20191,CUST-10191,Starter,Annual,706.77,21,2024-01-29,,Active,
SUB-20192,CUST-10192,Starter,Annual,211.29,7,2024-01-29,,Active,
SUB-20193,CUST-10193,Starter,Annual,650.86,24,2024-01-29,,Active,
SUB-20194,CUST-10194,Growth,Annual,2963.83,95,2024-01-29,,Active,
SUB-20195,CUST-10195,Scale,Annual,1390.31,81,2024-01-29,2024-08-08,Churned,Support / SLA Frustration
SUB-20196,CUST-10196,Starter,Annual,436.3,20,2024-01-30,,Active,
SUB-20197,CUST-10197,Starter,Monthly,153.37,20,2024-01-30,,Active,
SUB-20198,CUST-10198,Starter,Monthly,574.19,20,2024-01-30,,Active,
SUB-20199,CUST-10199,Growth,Monthly,552.19,17,2024-01-30,2024-04-30,Churned,Price / Budget Cuts
SUB-20200,CUST-10200,Starter,Monthly,122.0,10,2024-01-30,,Active,
SUB-20201,CUST-10201,Enterprise Plus,Annual,16756.2,359,2024-01-31,,Active,
SUB-20202,CUST-10202,Growth,Monthly,2207.57,66,2024-01-31,,Active,
SUB-20203,CUST-10203,Starter,Monthly,207.44,18,2024-01-31,,Active,
SUB-20204,CUST-10204,Starter,Monthly,414.73,9,2024-01-31,,Active,
SUB-20205,CUST-10205,Enterprise Plus,Annual,16183.13,304,2024-02-01,,Active,
SUB-20206,CUST-10206,Enterprise Plus,Annual,17550.42,212,2024-02-01,2024-11-14,Churned,Support / SLA Frustration
SUB-20207,CUST-10207,Starter,Monthly,675.09,15,2024-02-01,,Active,
SUB-20208,CUST-10208,Enterprise Plus,Annual,7317.46,262,2024-02-01,2024-03-15,Churned,Support / SLA Frustration
SUB-20209,CUST-10209,Growth,Annual,3105.32,68,2024-02-01,2024-05-30,Churned,Low Adoption & License Waste
SUB-20210,CUST-10210,Starter,Monthly,306.98,24,2024-02-01,2024-11-23,Churned,Support / SLA Frustration
SUB-20211,CUST-10211,Growth,Monthly,631.01,9,2024-02-01,,Active,
SUB-20212,CUST-10212,Starter,Annual,283.6,17,2024-02-01,,Active,
SUB-20213,CUST-10213,Growth,Monthly,3564.15,53,2024-02-01,2024-03-06,Churned,Low Adoption & License Waste
SUB-20214,CUST-10214,Starter,Monthly,675.79,18,2024-02-02,2024-08-10,Churned,Price / Budget Cuts
SUB-20215,CUST-10215,Growth,Annual,2144.0,96,2024-02-02,2024-07-02,Churned,Low Adoption & License Waste
SUB-20216,CUST-10216,Growth,Annual,3453.79,92,2024-02-02,2024-11-28,Churned,Leadership Transition
SUB-20217,CUST-10217,Growth,Monthly,535.64,16,2024-02-02,,Active,
SUB-20218,CUST-10218,Starter,Monthly,128.58,11,2024-02-02,,Active,
SUB-20219,CUST-10219,Growth,Monthly,712.09,10,2024-02-02,,Active,
SUB-20220,CUST-10220,Starter,Monthly,599.82,15,2024-02-02,,Active,
SUB-20221,CUST-10221,Growth,Annual,700.98,8,2024-02-02,2024-07-23,Churned,Support / SLA Frustration
SUB-20222,CUST-10222,Enterprise Plus,Annual,15742.22,368,2024-02-02,,Active,
SUB-20223,CUST-10223,Growth,Monthly,1612.0,43,2024-02-02,,Active,
SUB-20224,CUST-10224,Scale,Annual,1543.9,62,2024-02-02,,Active,
SUB-20225,CUST-10225,Scale,Annual,2488.24,78,2024-02-02,2024-10-20,Churned,Low Adoption & License Waste
SUB-20226,CUST-10226,Growth,Monthly,614.32,18,2024-02-03,2024-05-18,Churned,Low Adoption & License Waste
SUB-20227,CUST-10227,Growth,Annual,2958.24,99,2024-02-03,,Active,
SUB-20228,CUST-10228,Growth,Annual,432.64,17,2024-02-03,2024-12-22,Churned,Support / SLA Frustration
SUB-20229,CUST-10229,Starter,Monthly,471.61,9,2024-02-03,,Active,
SUB-20230,CUST-10230,Growth,Monthly,269.21,11,2024-02-03,2024-03-24,Churned,Price / Budget Cuts
SUB-20231,CUST-10231,Growth,Monthly,375.24,5,2024-02-03,,Active,
SUB-20232,CUST-10232,Starter,Monthly,516.35,16,2024-02-03,,Active,
SUB-20233,CUST-10233,Scale,Monthly,955.19,32,2024-02-04,2025-01-06,Churned,Support / SLA Frustration
SUB-20234,CUST-10234,Growth,Annual,1118.43,73,2024-02-04,2024-09-25,Churned,Internal Restructuring
SUB-20235,CUST-10235,Growth,Monthly,634.74,18,2024-02-04,2024-11-28,Churned,Support / SLA Frustration
SUB-20236,CUST-10236,Scale,Annual,3779.72,38,2024-02-04,2024-04-28,Churned,Support / SLA Frustration
SUB-20237,CUST-10237,Scale,Annual,17666.99,495,2024-02-04,,Active,
SUB-20238,CUST-10238,Growth,Monthly,447.64,24,2024-02-04,,Active,
SUB-20239,CUST-10239,Scale,Monthly,1818.0,50,2024-02-04,,Active,
SUB-20240,CUST-10240,Growth,Annual,715.93,15,2024-02-04,,Active,
SUB-20241,CUST-10241,Growth,Monthly,571.05,14,2024-02-05,,Active,
SUB-20242,CUST-10242,Starter,Monthly,729.28,18,2024-02-05,2024-05-28,Churned,Support / SLA Frustration
SUB-20243,CUST-10243,Growth,Monthly,1752.69,52,2024-02-05,,Active,
SUB-20244,CUST-10244,Scale,Monthly,8362.51,203,2024-02-06,,Active,
SUB-20245,CUST-10245,Growth,Monthly,208.88,20,2024-02-06,,Active,
SUB-20246,CUST-10246,Scale,Annual,3293.12,66,2024-02-06,,Active,
SUB-20247,CUST-10247,Starter,Monthly,559.62,5,2024-02-06,,Active,
SUB-20248,CUST-10248,Growth,Annual,406.84,8,2024-02-06,,Active,
SUB-20249,CUST-10249,Growth,Monthly,406.08,13,2024-02-06,2024-07-16,Churned,Support / SLA Frustration
SUB-20250,CUST-10250,Scale,Annual,3187.98,30,2024-02-06,,Active,
SUB-20251,CUST-10251,Growth,Monthly,3646.56,30,2024-02-06,,Active,
SUB-20252,CUST-10252,Starter,Annual,523.93,12,2024-02-07,,Active,
SUB-20253,CUST-10253,Scale,Annual,1469.6,47,2024-02-07,,Active,
SUB-20254,CUST-10254,Scale,Monthly,1260.19,95,2024-02-07,,Active,
SUB-20255,CUST-10255,Starter,Monthly,450.25,9,2024-02-07,,Active,
SUB-20256,CUST-10256,Growth,Monthly,369.53,16,2024-02-08,,Active,
SUB-20257,CUST-10257,Starter,Monthly,314.69,21,2024-02-08,2024-12-17,Churned,Support / SLA Frustration
SUB-20258,CUST-10258,Starter,Annual,289.16,8,2024-02-08,,Active,
SUB-20259,CUST-10259,Enterprise Plus,Annual,14803.06,196,2024-02-08,,Active,
SUB-20260,CUST-10260,Growth,Monthly,741.34,24,2024-02-08,,Active,
SUB-20261,CUST-10261,Growth,Monthly,363.47,20,2024-02-08,2025-01-18,Churned,Support / SLA Frustration
SUB-20262,CUST-10262,Enterprise Plus,Annual,11761.85,187,2024-02-08,,Active,
SUB-20263,CUST-10263,Starter,Monthly,482.73,16,2024-02-08,,Active,
SUB-20264,CUST-10264,Growth,Monthly,653.13,11,2024-02-08,,Active,
SUB-20265,CUST-10265,Starter,Monthly,295.6,12,2024-02-08,,Active,
SUB-20266,CUST-10266,Starter,Monthly,520.95,12,2024-02-09,,Active,
SUB-20267,CUST-10267,Starter,Monthly,203.7,10,2024-02-09,,Active,
SUB-20268,CUST-10268,Growth,Annual,1605.81,26,2024-02-09,2024-03-28,Churned,Support / SLA Frustration
SUB-20269,CUST-10269,Growth,Monthly,1077.21,57,2024-02-09,2025-01-14,Churned,Leadership Transition
SUB-20270,CUST-10270,Growth,Monthly,312.43,23,2024-02-09,,Active,
SUB-20271,CUST-10271,Starter,Annual,746.26,22,2024-02-09,,Active,
SUB-20272,CUST-10272,Starter,Monthly,542.87,8,2024-02-09,2024-05-15,Churned,Low Adoption & License Waste
SUB-20273,CUST-10273,Starter,Monthly,694.29,5,2024-02-10,2024-10-15,Churned,Competitor Alternative
SUB-20274,CUST-10274,Growth,Annual,421.28,17,2024-02-10,,Active,
SUB-20275,CUST-10275,Starter,Annual,383.72,16,2024-02-10,,Active,
SUB-20276,CUST-10276,Starter,Annual,538.1,15,2024-02-10,,Active,
SUB-20277,CUST-10277,Starter,Monthly,695.0,5,2024-02-10,2024-06-12,Churned,Price / Budget Cuts
SUB-20278,CUST-10278,Starter,Annual,124.06,8,2024-02-10,,Active,
SUB-20279,CUST-10279,Starter,Monthly,297.52,17,2024-02-10,,Active,
SUB-20280,CUST-10280,Starter,Annual,443.98,20,2024-02-11,2024-07-28,Churned,Support / SLA Frustration
SUB-20281,CUST-10281,Scale,Monthly,1881.82,84,2024-02-11,2024-03-22,Churned,Support / SLA Frustration
SUB-20282,CUST-10282,Growth,Monthly,3650.31,26,2024-02-11,,Active,
SUB-20283,CUST-10283,Enterprise Plus,Annual,13973.97,170,2024-02-11,,Active,
SUB-20284,CUST-10284,Growth,Monthly,223.53,5,2024-02-11,,Active,
SUB-20285,CUST-10285,Enterprise Plus,Annual,6404.19,329,2024-02-11,,Active,
SUB-20286,CUST-10286,Scale,Monthly,2041.19,83,2024-02-11,2025-01-24,Churned,Support / SLA Frustration
SUB-20287,CUST-10287,Growth,Monthly,562.91,23,2024-02-11,,Active,
SUB-20288,CUST-10288,Scale,Monthly,1548.94,65,2024-02-11,,Active,
SUB-20289,CUST-10289,Starter,Monthly,748.0,5,2024-02-11,2024-10-17,Churned,Low Adoption & License Waste
SUB-20290,CUST-10290,Scale,Annual,14530.22,154,2024-02-11,,Active,
SUB-20291,CUST-10291,Enterprise Plus,Annual,10673.82,186,2024-02-12,,Active,
SUB-20292,CUST-10292,Growth,Monthly,715.07,16,2024-02-12,,Active,
SUB-20293,CUST-10293,Growth,Annual,3768.31,79,2024-02-12,,Active,
SUB-20294,CUST-10294,Scale,Annual,10064.34,222,2024-02-12,,Active,
SUB-20295,CUST-10295,Starter,Monthly,160.22,10,2024-02-12,,Active,
SUB-20296,CUST-10296,Starter,Annual,440.16,5,2024-02-12,,Active,
SUB-20297,CUST-10297,Growth,Monthly,1800.54,52,2024-02-12,,Active,
SUB-20298,CUST-10298,Starter,Monthly,629.49,8,2024-02-13,,Active,
SUB-20299,CUST-10299,Enterprise Plus,Annual,14255.78,134,2024-02-13,2024-11-29,Churned,Low Adoption & License Waste
SUB-20300,CUST-10300,Scale,Annual,16152.31,333,2024-02-13,,Active,
SUB-20301,CUST-10301,Starter,Annual,560.75,19,2024-02-13,,Active,
SUB-20302,CUST-10302,Starter,Annual,377.22,16,2024-02-13,2024-10-12,Churned,Support / SLA Frustration
SUB-20303,CUST-10303,Growth,Monthly,504.64,7,2024-02-14,2024-11-05,Churned,Support / SLA Frustration
SUB-20304,CUST-10304,Starter,Monthly,690.52,22,2024-02-14,2024-03-27,Churned,Low Adoption & License Waste
SUB-20305,CUST-10305,Starter,Monthly,656.2,18,2024-02-14,,Active,
SUB-20306,CUST-10306,Starter,Monthly,404.02,7,2024-02-14,,Active,
SUB-20307,CUST-10307,Growth,Monthly,2169.36,32,2024-02-14,2024-07-21,Churned,Low Adoption & License Waste
SUB-20308,CUST-10308,Growth,Monthly,577.01,9,2024-02-14,,Active,
SUB-20309,CUST-10309,Scale,Annual,1784.83,54,2024-02-14,2025-01-17,Churned,Support / SLA Frustration
SUB-20310,CUST-10310,Scale,Annual,932.68,51,2024-02-14,2025-01-24,Churned,Support / SLA Frustration
SUB-20311,CUST-10311,Enterprise Plus,Monthly,17203.96,172,2024-02-14,,Active,
SUB-20312,CUST-10312,Scale,Annual,15150.45,102,2024-02-14,,Active,
SUB-20313,CUST-10313,Starter,Monthly,275.96,6,2024-02-15,,Active,
SUB-20314,CUST-10314,Starter,Monthly,442.0,24,2024-02-15,,Active,
SUB-20315,CUST-10315,Starter,Monthly,707.15,22,2024-02-15,,Active,
SUB-20316,CUST-10316,Growth,Monthly,1154.79,78,2024-02-15,2025-01-13,Churned,Support / SLA Frustration
SUB-20317,CUST-10317,Scale,Annual,2345.62,39,2024-02-15,,Active,
SUB-20318,CUST-10318,Scale,Monthly,2790.61,26,2024-02-15,,Active,
SUB-20319,CUST-10319,Growth,Monthly,1501.84,40,2024-02-15,,Active,
SUB-20320,CUST-10320,Starter,Monthly,501.95,21,2024-02-15,,Active,
SUB-20321,CUST-10321,Starter,Monthly,588.53,12,2024-02-15,2025-02-08,Churned,Competitor Alternative
SUB-20322,CUST-10322,Starter,Monthly,722.76,11,2024-02-15,2024-11-12,Churned,Price / Budget Cuts
SUB-20323,CUST-10323,Growth,Annual,3239.87,45,2024-02-15,2025-01-17,Churned,Support / SLA Frustration
SUB-20324,CUST-10324,Starter,Monthly,393.25,13,2024-02-16,,Active,
SUB-20325,CUST-10325,Starter,Monthly,636.15,20,2024-02-16,2024-03-27,Churned,Low Adoption & License Waste
SUB-20326,CUST-10326,Starter,Monthly,195.76,7,2024-02-16,,Active,
SUB-20327,CUST-10327,Growth,Monthly,468.02,22,2024-02-16,,Active,
SUB-20328,CUST-10328,Scale,Monthly,2677.41,81,2024-02-16,,Active,
SUB-20329,CUST-10329,Growth,Annual,3102.78,50,2024-02-16,2025-01-03,Churned,Support / SLA Frustration
SUB-20330,CUST-10330,Growth,Annual,1940.05,97,2024-02-16,,Active,
SUB-20331,CUST-10331,Starter,Monthly,730.39,23,2024-02-17,,Active,
SUB-20332,CUST-10332,Enterprise Plus,Monthly,9958.11,192,2024-02-17,,Active,
SUB-20333,CUST-10333,Scale,Annual,11264.45,363,2024-02-17,,Active,
SUB-20334,CUST-10334,Enterprise Plus,Annual,5229.53,313,2024-02-17,,Active,
SUB-20335,CUST-10335,Scale,Annual,11954.51,334,2024-02-18,,Active,
SUB-20336,CUST-10336,Starter,Monthly,642.58,24,2024-02-18,,Active,
SUB-20337,CUST-10337,Growth,Monthly,241.86,18,2024-02-18,2025-01-02,Churned,Switched Tool
SUB-20338,CUST-10338,Scale,Annual,1642.39,36,2024-02-18,2024-08-03,Churned,Support / SLA Frustration
SUB-20339,CUST-10339,Enterprise Plus,Annual,5346.39,449,2024-02-18,,Active,
SUB-20340,CUST-10340,Growth,Annual,1897.55,46,2024-02-18,,Active,
SUB-20341,CUST-10341,Growth,Annual,2489.04,83,2024-02-18,2025-01-30,Churned,Support / SLA Frustration
SUB-20342,CUST-10342,Scale,Annual,2433.35,88,2024-02-18,,Active,
SUB-20343,CUST-10343,Growth,Annual,2512.89,72,2024-02-19,,Active,
SUB-20344,CUST-10344,Growth,Monthly,2774.16,94,2024-02-19,,Active,
SUB-20345,CUST-10345,Starter,Monthly,172.7,16,2024-02-19,2024-09-29,Churned,Price / Budget Cuts
SUB-20346,CUST-10346,Starter,Monthly,652.08,5,2024-02-19,2024-12-26,Churned,Support / SLA Frustration
SUB-20347,CUST-10347,Enterprise Plus,Annual,14537.23,117,2024-02-19,,Active,
SUB-20348,CUST-10348,Scale,Monthly,3315.31,36,2024-02-19,2024-07-04,Churned,Support / SLA Frustration
SUB-20349,CUST-10349,Starter,Annual,654.22,19,2024-02-19,,Active,
SUB-20350,CUST-10350,Starter,Monthly,179.42,15,2024-02-20,,Active,
SUB-20351,CUST-10351,Starter,Monthly,659.98,19,2024-02-20,,Active,
SUB-20352,CUST-10352,Growth,Monthly,687.55,11,2024-02-20,,Active,
SUB-20353,CUST-10353,Scale,Monthly,953.21,52,2024-02-20,,Active,
SUB-20354,CUST-10354,Scale,Monthly,6149.66,317,2024-02-20,,Active,
SUB-20355,CUST-10355,Growth,Annual,425.58,17,2024-02-21,,Active,
SUB-20356,CUST-10356,Scale,Annual,8541.04,184,2024-02-21,,Active,
SUB-20357,CUST-10357,Starter,Monthly,699.78,22,2024-02-21,,Active,
SUB-20358,CUST-10358,Starter,Monthly,325.08,10,2024-02-21,2024-04-02,Churned,Support / SLA Frustration
SUB-20359,CUST-10359,Starter,Monthly,315.78,8,2024-02-21,2024-12-21,Churned,Low Adoption & License Waste
SUB-20360,CUST-10360,Growth,Annual,2933.71,63,2024-02-21,2024-11-23,Churned,Support / SLA Frustration
SUB-20361,CUST-10361,Starter,Monthly,689.94,6,2024-02-21,,Active,
SUB-20362,CUST-10362,Scale,Annual,3453.81,79,2024-02-21,,Active,
SUB-20363,CUST-10363,Starter,Monthly,549.77,5,2024-02-22,,Active,
SUB-20364,CUST-10364,Starter,Monthly,537.44,19,2024-02-22,2024-09-14,Churned,Low Adoption & License Waste
SUB-20365,CUST-10365,Scale,Monthly,3122.09,68,2024-02-22,,Active,
SUB-20366,CUST-10366,Starter,Monthly,131.47,12,2024-02-22,,Active,
SUB-20367,CUST-10367,Growth,Monthly,135.65,6,2024-02-22,2024-07-20,Churned,Price / Budget Cuts
SUB-20368,CUST-10368,Scale,Monthly,2500.4,63,2024-02-22,2024-05-03,Churned,Competitor Alternative
SUB-20369,CUST-10369,Enterprise Plus,Annual,4783.3,209,2024-02-23,2025-01-14,Churned,Leadership Transition
SUB-20370,CUST-10370,Enterprise Plus,Annual,5679.2,387,2024-02-23,,Active,
SUB-20371,CUST-10371,Enterprise Plus,Monthly,12842.98,121,2024-02-23,,Active,
SUB-20372,CUST-10372,Enterprise Plus,Annual,13541.6,411,2024-02-23,,Active,
SUB-20373,CUST-10373,Growth,Monthly,585.03,18,2024-02-23,,Active,
SUB-20374,CUST-10374,Scale,Monthly,6923.84,461,2024-02-24,2025-01-02,Churned,Support / SLA Frustration
SUB-20375,CUST-10375,Growth,Annual,3297.38,25,2024-02-24,,Active,
SUB-20376,CUST-10376,Growth,Monthly,677.37,18,2024-02-24,,Active,
SUB-20377,CUST-10377,Enterprise Plus,Annual,5301.94,432,2024-02-24,,Active,
SUB-20378,CUST-10378,Starter,Monthly,498.22,14,2024-02-24,,Active,
SUB-20379,CUST-10379,Growth,Annual,1257.41,89,2024-02-24,,Active,
SUB-20380,CUST-10380,Scale,Monthly,7180.14,144,2024-02-24,,Active,
SUB-20381,CUST-10381,Starter,Annual,499.55,22,2024-02-24,2024-04-21,Churned,Support / SLA Frustration
SUB-20382,CUST-10382,Starter,Monthly,368.52,8,2024-02-25,,Active,
SUB-20383,CUST-10383,Starter,Monthly,189.68,22,2024-02-25,,Active,
SUB-20384,CUST-10384,Starter,Annual,412.62,21,2024-02-25,,Active,
SUB-20385,CUST-10385,Growth,Monthly,661.83,7,2024-02-25,2024-06-09,Churned,Low Adoption & License Waste
SUB-20386,CUST-10386,Scale,Monthly,2954.0,86,2024-02-25,,Active,
SUB-20387,CUST-10387,Growth,Monthly,2525.73,51,2024-02-25,,Active,
SUB-20388,CUST-10388,Starter,Monthly,397.38,10,2024-02-25,,Active,
SUB-20389,CUST-10389,Starter,Monthly,656.75,12,2024-02-25,,Active,
SUB-20390,CUST-10390,Growth,Annual,387.38,7,2024-02-25,,Active,
SUB-20391,CUST-10391,Growth,Monthly,2661.7,41,2024-02-25,,Active,
SUB-20392,CUST-10392,Growth,Monthly,1405.18,26,2024-02-25,2024-07-07,Churned,Support / SLA Frustration
SUB-20393,CUST-10393,Starter,Annual,737.36,17,2024-02-25,,Active,
SUB-20394,CUST-10394,Growth,Annual,2561.9,31,2024-02-25,,Active,
SUB-20395,CUST-10395,Growth,Monthly,235.91,16,2024-02-25,,Active,
SUB-20396,CUST-10396,Starter,Annual,517.23,17,2024-02-26,,Active,
SUB-20397,CUST-10397,Growth,Annual,2649.95,29,2024-02-26,,Active,
SUB-20398,CUST-10398,Starter,Monthly,532.81,22,2024-02-26,2024-12-31,Churned,Switched Tool
SUB-20399,CUST-10399,Growth,Monthly,735.03,20,2024-02-26,,Active,
SUB-20400,CUST-10400,Enterprise Plus,Monthly,14322.36,130,2024-02-26,,Active,
SUB-20401,CUST-10401,Starter,Monthly,428.48,21,2024-02-26,2024-06-11,Churned,Price / Budget Cuts
SUB-20402,CUST-10402,Starter,Monthly,561.12,23,2024-02-26,,Active,
SUB-20403,CUST-10403,Starter,Monthly,619.6,11,2024-02-26,,Active,
SUB-20404,CUST-10404,Growth,Annual,945.65,60,2024-02-26,,Active,
SUB-20405,CUST-10405,Starter,Annual,653.46,16,2024-02-27,,Active,
SUB-20406,CUST-10406,Scale,Annual,3303.12,90,2024-02-27,,Active,
SUB-20407,CUST-10407,Enterprise Plus,Monthly,15905.19,392,2024-02-27,2024-08-25,Churned,Support / SLA Frustration
SUB-20408,CUST-10408,Growth,Annual,290.63,6,2024-02-27,,Active,
SUB-20409,CUST-10409,Scale,Annual,16386.58,195,2024-02-27,,Active,
SUB-20410,CUST-10410,Scale,Monthly,1588.05,62,2024-02-27,,Active,
SUB-20411,CUST-10411,Starter,Monthly,653.78,5,2024-02-28,,Active,
SUB-20412,CUST-10412,Growth,Monthly,171.9,18,2024-02-28,,Active,
SUB-20413,CUST-10413,Starter,Annual,597.82,6,2024-02-28,2024-04-29,Churned,Price / Budget Cuts
SUB-20414,CUST-10414,Starter,Annual,730.3,20,2024-02-29,,Active,
SUB-20415,CUST-10415,Growth,Annual,1365.63,82,2024-02-29,,Active,
SUB-20416,CUST-10416,Growth,Monthly,3632.37,75,2024-02-29,,Active,
SUB-20417,CUST-10417,Growth,Annual,2284.0,70,2024-02-29,2024-12-11,Churned,Competitor Alternative
SUB-20418,CUST-10418,Starter,Monthly,341.33,22,2024-02-29,,Active,
SUB-20419,CUST-10419,Starter,Monthly,608.61,6,2024-02-29,,Active,
SUB-20420,CUST-10420,Growth,Monthly,536.32,5,2024-02-29,,Active,
SUB-20421,CUST-10421,Starter,Monthly,267.22,24,2024-02-29,2025-01-07,Churned,Support / SLA Frustration
SUB-20422,CUST-10422,Enterprise Plus,Annual,17050.92,396,2024-02-29,,Active,
SUB-20423,CUST-10423,Growth,Annual,1478.34,97,2024-02-29,,Active,
SUB-20424,CUST-10424,Enterprise Plus,Monthly,9177.75,444,2024-03-01,,Active,
SUB-20425,CUST-10425,Starter,Monthly,694.58,12,2024-03-01,,Active,
SUB-20426,CUST-10426,Scale,Monthly,3513.64,48,2024-03-01,,Active,
SUB-20427,CUST-10427,Starter,Monthly,610.51,12,2024-03-01,,Active,
SUB-20428,CUST-10428,Scale,Annual,3167.93,40,2024-03-01,2024-06-18,Churned,Support / SLA Frustration
SUB-20429,CUST-10429,Scale,Annual,10571.42,308,2024-03-01,,Active,
SUB-20430,CUST-10430,Enterprise Plus,Annual,6865.57,407,2024-03-01,,Active,
SUB-20431,CUST-10431,Starter,Monthly,526.16,23,2024-03-01,,Active,
SUB-20432,CUST-10432,Growth,Annual,648.29,24,2024-03-01,,Active,
SUB-20433,CUST-10433,Enterprise Plus,Monthly,11888.94,283,2024-03-02,2024-10-11,Churned,Support / SLA Frustration
SUB-20434,CUST-10434,Enterprise Plus,Annual,7602.58,141,2024-03-02,,Active,
SUB-20435,CUST-10435,Starter,Monthly,369.34,16,2024-03-02,2025-02-06,Churned,Competitor Alternative
SUB-20436,CUST-10436,Scale,Monthly,8438.56,276,2024-03-02,2024-06-18,Churned,Support / SLA Frustration
SUB-20437,CUST-10437,Starter,Monthly,150.45,16,2024-03-02,,Active,
SUB-20438,CUST-10438,Growth,Annual,351.78,5,2024-03-02,2024-12-03,Churned,Support / SLA Frustration
SUB-20439,CUST-10439,Enterprise Plus,Annual,5353.93,245,2024-03-02,,Active,
SUB-20440,CUST-10440,Enterprise Plus,Annual,11603.82,242,2024-03-03,,Active,
SUB-20441,CUST-10441,Starter,Monthly,748.43,20,2024-03-03,2024-05-17,Churned,Support / SLA Frustration
SUB-20442,CUST-10442,Growth,Annual,1934.52,98,2024-03-03,,Active,
SUB-20443,CUST-10443,Scale,Annual,935.13,64,2024-03-03,,Active,
SUB-20444,CUST-10444,Growth,Monthly,234.93,5,2024-03-03,,Active,
SUB-20445,CUST-10445,Starter,Monthly,747.83,23,2024-03-04,2024-10-22,Churned,Competitor Alternative
SUB-20446,CUST-10446,Growth,Monthly,492.13,15,2024-03-04,,Active,
SUB-20447,CUST-10447,Growth,Monthly,541.6,7,2024-03-04,,Active,
SUB-20448,CUST-10448,Growth,Monthly,3520.87,65,2024-03-04,2024-11-20,Churned,Competitor Alternative
SUB-20449,CUST-10449,Scale,Monthly,13977.87,265,2024-03-04,,Active,
SUB-20450,CUST-10450,Starter,Monthly,413.16,22,2024-03-04,2024-05-02,Churned,Price / Budget Cuts
SUB-20451,CUST-10451,Starter,Annual,121.72,11,2024-03-04,,Active,
SUB-20452,CUST-10452,Growth,Annual,932.59,42,2024-03-04,,Active,
SUB-20453,CUST-10453,Starter,Annual,502.98,16,2024-03-05,,Active,
SUB-20454,CUST-10454,Scale,Annual,17981.83,477,2024-03-05,,Active,
SUB-20455,CUST-10455,Growth,Monthly,1925.46,29,2024-03-05,,Active,
SUB-20456,CUST-10456,Scale,Annual,11563.8,364,2024-03-05,,Active,
SUB-20457,CUST-10457,Scale,Annual,1833.13,48,2024-03-05,,Active,
SUB-20458,CUST-10458,Enterprise Plus,Monthly,15002.23,489,2024-03-05,,Active,
SUB-20459,CUST-10459,Enterprise Plus,Annual,9761.55,295,2024-03-05,,Active,
SUB-20460,CUST-10460,Enterprise Plus,Annual,10777.53,218,2024-03-06,2024-06-18,Churned,Support / SLA Frustration
SUB-20461,CUST-10461,Growth,Monthly,384.87,18,2024-03-06,2025-02-20,Churned,Switched Tool
SUB-20462,CUST-10462,Starter,Monthly,148.34,5,2024-03-06,2025-02-21,Churned,Switched Tool
SUB-20463,CUST-10463,Starter,Monthly,587.8,22,2024-03-06,,Active,
SUB-20464,CUST-10464,Starter,Monthly,444.15,7,2024-03-06,2024-11-13,Churned,Price / Budget Cuts
SUB-20465,CUST-10465,Scale,Monthly,2395.36,94,2024-03-06,,Active,
SUB-20466,CUST-10466,Growth,Monthly,2376.76,33,2024-03-06,,Active,
SUB-20467,CUST-10467,Starter,Annual,496.19,18,2024-03-07,,Active,
SUB-20468,CUST-10468,Growth,Annual,2259.06,31,2024-03-07,,Active,
SUB-20469,CUST-10469,Starter,Monthly,726.3,7,2024-03-07,,Active,
SUB-20470,CUST-10470,Enterprise Plus,Annual,16953.43,350,2024-03-07,,Active,
SUB-20471,CUST-10471,Starter,Monthly,532.5,19,2024-03-07,2025-01-16,Churned,Support / SLA Frustration
SUB-20472,CUST-10472,Enterprise Plus,Annual,17345.82,123,2024-03-08,,Active,
SUB-20473,CUST-10473,Growth,Monthly,535.97,19,2024-03-08,,Active,
SUB-20474,CUST-10474,Starter,Annual,184.11,6,2024-03-08,,Active,
SUB-20475,CUST-10475,Starter,Annual,661.93,13,2024-03-08,,Active,
SUB-20476,CUST-10476,Enterprise Plus,Annual,8818.02,197,2024-03-08,,Active,
SUB-20477,CUST-10477,Starter,Monthly,489.35,10,2024-03-08,2024-04-28,Churned,Competitor Alternative
SUB-20478,CUST-10478,Growth,Annual,560.49,13,2024-03-09,,Active,
SUB-20479,CUST-10479,Growth,Monthly,592.52,13,2024-03-09,2024-07-07,Churned,Support / SLA Frustration
SUB-20480,CUST-10480,Starter,Monthly,410.24,6,2024-03-09,,Active,
SUB-20481,CUST-10481,Growth,Monthly,150.8,23,2024-03-10,,Active,
SUB-20482,CUST-10482,Growth,Annual,2977.52,91,2024-03-10,,Active,
SUB-20483,CUST-10483,Starter,Monthly,603.22,9,2024-03-10,,Active,
SUB-20484,CUST-10484,Starter,Annual,590.45,21,2024-03-10,,Active,
SUB-20485,CUST-10485,Starter,Monthly,606.09,11,2024-03-10,,Active,
SUB-20486,CUST-10486,Enterprise Plus,Annual,17079.27,320,2024-03-10,,Active,
SUB-20487,CUST-10487,Scale,Monthly,2527.97,89,2024-03-10,,Active,
SUB-20488,CUST-10488,Starter,Monthly,486.87,8,2024-03-11,2024-04-25,Churned,Low Adoption & License Waste
SUB-20489,CUST-10489,Growth,Monthly,560.52,24,2024-03-11,,Active,
SUB-20490,CUST-10490,Growth,Annual,1593.38,72,2024-03-11,,Active,
SUB-20491,CUST-10491,Growth,Monthly,406.4,20,2024-03-11,,Active,
SUB-20492,CUST-10492,Scale,Monthly,1603.92,70,2024-03-11,,Active,
SUB-20493,CUST-10493,Scale,Monthly,2762.84,91,2024-03-11,,Active,
SUB-20494,CUST-10494,Growth,Annual,3663.37,35,2024-03-11,2024-08-09,Churned,Competitor Alternative
SUB-20495,CUST-10495,Growth,Annual,2609.79,70,2024-03-12,,Active,
SUB-20496,CUST-10496,Starter,Monthly,696.51,12,2024-03-12,2024-12-12,Churned,Support / SLA Frustration
SUB-20497,CUST-10497,Enterprise Plus,Annual,13450.44,252,2024-03-12,,Active,
SUB-20498,CUST-10498,Starter,Monthly,268.29,14,2024-03-12,2024-12-26,Churned,Low Adoption & License Waste
SUB-20499,CUST-10499,Starter,Monthly,610.69,12,2024-03-12,,Active,
SUB-20500,CUST-10500,Growth,Annual,420.54,20,2024-03-12,,Active,
SUB-20501,CUST-10501,Starter,Monthly,526.12,23,2024-03-12,,Active,
SUB-20502,CUST-10502,Growth,Monthly,3744.15,77,2024-03-12,2024-08-13,Churned,Low Adoption & License Waste
SUB-20503,CUST-10503,Starter,Annual,355.92,16,2024-03-12,2025-01-25,Churned,Support / SLA Frustration
SUB-20504,CUST-10504,Growth,Monthly,724.84,10,2024-03-13,,Active,
SUB-20505,CUST-10505,Scale,Annual,2309.37,85,2024-03-13,,Active,
SUB-20506,CUST-10506,Starter,Annual,447.76,15,2024-03-13,,Active,
SUB-20507,CUST-10507,Growth,Monthly,154.84,16,2024-03-13,,Active,
SUB-20508,CUST-10508,Starter,Monthly,713.83,19,2024-03-13,,Active,
SUB-20509,CUST-10509,Starter,Annual,362.03,16,2024-03-14,,Active,
SUB-20510,CUST-10510,Growth,Monthly,569.9,13,2024-03-14,2024-06-17,Churned,Support / SLA Frustration
SUB-20511,CUST-10511,Scale,Annual,1371.5,37,2024-03-14,,Active,
SUB-20512,CUST-10512,Growth,Annual,624.95,9,2024-03-14,,Active,
SUB-20513,CUST-10513,Starter,Monthly,489.14,9,2024-03-15,2024-11-01,Churned,Competitor Alternative
SUB-20514,CUST-10514,Scale,Monthly,10266.44,334,2024-03-15,2025-02-18,Churned,Support / SLA Frustration
SUB-20515,CUST-10515,Enterprise Plus,Annual,7514.27,374,2024-03-15,,Active,
SUB-20516,CUST-10516,Scale,Annual,3188.13,89,2024-03-15,,Active,
SUB-20517,CUST-10517,Growth,Annual,311.47,22,2024-03-16,2024-06-13,Churned,Price / Budget Cuts
SUB-20518,CUST-10518,Starter,Annual,668.62,11,2024-03-16,,Active,
SUB-20519,CUST-10519,Growth,Annual,3360.0,50,2024-03-16,,Active,
SUB-20520,CUST-10520,Growth,Monthly,452.19,11,2024-03-16,,Active,
SUB-20521,CUST-10521,Growth,Monthly,2195.99,93,2024-03-16,,Active,
SUB-20522,CUST-10522,Starter,Monthly,382.54,20,2024-03-16,,Active,
SUB-20523,CUST-10523,Starter,Monthly,663.08,16,2024-03-16,2024-06-27,Churned,Support / SLA Frustration
SUB-20524,CUST-10524,Starter,Monthly,572.87,11,2024-03-16,2024-10-10,Churned,Support / SLA Frustration
SUB-20525,CUST-10525,Growth,Monthly,1273.82,79,2024-03-16,2024-10-06,Churned,Internal Restructuring
SUB-20526,CUST-10526,Growth,Annual,1082.78,64,2024-03-16,,Active,
SUB-20527,CUST-10527,Scale,Annual,1977.72,94,2024-03-17,,Active,
SUB-20528,CUST-10528,Enterprise Plus,Annual,17016.99,489,2024-03-17,,Active,
SUB-20529,CUST-10529,Growth,Monthly,726.42,21,2024-03-17,,Active,
SUB-20530,CUST-10530,Growth,Annual,721.17,20,2024-03-17,,Active,
SUB-20531,CUST-10531,Growth,Annual,266.52,24,2024-03-17,,Active,
SUB-20532,CUST-10532,Starter,Monthly,649.16,6,2024-03-17,2025-02-13,Churned,Competitor Alternative
SUB-20533,CUST-10533,Starter,Monthly,340.41,11,2024-03-17,,Active,
SUB-20534,CUST-10534,Starter,Annual,523.46,23,2024-03-17,2024-08-04,Churned,Support / SLA Frustration
SUB-20535,CUST-10535,Starter,Monthly,220.27,21,2024-03-18,2024-11-29,Churned,Support / SLA Frustration
SUB-20536,CUST-10536,Growth,Monthly,303.3,17,2024-03-18,,Active,
SUB-20537,CUST-10537,Scale,Annual,2727.21,78,2024-03-18,2024-05-25,Churned,Low Adoption & License Waste
SUB-20538,CUST-10538,Scale,Annual,3792.41,54,2024-03-18,,Active,
SUB-20539,CUST-10539,Enterprise Plus,Annual,11070.03,379,2024-03-18,,Active,
SUB-20540,CUST-10540,Starter,Annual,428.0,15,2024-03-18,,Active,
SUB-20541,CUST-10541,Starter,Monthly,263.31,13,2024-03-19,,Active,
SUB-20542,CUST-10542,Growth,Annual,1792.15,61,2024-03-19,2024-06-16,Churned,Support / SLA Frustration
SUB-20543,CUST-10543,Starter,Annual,610.91,17,2024-03-19,,Active,
SUB-20544,CUST-10544,Starter,Annual,665.31,8,2024-03-19,2024-10-28,Churned,Low Adoption & License Waste
SUB-20545,CUST-10545,Scale,Annual,1887.12,80,2024-03-19,,Active,
SUB-20546,CUST-10546,Enterprise Plus,Annual,9999.14,273,2024-03-19,,Active,
SUB-20547,CUST-10547,Growth,Monthly,276.02,8,2024-03-19,,Active,
SUB-20548,CUST-10548,Starter,Monthly,265.02,18,2024-03-19,,Active,
SUB-20549,CUST-10549,Starter,Monthly,513.78,10,2024-03-19,,Active,
SUB-20550,CUST-10550,Starter,Annual,199.36,21,2024-03-19,,Active,
SUB-20551,CUST-10551,Starter,Annual,366.37,10,2024-03-20,,Active,
SUB-20552,CUST-10552,Starter,Monthly,423.11,11,2024-03-20,2024-10-19,Churned,Competitor Alternative
SUB-20553,CUST-10553,Starter,Monthly,674.31,23,2024-03-20,,Active,
SUB-20554,CUST-10554,Starter,Monthly,577.7,23,2024-03-20,2025-03-07,Churned,Low Adoption & License Waste
SUB-20555,CUST-10555,Growth,Monthly,1058.42,72,2024-03-20,2025-02-21,Churned,Support / SLA Frustration
SUB-20556,CUST-10556,Enterprise Plus,Annual,16154.61,245,2024-03-20,,Active,
SUB-20557,CUST-10557,Enterprise Plus,Annual,10128.24,244,2024-03-20,,Active,
SUB-20558,CUST-10558,Starter,Monthly,213.3,17,2024-03-21,,Active,
SUB-20559,CUST-10559,Growth,Monthly,619.74,8,2024-03-21,2025-02-01,Churned,Support / SLA Frustration
SUB-20560,CUST-10560,Growth,Monthly,701.11,19,2024-03-21,,Active,
SUB-20561,CUST-10561,Scale,Annual,2590.02,86,2024-03-21,,Active,
SUB-20562,CUST-10562,Enterprise Plus,Annual,17178.65,117,2024-03-21,,Active,
SUB-20563,CUST-10563,Enterprise Plus,Annual,5949.16,119,2024-03-21,2024-11-18,Churned,Support / SLA Frustration
SUB-20564,CUST-10564,Scale,Annual,1210.63,82,2024-03-21,,Active,
SUB-20565,CUST-10565,Growth,Monthly,221.58,5,2024-03-21,2024-10-09,Churned,Price / Budget Cuts
SUB-20566,CUST-10566,Scale,Monthly,2787.31,85,2024-03-21,,Active,
SUB-20567,CUST-10567,Growth,Annual,3625.95,65,2024-03-21,,Active,
SUB-20568,CUST-10568,Starter,Monthly,706.9,16,2024-03-22,,Active,
SUB-20569,CUST-10569,Growth,Monthly,2874.37,55,2024-03-22,,Active,
SUB-20570,CUST-10570,Starter,Monthly,679.63,14,2024-03-22,,Active,
SUB-20571,CUST-10571,Growth,Monthly,639.33,19,2024-03-22,2024-11-16,Churned,Price / Budget Cuts
SUB-20572,CUST-10572,Scale,Annual,1232.52,88,2024-03-22,2024-09-11,Churned,Internal Restructuring
SUB-20573,CUST-10573,Starter,Annual,192.65,8,2024-03-22,,Active,
SUB-20574,CUST-10574,Growth,Monthly,248.41,21,2024-03-23,,Active,
SUB-20575,CUST-10575,Starter,Monthly,427.95,19,2024-03-23,,Active,
SUB-20576,CUST-10576,Enterprise Plus,Annual,15858.35,114,2024-03-23,,Active,
SUB-20577,CUST-10577,Growth,Monthly,392.46,17,2024-03-23,2024-09-17,Churned,Switched Tool
SUB-20578,CUST-10578,Growth,Annual,3756.78,42,2024-03-23,,Active,
SUB-20579,CUST-10579,Scale,Annual,2792.13,40,2024-03-24,,Active,
SUB-20580,CUST-10580,Growth,Monthly,1466.33,72,2024-03-24,,Active,
SUB-20581,CUST-10581,Starter,Monthly,507.53,15,2024-03-24,,Active,
SUB-20582,CUST-10582,Growth,Monthly,3298.24,38,2024-03-24,,Active,
SUB-20583,CUST-10583,Growth,Monthly,3742.18,96,2024-03-24,,Active,
SUB-20584,CUST-10584,Growth,Annual,696.12,22,2024-03-24,,Active,
SUB-20585,CUST-10585,Growth,Annual,2233.74,74,2024-03-24,,Active,
SUB-20586,CUST-10586,Scale,Annual,6406.6,276,2024-03-24,,Active,
SUB-20587,CUST-10587,Scale,Annual,5940.32,466,2024-03-25,,Active,
SUB-20588,CUST-10588,Enterprise Plus,Monthly,14484.73,142,2024-03-25,,Active,
SUB-20589,CUST-10589,Growth,Annual,3764.33,49,2024-03-25,,Active,
SUB-20590,CUST-10590,Enterprise Plus,Annual,16928.32,402,2024-03-25,,Active,
SUB-20591,CUST-10591,Starter,Monthly,501.4,6,2024-03-25,,Active,
SUB-20592,CUST-10592,Scale,Annual,1016.39,93,2024-03-25,,Active,
SUB-20593,CUST-10593,Growth,Monthly,3384.98,86,2024-03-26,2025-01-14,Churned,Competitor Alternative
SUB-20594,CUST-10594,Starter,Annual,671.6,22,2024-03-26,,Active,
SUB-20595,CUST-10595,Growth,Annual,1407.91,97,2024-03-26,,Active,
SUB-20596,CUST-10596,Starter,Annual,536.26,9,2024-03-26,2025-01-01,Churned,Support / SLA Frustration
SUB-20597,CUST-10597,Scale,Annual,916.68,62,2024-03-26,,Active,
SUB-20598,CUST-10598,Growth,Annual,2334.11,55,2024-03-27,,Active,
SUB-20599,CUST-10599,Enterprise Plus,Annual,17679.64,349,2024-03-27,2024-08-06,Churned,Support / SLA Frustration
SUB-20600,CUST-10600,Growth,Annual,2460.51,42,2024-03-27,,Active,
SUB-20601,CUST-10601,Growth,Annual,2785.5,66,2024-03-27,,Active,
SUB-20602,CUST-10602,Growth,Annual,3194.45,31,2024-03-28,,Active,
SUB-20603,CUST-10603,Enterprise Plus,Annual,17333.43,159,2024-03-28,,Active,
SUB-20604,CUST-10604,Enterprise Plus,Annual,12161.17,306,2024-03-28,,Active,
SUB-20605,CUST-10605,Growth,Monthly,2767.58,31,2024-03-28,2024-06-06,Churned,Support / SLA Frustration
SUB-20606,CUST-10606,Growth,Annual,2667.25,71,2024-03-29,,Active,
SUB-20607,CUST-10607,Growth,Annual,2442.05,63,2024-03-29,2024-10-24,Churned,Support / SLA Frustration
SUB-20608,CUST-10608,Starter,Monthly,153.51,23,2024-03-29,,Active,
SUB-20609,CUST-10609,Growth,Monthly,310.37,22,2024-03-29,,Active,
SUB-20610,CUST-10610,Enterprise Plus,Annual,7504.74,395,2024-03-29,,Active,
SUB-20611,CUST-10611,Growth,Annual,230.5,18,2024-03-29,,Active,
SUB-20612,CUST-10612,Growth,Monthly,299.29,13,2024-03-30,2024-06-06,Churned,Switched Tool
SUB-20613,CUST-10613,Enterprise Plus,Monthly,14913.51,335,2024-03-30,,Active,
SUB-20614,CUST-10614,Starter,Monthly,531.59,24,2024-03-30,,Active,
SUB-20615,CUST-10615,Starter,Monthly,632.26,11,2024-03-30,2024-09-28,Churned,Support / SLA Frustration
SUB-20616,CUST-10616,Enterprise Plus,Annual,14877.6,486,2024-03-30,,Active,
SUB-20617,CUST-10617,Growth,Monthly,2530.45,82,2024-03-30,,Active,
SUB-20618,CUST-10618,Growth,Monthly,634.02,11,2024-03-31,,Active,
SUB-20619,CUST-10619,Starter,Monthly,546.97,8,2024-03-31,2024-08-29,Churned,Competitor Alternative
SUB-20620,CUST-10620,Scale,Annual,3207.17,27,2024-03-31,,Active,
SUB-20621,CUST-10621,Scale,Monthly,3628.71,78,2024-04-01,,Active,
SUB-20622,CUST-10622,Scale,Monthly,2857.65,46,2024-04-01,2024-08-12,Churned,Leadership Transition
SUB-20623,CUST-10623,Scale,Monthly,2130.87,78,2024-04-01,,Active,
SUB-20624,CUST-10624,Growth,Monthly,719.98,11,2024-04-01,,Active,
SUB-20625,CUST-10625,Growth,Annual,1617.88,91,2024-04-01,,Active,
SUB-20626,CUST-10626,Growth,Monthly,2831.3,83,2024-04-02,,Active,
SUB-20627,CUST-10627,Starter,Monthly,402.45,12,2024-04-02,2024-06-09,Churned,Price / Budget Cuts
SUB-20628,CUST-10628,Enterprise Plus,Annual,10975.77,451,2024-04-02,2024-06-05,Churned,Support / SLA Frustration
SUB-20629,CUST-10629,Growth,Monthly,1548.66,82,2024-04-02,2024-12-01,Churned,Support / SLA Frustration
SUB-20630,CUST-10630,Starter,Annual,292.16,13,2024-04-02,,Active,
SUB-20631,CUST-10631,Growth,Annual,535.51,19,2024-04-02,,Active,
SUB-20632,CUST-10632,Starter,Monthly,232.25,16,2024-04-03,,Active,
SUB-20633,CUST-10633,Growth,Monthly,505.14,19,2024-04-03,,Active,
SUB-20634,CUST-10634,Enterprise Plus,Annual,16869.16,104,2024-04-03,2025-01-14,Churned,Support / SLA Frustration
SUB-20635,CUST-10635,Scale,Annual,2222.18,88,2024-04-03,2024-09-20,Churned,Low Adoption & License Waste
SUB-20636,CUST-10636,Growth,Monthly,712.46,13,2024-04-03,,Active,
SUB-20637,CUST-10637,Scale,Annual,1917.08,57,2024-04-03,2024-11-18,Churned,Low Adoption & License Waste
SUB-20638,CUST-10638,Scale,Annual,3260.77,80,2024-04-03,,Active,
SUB-20639,CUST-10639,Growth,Monthly,2166.06,59,2024-04-03,,Active,
SUB-20640,CUST-10640,Enterprise Plus,Annual,16455.89,385,2024-04-03,,Active,
SUB-20641,CUST-10641,Growth,Monthly,1011.21,27,2024-04-04,2024-09-28,Churned,Support / SLA Frustration
SUB-20642,CUST-10642,Growth,Annual,1582.81,98,2024-04-04,,Active,
SUB-20643,CUST-10643,Growth,Monthly,1708.58,49,2024-04-04,,Active,
SUB-20644,CUST-10644,Enterprise Plus,Annual,10895.03,307,2024-04-04,2024-07-09,Churned,Support / SLA Frustration
SUB-20645,CUST-10645,Starter,Monthly,176.93,20,2024-04-04,,Active,
SUB-20646,CUST-10646,Starter,Monthly,326.36,13,2024-04-04,,Active,
SUB-20647,CUST-10647,Starter,Monthly,433.11,24,2024-04-05,2024-11-18,Churned,Competitor Alternative
SUB-20648,CUST-10648,Starter,Annual,439.7,5,2024-04-05,2024-10-12,Churned,Low Adoption & License Waste
SUB-20649,CUST-10649,Scale,Monthly,3004.88,70,2024-04-05,,Active,
SUB-20650,CUST-10650,Enterprise Plus,Monthly,8252.97,411,2024-04-06,2025-02-22,Churned,Support / SLA Frustration
SUB-20651,CUST-10651,Starter,Monthly,641.52,24,2024-04-06,,Active,
SUB-20652,CUST-10652,Starter,Annual,437.32,19,2024-04-07,2024-12-03,Churned,Switched Tool
SUB-20653,CUST-10653,Growth,Annual,438.17,9,2024-04-07,,Active,
SUB-20654,CUST-10654,Scale,Annual,2832.72,44,2024-04-07,,Active,
SUB-20655,CUST-10655,Enterprise Plus,Monthly,7746.05,138,2024-04-07,,Active,
SUB-20656,CUST-10656,Growth,Annual,2760.96,49,2024-04-08,2025-03-06,Churned,Internal Restructuring
SUB-20657,CUST-10657,Scale,Annual,3386.27,86,2024-04-08,2024-07-02,Churned,Support / SLA Frustration
SUB-20658,CUST-10658,Growth,Monthly,344.4,12,2024-04-08,,Active,
SUB-20659,CUST-10659,Growth,Annual,317.83,7,2024-04-08,,Active,
SUB-20660,CUST-10660,Growth,Monthly,1512.37,26,2024-04-08,2025-02-18,Churned,Competitor Alternative
SUB-20661,CUST-10661,Growth,Annual,733.24,9,2024-04-08,,Active,
SUB-20662,CUST-10662,Starter,Monthly,157.59,14,2024-04-08,,Active,
SUB-20663,CUST-10663,Growth,Monthly,3023.81,30,2024-04-09,2024-07-11,Churned,Support / SLA Frustration
SUB-20664,CUST-10664,Scale,Annual,6071.5,282,2024-04-09,,Active,
SUB-20665,CUST-10665,Scale,Annual,3051.46,76,2024-04-09,2024-06-30,Churned,Support / SLA Frustration
SUB-20666,CUST-10666,Scale,Annual,3086.1,91,2024-04-09,2024-07-08,Churned,Support / SLA Frustration
SUB-20667,CUST-10667,Growth,Annual,3713.3,83,2024-04-09,,Active,
SUB-20668,CUST-10668,Growth,Monthly,2072.55,61,2024-04-09,2025-02-04,Churned,Low Adoption & License Waste
SUB-20669,CUST-10669,Growth,Annual,2856.81,83,2024-04-10,,Active,
SUB-20670,CUST-10670,Scale,Annual,3286.28,44,2024-04-10,,Active,
SUB-20671,CUST-10671,Starter,Monthly,406.34,8,2024-04-10,,Active,
SUB-20672,CUST-10672,Scale,Annual,14796.08,498,2024-04-10,,Active,
SUB-20673,CUST-10673,Growth,Monthly,591.13,22,2024-04-10,,Active,
SUB-20674,CUST-10674,Growth,Monthly,2049.58,94,2024-04-10,2024-07-01,Churned,Support / SLA Frustration
SUB-20675,CUST-10675,Starter,Monthly,583.48,24,2024-04-10,2025-01-22,Churned,Competitor Alternative
SUB-20676,CUST-10676,Enterprise Plus,Annual,12022.86,246,2024-04-11,,Active,
SUB-20677,CUST-10677,Growth,Annual,1543.83,66,2024-04-11,,Active,
SUB-20678,CUST-10678,Growth,Monthly,154.5,6,2024-04-11,,Active,
SUB-20679,CUST-10679,Starter,Monthly,179.78,12,2024-04-11,,Active,
SUB-20680,CUST-10680,Starter,Monthly,462.36,11,2024-04-11,,Active,
SUB-20681,CUST-10681,Scale,Monthly,1904.2,31,2024-04-11,2024-11-22,Churned,Competitor Alternative
SUB-20682,CUST-10682,Growth,Annual,2255.34,36,2024-04-11,,Active,
SUB-20683,CUST-10683,Starter,Annual,585.4,5,2024-04-12,,Active,
SUB-20684,CUST-10684,Starter,Annual,120.62,22,2024-04-12,,Active,
SUB-20685,CUST-10685,Starter,Annual,538.37,17,2024-04-12,2024-07-13,Churned,Support / SLA Frustration
SUB-20686,CUST-10686,Starter,Monthly,678.85,9,2024-04-12,2024-12-06,Churned,Support / SLA Frustration
SUB-20687,CUST-10687,Growth,Annual,3136.48,93,2024-04-13,,Active,
SUB-20688,CUST-10688,Growth,Monthly,741.68,18,2024-04-13,2025-02-24,Churned,Support / SLA Frustration
SUB-20689,CUST-10689,Scale,Monthly,920.27,72,2024-04-13,2025-01-04,Churned,Support / SLA Frustration
SUB-20690,CUST-10690,Scale,Monthly,3463.15,88,2024-04-13,,Active,
SUB-20691,CUST-10691,Scale,Annual,920.07,25,2024-04-13,,Active,
SUB-20692,CUST-10692,Starter,Monthly,404.28,13,2024-04-13,,Active,
SUB-20693,CUST-10693,Scale,Annual,3383.06,92,2024-04-13,2024-11-13,Churned,Leadership Transition
SUB-20694,CUST-10694,Enterprise Plus,Annual,14773.78,383,2024-04-13,,Active,
SUB-20695,CUST-10695,Starter,Annual,286.86,7,2024-04-13,2024-12-04,Churned,Support / SLA Frustration
SUB-20696,CUST-10696,Growth,Annual,2749.36,96,2024-04-13,2024-05-26,Churned,Low Adoption & License Waste
SUB-20697,CUST-10697,Starter,Monthly,614.0,19,2024-04-14,2024-07-01,Churned,Switched Tool
SUB-20698,CUST-10698,Growth,Annual,3354.2,92,2024-04-14,,Active,
SUB-20699,CUST-10699,Growth,Annual,3198.34,46,2024-04-14,,Active,
SUB-20700,CUST-10700,Starter,Monthly,445.97,18,2024-04-14,,Active,
SUB-20701,CUST-10701,Enterprise Plus,Annual,11293.12,216,2024-04-14,,Active,
SUB-20702,CUST-10702,Growth,Monthly,2202.18,37,2024-04-14,,Active,
SUB-20703,CUST-10703,Scale,Annual,10776.89,361,2024-04-14,,Active,
SUB-20704,CUST-10704,Enterprise Plus,Annual,11355.34,462,2024-04-15,,Active,
SUB-20705,CUST-10705,Starter,Monthly,494.13,19,2024-04-15,,Active,
SUB-20706,CUST-10706,Growth,Monthly,2700.8,88,2024-04-15,,Active,
SUB-20707,CUST-10707,Starter,Monthly,612.05,12,2024-04-15,,Active,
SUB-20708,CUST-10708,Growth,Monthly,1170.88,80,2024-04-15,,Active,
SUB-20709,CUST-10709,Starter,Annual,538.41,6,2024-04-15,,Active,
SUB-20710,CUST-10710,Growth,Monthly,514.57,21,2024-04-15,2024-07-27,Churned,Support / SLA Frustration
SUB-20711,CUST-10711,Growth,Monthly,655.13,8,2024-04-16,2025-03-01,Churned,Support / SLA Frustration
SUB-20712,CUST-10712,Growth,Monthly,2970.28,27,2024-04-16,,Active,
SUB-20713,CUST-10713,Growth,Monthly,1936.37,83,2024-04-16,,Active,
SUB-20714,CUST-10714,Scale,Annual,1323.19,72,2024-04-16,,Active,
SUB-20715,CUST-10715,Starter,Annual,325.62,11,2024-04-16,,Active,
SUB-20716,CUST-10716,Starter,Monthly,601.1,16,2024-04-16,2024-08-03,Churned,Support / SLA Frustration
SUB-20717,CUST-10717,Growth,Annual,394.44,17,2024-04-16,2025-04-05,Churned,Low Adoption & License Waste
SUB-20718,CUST-10718,Enterprise Plus,Annual,14341.03,360,2024-04-16,,Active,
SUB-20719,CUST-10719,Starter,Monthly,576.61,24,2024-04-16,2025-01-16,Churned,Competitor Alternative
SUB-20720,CUST-10720,Starter,Monthly,444.33,22,2024-04-16,,Active,
SUB-20721,CUST-10721,Scale,Monthly,2676.25,30,2024-04-16,2024-06-01,Churned,Competitor Alternative
SUB-20722,CUST-10722,Enterprise Plus,Annual,14970.17,149,2024-04-17,,Active,
SUB-20723,CUST-10723,Starter,Monthly,598.97,9,2024-04-17,,Active,
SUB-20724,CUST-10724,Starter,Monthly,125.67,17,2024-04-17,,Active,
SUB-20725,CUST-10725,Starter,Monthly,703.13,24,2024-04-17,,Active,
SUB-20726,CUST-10726,Scale,Annual,9272.97,460,2024-04-17,,Active,
SUB-20727,CUST-10727,Growth,Annual,376.5,11,2024-04-17,,Active,
SUB-20728,CUST-10728,Scale,Annual,2885.31,70,2024-04-17,,Active,
SUB-20729,CUST-10729,Scale,Monthly,2140.33,79,2024-04-17,,Active,
SUB-20730,CUST-10730,Scale,Monthly,1097.59,47,2024-04-17,,Active,
SUB-20731,CUST-10731,Starter,Monthly,226.64,14,2024-04-17,,Active,
SUB-20732,CUST-10732,Starter,Monthly,539.45,6,2024-04-18,,Active,
SUB-20733,CUST-10733,Growth,Monthly,509.28,22,2024-04-18,,Active,
SUB-20734,CUST-10734,Growth,Monthly,1245.53,55,2024-04-18,2025-02-24,Churned,Low Adoption & License Waste
SUB-20735,CUST-10735,Starter,Monthly,309.95,17,2024-04-19,2025-03-06,Churned,Support / SLA Frustration
SUB-20736,CUST-10736,Growth,Monthly,2738.26,41,2024-04-19,2024-08-11,Churned,Competitor Alternative
SUB-20737,CUST-10737,Starter,Monthly,363.48,15,2024-04-19,,Active,
SUB-20738,CUST-10738,Scale,Annual,1752.54,60,2024-04-19,,Active,
SUB-20739,CUST-10739,Growth,Annual,1080.03,47,2024-04-19,,Active,
SUB-20740,CUST-10740,Growth,Monthly,2610.21,84,2024-04-19,2024-07-01,Churned,Support / SLA Frustration
SUB-20741,CUST-10741,Growth,Annual,3262.16,71,2024-04-20,,Active,
SUB-20742,CUST-10742,Starter,Monthly,459.36,21,2024-04-20,,Active,
SUB-20743,CUST-10743,Starter,Monthly,571.73,24,2024-04-20,2025-01-17,Churned,Competitor Alternative
SUB-20744,CUST-10744,Scale,Annual,2957.78,82,2024-04-20,2024-08-28,Churned,Support / SLA Frustration
SUB-20745,CUST-10745,Growth,Monthly,689.35,6,2024-04-20,,Active,
SUB-20746,CUST-10746,Growth,Monthly,1631.88,29,2024-04-21,2024-10-10,Churned,Internal Restructuring
SUB-20747,CUST-10747,Starter,Monthly,199.74,18,2024-04-21,,Active,
SUB-20748,CUST-10748,Starter,Annual,341.04,6,2024-04-21,,Active,
SUB-20749,CUST-10749,Growth,Monthly,596.01,9,2024-04-21,2024-11-25,Churned,Switched Tool
SUB-20750,CUST-10750,Enterprise Plus,Annual,8297.26,306,2024-04-21,,Active,
SUB-20751,CUST-10751,Growth,Annual,306.92,23,2024-04-21,,Active,
SUB-20752,CUST-10752,Starter,Monthly,744.58,15,2024-04-22,,Active,
SUB-20753,CUST-10753,Growth,Monthly,1362.0,43,2024-04-22,,Active,
SUB-20754,CUST-10754,Enterprise Plus,Annual,7220.76,360,2024-04-22,,Active,
SUB-20755,CUST-10755,Growth,Annual,294.5,9,2024-04-22,,Active,
SUB-20756,CUST-10756,Starter,Monthly,569.64,18,2024-04-22,,Active,
SUB-20757,CUST-10757,Starter,Annual,260.68,10,2024-04-22,,Active,
SUB-20758,CUST-10758,Starter,Monthly,167.36,20,2024-04-23,,Active,
SUB-20759,CUST-10759,Growth,Monthly,176.51,22,2024-04-23,2024-06-23,Churned,Price / Budget Cuts
SUB-20760,CUST-10760,Scale,Annual,2943.46,88,2024-04-23,,Active,
SUB-20761,CUST-10761,Growth,Annual,2287.82,63,2024-04-23,,Active,
SUB-20762,CUST-10762,Growth,Monthly,3057.26,43,2024-04-23,,Active,
SUB-20763,CUST-10763,Starter,Monthly,208.3,12,2024-04-23,,Active,
SUB-20764,CUST-10764,Enterprise Plus,Annual,7429.47,149,2024-04-23,,Active,
SUB-20765,CUST-10765,Starter,Monthly,330.68,17,2024-04-23,2025-03-28,Churned,Support / SLA Frustration
SUB-20766,CUST-10766,Starter,Annual,464.15,6,2024-04-23,,Active,
SUB-20767,CUST-10767,Growth,Annual,544.57,12,2024-04-23,,Active,
SUB-20768,CUST-10768,Growth,Monthly,2348.44,79,2024-04-23,,Active,
SUB-20769,CUST-10769,Starter,Monthly,599.25,17,2024-04-24,,Active,
SUB-20770,CUST-10770,Enterprise Plus,Annual,17312.67,250,2024-04-24,,Active,
SUB-20771,CUST-10771,Starter,Annual,346.05,13,2024-04-24,,Active,
SUB-20772,CUST-10772,Enterprise Plus,Annual,14369.4,107,2024-04-24,,Active,
SUB-20773,CUST-10773,Growth,Monthly,1550.51,27,2024-04-24,,Active,
SUB-20774,CUST-10774,Starter,Monthly,406.31,14,2024-04-24,,Active,
SUB-20775,CUST-10775,Enterprise Plus,Annual,14650.51,161,2024-04-24,2025-03-08,Churned,Support / SLA Frustration
SUB-20776,CUST-10776,Growth,Monthly,3302.27,84,2024-04-24,2024-12-12,Churned,Leadership Transition
SUB-20777,CUST-10777,Growth,Monthly,197.05,9,2024-04-25,,Active,
SUB-20778,CUST-10778,Growth,Monthly,719.48,6,2024-04-25,2024-09-29,Churned,Support / SLA Frustration
SUB-20779,CUST-10779,Starter,Monthly,567.71,17,2024-04-25,2024-07-19,Churned,Support / SLA Frustration
SUB-20780,CUST-10780,Growth,Monthly,233.04,9,2024-04-25,,Active,
SUB-20781,CUST-10781,Starter,Monthly,177.8,11,2024-04-25,,Active,
SUB-20782,CUST-10782,Scale,Monthly,3334.86,43,2024-04-25,2024-11-07,Churned,Support / SLA Frustration
SUB-20783,CUST-10783,Growth,Annual,3715.86,66,2024-04-25,,Active,
SUB-20784,CUST-10784,Growth,Monthly,2046.05,92,2024-04-25,,Active,
SUB-20785,CUST-10785,Starter,Monthly,438.12,22,2024-04-25,,Active,
SUB-20786,CUST-10786,Growth,Monthly,259.72,13,2024-04-25,2025-01-22,Churned,Support / SLA Frustration
SUB-20787,CUST-10787,Scale,Monthly,3165.18,58,2024-04-26,,Active,
SUB-20788,CUST-10788,Growth,Annual,2938.47,88,2024-04-26,,Active,
SUB-20789,CUST-10789,Starter,Monthly,334.38,8,2024-04-27,2025-01-31,Churned,Competitor Alternative
SUB-20790,CUST-10790,Scale,Annual,3222.01,78,2024-04-27,,Active,
SUB-20791,CUST-10791,Growth,Monthly,512.72,22,2024-04-27,,Active,
SUB-20792,CUST-10792,Starter,Monthly,606.53,10,2024-04-27,2024-08-29,Churned,Competitor Alternative
SUB-20793,CUST-10793,Growth,Monthly,643.65,11,2024-04-27,,Active,
SUB-20794,CUST-10794,Enterprise Plus,Annual,14477.05,285,2024-04-27,2025-04-10,Churned,Support / SLA Frustration
SUB-20795,CUST-10795,Starter,Monthly,222.05,8,2024-04-27,,Active,
SUB-20796,CUST-10796,Starter,Monthly,654.64,5,2024-04-27,,Active,
SUB-20797,CUST-10797,Starter,Monthly,584.76,8,2024-04-27,,Active,
SUB-20798,CUST-10798,Starter,Annual,371.4,9,2024-04-28,,Active,
SUB-20799,CUST-10799,Starter,Monthly,504.94,6,2024-04-28,,Active,
SUB-20800,CUST-10800,Starter,Monthly,708.78,10,2024-04-28,,Active,
SUB-20801,CUST-10801,Scale,Monthly,1542.35,92,2024-04-28,,Active,
SUB-20802,CUST-10802,Starter,Monthly,211.89,10,2024-04-29,,Active,
SUB-20803,CUST-10803,Starter,Monthly,434.81,12,2024-04-29,,Active,
SUB-20804,CUST-10804,Scale,Annual,913.37,73,2024-04-29,,Active,
SUB-20805,CUST-10805,Starter,Monthly,179.31,9,2024-04-29,,Active,
SUB-20806,CUST-10806,Starter,Monthly,392.48,5,2024-04-29,2024-05-31,Churned,Switched Tool
SUB-20807,CUST-10807,Starter,Annual,490.99,8,2024-04-29,,Active,
SUB-20808,CUST-10808,Growth,Annual,3231.24,49,2024-04-29,2024-10-12,Churned,Low Adoption & License Waste
SUB-20809,CUST-10809,Enterprise Plus,Annual,10350.24,417,2024-04-29,,Active,
SUB-20810,CUST-10810,Starter,Monthly,437.51,24,2024-04-30,2024-06-11,Churned,Switched Tool
SUB-20811,CUST-10811,Starter,Monthly,232.62,14,2024-04-30,,Active,
SUB-20812,CUST-10812,Enterprise Plus,Annual,17563.47,138,2024-04-30,,Active,
SUB-20813,CUST-10813,Growth,Monthly,166.46,22,2024-04-30,2024-08-07,Churned,Low Adoption & License Waste
SUB-20814,CUST-10814,Starter,Annual,205.56,18,2024-04-30,,Active,
SUB-20815,CUST-10815,Growth,Annual,411.03,8,2024-04-30,,Active,
SUB-20816,CUST-10816,Growth,Annual,271.1,8,2024-04-30,,Active,
SUB-20817,CUST-10817,Growth,Monthly,2382.16,29,2024-05-01,,Active,
SUB-20818,CUST-10818,Enterprise Plus,Annual,6284.11,129,2024-05-01,,Active,
SUB-20819,CUST-10819,Growth,Monthly,2615.87,65,2024-05-01,2024-07-10,Churned,Support / SLA Frustration
SUB-20820,CUST-10820,Starter,Monthly,728.51,9,2024-05-01,,Active,
SUB-20821,CUST-10821,Enterprise Plus,Annual,6164.5,286,2024-05-01,2025-03-30,Churned,Internal Restructuring
SUB-20822,CUST-10822,Scale,Annual,3403.82,44,2024-05-01,,Active,
SUB-20823,CUST-10823,Growth,Monthly,3570.0,61,2024-05-01,,Active,
SUB-20824,CUST-10824,Starter,Annual,279.53,10,2024-05-02,2025-04-01,Churned,Support / SLA Frustration
SUB-20825,CUST-10825,Starter,Monthly,322.31,24,2024-05-02,,Active,
SUB-20826,CUST-10826,Scale,Annual,3765.36,36,2024-05-02,,Active,
SUB-20827,CUST-10827,Growth,Monthly,1061.18,78,2024-05-02,2025-03-30,Churned,Competitor Alternative
SUB-20828,CUST-10828,Starter,Annual,220.6,23,2024-05-02,,Active,
SUB-20829,CUST-10829,Scale,Monthly,2510.93,46,2024-05-02,2024-07-19,Churned,Low Adoption & License Waste
SUB-20830,CUST-10830,Scale,Annual,1321.71,76,2024-05-02,,Active,
SUB-20831,CUST-10831,Growth,Annual,3271.33,74,2024-05-02,,Active,
SUB-20832,CUST-10832,Enterprise Plus,Annual,9849.79,376,2024-05-02,,Active,
SUB-20833,CUST-10833,Scale,Annual,3710.88,96,2024-05-03,2024-09-26,Churned,Support / SLA Frustration
SUB-20834,CUST-10834,Growth,Monthly,2475.48,63,2024-05-03,,Active,
SUB-20835,CUST-10835,Growth,Monthly,3511.68,83,2024-05-03,,Active,
SUB-20836,CUST-10836,Growth,Annual,345.82,9,2024-05-03,,Active,
SUB-20837,CUST-10837,Growth,Monthly,1957.87,67,2024-05-03,,Active,
SUB-20838,CUST-10838,Starter,Monthly,180.1,22,2024-05-03,,Active,
SUB-20839,CUST-10839,Starter,Annual,640.88,24,2024-05-03,,Active,
SUB-20840,CUST-10840,Enterprise Plus,Annual,7560.32,488,2024-05-04,,Active,
SUB-20841,CUST-10841,Growth,Monthly,269.22,5,2024-05-04,,Active,
SUB-20842,CUST-10842,Growth,Monthly,963.31,99,2024-05-04,,Active,
SUB-20843,CUST-10843,Starter,Monthly,217.69,15,2024-05-04,2024-09-15,Churned,Competitor Alternative
SUB-20844,CUST-10844,Scale,Annual,12396.43,134,2024-05-04,,Active,
SUB-20845,CUST-10845,Scale,Annual,3572.62,93,2024-05-04,,Active,
SUB-20846,CUST-10846,Enterprise Plus,Annual,6132.93,495,2024-05-04,,Active,
SUB-20847,CUST-10847,Starter,Annual,604.89,10,2024-05-04,,Active,
SUB-20848,CUST-10848,Growth,Monthly,614.09,10,2024-05-04,,Active,
SUB-20849,CUST-10849,Starter,Monthly,429.5,8,2024-05-05,,Active,
SUB-20850,CUST-10850,Enterprise Plus,Annual,11678.07,427,2024-05-05,,Active,
SUB-20851,CUST-10851,Starter,Annual,537.77,20,2024-05-06,,Active,
SUB-20852,CUST-10852,Growth,Monthly,1326.12,50,2024-05-06,,Active,
SUB-20853,CUST-10853,Growth,Monthly,482.45,19,2024-05-06,2024-09-02,Churned,Price / Budget Cuts
SUB-20854,CUST-10854,Scale,Monthly,2320.67,67,2024-05-07,,Active,
SUB-20855,CUST-10855,Growth,Annual,2126.13,84,2024-05-07,,Active,
SUB-20856,CUST-10856,Enterprise Plus,Monthly,5194.8,310,2024-05-07,2024-06-28,Churned,Competitor Alternative
SUB-20857,CUST-10857,Growth,Annual,3510.63,62,2024-05-07,,Active,
SUB-20858,CUST-10858,Growth,Annual,382.6,18,2024-05-07,,Active,
SUB-20859,CUST-10859,Scale,Annual,5371.4,360,2024-05-07,,Active,
SUB-20860,CUST-10860,Growth,Monthly,734.01,21,2024-05-07,2024-08-01,Churned,Competitor Alternative
SUB-20861,CUST-10861,Scale,Monthly,2402.93,55,2024-05-07,,Active,
SUB-20862,CUST-10862,Growth,Annual,155.42,23,2024-05-07,,Active,
SUB-20863,CUST-10863,Growth,Monthly,3013.67,49,2024-05-07,,Active,
SUB-20864,CUST-10864,Scale,Monthly,1611.55,82,2024-05-08,2024-12-10,Churned,Internal Restructuring
SUB-20865,CUST-10865,Growth,Annual,146.41,9,2024-05-08,2025-03-08,Churned,Support / SLA Frustration
SUB-20866,CUST-10866,Growth,Annual,3005.42,53,2024-05-08,2024-07-09,Churned,Leadership Transition
SUB-20867,CUST-10867,Scale,Annual,2214.37,72,2024-05-08,,Active,
SUB-20868,CUST-10868,Growth,Monthly,355.32,22,2024-05-09,2025-01-22,Churned,Low Adoption & License Waste
SUB-20869,CUST-10869,Starter,Annual,400.38,20,2024-05-09,,Active,
SUB-20870,CUST-10870,Growth,Monthly,2623.95,94,2024-05-09,,Active,
SUB-20871,CUST-10871,Growth,Annual,2177.4,51,2024-05-09,2024-10-10,Churned,Support / SLA Frustration
SUB-20872,CUST-10872,Growth,Monthly,598.12,21,2024-05-09,,Active,
SUB-20873,CUST-10873,Scale,Annual,3755.62,41,2024-05-09,,Active,
SUB-20874,CUST-10874,Enterprise Plus,Annual,15528.16,290,2024-05-10,,Active,
SUB-20875,CUST-10875,Scale,Monthly,3023.65,83,2024-05-10,,Active,
SUB-20876,CUST-10876,Starter,Annual,733.81,18,2024-05-10,,Active,
SUB-20877,CUST-10877,Starter,Monthly,147.97,12,2024-05-10,,Active,
SUB-20878,CUST-10878,Enterprise Plus,Annual,6837.35,303,2024-05-10,,Active,
SUB-20879,CUST-10879,Growth,Annual,2603.43,92,2024-05-10,,Active,
SUB-20880,CUST-10880,Growth,Monthly,3589.09,31,2024-05-11,2024-08-07,Churned,Low Adoption & License Waste
SUB-20881,CUST-10881,Starter,Monthly,490.5,13,2024-05-11,2024-09-29,Churned,Support / SLA Frustration
SUB-20882,CUST-10882,Enterprise Plus,Annual,4528.1,487,2024-05-11,2024-11-08,Churned,Support / SLA Frustration
SUB-20883,CUST-10883,Scale,Monthly,5971.7,195,2024-05-11,2025-03-27,Churned,Low Adoption & License Waste
SUB-20884,CUST-10884,Starter,Monthly,122.9,17,2024-05-11,,Active,
SUB-20885,CUST-10885,Scale,Monthly,1951.93,96,2024-05-11,,Active,
SUB-20886,CUST-10886,Growth,Monthly,481.2,24,2024-05-12,,Active,
SUB-20887,CUST-10887,Scale,Annual,3357.32,47,2024-05-12,2025-04-29,Churned,Support / SLA Frustration
SUB-20888,CUST-10888,Enterprise Plus,Annual,7323.99,362,2024-05-12,,Active,
SUB-20889,CUST-10889,Growth,Annual,2068.44,52,2024-05-12,,Active,
SUB-20890,CUST-10890,Growth,Monthly,364.42,23,2024-05-13,,Active,
SUB-20891,CUST-10891,Starter,Monthly,728.99,12,2024-05-13,2025-04-14,Churned,Support / SLA Frustration
SUB-20892,CUST-10892,Starter,Monthly,287.78,16,2024-05-13,,Active,
SUB-20893,CUST-10893,Scale,Annual,3619.15,93,2024-05-13,,Active,
SUB-20894,CUST-10894,Starter,Monthly,525.28,15,2024-05-13,,Active,
SUB-20895,CUST-10895,Growth,Monthly,3082.7,57,2024-05-13,,Active,
SUB-20896,CUST-10896,Scale,Annual,2336.37,94,2024-05-13,,Active,
SUB-20897,CUST-10897,Growth,Monthly,454.76,18,2024-05-13,2024-11-24,Churned,Switched Tool
SUB-20898,CUST-10898,Enterprise Plus,Annual,11323.46,340,2024-05-14,,Active,
SUB-20899,CUST-10899,Scale,Annual,7298.42,239,2024-05-14,,Active,
SUB-20900,CUST-10900,Growth,Annual,1700.93,90,2024-05-14,,Active,
SUB-20901,CUST-10901,Scale,Annual,17363.13,350,2024-05-14,,Active,
SUB-20902,CUST-10902,Scale,Annual,957.8,73,2024-05-14,,Active,
SUB-20903,CUST-10903,Starter,Annual,411.16,23,2024-05-14,,Active,
SUB-20904,CUST-10904,Growth,Annual,2237.2,85,2024-05-14,,Active,
SUB-20905,CUST-10905,Growth,Monthly,350.24,6,2024-05-14,,Active,
SUB-20906,CUST-10906,Starter,Monthly,562.73,24,2024-05-14,,Active,
SUB-20907,CUST-10907,Growth,Monthly,2463.65,36,2024-05-14,,Active,
SUB-20908,CUST-10908,Growth,Annual,3657.17,52,2024-05-14,,Active,
SUB-20909,CUST-10909,Scale,Annual,1603.16,39,2024-05-14,,Active,
SUB-20910,CUST-10910,Starter,Monthly,133.81,13,2024-05-15,,Active,
SUB-20911,CUST-10911,Scale,Monthly,3103.38,33,2024-05-15,,Active,
SUB-20912,CUST-10912,Starter,Monthly,683.28,8,2024-05-15,,Active,
SUB-20913,CUST-10913,Growth,Monthly,2390.72,87,2024-05-15,,Active,
SUB-20914,CUST-10914,Starter,Monthly,619.01,15,2024-05-15,2025-03-14,Churned,Price / Budget Cuts
SUB-20915,CUST-10915,Growth,Annual,3084.82,97,2024-05-16,2024-10-18,Churned,Low Adoption & License Waste
SUB-20916,CUST-10916,Scale,Monthly,2398.94,42,2024-05-16,,Active,
SUB-20917,CUST-10917,Starter,Monthly,430.66,20,2024-05-16,2025-04-13,Churned,Support / SLA Frustration
SUB-20918,CUST-10918,Starter,Monthly,441.5,13,2024-05-16,,Active,
SUB-20919,CUST-10919,Scale,Annual,16283.76,116,2024-05-16,,Active,
SUB-20920,CUST-10920,Growth,Monthly,496.63,11,2024-05-17,,Active,
SUB-20921,CUST-10921,Growth,Annual,1045.31,60,2024-05-17,,Active,
SUB-20922,CUST-10922,Starter,Monthly,354.32,8,2024-05-17,,Active,
SUB-20923,CUST-10923,Starter,Monthly,557.93,14,2024-05-17,,Active,
SUB-20924,CUST-10924,Scale,Monthly,3486.03,40,2024-05-17,,Active,
SUB-20925,CUST-10925,Enterprise Plus,Annual,17203.49,212,2024-05-17,,Active,
SUB-20926,CUST-10926,Scale,Monthly,1321.92,98,2024-05-17,,Active,
SUB-20927,CUST-10927,Starter,Annual,399.83,24,2024-05-18,,Active,
SUB-20928,CUST-10928,Starter,Monthly,557.49,24,2024-05-18,,Active,
SUB-20929,CUST-10929,Scale,Annual,1778.67,32,2024-05-18,,Active,
SUB-20930,CUST-10930,Enterprise Plus,Annual,7974.97,455,2024-05-18,,Active,
SUB-20931,CUST-10931,Starter,Monthly,370.47,6,2024-05-18,2025-03-28,Churned,Low Adoption & License Waste
SUB-20932,CUST-10932,Starter,Monthly,684.29,11,2024-05-18,,Active,
SUB-20933,CUST-10933,Starter,Monthly,598.14,20,2024-05-18,2024-08-04,Churned,Low Adoption & License Waste
SUB-20934,CUST-10934,Scale,Monthly,2082.06,86,2024-05-18,,Active,
SUB-20935,CUST-10935,Growth,Annual,1778.46,41,2024-05-18,,Active,
SUB-20936,CUST-10936,Scale,Annual,5352.9,455,2024-05-18,,Active,
SUB-20937,CUST-10937,Growth,Monthly,649.51,8,2024-05-18,,Active,
SUB-20938,CUST-10938,Enterprise Plus,Annual,5406.73,156,2024-05-18,,Active,
SUB-20939,CUST-10939,Starter,Annual,314.85,6,2024-05-19,,Active,
SUB-20940,CUST-10940,Growth,Annual,3783.67,42,2024-05-19,2024-10-13,Churned,Competitor Alternative
SUB-20941,CUST-10941,Starter,Monthly,661.4,12,2024-05-19,,Active,
SUB-20942,CUST-10942,Growth,Monthly,244.12,11,2024-05-19,2024-08-22,Churned,Support / SLA Frustration
SUB-20943,CUST-10943,Starter,Monthly,543.92,9,2024-05-20,2024-07-03,Churned,Support / SLA Frustration
SUB-20944,CUST-10944,Scale,Annual,2222.02,66,2024-05-20,,Active,
SUB-20945,CUST-10945,Enterprise Plus,Annual,15785.26,388,2024-05-20,,Active,
SUB-20946,CUST-10946,Scale,Monthly,13474.76,280,2024-05-20,,Active,
SUB-20947,CUST-10947,Starter,Monthly,223.81,13,2024-05-20,,Active,
SUB-20948,CUST-10948,Starter,Monthly,241.2,21,2024-05-21,,Active,
SUB-20949,CUST-10949,Starter,Monthly,606.57,17,2024-05-21,,Active,
SUB-20950,CUST-10950,Starter,Monthly,312.65,16,2024-05-21,,Active,
SUB-20951,CUST-10951,Starter,Monthly,485.27,7,2024-05-21,2024-10-19,Churned,Price / Budget Cuts
SUB-20952,CUST-10952,Growth,Annual,2031.91,63,2024-05-21,,Active,
SUB-20953,CUST-10953,Starter,Monthly,239.18,23,2024-05-22,2024-11-17,Churned,Switched Tool
SUB-20954,CUST-10954,Growth,Annual,2887.02,85,2024-05-22,,Active,
SUB-20955,CUST-10955,Growth,Monthly,3462.83,82,2024-05-22,2024-12-25,Churned,Support / SLA Frustration
SUB-20956,CUST-10956,Starter,Monthly,607.92,18,2024-05-22,2025-03-18,Churned,Low Adoption & License Waste
SUB-20957,CUST-10957,Enterprise Plus,Monthly,10320.02,126,2024-05-22,2025-03-23,Churned,Support / SLA Frustration
SUB-20958,CUST-10958,Growth,Annual,1753.33,69,2024-05-23,,Active,
SUB-20959,CUST-10959,Starter,Monthly,637.85,13,2024-05-23,2025-01-03,Churned,Price / Budget Cuts
SUB-20960,CUST-10960,Enterprise Plus,Annual,15841.53,431,2024-05-23,,Active,
SUB-20961,CUST-10961,Starter,Monthly,312.21,21,2024-05-23,,Active,
SUB-20962,CUST-10962,Scale,Annual,2618.51,35,2024-05-23,,Active,
SUB-20963,CUST-10963,Growth,Monthly,1360.63,96,2024-05-24,,Active,
SUB-20964,CUST-10964,Scale,Monthly,1420.78,41,2024-05-24,2025-01-04,Churned,Low Adoption & License Waste
SUB-20965,CUST-10965,Growth,Monthly,2767.87,38,2024-05-24,,Active,
SUB-20966,CUST-10966,Growth,Monthly,205.05,13,2024-05-24,,Active,
SUB-20967,CUST-10967,Growth,Annual,1976.87,88,2024-05-25,2025-05-19,Churned,Support / SLA Frustration
SUB-20968,CUST-10968,Growth,Monthly,576.48,16,2024-05-25,,Active,
SUB-20969,CUST-10969,Growth,Monthly,2882.15,71,2024-05-25,2024-08-29,Churned,Leadership Transition
SUB-20970,CUST-10970,Starter,Monthly,362.26,22,2024-05-25,,Active,
SUB-20971,CUST-10971,Starter,Monthly,335.64,7,2024-05-25,2024-12-25,Churned,Low Adoption & License Waste
SUB-20972,CUST-10972,Starter,Monthly,633.76,13,2024-05-25,2024-07-21,Churned,Price / Budget Cuts
SUB-20973,CUST-10973,Scale,Annual,1507.41,54,2024-05-25,,Active,
SUB-20974,CUST-10974,Enterprise Plus,Annual,12305.79,495,2024-05-26,,Active,
SUB-20975,CUST-10975,Scale,Monthly,1242.01,29,2024-05-26,,Active,
SUB-20976,CUST-10976,Starter,Annual,451.3,15,2024-05-26,,Active,
SUB-20977,CUST-10977,Enterprise Plus,Annual,17612.95,451,2024-05-26,2024-11-16,Churned,Support / SLA Frustration
SUB-20978,CUST-10978,Growth,Annual,1641.89,38,2024-05-26,2024-06-28,Churned,Support / SLA Frustration
SUB-20979,CUST-10979,Starter,Monthly,263.16,19,2024-05-26,,Active,
SUB-20980,CUST-10980,Scale,Annual,2047.7,91,2024-05-26,,Active,
SUB-20981,CUST-10981,Starter,Monthly,279.82,9,2024-05-26,,Active,
SUB-20982,CUST-10982,Scale,Annual,5669.87,216,2024-05-27,2025-04-20,Churned,Support / SLA Frustration
SUB-20983,CUST-10983,Scale,Annual,5030.33,223,2024-05-27,,Active,
SUB-20984,CUST-10984,Starter,Monthly,297.83,10,2024-05-27,,Active,
SUB-20985,CUST-10985,Scale,Monthly,1909.32,27,2024-05-27,,Active,
SUB-20986,CUST-10986,Starter,Monthly,467.99,20,2024-05-27,,Active,
SUB-20987,CUST-10987,Scale,Monthly,3468.89,84,2024-05-27,,Active,
SUB-20988,CUST-10988,Growth,Annual,2370.38,62,2024-05-28,,Active,
SUB-20989,CUST-10989,Starter,Annual,533.04,14,2024-05-28,,Active,
SUB-20990,CUST-10990,Starter,Annual,393.67,9,2024-05-28,,Active,
SUB-20991,CUST-10991,Growth,Monthly,261.74,5,2024-05-28,,Active,
SUB-20992,CUST-10992,Scale,Annual,3769.79,65,2024-05-28,,Active,
SUB-20993,CUST-10993,Starter,Monthly,293.39,21,2024-05-29,,Active,
SUB-20994,CUST-10994,Growth,Monthly,2654.92,88,2024-05-29,2024-09-21,Churned,Support / SLA Frustration
SUB-20995,CUST-10995,Scale,Annual,14456.08,362,2024-05-29,,Active,
SUB-20996,CUST-10996,Starter,Monthly,285.97,17,2024-05-29,2024-11-07,Churned,Competitor Alternative
SUB-20997,CUST-10997,Enterprise Plus,Annual,7299.6,263,2024-05-29,,Active,
SUB-20998,CUST-10998,Starter,Monthly,217.34,23,2024-05-29,,Active,
SUB-20999,CUST-10999,Growth,Annual,1570.83,72,2024-05-29,,Active,
SUB-21000,CUST-11000,Scale,Annual,1061.55,93,2024-05-29,,Active,
SUB-21001,CUST-11001,Growth,Monthly,506.61,14,2024-05-30,2024-09-08,Churned,Support / SLA Frustration
SUB-21002,CUST-11002,Starter,Annual,407.32,21,2024-05-30,2025-04-27,Churned,Switched Tool
SUB-21003,CUST-11003,Starter,Monthly,674.89,9,2024-05-31,,Active,
SUB-21004,CUST-11004,Starter,Monthly,280.7,8,2024-05-31,,Active,
SUB-21005,CUST-11005,Starter,Monthly,670.68,17,2024-05-31,,Active,
SUB-21006,CUST-11006,Starter,Monthly,721.0,7,2024-05-31,2024-11-22,Churned,Competitor Alternative
SUB-21007,CUST-11007,Starter,Monthly,723.11,8,2024-05-31,,Active,
SUB-21008,CUST-11008,Growth,Annual,1044.18,74,2024-05-31,,Active,
SUB-21009,CUST-11009,Growth,Annual,2307.04,96,2024-06-01,,Active,
SUB-21010,CUST-11010,Growth,Annual,3794.07,64,2024-06-01,,Active,
SUB-21011,CUST-11011,Starter,Monthly,242.82,15,2024-06-01,,Active,
SUB-21012,CUST-11012,Starter,Monthly,221.14,11,2024-06-01,,Active,
SUB-21013,CUST-11013,Enterprise Plus,Annual,6575.54,479,2024-06-01,,Active,
SUB-21014,CUST-11014,Starter,Annual,556.65,6,2024-06-01,,Active,
SUB-21015,CUST-11015,Growth,Monthly,530.18,19,2024-06-02,,Active,
SUB-21016,CUST-11016,Growth,Monthly,1296.4,50,2024-06-02,,Active,
SUB-21017,CUST-11017,Growth,Monthly,729.48,6,2024-06-02,,Active,
SUB-21018,CUST-11018,Starter,Annual,517.03,6,2024-06-02,2025-04-04,Churned,Support / SLA Frustration
SUB-21019,CUST-11019,Scale,Annual,14608.04,165,2024-06-03,,Active,
SUB-21020,CUST-11020,Growth,Annual,142.2,12,2024-06-03,,Active,
SUB-21021,CUST-11021,Scale,Annual,1194.98,81,2024-06-03,,Active,
SUB-21022,CUST-11022,Starter,Monthly,246.01,14,2024-06-03,2025-02-11,Churned,Switched Tool
SUB-21023,CUST-11023,Starter,Monthly,604.53,20,2024-06-03,,Active,
SUB-21024,CUST-11024,Starter,Monthly,286.18,9,2024-06-04,,Active,
SUB-21025,CUST-11025,Scale,Monthly,1034.97,70,2024-06-04,,Active,
SUB-21026,CUST-11026,Starter,Monthly,629.11,16,2024-06-04,,Active,
SUB-21027,CUST-11027,Starter,Monthly,591.8,9,2024-06-04,2024-10-24,Churned,Support / SLA Frustration
SUB-21028,CUST-11028,Growth,Monthly,1764.54,41,2024-06-04,,Active,
SUB-21029,CUST-11029,Starter,Monthly,718.37,17,2024-06-04,,Active,
SUB-21030,CUST-11030,Enterprise Plus,Annual,12935.37,338,2024-06-05,,Active,
SUB-21031,CUST-11031,Starter,Monthly,391.0,5,2024-06-05,,Active,
SUB-21032,CUST-11032,Growth,Monthly,1914.24,97,2024-06-05,2024-11-05,Churned,Support / SLA Frustration
SUB-21033,CUST-11033,Scale,Annual,6043.45,209,2024-06-05,,Active,
SUB-21034,CUST-11034,Enterprise Plus,Annual,14965.35,346,2024-06-05,2025-02-11,Churned,Low Adoption & License Waste
SUB-21035,CUST-11035,Starter,Monthly,404.86,9,2024-06-05,,Active,
SUB-21036,CUST-11036,Growth,Annual,2966.98,28,2024-06-05,2025-02-22,Churned,Support / SLA Frustration
SUB-21037,CUST-11037,Starter,Annual,488.71,9,2024-06-05,,Active,
SUB-21038,CUST-11038,Scale,Annual,14777.68,232,2024-06-06,,Active,
SUB-21039,CUST-11039,Growth,Annual,3612.05,50,2024-06-06,2025-01-05,Churned,Leadership Transition
SUB-21040,CUST-11040,Growth,Monthly,610.66,5,2024-06-06,,Active,
SUB-21041,CUST-11041,Starter,Annual,683.94,20,2024-06-06,,Active,
SUB-21042,CUST-11042,Scale,Monthly,2414.3,63,2024-06-06,2024-08-20,Churned,Low Adoption & License Waste
SUB-21043,CUST-11043,Starter,Monthly,520.31,23,2024-06-06,2025-02-14,Churned,Support / SLA Frustration
SUB-21044,CUST-11044,Starter,Monthly,663.55,15,2024-06-06,,Active,
SUB-21045,CUST-11045,Starter,Monthly,400.9,6,2024-06-06,2024-11-16,Churned,Support / SLA Frustration
SUB-21046,CUST-11046,Growth,Monthly,1040.68,77,2024-06-07,2024-07-21,Churned,Support / SLA Frustration
SUB-21047,CUST-11047,Enterprise Plus,Annual,12191.6,383,2024-06-07,,Active,
SUB-21048,CUST-11048,Starter,Annual,726.29,13,2024-06-07,2024-09-07,Churned,Support / SLA Frustration
SUB-21049,CUST-11049,Enterprise Plus,Annual,5238.09,481,2024-06-07,,Active,
SUB-21050,CUST-11050,Growth,Annual,738.44,19,2024-06-07,2024-12-23,Churned,Support / SLA Frustration
SUB-21051,CUST-11051,Starter,Monthly,187.24,16,2024-06-08,2025-01-28,Churned,Support / SLA Frustration
SUB-21052,CUST-11052,Starter,Monthly,468.2,22,2024-06-08,,Active,
SUB-21053,CUST-11053,Growth,Annual,679.71,16,2024-06-08,2025-05-29,Churned,Competitor Alternative
SUB-21054,CUST-11054,Starter,Annual,660.4,23,2024-06-08,,Active,
SUB-21055,CUST-11055,Scale,Monthly,1776.67,89,2024-06-08,,Active,
SUB-21056,CUST-11056,Starter,Annual,541.34,18,2024-06-08,,Active,
SUB-21057,CUST-11057,Growth,Annual,1479.56,54,2024-06-09,,Active,
SUB-21058,CUST-11058,Growth,Annual,2035.03,97,2024-06-09,2024-11-01,Churned,Support / SLA Frustration
SUB-21059,CUST-11059,Growth,Monthly,719.51,17,2024-06-09,2024-12-23,Churned,Low Adoption & License Waste
SUB-21060,CUST-11060,Starter,Monthly,378.77,9,2024-06-09,2024-09-14,Churned,Switched Tool
SUB-21061,CUST-11061,Starter,Monthly,452.66,20,2024-06-10,2024-10-31,Churned,Support / SLA Frustration
SUB-21062,CUST-11062,Starter,Monthly,484.2,24,2024-06-10,,Active,
SUB-21063,CUST-11063,Growth,Monthly,3279.86,72,2024-06-10,,Active,
SUB-21064,CUST-11064,Scale,Annual,3655.65,33,2024-06-10,,Active,
SUB-21065,CUST-11065,Starter,Monthly,390.81,17,2024-06-10,,Active,
SUB-21066,CUST-11066,Scale,Annual,3764.42,69,2024-06-10,,Active,
SUB-21067,CUST-11067,Scale,Annual,14167.5,120,2024-06-11,2025-02-13,Churned,Support / SLA Frustration
SUB-21068,CUST-11068,Growth,Annual,2156.33,81,2024-06-11,,Active,
SUB-21069,CUST-11069,Growth,Annual,1630.58,52,2024-06-11,,Active,
SUB-21070,CUST-11070,Growth,Monthly,2661.85,29,2024-06-11,,Active,
SUB-21071,CUST-11071,Growth,Annual,1868.08,66,2024-06-11,,Active,
SUB-21072,CUST-11072,Enterprise Plus,Annual,15266.57,164,2024-06-11,,Active,
SUB-21073,CUST-11073,Enterprise Plus,Annual,8618.47,391,2024-06-11,,Active,
SUB-21074,CUST-11074,Starter,Monthly,540.63,21,2024-06-11,2025-05-13,Churned,Support / SLA Frustration
SUB-21075,CUST-11075,Scale,Monthly,3435.88,25,2024-06-11,,Active,
SUB-21076,CUST-11076,Growth,Annual,1173.16,64,2024-06-12,2024-07-18,Churned,Support / SLA Frustration
SUB-21077,CUST-11077,Growth,Monthly,542.17,14,2024-06-12,,Active,
SUB-21078,CUST-11078,Growth,Annual,2009.52,51,2024-06-12,,Active,
SUB-21079,CUST-11079,Starter,Annual,178.36,18,2024-06-12,,Active,
SUB-21080,CUST-11080,Starter,Monthly,216.04,13,2024-06-12,,Active,
SUB-21081,CUST-11081,Enterprise Plus,Monthly,13984.78,123,2024-06-12,,Active,
SUB-21082,CUST-11082,Scale,Annual,1814.23,39,2024-06-12,,Active,
SUB-21083,CUST-11083,Growth,Monthly,505.46,18,2024-06-13,,Active,
SUB-21084,CUST-11084,Starter,Monthly,518.95,17,2024-06-13,,Active,
SUB-21085,CUST-11085,Scale,Annual,3133.97,58,2024-06-13,,Active,
SUB-21086,CUST-11086,Starter,Monthly,717.62,8,2024-06-13,2024-09-19,Churned,Competitor Alternative
SUB-21087,CUST-11087,Scale,Monthly,1400.92,29,2024-06-14,2024-10-14,Churned,Internal Restructuring
SUB-21088,CUST-11088,Growth,Annual,237.5,24,2024-06-14,,Active,
SUB-21089,CUST-11089,Scale,Annual,2613.75,65,2024-06-14,,Active,
SUB-21090,CUST-11090,Growth,Monthly,643.98,9,2024-06-14,2025-02-17,Churned,Competitor Alternative
SUB-21091,CUST-11091,Starter,Annual,163.43,19,2024-06-14,2024-07-14,Churned,Support / SLA Frustration
SUB-21092,CUST-11092,Starter,Monthly,649.46,12,2024-06-14,,Active,
SUB-21093,CUST-11093,Starter,Monthly,705.7,19,2024-06-14,2024-08-27,Churned,Support / SLA Frustration
SUB-21094,CUST-11094,Growth,Annual,944.59,77,2024-06-14,,Active,
SUB-21095,CUST-11095,Growth,Monthly,2252.46,64,2024-06-14,,Active,
SUB-21096,CUST-11096,Scale,Monthly,2763.69,95,2024-06-15,,Active,
SUB-21097,CUST-11097,Scale,Monthly,3290.12,77,2024-06-15,2025-03-10,Churned,Support / SLA Frustration
SUB-21098,CUST-11098,Starter,Annual,291.04,5,2024-06-15,,Active,
SUB-21099,CUST-11099,Growth,Annual,1324.96,92,2024-06-16,2025-04-02,Churned,Low Adoption & License Waste
SUB-21100,CUST-11100,Enterprise Plus,Annual,7860.34,427,2024-06-16,,Active,
SUB-21101,CUST-11101,Growth,Monthly,748.46,24,2024-06-16,2025-03-25,Churned,Support / SLA Frustration
SUB-21102,CUST-11102,Starter,Monthly,597.8,10,2024-06-16,2024-10-31,Churned,Switched Tool
SUB-21103,CUST-11103,Growth,Monthly,620.17,10,2024-06-16,,Active,
SUB-21104,CUST-11104,Starter,Monthly,714.16,10,2024-06-16,,Active,
SUB-21105,CUST-11105,Scale,Monthly,3019.59,84,2024-06-16,,Active,
SUB-21106,CUST-11106,Scale,Annual,1449.54,89,2024-06-16,,Active,
SUB-21107,CUST-11107,Growth,Annual,507.51,13,2024-06-16,,Active,
SUB-21108,CUST-11108,Starter,Monthly,297.36,6,2024-06-16,,Active,
SUB-21109,CUST-11109,Growth,Monthly,1036.03,55,2024-06-17,,Active,
SUB-21110,CUST-11110,Starter,Annual,199.17,7,2024-06-17,,Active,
SUB-21111,CUST-11111,Growth,Monthly,2174.53,36,2024-06-17,2024-11-25,Churned,Competitor Alternative
SUB-21112,CUST-11112,Growth,Annual,3214.25,52,2024-06-17,,Active,
SUB-21113,CUST-11113,Starter,Monthly,469.85,5,2024-06-17,,Active,
SUB-21114,CUST-11114,Starter,Monthly,126.13,18,2024-06-17,2025-04-13,Churned,Support / SLA Frustration
SUB-21115,CUST-11115,Growth,Monthly,335.42,15,2024-06-17,,Active,
SUB-21116,CUST-11116,Enterprise Plus,Annual,12378.33,132,2024-06-17,,Active,
SUB-21117,CUST-11117,Starter,Monthly,353.54,22,2024-06-18,,Active,
SUB-21118,CUST-11118,Scale,Annual,3522.37,58,2024-06-18,,Active,
SUB-21119,CUST-11119,Enterprise Plus,Annual,11319.02,259,2024-06-18,,Active,
SUB-21120,CUST-11120,Growth,Annual,281.89,12,2024-06-18,,Active,
SUB-21121,CUST-11121,Growth,Monthly,258.64,22,2024-06-18,2025-03-18,Churned,Switched Tool
SUB-21122,CUST-11122,Starter,Monthly,496.37,5,2024-06-18,,Active,
SUB-21123,CUST-11123,Starter,Annual,238.17,20,2024-06-19,,Active,
SUB-21124,CUST-11124,Starter,Monthly,520.75,18,2024-06-19,,Active,
SUB-21125,CUST-11125,Starter,Monthly,540.72,22,2024-06-19,,Active,
SUB-21126,CUST-11126,Enterprise Plus,Annual,5803.93,421,2024-06-19,,Active,
SUB-21127,CUST-11127,Scale,Monthly,1961.4,73,2024-06-19,,Active,
SUB-21128,CUST-11128,Growth,Annual,2315.62,41,2024-06-19,,Active,
SUB-21129,CUST-11129,Growth,Monthly,3335.37,95,2024-06-19,,Active,
SUB-21130,CUST-11130,Growth,Monthly,631.59,23,2024-06-19,,Active,
SUB-21131,CUST-11131,Scale,Monthly,1512.96,27,2024-06-19,2025-02-21,Churned,Internal Restructuring
SUB-21132,CUST-11132,Scale,Monthly,10738.31,441,2024-06-19,,Active,
SUB-21133,CUST-11133,Growth,Monthly,970.01,43,2024-06-19,2025-02-27,Churned,Internal Restructuring
SUB-21134,CUST-11134,Starter,Monthly,228.06,20,2024-06-19,,Active,
SUB-21135,CUST-11135,Enterprise Plus,Annual,5822.58,371,2024-06-20,,Active,
SUB-21136,CUST-11136,Starter,Monthly,373.37,18,2024-06-20,,Active,
SUB-21137,CUST-11137,Scale,Annual,932.24,82,2024-06-20,,Active,
SUB-21138,CUST-11138,Scale,Annual,2333.75,28,2024-06-20,2024-09-12,Churned,Support / SLA Frustration
SUB-21139,CUST-11139,Starter,Monthly,645.45,14,2024-06-20,,Active,
SUB-21140,CUST-11140,Starter,Monthly,314.56,19,2024-06-20,,Active,
SUB-21141,CUST-11141,Scale,Annual,1933.79,98,2024-06-20,,Active,
SUB-21142,CUST-11142,Growth,Annual,161.86,10,2024-06-20,,Active,
SUB-21143,CUST-11143,Starter,Monthly,509.85,22,2024-06-21,,Active,
SUB-21144,CUST-11144,Growth,Monthly,1171.09,28,2024-06-21,,Active,
SUB-21145,CUST-11145,Starter,Annual,367.27,22,2024-06-21,2024-09-19,Churned,Switched Tool
SUB-21146,CUST-11146,Starter,Monthly,310.49,5,2024-06-21,,Active,
SUB-21147,CUST-11147,Starter,Monthly,377.97,17,2024-06-21,2025-03-13,Churned,Support / SLA Frustration
SUB-21148,CUST-11148,Growth,Monthly,242.14,19,2024-06-21,,Active,
SUB-21149,CUST-11149,Starter,Monthly,431.54,7,2024-06-22,2024-12-15,Churned,Price / Budget Cuts
SUB-21150,CUST-11150,Starter,Monthly,446.29,22,2024-06-22,,Active,
SUB-21151,CUST-11151,Growth,Monthly,407.11,15,2024-06-22,2024-08-16,Churned,Support / SLA Frustration
SUB-21152,CUST-11152,Starter,Monthly,529.12,10,2024-06-22,2024-09-15,Churned,Competitor Alternative
SUB-21153,CUST-11153,Starter,Monthly,523.06,16,2024-06-22,2024-08-29,Churned,Support / SLA Frustration
SUB-21154,CUST-11154,Starter,Annual,332.84,13,2024-06-22,,Active,
SUB-21155,CUST-11155,Starter,Monthly,336.77,23,2024-06-23,,Active,
SUB-21156,CUST-11156,Growth,Annual,2298.72,39,2024-06-23,2024-08-29,Churned,Internal Restructuring
SUB-21157,CUST-11157,Growth,Annual,379.95,23,2024-06-23,,Active,
SUB-21158,CUST-11158,Starter,Annual,310.82,14,2024-06-23,,Active,
SUB-21159,CUST-11159,Scale,Annual,15790.63,449,2024-06-23,,Active,
SUB-21160,CUST-11160,Starter,Annual,293.43,16,2024-06-23,,Active,
SUB-21161,CUST-11161,Enterprise Plus,Annual,14175.07,140,2024-06-23,,Active,
SUB-21162,CUST-11162,Scale,Annual,1639.6,38,2024-06-23,,Active,
SUB-21163,CUST-11163,Starter,Monthly,475.07,8,2024-06-23,2024-09-13,Churned,Support / SLA Frustration
SUB-21164,CUST-11164,Scale,Annual,1181.5,34,2024-06-23,2025-01-10,Churned,Support / SLA Frustration
SUB-21165,CUST-11165,Starter,Monthly,480.33,23,2024-06-23,,Active,
SUB-21166,CUST-11166,Starter,Monthly,435.0,18,2024-06-24,2024-09-05,Churned,Competitor Alternative
SUB-21167,CUST-11167,Starter,Monthly,138.45,13,2024-06-24,,Active,
SUB-21168,CUST-11168,Enterprise Plus,Annual,8226.97,270,2024-06-24,,Active,
SUB-21169,CUST-11169,Growth,Monthly,3143.28,80,2024-06-24,,Active,
SUB-21170,CUST-11170,Starter,Monthly,654.66,10,2024-06-24,,Active,
SUB-21171,CUST-11171,Starter,Monthly,404.98,22,2024-06-24,,Active,
SUB-21172,CUST-11172,Growth,Monthly,291.33,16,2024-06-24,,Active,
SUB-21173,CUST-11173,Growth,Annual,2884.17,35,2024-06-24,2025-01-27,Churned,Support / SLA Frustration
SUB-21174,CUST-11174,Starter,Monthly,630.46,7,2024-06-24,,Active,
SUB-21175,CUST-11175,Growth,Monthly,656.16,20,2024-06-24,2025-01-18,Churned,Competitor Alternative
SUB-21176,CUST-11176,Starter,Monthly,580.22,19,2024-06-25,,Active,
SUB-21177,CUST-11177,Enterprise Plus,Annual,10558.31,148,2024-06-25,,Active,
SUB-21178,CUST-11178,Starter,Monthly,362.19,5,2024-06-25,,Active,
SUB-21179,CUST-11179,Starter,Monthly,461.92,5,2024-06-25,2025-05-10,Churned,Support / SLA Frustration
SUB-21180,CUST-11180,Starter,Monthly,420.86,13,2024-06-25,2025-01-17,Churned,Low Adoption & License Waste
SUB-21181,CUST-11181,Scale,Annual,2882.41,88,2024-06-26,,Active,
SUB-21182,CUST-11182,Growth,Annual,454.72,5,2024-06-26,,Active,
SUB-21183,CUST-11183,Starter,Annual,647.87,7,2024-06-26,,Active,
SUB-21184,CUST-11184,Enterprise Plus,Annual,17617.28,361,2024-06-26,,Active,
SUB-21185,CUST-11185,Starter,Annual,200.8,20,2024-06-26,2025-06-17,Churned,Support / SLA Frustration
SUB-21186,CUST-11186,Starter,Monthly,145.73,20,2024-06-27,,Active,
SUB-21187,CUST-11187,Enterprise Plus,Monthly,12427.23,221,2024-06-27,2024-09-15,Churned,Low Adoption & License Waste
SUB-21188,CUST-11188,Growth,Annual,2996.45,78,2024-06-27,2024-08-21,Churned,Support / SLA Frustration
SUB-21189,CUST-11189,Starter,Annual,168.51,23,2024-06-27,,Active,
SUB-21190,CUST-11190,Scale,Annual,8286.81,265,2024-06-27,2024-08-21,Churned,Support / SLA Frustration
SUB-21191,CUST-11191,Growth,Monthly,235.04,18,2024-06-27,,Active,
SUB-21192,CUST-11192,Growth,Monthly,1766.87,25,2024-06-27,,Active,
SUB-21193,CUST-11193,Starter,Annual,148.03,18,2024-06-28,,Active,
SUB-21194,CUST-11194,Enterprise Plus,Annual,13637.95,315,2024-06-28,,Active,
SUB-21195,CUST-11195,Starter,Monthly,539.47,8,2024-06-28,,Active,
SUB-21196,CUST-11196,Starter,Monthly,401.06,20,2024-06-28,,Active,
SUB-21197,CUST-11197,Starter,Annual,278.42,9,2024-06-29,,Active,
SUB-21198,CUST-11198,Growth,Monthly,566.44,13,2024-06-29,2025-06-02,Churned,Support / SLA Frustration
SUB-21199,CUST-11199,Enterprise Plus,Monthly,13542.87,445,2024-06-29,,Active,
SUB-21200,CUST-11200,Starter,Monthly,643.9,24,2024-06-29,,Active,
SUB-21201,CUST-11201,Enterprise Plus,Annual,11828.72,203,2024-06-29,,Active,
SUB-21202,CUST-11202,Enterprise Plus,Monthly,5255.3,336,2024-06-29,,Active,
SUB-21203,CUST-11203,Growth,Annual,3465.26,89,2024-06-29,,Active,
SUB-21204,CUST-11204,Growth,Annual,2278.82,55,2024-06-30,,Active,
SUB-21205,CUST-11205,Starter,Annual,462.16,11,2024-06-30,,Active,
SUB-21206,CUST-11206,Starter,Monthly,391.63,6,2024-06-30,2025-02-27,Churned,Support / SLA Frustration
SUB-21207,CUST-11207,Scale,Annual,970.29,65,2024-06-30,2024-11-18,Churned,Support / SLA Frustration
SUB-21208,CUST-11208,Scale,Monthly,2932.63,35,2024-06-30,,Active,
SUB-21209,CUST-11209,Starter,Monthly,480.62,22,2024-06-30,2024-12-03,Churned,Switched Tool
SUB-21210,CUST-11210,Growth,Annual,3421.75,71,2024-06-30,,Active,
SUB-21211,CUST-11211,Growth,Annual,3387.78,27,2024-07-01,2025-04-08,Churned,Low Adoption & License Waste
SUB-21212,CUST-11212,Growth,Annual,3550.6,92,2024-07-01,,Active,
SUB-21213,CUST-11213,Starter,Monthly,329.17,9,2024-07-01,2025-03-21,Churned,Support / SLA Frustration
SUB-21214,CUST-11214,Growth,Annual,427.03,17,2024-07-01,,Active,
SUB-21215,CUST-11215,Growth,Annual,2574.81,80,2024-07-01,2024-10-27,Churned,Support / SLA Frustration
SUB-21216,CUST-11216,Scale,Annual,12188.54,493,2024-07-02,,Active,
SUB-21217,CUST-11217,Starter,Monthly,570.04,21,2024-07-02,2025-01-16,Churned,Competitor Alternative
SUB-21218,CUST-11218,Starter,Monthly,156.37,12,2024-07-02,2024-12-28,Churned,Low Adoption & License Waste
SUB-21219,CUST-11219,Scale,Annual,2530.88,25,2024-07-02,,Active,
SUB-21220,CUST-11220,Growth,Annual,201.64,11,2024-07-02,2025-05-08,Churned,Low Adoption & License Waste
SUB-21221,CUST-11221,Scale,Annual,1566.53,25,2024-07-03,,Active,
SUB-21222,CUST-11222,Scale,Monthly,2987.71,73,2024-07-03,2024-09-10,Churned,Support / SLA Frustration
SUB-21223,CUST-11223,Starter,Monthly,202.79,13,2024-07-03,,Active,
SUB-21224,CUST-11224,Growth,Monthly,1245.31,27,2024-07-03,2024-12-22,Churned,Support / SLA Frustration
SUB-21225,CUST-11225,Growth,Monthly,171.55,7,2024-07-04,,Active,
SUB-21226,CUST-11226,Scale,Monthly,3788.86,44,2024-07-04,,Active,
SUB-21227,CUST-11227,Growth,Annual,2706.12,33,2024-07-04,2024-09-02,Churned,Competitor Alternative
SUB-21228,CUST-11228,Starter,Annual,556.96,14,2024-07-04,,Active,
SUB-21229,CUST-11229,Scale,Monthly,3046.95,59,2024-07-04,,Active,
SUB-21230,CUST-11230,Growth,Monthly,190.84,24,2024-07-04,,Active,
SUB-21231,CUST-11231,Growth,Annual,1796.38,62,2024-07-05,2024-08-06,Churned,Low Adoption & License Waste
SUB-21232,CUST-11232,Growth,Annual,2514.89,81,2024-07-05,,Active,
SUB-21233,CUST-11233,Scale,Annual,8121.28,428,2024-07-05,,Active,
SUB-21234,CUST-11234,Growth,Monthly,227.13,6,2024-07-05,2024-09-11,Churned,Support / SLA Frustration
SUB-21235,CUST-11235,Growth,Annual,2445.94,97,2024-07-05,,Active,
SUB-21236,CUST-11236,Starter,Monthly,144.07,23,2024-07-05,,Active,
SUB-21237,CUST-11237,Growth,Monthly,1063.06,96,2024-07-05,2024-12-16,Churned,Internal Restructuring
SUB-21238,CUST-11238,Starter,Monthly,429.29,12,2024-07-06,2025-05-15,Churned,Support / SLA Frustration
SUB-21239,CUST-11239,Scale,Monthly,2658.64,79,2024-07-06,,Active,
SUB-21240,CUST-11240,Starter,Monthly,405.93,22,2024-07-06,,Active,
SUB-21241,CUST-11241,Starter,Monthly,263.74,10,2024-07-06,2025-06-26,Churned,Competitor Alternative
SUB-21242,CUST-11242,Starter,Monthly,279.94,5,2024-07-06,,Active,
SUB-21243,CUST-11243,Growth,Annual,679.04,7,2024-07-06,,Active,
SUB-21244,CUST-11244,Starter,Monthly,436.54,14,2024-07-07,2025-05-20,Churned,Competitor Alternative
SUB-21245,CUST-11245,Starter,Monthly,537.66,15,2024-07-07,,Active,
SUB-21246,CUST-11246,Enterprise Plus,Annual,14324.23,257,2024-07-07,,Active,
SUB-21247,CUST-11247,Enterprise Plus,Monthly,11747.69,185,2024-07-07,,Active,
SUB-21248,CUST-11248,Growth,Annual,150.51,11,2024-07-07,,Active,
SUB-21249,CUST-11249,Growth,Monthly,521.49,24,2024-07-07,2025-04-02,Churned,Low Adoption & License Waste
SUB-21250,CUST-11250,Starter,Annual,500.64,24,2024-07-08,,Active,
SUB-21251,CUST-11251,Growth,Annual,1541.53,43,2024-07-08,,Active,
SUB-21252,CUST-11252,Enterprise Plus,Annual,16716.05,306,2024-07-08,2025-04-06,Churned,Support / SLA Frustration
SUB-21253,CUST-11253,Enterprise Plus,Annual,5230.56,334,2024-07-08,,Active,
SUB-21254,CUST-11254,Growth,Monthly,673.03,21,2024-07-08,,Active,
SUB-21255,CUST-11255,Growth,Annual,2807.36,58,2024-07-09,,Active,
SUB-21256,CUST-11256,Growth,Annual,2191.08,93,2024-07-09,,Active,
SUB-21257,CUST-11257,Growth,Annual,2458.94,77,2024-07-09,,Active,
SUB-21258,CUST-11258,Enterprise Plus,Monthly,15240.72,322,2024-07-09,,Active,
SUB-21259,CUST-11259,Starter,Monthly,556.83,21,2024-07-09,,Active,
SUB-21260,CUST-11260,Scale,Monthly,2428.07,26,2024-07-10,2025-06-16,Churned,Support / SLA Frustration
SUB-21261,CUST-11261,Starter,Annual,154.5,13,2024-07-10,,Active,
SUB-21262,CUST-11262,Growth,Monthly,2453.43,69,2024-07-10,2025-06-27,Churned,Support / SLA Frustration
SUB-21263,CUST-11263,Growth,Annual,3663.19,31,2024-07-10,2025-06-16,Churned,Low Adoption & License Waste
SUB-21264,CUST-11264,Enterprise Plus,Annual,11420.93,143,2024-07-10,,Active,
SUB-21265,CUST-11265,Scale,Annual,14512.91,207,2024-07-10,,Active,
SUB-21266,CUST-11266,Growth,Annual,2026.98,92,2024-07-10,,Active,
SUB-21267,CUST-11267,Scale,Annual,1590.51,39,2024-07-10,,Active,
SUB-21268,CUST-11268,Growth,Annual,629.15,12,2024-07-11,,Active,
SUB-21269,CUST-11269,Scale,Annual,1919.4,72,2024-07-11,,Active,
SUB-21270,CUST-11270,Growth,Monthly,565.54,20,2024-07-11,2025-01-16,Churned,Competitor Alternative
SUB-21271,CUST-11271,Starter,Monthly,661.66,14,2024-07-11,2025-01-25,Churned,Switched Tool
SUB-21272,CUST-11272,Starter,Monthly,474.36,22,2024-07-11,2024-08-15,Churned,Switched Tool
SUB-21273,CUST-11273,Enterprise Plus,Annual,10659.78,183,2024-07-11,,Active,
SUB-21274,CUST-11274,Growth,Monthly,2690.56,89,2024-07-11,,Active,
SUB-21275,CUST-11275,Scale,Monthly,12624.13,112,2024-07-12,,Active,
SUB-21276,CUST-11276,Scale,Monthly,1129.58,68,2024-07-12,,Active,
SUB-21277,CUST-11277,Growth,Annual,517.48,14,2024-07-12,2025-05-11,Churned,Support / SLA Frustration
SUB-21278,CUST-11278,Enterprise Plus,Annual,5211.48,401,2024-07-12,,Active,
SUB-21279,CUST-11279,Growth,Annual,2361.48,53,2024-07-12,,Active,
SUB-21280,CUST-11280,Starter,Monthly,708.94,22,2024-07-12,2025-05-09,Churned,Price / Budget Cuts
SUB-21281,CUST-11281,Starter,Monthly,700.14,13,2024-07-12,,Active,
SUB-21282,CUST-11282,Starter,Annual,421.83,23,2024-07-12,,Active,
SUB-21283,CUST-11283,Enterprise Plus,Annual,6023.93,157,2024-07-12,,Active,
SUB-21284,CUST-11284,Growth,Monthly,1946.28,90,2024-07-12,2024-12-29,Churned,Support / SLA Frustration
SUB-21285,CUST-11285,Starter,Monthly,498.39,22,2024-07-12,,Active,
SUB-21286,CUST-11286,Scale,Annual,7465.78,479,2024-07-12,,Active,
SUB-21287,CUST-11287,Growth,Annual,2449.94,64,2024-07-13,,Active,
SUB-21288,CUST-11288,Enterprise Plus,Monthly,11770.36,471,2024-07-13,,Active,
SUB-21289,CUST-11289,Enterprise Plus,Annual,17033.68,366,2024-07-13,,Active,
SUB-21290,CUST-11290,Growth,Monthly,2063.81,33,2024-07-13,,Active,
SUB-21291,CUST-11291,Enterprise Plus,Annual,14338.88,191,2024-07-13,,Active,
SUB-21292,CUST-11292,Growth,Annual,329.59,10,2024-07-13,2025-02-03,Churned,Low Adoption & License Waste
SUB-21293,CUST-11293,Starter,Monthly,512.56,22,2024-07-14,,Active,
SUB-21294,CUST-11294,Growth,Monthly,415.27,19,2024-07-14,,Active,
SUB-21295,CUST-11295,Scale,Annual,3176.66,61,2024-07-14,,Active,
SUB-21296,CUST-11296,Growth,Annual,2859.98,79,2024-07-14,,Active,
SUB-21297,CUST-11297,Enterprise Plus,Annual,16783.26,490,2024-07-14,2024-11-04,Churned,Support / SLA Frustration
SUB-21298,CUST-11298,Starter,Annual,546.31,13,2024-07-14,2025-01-12,Churned,Support / SLA Frustration
SUB-21299,CUST-11299,Starter,Monthly,628.25,20,2024-07-14,2025-06-26,Churned,Switched Tool
SUB-21300,CUST-11300,Enterprise Plus,Annual,12323.35,187,2024-07-14,,Active,
SUB-21301,CUST-11301,Starter,Annual,419.6,11,2024-07-14,,Active,
SUB-21302,CUST-11302,Enterprise Plus,Annual,9641.28,102,2024-07-15,,Active,
SUB-21303,CUST-11303,Starter,Monthly,165.6,7,2024-07-15,,Active,
SUB-21304,CUST-11304,Starter,Monthly,322.58,14,2024-07-15,,Active,
SUB-21305,CUST-11305,Growth,Monthly,313.73,21,2024-07-15,2025-03-06,Churned,Switched Tool
SUB-21306,CUST-11306,Starter,Monthly,420.9,20,2024-07-15,,Active,
SUB-21307,CUST-11307,Growth,Monthly,621.25,10,2024-07-15,,Active,
SUB-21308,CUST-11308,Growth,Annual,3636.53,62,2024-07-16,,Active,
SUB-21309,CUST-11309,Starter,Monthly,203.52,12,2024-07-16,,Active,
SUB-21310,CUST-11310,Enterprise Plus,Monthly,6768.24,264,2024-07-16,,Active,
SUB-21311,CUST-11311,Starter,Annual,357.36,15,2024-07-16,,Active,
SUB-21312,CUST-11312,Starter,Annual,610.03,24,2024-07-17,,Active,
SUB-21313,CUST-11313,Starter,Monthly,282.59,23,2024-07-17,2025-03-12,Churned,Low Adoption & License Waste
SUB-21314,CUST-11314,Scale,Monthly,1043.13,69,2024-07-17,,Active,
SUB-21315,CUST-11315,Starter,Monthly,285.33,16,2024-07-17,,Active,
SUB-21316,CUST-11316,Growth,Annual,477.46,8,2024-07-17,2024-11-07,Churned,Low Adoption & License Waste
SUB-21317,CUST-11317,Starter,Monthly,315.85,13,2024-07-17,,Active,
SUB-21318,CUST-11318,Enterprise Plus,Annual,10846.62,485,2024-07-17,,Active,
SUB-21319,CUST-11319,Enterprise Plus,Annual,7973.45,303,2024-07-18,,Active,
SUB-21320,CUST-11320,Growth,Annual,2268.16,45,2024-07-18,,Active,
SUB-21321,CUST-11321,Growth,Annual,2930.19,82,2024-07-18,,Active,
SUB-21322,CUST-11322,Starter,Monthly,143.54,9,2024-07-18,,Active,
SUB-21323,CUST-11323,Scale,Monthly,1496.73,44,2024-07-18,2024-10-24,Churned,Leadership Transition
SUB-21324,CUST-11324,Growth,Annual,330.52,18,2024-07-18,2024-10-12,Churned,Low Adoption & License Waste
SUB-21325,CUST-11325,Growth,Annual,3509.25,41,2024-07-19,,Active,
SUB-21326,CUST-11326,Scale,Annual,2685.63,90,2024-07-19,,Active,
SUB-21327,CUST-11327,Starter,Monthly,636.85,7,2024-07-19,,Active,
SUB-21328,CUST-11328,Growth,Monthly,483.11,8,2024-07-19,2025-02-17,Churned,Support / SLA Frustration
SUB-21329,CUST-11329,Growth,Annual,1200.19,63,2024-07-20,,Active,
SUB-21330,CUST-11330,Starter,Annual,397.14,14,2024-07-20,,Active,
SUB-21331,CUST-11331,Starter,Monthly,149.75,6,2024-07-20,2025-01-06,Churned,Switched Tool
SUB-21332,CUST-11332,Growth,Annual,1021.36,80,2024-07-20,2025-04-07,Churned,Support / SLA Frustration
SUB-21333,CUST-11333,Starter,Monthly,426.43,13,2024-07-20,2025-04-13,Churned,Support / SLA Frustration
SUB-21334,CUST-11334,Growth,Monthly,502.6,23,2024-07-20,2025-06-08,Churned,Support / SLA Frustration
SUB-21335,CUST-11335,Starter,Monthly,359.46,21,2024-07-20,,Active,
SUB-21336,CUST-11336,Growth,Annual,2865.82,40,2024-07-21,2025-04-12,Churned,Support / SLA Frustration
SUB-21337,CUST-11337,Starter,Monthly,547.73,22,2024-07-21,,Active,
SUB-21338,CUST-11338,Enterprise Plus,Annual,11838.07,127,2024-07-21,,Active,
SUB-21339,CUST-11339,Scale,Annual,8925.31,188,2024-07-21,,Active,
SUB-21340,CUST-11340,Growth,Monthly,2016.48,85,2024-07-21,2024-10-30,Churned,Support / SLA Frustration
SUB-21341,CUST-11341,Scale,Monthly,3757.05,47,2024-07-22,,Active,
SUB-21342,CUST-11342,Starter,Monthly,485.1,20,2024-07-22,2025-03-27,Churned,Low Adoption & License Waste
SUB-21343,CUST-11343,Starter,Monthly,155.07,24,2024-07-22,2025-07-09,Churned,Support / SLA Frustration
SUB-21344,CUST-11344,Growth,Monthly,557.41,8,2024-07-22,,Active,
SUB-21345,CUST-11345,Growth,Monthly,2049.36,44,2024-07-22,2025-05-29,Churned,Support / SLA Frustration
SUB-21346,CUST-11346,Growth,Annual,2789.83,61,2024-07-23,,Active,
SUB-21347,CUST-11347,Scale,Monthly,1467.12,49,2024-07-23,,Active,
SUB-21348,CUST-11348,Starter,Monthly,350.16,12,2024-07-23,,Active,
SUB-21349,CUST-11349,Enterprise Plus,Annual,17341.52,457,2024-07-23,,Active,
SUB-21350,CUST-11350,Starter,Monthly,156.56,18,2024-07-23,,Active,
SUB-21351,CUST-11351,Growth,Monthly,258.4,23,2024-07-23,,Active,
SUB-21352,CUST-11352,Growth,Monthly,996.65,56,2024-07-23,,Active,
SUB-21353,CUST-11353,Growth,Monthly,499.99,9,2024-07-24,2025-01-13,Churned,Support / SLA Frustration
SUB-21354,CUST-11354,Growth,Monthly,2542.71,92,2024-07-24,,Active,
SUB-21355,CUST-11355,Growth,Monthly,684.1,5,2024-07-24,,Active,
SUB-21356,CUST-11356,Growth,Annual,145.15,6,2024-07-24,,Active,
SUB-21357,CUST-11357,Growth,Monthly,2066.7,26,2024-07-24,2025-04-09,Churned,Internal Restructuring
SUB-21358,CUST-11358,Growth,Annual,3094.86,45,2024-07-24,,Active,
SUB-21359,CUST-11359,Starter,Monthly,311.36,16,2024-07-24,,Active,
SUB-21360,CUST-11360,Starter,Monthly,355.82,12,2024-07-24,,Active,
SUB-21361,CUST-11361,Scale,Annual,3272.38,78,2024-07-25,,Active,
SUB-21362,CUST-11362,Starter,Monthly,596.56,18,2024-07-25,,Active,
SUB-21363,CUST-11363,Starter,Monthly,279.56,5,2024-07-25,,Active,
SUB-21364,CUST-11364,Growth,Monthly,222.36,20,2024-07-25,,Active,
SUB-21365,CUST-11365,Enterprise Plus,Annual,10194.69,269,2024-07-26,,Active,
SUB-21366,CUST-11366,Growth,Monthly,179.71,16,2024-07-26,,Active,
SUB-21367,CUST-11367,Growth,Monthly,213.24,15,2024-07-26,,Active,
SUB-21368,CUST-11368,Scale,Annual,2132.84,85,2024-07-26,,Active,
SUB-21369,CUST-11369,Growth,Monthly,1802.35,25,2024-07-26,,Active,
SUB-21370,CUST-11370,Starter,Annual,178.2,18,2024-07-26,,Active,
SUB-21371,CUST-11371,Growth,Monthly,2397.69,59,2024-07-27,,Active,
SUB-21372,CUST-11372,Starter,Monthly,404.93,7,2024-07-27,2025-05-29,Churned,Competitor Alternative
SUB-21373,CUST-11373,Scale,Annual,1114.61,64,2024-07-27,,Active,
SUB-21374,CUST-11374,Scale,Annual,3220.99,75,2024-07-27,,Active,
SUB-21375,CUST-11375,Starter,Monthly,726.01,10,2024-07-27,2024-11-10,Churned,Low Adoption & License Waste
SUB-21376,CUST-11376,Growth,Annual,3059.93,28,2024-07-27,,Active,
SUB-21377,CUST-11377,Starter,Monthly,393.59,11,2024-07-28,2025-06-04,Churned,Low Adoption & License Waste
SUB-21378,CUST-11378,Scale,Monthly,1483.48,38,2024-07-28,,Active,
SUB-21379,CUST-11379,Growth,Monthly,365.77,21,2024-07-28,2025-02-28,Churned,Price / Budget Cuts
SUB-21380,CUST-11380,Growth,Annual,1499.53,54,2024-07-28,,Active,
SUB-21381,CUST-11381,Scale,Annual,1533.73,91,2024-07-28,2025-01-02,Churned,Internal Restructuring
SUB-21382,CUST-11382,Starter,Monthly,254.51,17,2024-07-28,,Active,
SUB-21383,CUST-11383,Growth,Annual,2589.18,76,2024-07-28,,Active,
SUB-21384,CUST-11384,Starter,Monthly,435.14,15,2024-07-28,,Active,
SUB-21385,CUST-11385,Scale,Monthly,2799.14,69,2024-07-28,,Active,
SUB-21386,CUST-11386,Starter,Annual,283.94,23,2024-07-28,,Active,
SUB-21387,CUST-11387,Enterprise Plus,Annual,7902.77,144,2024-07-28,,Active,
SUB-21388,CUST-11388,Growth,Monthly,189.74,20,2024-07-29,,Active,
SUB-21389,CUST-11389,Growth,Annual,3043.4,71,2024-07-29,2025-07-18,Churned,Support / SLA Frustration
SUB-21390,CUST-11390,Scale,Annual,1823.9,48,2024-07-29,,Active,
SUB-21391,CUST-11391,Enterprise Plus,Annual,8320.69,277,2024-07-29,,Active,
SUB-21392,CUST-11392,Growth,Monthly,2650.15,74,2024-07-29,2025-01-03,Churned,Support / SLA Frustration
SUB-21393,CUST-11393,Starter,Monthly,133.33,7,2024-07-29,,Active,
SUB-21394,CUST-11394,Growth,Annual,2647.63,99,2024-07-29,,Active,
SUB-21395,CUST-11395,Starter,Monthly,194.85,18,2024-07-29,,Active,
SUB-21396,CUST-11396,Scale,Monthly,1230.44,48,2024-07-29,,Active,
SUB-21397,CUST-11397,Growth,Annual,3543.62,83,2024-07-29,2024-10-19,Churned,Leadership Transition
SUB-21398,CUST-11398,Growth,Monthly,676.6,13,2024-07-30,,Active,
SUB-21399,CUST-11399,Starter,Monthly,296.17,6,2024-07-30,,Active,
SUB-21400,CUST-11400,Growth,Monthly,2660.54,44,2024-07-30,,Active,
SUB-21401,CUST-11401,Scale,Monthly,3569.46,68,2024-07-30,,Active,
SUB-21402,CUST-11402,Enterprise Plus,Annual,7980.42,224,2024-07-31,,Active,
SUB-21403,CUST-11403,Starter,Annual,307.36,14,2024-07-31,,Active,
SUB-21404,CUST-11404,Starter,Annual,411.84,19,2024-07-31,,Active,
SUB-21405,CUST-11405,Scale,Annual,2276.77,53,2024-07-31,,Active,
SUB-21406,CUST-11406,Starter,Annual,618.89,14,2024-07-31,,Active,
SUB-21407,CUST-11407,Growth,Monthly,242.15,15,2024-08-01,,Active,
SUB-21408,CUST-11408,Starter,Monthly,461.82,24,2024-08-01,,Active,
SUB-21409,CUST-11409,Growth,Monthly,138.67,7,2024-08-01,,Active,
SUB-21410,CUST-11410,Growth,Annual,2181.49,73,2024-08-01,,Active,
SUB-21411,CUST-11411,Enterprise Plus,Monthly,17188.06,165,2024-08-01,2025-04-26,Churned,Support / SLA Frustration
SUB-21412,CUST-11412,Scale,Annual,2214.66,83,2024-08-01,,Active,
SUB-21413,CUST-11413,Scale,Monthly,13556.66,450,2024-08-01,,Active,
SUB-21414,CUST-11414,Growth,Monthly,178.76,8,2024-08-01,2024-12-30,Churned,Price / Budget Cuts
SUB-21415,CUST-11415,Starter,Annual,633.67,10,2024-08-01,,Active,
SUB-21416,CUST-11416,Enterprise Plus,Annual,6841.31,290,2024-08-01,,Active,
SUB-21417,CUST-11417,Enterprise Plus,Annual,11731.83,112,2024-08-02,2024-09-18,Churned,Support / SLA Frustration
SUB-21418,CUST-11418,Scale,Annual,3193.8,86,2024-08-02,,Active,
SUB-21419,CUST-11419,Starter,Annual,563.04,24,2024-08-02,,Active,
SUB-21420,CUST-11420,Growth,Annual,1354.35,46,2024-08-02,,Active,
SUB-21421,CUST-11421,Starter,Monthly,532.91,10,2024-08-02,2025-03-08,Churned,Switched Tool
SUB-21422,CUST-11422,Scale,Annual,16051.0,299,2024-08-02,,Active,
SUB-21423,CUST-11423,Enterprise Plus,Annual,8224.63,177,2024-08-02,,Active,
SUB-21424,CUST-11424,Starter,Monthly,500.52,20,2024-08-02,,Active,
SUB-21425,CUST-11425,Growth,Annual,625.62,15,2024-08-03,,Active,
SUB-21426,CUST-11426,Enterprise Plus,Annual,12768.09,159,2024-08-03,,Active,
SUB-21427,CUST-11427,Starter,Monthly,340.76,6,2024-08-03,2025-01-18,Churned,Support / SLA Frustration
SUB-21428,CUST-11428,Starter,Annual,355.13,22,2024-08-03,,Active,
SUB-21429,CUST-11429,Starter,Monthly,316.31,20,2024-08-03,2025-02-28,Churned,Support / SLA Frustration
SUB-21430,CUST-11430,Growth,Annual,1510.86,99,2024-08-04,2024-10-08,Churned,Support / SLA Frustration
SUB-21431,CUST-11431,Starter,Annual,291.49,8,2024-08-04,,Active,
SUB-21432,CUST-11432,Growth,Monthly,2337.68,72,2024-08-04,,Active,
SUB-21433,CUST-11433,Starter,Monthly,282.27,11,2024-08-04,2025-03-17,Churned,Support / SLA Frustration
SUB-21434,CUST-11434,Enterprise Plus,Annual,12832.5,440,2024-08-05,,Active,
SUB-21435,CUST-11435,Scale,Monthly,5572.52,239,2024-08-05,,Active,
SUB-21436,CUST-11436,Scale,Monthly,1179.53,84,2024-08-05,2025-01-09,Churned,Support / SLA Frustration
SUB-21437,CUST-11437,Growth,Annual,683.93,16,2024-08-05,2025-05-01,Churned,Switched Tool
SUB-21438,CUST-11438,Scale,Annual,3196.86,29,2024-08-05,2024-12-29,Churned,Support / SLA Frustration
SUB-21439,CUST-11439,Growth,Monthly,353.26,8,2024-08-05,2024-09-22,Churned,Competitor Alternative
SUB-21440,CUST-11440,Growth,Monthly,347.06,13,2024-08-05,,Active,
SUB-21441,CUST-11441,Enterprise Plus,Annual,5710.04,464,2024-08-06,,Active,
SUB-21442,CUST-11442,Starter,Monthly,248.77,22,2024-08-06,,Active,
SUB-21443,CUST-11443,Growth,Monthly,3454.22,27,2024-08-06,2025-06-23,Churned,Competitor Alternative
SUB-21444,CUST-11444,Growth,Monthly,534.52,12,2024-08-06,,Active,
SUB-21445,CUST-11445,Scale,Annual,963.6,96,2024-08-07,,Active,
SUB-21446,CUST-11446,Starter,Monthly,226.56,12,2024-08-07,,Active,
SUB-21447,CUST-11447,Growth,Annual,665.4,14,2024-08-07,2025-01-31,Churned,Price / Budget Cuts
SUB-21448,CUST-11448,Starter,Monthly,335.08,11,2024-08-07,,Active,
SUB-21449,CUST-11449,Growth,Monthly,246.49,21,2024-08-07,2024-12-15,Churned,Price / Budget Cuts
SUB-21450,CUST-11450,Scale,Annual,2427.3,77,2024-08-07,,Active,
SUB-21451,CUST-11451,Starter,Monthly,746.78,7,2024-08-08,,Active,
SUB-21452,CUST-11452,Starter,Monthly,552.95,22,2024-08-08,,Active,
SUB-21453,CUST-11453,Starter,Monthly,656.3,12,2024-08-08,,Active,
SUB-21454,CUST-11454,Enterprise Plus,Annual,14703.81,319,2024-08-08,,Active,
SUB-21455,CUST-11455,Starter,Monthly,559.07,5,2024-08-08,,Active,
SUB-21456,CUST-11456,Starter,Monthly,258.78,20,2024-08-08,2024-11-03,Churned,Support / SLA Frustration
SUB-21457,CUST-11457,Starter,Monthly,416.87,18,2024-08-08,,Active,
SUB-21458,CUST-11458,Scale,Annual,2049.76,30,2024-08-09,,Active,
SUB-21459,CUST-11459,Growth,Monthly,565.37,11,2024-08-09,2025-04-18,Churned,Support / SLA Frustration
SUB-21460,CUST-11460,Scale,Annual,3636.46,30,2024-08-09,,Active,
SUB-21461,CUST-11461,Starter,Monthly,498.1,5,2024-08-10,,Active,
SUB-21462,CUST-11462,Enterprise Plus,Annual,7865.25,294,2024-08-10,,Active,
SUB-21463,CUST-11463,Starter,Monthly,367.76,13,2024-08-10,,Active,
SUB-21464,CUST-11464,Starter,Monthly,696.17,22,2024-08-10,,Active,
SUB-21465,CUST-11465,Enterprise Plus,Annual,16662.62,149,2024-08-11,,Active,
SUB-21466,CUST-11466,Starter,Annual,233.28,21,2024-08-11,,Active,
SUB-21467,CUST-11467,Growth,Monthly,1571.22,61,2024-08-12,,Active,
SUB-21468,CUST-11468,Growth,Monthly,579.03,8,2024-08-12,,Active,
SUB-21469,CUST-11469,Growth,Monthly,454.24,17,2024-08-12,2025-03-15,Churned,Support / SLA Frustration
SUB-21470,CUST-11470,Starter,Monthly,536.87,6,2024-08-12,2025-01-22,Churned,Support / SLA Frustration
SUB-21471,CUST-11471,Starter,Monthly,306.48,11,2024-08-12,,Active,
SUB-21472,CUST-11472,Starter,Monthly,741.7,10,2024-08-13,,Active,
SUB-21473,CUST-11473,Growth,Monthly,939.14,92,2024-08-13,,Active,
SUB-21474,CUST-11474,Growth,Monthly,1012.95,35,2024-08-13,,Active,
SUB-21475,CUST-11475,Starter,Monthly,654.11,5,2024-08-13,,Active,
SUB-21476,CUST-11476,Starter,Annual,638.63,20,2024-08-13,,Active,
SUB-21477,CUST-11477,Starter,Annual,519.73,8,2024-08-13,,Active,
SUB-21478,CUST-11478,Starter,Monthly,744.47,22,2024-08-14,2025-04-20,Churned,Support / SLA Frustration
SUB-21479,CUST-11479,Growth,Annual,3795.32,66,2024-08-14,2024-10-10,Churned,Low Adoption & License Waste
SUB-21480,CUST-11480,Starter,Monthly,267.54,6,2024-08-14,,Active,
SUB-21481,CUST-11481,Enterprise Plus,Annual,9537.51,269,2024-08-14,,Active,
SUB-21482,CUST-11482,Starter,Monthly,259.22,12,2024-08-14,,Active,
SUB-21483,CUST-11483,Scale,Annual,14323.59,292,2024-08-14,,Active,
SUB-21484,CUST-11484,Growth,Monthly,2463.56,37,2024-08-14,,Active,
SUB-21485,CUST-11485,Growth,Annual,3749.59,88,2024-08-14,,Active,
SUB-21486,CUST-11486,Scale,Monthly,3032.9,92,2024-08-14,,Active,
SUB-21487,CUST-11487,Starter,Monthly,590.55,16,2024-08-15,,Active,
SUB-21488,CUST-11488,Growth,Annual,1821.55,44,2024-08-15,,Active,
SUB-21489,CUST-11489,Growth,Annual,3379.12,80,2024-08-15,,Active,
SUB-21490,CUST-11490,Scale,Monthly,2106.84,50,2024-08-15,,Active,
SUB-21491,CUST-11491,Growth,Monthly,1090.89,80,2024-08-15,,Active,
SUB-21492,CUST-11492,Growth,Monthly,2116.85,86,2024-08-15,,Active,
SUB-21493,CUST-11493,Scale,Annual,12539.51,499,2024-08-16,,Active,
SUB-21494,CUST-11494,Starter,Monthly,615.34,20,2024-08-16,,Active,
SUB-21495,CUST-11495,Starter,Monthly,240.91,24,2024-08-16,,Active,
SUB-21496,CUST-11496,Growth,Monthly,306.64,9,2024-08-16,2025-06-25,Churned,Support / SLA Frustration
SUB-21497,CUST-11497,Scale,Annual,3346.34,51,2024-08-16,,Active,
SUB-21498,CUST-11498,Growth,Monthly,1162.75,51,2024-08-17,,Active,
SUB-21499,CUST-11499,Growth,Monthly,595.61,20,2024-08-17,,Active,
SUB-21500,CUST-11500,Starter,Annual,429.5,12,2024-08-17,,Active,
SUB-21501,CUST-11501,Growth,Monthly,942.57,74,2024-08-17,,Active,
SUB-21502,CUST-11502,Scale,Annual,10011.86,436,2024-08-17,,Active,
SUB-21503,CUST-11503,Growth,Monthly,2867.67,42,2024-08-17,,Active,
SUB-21504,CUST-11504,Growth,Monthly,2385.46,36,2024-08-17,,Active,
SUB-21505,CUST-11505,Scale,Monthly,978.17,31,2024-08-17,,Active,
SUB-21506,CUST-11506,Starter,Annual,283.46,14,2024-08-17,,Active,
SUB-21507,CUST-11507,Starter,Monthly,505.63,22,2024-08-18,,Active,
SUB-21508,CUST-11508,Starter,Annual,411.87,21,2024-08-18,2025-02-13,Churned,Support / SLA Frustration
SUB-21509,CUST-11509,Starter,Annual,327.54,12,2024-08-18,,Active,
SUB-21510,CUST-11510,Starter,Annual,278.03,18,2024-08-18,,Active,
SUB-21511,CUST-11511,Starter,Monthly,457.87,15,2024-08-18,,Active,
SUB-21512,CUST-11512,Starter,Monthly,134.86,13,2024-08-18,,Active,
SUB-21513,CUST-11513,Enterprise Plus,Annual,7963.54,187,2024-08-18,,Active,
SUB-21514,CUST-11514,Growth,Annual,3739.0,51,2024-08-18,,Active,
SUB-21515,CUST-11515,Enterprise Plus,Annual,13254.72,479,2024-08-18,,Active,
SUB-21516,CUST-11516,Growth,Monthly,719.53,9,2024-08-19,,Active,
SUB-21517,CUST-11517,Starter,Monthly,513.21,24,2024-08-19,,Active,
SUB-21518,CUST-11518,Growth,Annual,3734.35,53,2024-08-19,,Active,
SUB-21519,CUST-11519,Growth,Annual,557.75,23,2024-08-19,,Active,
SUB-21520,CUST-11520,Enterprise Plus,Annual,4876.78,456,2024-08-19,,Active,
SUB-21521,CUST-11521,Growth,Annual,154.39,21,2024-08-19,,Active,
SUB-21522,CUST-11522,Scale,Annual,1774.41,83,2024-08-19,,Active,
SUB-21523,CUST-11523,Enterprise Plus,Monthly,10994.35,370,2024-08-19,,Active,
SUB-21524,CUST-11524,Growth,Monthly,2056.11,42,2024-08-20,,Active,
SUB-21525,CUST-11525,Growth,Monthly,2344.02,51,2024-08-20,,Active,
SUB-21526,CUST-11526,Growth,Annual,915.54,46,2024-08-20,,Active,
SUB-21527,CUST-11527,Scale,Monthly,3297.17,94,2024-08-20,,Active,
SUB-21528,CUST-11528,Starter,Monthly,167.04,6,2024-08-20,2025-04-10,Churned,Competitor Alternative
SUB-21529,CUST-11529,Starter,Monthly,253.11,10,2024-08-21,,Active,
SUB-21530,CUST-11530,Scale,Annual,2516.38,55,2024-08-21,,Active,
SUB-21531,CUST-11531,Starter,Annual,268.83,6,2024-08-21,,Active,
SUB-21532,CUST-11532,Starter,Monthly,334.04,12,2024-08-21,,Active,
SUB-21533,CUST-11533,Scale,Annual,1245.56,62,2024-08-21,,Active,
SUB-21534,CUST-11534,Scale,Monthly,2970.23,29,2024-08-21,,Active,
SUB-21535,CUST-11535,Enterprise Plus,Annual,14748.14,449,2024-08-21,,Active,
SUB-21536,CUST-11536,Growth,Annual,1634.94,32,2024-08-21,,Active,
SUB-21537,CUST-11537,Starter,Monthly,733.42,12,2024-08-21,,Active,
SUB-21538,CUST-11538,Growth,Annual,1401.82,39,2024-08-21,,Active,
SUB-21539,CUST-11539,Growth,Annual,748.36,15,2024-08-22,,Active,
SUB-21540,CUST-11540,Starter,Monthly,554.86,14,2024-08-22,,Active,
SUB-21541,CUST-11541,Enterprise Plus,Annual,16996.29,216,2024-08-22,,Active,
SUB-21542,CUST-11542,Starter,Monthly,174.29,8,2024-08-22,,Active,
SUB-21543,CUST-11543,Growth,Monthly,2079.1,83,2024-08-22,,Active,
SUB-21544,CUST-11544,Growth,Annual,474.64,19,2024-08-22,,Active,
SUB-21545,CUST-11545,Scale,Monthly,3044.87,29,2024-08-22,,Active,
SUB-21546,CUST-11546,Growth,Monthly,480.28,9,2024-08-22,2025-05-24,Churned,Price / Budget Cuts
SUB-21547,CUST-11547,Growth,Monthly,525.05,20,2024-08-22,2025-02-16,Churned,Competitor Alternative
SUB-21548,CUST-11548,Enterprise Plus,Annual,6508.38,441,2024-08-22,,Active,
SUB-21549,CUST-11549,Starter,Monthly,700.44,9,2024-08-23,,Active,
SUB-21550,CUST-11550,Starter,Monthly,593.04,13,2024-08-23,,Active,
SUB-21551,CUST-11551,Starter,Monthly,504.54,21,2024-08-23,2025-01-29,Churned,Low Adoption & License Waste
SUB-21552,CUST-11552,Starter,Monthly,616.08,13,2024-08-23,,Active,
SUB-21553,CUST-11553,Starter,Annual,622.18,11,2024-08-23,2025-02-03,Churned,Support / SLA Frustration
SUB-21554,CUST-11554,Growth,Annual,2346.34,77,2024-08-23,,Active,
SUB-21555,CUST-11555,Scale,Annual,2823.0,79,2024-08-23,,Active,
SUB-21556,CUST-11556,Starter,Annual,683.64,18,2024-08-23,,Active,
SUB-21557,CUST-11557,Scale,Annual,3271.83,67,2024-08-23,,Active,
SUB-21558,CUST-11558,Growth,Monthly,722.97,22,2024-08-24,,Active,
SUB-21559,CUST-11559,Starter,Monthly,167.29,22,2024-08-24,,Active,
SUB-21560,CUST-11560,Growth,Monthly,1010.4,82,2024-08-24,,Active,
SUB-21561,CUST-11561,Growth,Annual,3270.59,77,2024-08-24,,Active,
SUB-21562,CUST-11562,Starter,Monthly,146.41,18,2024-08-24,,Active,
SUB-21563,CUST-11563,Scale,Monthly,1550.68,51,2024-08-24,,Active,
SUB-21564,CUST-11564,Growth,Annual,473.76,13,2024-08-24,2025-02-11,Churned,Support / SLA Frustration
SUB-21565,CUST-11565,Scale,Monthly,1888.43,74,2024-08-24,2025-03-08,Churned,Low Adoption & License Waste
SUB-21566,CUST-11566,Starter,Monthly,291.32,15,2024-08-24,,Active,
SUB-21567,CUST-11567,Scale,Annual,5431.57,137,2024-08-24,,Active,
SUB-21568,CUST-11568,Starter,Annual,419.69,12,2024-08-25,,Active,
SUB-21569,CUST-11569,Scale,Monthly,3085.32,38,2024-08-25,,Active,
SUB-21570,CUST-11570,Growth,Monthly,418.74,13,2024-08-25,,Active,
SUB-21571,CUST-11571,Growth,Monthly,1863.49,68,2024-08-25,,Active,
SUB-21572,CUST-11572,Starter,Monthly,607.75,10,2024-08-25,2025-05-05,Churned,Low Adoption & License Waste
SUB-21573,CUST-11573,Starter,Monthly,474.38,17,2024-08-25,2025-01-22,Churned,Support / SLA Frustration
SUB-21574,CUST-11574,Growth,Annual,2843.77,60,2024-08-25,,Active,
SUB-21575,CUST-11575,Enterprise Plus,Monthly,4813.56,200,2024-08-26,,Active,
SUB-21576,CUST-11576,Scale,Annual,8221.64,495,2024-08-26,,Active,
SUB-21577,CUST-11577,Starter,Monthly,194.53,17,2024-08-26,2025-05-07,Churned,Support / SLA Frustration
SUB-21578,CUST-11578,Growth,Monthly,654.29,24,2024-08-26,,Active,
SUB-21579,CUST-11579,Starter,Monthly,544.32,21,2024-08-26,,Active,
SUB-21580,CUST-11580,Growth,Annual,1825.64,46,2024-08-26,,Active,
SUB-21581,CUST-11581,Scale,Annual,1883.32,70,2024-08-27,,Active,
SUB-21582,CUST-11582,Starter,Annual,447.78,13,2024-08-27,,Active,
SUB-21583,CUST-11583,Growth,Annual,2410.25,86,2024-08-27,,Active,
SUB-21584,CUST-11584,Growth,Annual,497.77,22,2024-08-27,,Active,
SUB-21585,CUST-11585,Enterprise Plus,Monthly,16690.21,183,2024-08-28,,Active,
SUB-21586,CUST-11586,Starter,Annual,243.51,23,2024-08-28,,Active,
SUB-21587,CUST-11587,Scale,Annual,2621.45,67,2024-08-28,,Active,
SUB-21588,CUST-11588,Growth,Monthly,3647.37,37,2024-08-28,2025-01-16,Churned,Low Adoption & License Waste
SUB-21589,CUST-11589,Starter,Annual,349.21,11,2024-08-28,,Active,
SUB-21590,CUST-11590,Starter,Monthly,597.43,12,2024-08-28,2025-04-03,Churned,Competitor Alternative
SUB-21591,CUST-11591,Starter,Monthly,655.37,9,2024-08-28,2025-03-25,Churned,Support / SLA Frustration
SUB-21592,CUST-11592,Enterprise Plus,Annual,5572.01,230,2024-08-28,,Active,
SUB-21593,CUST-11593,Enterprise Plus,Annual,6928.84,269,2024-08-28,,Active,
SUB-21594,CUST-11594,Growth,Monthly,736.92,6,2024-08-29,,Active,
SUB-21595,CUST-11595,Starter,Monthly,460.58,11,2024-08-29,,Active,
SUB-21596,CUST-11596,Growth,Annual,2144.94,38,2024-08-29,,Active,
SUB-21597,CUST-11597,Enterprise Plus,Annual,17805.3,436,2024-08-29,,Active,
SUB-21598,CUST-11598,Enterprise Plus,Annual,13565.46,185,2024-08-29,,Active,
SUB-21599,CUST-11599,Starter,Monthly,521.84,15,2024-08-29,2024-10-03,Churned,Switched Tool
SUB-21600,CUST-11600,Growth,Annual,2344.97,57,2024-08-29,2025-08-19,Churned,Support / SLA Frustration
SUB-21601,CUST-11601,Growth,Monthly,2735.21,79,2024-08-30,,Active,
SUB-21602,CUST-11602,Growth,Monthly,2577.21,27,2024-08-30,,Active,
SUB-21603,CUST-11603,Scale,Annual,2045.93,32,2024-08-30,,Active,
SUB-21604,CUST-11604,Scale,Annual,10250.0,420,2024-08-30,2025-01-20,Churned,Support / SLA Frustration
SUB-21605,CUST-11605,Starter,Monthly,278.28,17,2024-08-31,2025-08-04,Churned,Support / SLA Frustration
SUB-21606,CUST-11606,Enterprise Plus,Annual,9619.86,489,2024-08-31,2024-11-09,Churned,Support / SLA Frustration
SUB-21607,CUST-11607,Starter,Monthly,377.35,6,2024-08-31,,Active,
SUB-21608,CUST-11608,Growth,Annual,3443.17,70,2024-08-31,,Active,
SUB-21609,CUST-11609,Growth,Monthly,497.69,19,2024-08-31,,Active,
SUB-21610,CUST-11610,Growth,Annual,328.5,19,2024-08-31,,Active,
SUB-21611,CUST-11611,Growth,Monthly,522.0,8,2024-08-31,,Active,
SUB-21612,CUST-11612,Starter,Monthly,393.37,8,2024-08-31,,Active,
SUB-21613,CUST-11613,Scale,Annual,3015.76,71,2024-08-31,,Active,
SUB-21614,CUST-11614,Growth,Annual,1334.8,70,2024-09-01,,Active,
SUB-21615,CUST-11615,Starter,Annual,734.7,11,2024-09-01,,Active,
SUB-21616,CUST-11616,Starter,Annual,220.05,24,2024-09-01,,Active,
SUB-21617,CUST-11617,Starter,Monthly,668.95,17,2024-09-01,2025-04-13,Churned,Support / SLA Frustration
SUB-21618,CUST-11618,Starter,Monthly,592.33,9,2024-09-01,,Active,
SUB-21619,CUST-11619,Starter,Monthly,432.77,19,2024-09-01,,Active,
SUB-21620,CUST-11620,Scale,Monthly,1197.07,43,2024-09-01,,Active,
SUB-21621,CUST-11621,Enterprise Plus,Annual,17426.81,262,2024-09-02,2024-11-26,Churned,Support / SLA Frustration
SUB-21622,CUST-11622,Starter,Monthly,450.28,12,2024-09-02,2025-07-19,Churned,Switched Tool
SUB-21623,CUST-11623,Starter,Monthly,666.58,18,2024-09-02,2025-07-17,Churned,Support / SLA Frustration
SUB-21624,CUST-11624,Growth,Annual,3267.38,95,2024-09-02,,Active,
SUB-21625,CUST-11625,Starter,Monthly,378.78,15,2024-09-02,,Active,
SUB-21626,CUST-11626,Scale,Annual,2437.97,41,2024-09-02,,Active,
SUB-21627,CUST-11627,Starter,Monthly,137.15,16,2024-09-02,,Active,
SUB-21628,CUST-11628,Scale,Annual,6411.35,394,2024-09-02,,Active,
SUB-21629,CUST-11629,Scale,Monthly,3542.58,46,2024-09-03,,Active,
SUB-21630,CUST-11630,Starter,Monthly,499.82,5,2024-09-03,2025-05-19,Churned,Support / SLA Frustration
SUB-21631,CUST-11631,Growth,Monthly,3544.3,92,2024-09-03,2025-05-12,Churned,Support / SLA Frustration
SUB-21632,CUST-11632,Starter,Monthly,147.22,14,2024-09-03,2025-03-26,Churned,Switched Tool
SUB-21633,CUST-11633,Growth,Monthly,434.36,6,2024-09-03,,Active,
SUB-21634,CUST-11634,Starter,Monthly,264.66,11,2024-09-03,,Active,
SUB-21635,CUST-11635,Scale,Monthly,3545.39,54,2024-09-03,,Active,
SUB-21636,CUST-11636,Growth,Annual,3590.48,82,2024-09-03,,Active,
SUB-21637,CUST-11637,Scale,Annual,3196.36,57,2024-09-03,,Active,
SUB-21638,CUST-11638,Starter,Annual,547.08,12,2024-09-03,,Active,
SUB-21639,CUST-11639,Growth,Monthly,133.66,18,2024-09-03,,Active,
SUB-21640,CUST-11640,Starter,Monthly,513.58,22,2024-09-03,,Active,
SUB-21641,CUST-11641,Starter,Monthly,613.27,13,2024-09-04,2024-11-13,Churned,Price / Budget Cuts
SUB-21642,CUST-11642,Starter,Monthly,139.62,22,2024-09-04,,Active,
SUB-21643,CUST-11643,Growth,Annual,738.14,8,2024-09-04,,Active,
SUB-21644,CUST-11644,Enterprise Plus,Annual,14802.48,282,2024-09-05,,Active,
SUB-21645,CUST-11645,Growth,Annual,289.79,6,2024-09-05,,Active,
SUB-21646,CUST-11646,Enterprise Plus,Annual,13875.43,428,2024-09-05,,Active,
SUB-21647,CUST-11647,Growth,Annual,682.6,8,2024-09-05,,Active,
SUB-21648,CUST-11648,Growth,Monthly,125.36,9,2024-09-05,,Active,
SUB-21649,CUST-11649,Starter,Monthly,698.7,12,2024-09-05,,Active,
SUB-21650,CUST-11650,Enterprise Plus,Annual,17518.76,394,2024-09-06,,Active,
SUB-21651,CUST-11651,Scale,Annual,2599.81,35,2024-09-06,2025-04-13,Churned,Support / SLA Frustration
SUB-21652,CUST-11652,Growth,Monthly,3006.05,27,2024-09-06,,Active,
SUB-21653,CUST-11653,Growth,Monthly,1128.6,62,2024-09-06,,Active,
SUB-21654,CUST-11654,Enterprise Plus,Annual,14763.61,330,2024-09-07,,Active,
SUB-21655,CUST-11655,Growth,Annual,644.96,6,2024-09-07,,Active,
SUB-21656,CUST-11656,Starter,Annual,671.89,19,2024-09-07,,Active,
SUB-21657,CUST-11657,Growth,Annual,1744.62,35,2024-09-07,,Active,
SUB-21658,CUST-11658,Scale,Monthly,3631.66,96,2024-09-07,2025-02-26,Churned,Support / SLA Frustration
SUB-21659,CUST-11659,Scale,Annual,1941.09,63,2024-09-07,2025-05-28,Churned,Internal Restructuring
SUB-21660,CUST-11660,Starter,Monthly,725.15,22,2024-09-08,2024-12-06,Churned,Switched Tool
SUB-21661,CUST-11661,Starter,Monthly,644.86,21,2024-09-08,,Active,
SUB-21662,CUST-11662,Starter,Monthly,543.38,14,2024-09-08,,Active,
SUB-21663,CUST-11663,Growth,Monthly,2865.77,37,2024-09-08,,Active,
SUB-21664,CUST-11664,Growth,Monthly,678.73,9,2024-09-08,,Active,
SUB-21665,CUST-11665,Growth,Annual,498.43,18,2024-09-08,2025-05-20,Churned,Support / SLA Frustration
SUB-21666,CUST-11666,Growth,Annual,3483.64,73,2024-09-08,,Active,
SUB-21667,CUST-11667,Starter,Annual,124.62,7,2024-09-08,,Active,
SUB-21668,CUST-11668,Enterprise Plus,Annual,17556.07,114,2024-09-09,,Active,
SUB-21669,CUST-11669,Starter,Annual,612.7,12,2024-09-09,2025-01-17,Churned,Support / SLA Frustration
SUB-21670,CUST-11670,Growth,Monthly,1712.35,74,2024-09-09,,Active,
SUB-21671,CUST-11671,Starter,Monthly,745.25,12,2024-09-09,,Active,
SUB-21672,CUST-11672,Starter,Monthly,484.37,5,2024-09-09,,Active,
SUB-21673,CUST-11673,Growth,Annual,227.62,7,2024-09-09,,Active,
SUB-21674,CUST-11674,Starter,Annual,154.67,13,2024-09-10,,Active,
SUB-21675,CUST-11675,Growth,Annual,2810.25,41,2024-09-10,,Active,
SUB-21676,CUST-11676,Scale,Annual,8690.85,227,2024-09-10,,Active,
SUB-21677,CUST-11677,Growth,Monthly,2687.79,95,2024-09-11,,Active,
SUB-21678,CUST-11678,Growth,Annual,1518.9,81,2024-09-11,,Active,
SUB-21679,CUST-11679,Starter,Monthly,385.43,18,2024-09-11,2024-12-14,Churned,Competitor Alternative
SUB-21680,CUST-11680,Scale,Monthly,1386.62,44,2024-09-11,2024-11-22,Churned,Support / SLA Frustration
SUB-21681,CUST-11681,Growth,Monthly,405.41,19,2024-09-11,,Active,
SUB-21682,CUST-11682,Starter,Monthly,487.9,14,2024-09-11,2025-03-17,Churned,Low Adoption & License Waste
SUB-21683,CUST-11683,Starter,Monthly,505.99,17,2024-09-11,,Active,
SUB-21684,CUST-11684,Enterprise Plus,Annual,9633.85,376,2024-09-12,,Active,
SUB-21685,CUST-11685,Starter,Annual,414.42,19,2024-09-12,,Active,
SUB-21686,CUST-11686,Starter,Monthly,404.06,24,2024-09-12,,Active,
SUB-21687,CUST-11687,Growth,Annual,2147.03,65,2024-09-12,,Active,
SUB-21688,CUST-11688,Starter,Annual,543.4,12,2024-09-12,2025-03-08,Churned,Price / Budget Cuts
SUB-21689,CUST-11689,Starter,Monthly,599.43,12,2024-09-12,,Active,
SUB-21690,CUST-11690,Growth,Annual,3425.34,90,2024-09-12,,Active,
SUB-21691,CUST-11691,Starter,Annual,225.58,12,2024-09-12,,Active,
SUB-21692,CUST-11692,Growth,Monthly,1860.98,75,2024-09-12,,Active,
SUB-21693,CUST-11693,Enterprise Plus,Annual,6640.63,331,2024-09-12,,Active,
SUB-21694,CUST-11694,Growth,Monthly,1915.88,56,2024-09-13,,Active,
SUB-21695,CUST-11695,Enterprise Plus,Annual,14206.72,116,2024-09-13,,Active,
SUB-21696,CUST-11696,Enterprise Plus,Annual,8755.32,364,2024-09-13,,Active,
SUB-21697,CUST-11697,Scale,Annual,13990.59,360,2024-09-13,,Active,
SUB-21698,CUST-11698,Starter,Monthly,212.77,10,2024-09-13,,Active,
SUB-21699,CUST-11699,Starter,Annual,746.0,8,2024-09-13,,Active,
SUB-21700,CUST-11700,Growth,Monthly,746.51,13,2024-09-14,2025-02-05,Churned,Support / SLA Frustration
SUB-21701,CUST-11701,Scale,Monthly,1401.39,60,2024-09-14,,Active,
SUB-21702,CUST-11702,Growth,Monthly,2586.08,40,2024-09-14,,Active,
SUB-21703,CUST-11703,Growth,Annual,627.92,5,2024-09-14,,Active,
SUB-21704,CUST-11704,Scale,Annual,1628.55,79,2024-09-14,,Active,
SUB-21705,CUST-11705,Scale,Annual,16855.85,119,2024-09-14,,Active,
SUB-21706,CUST-11706,Growth,Annual,199.88,7,2024-09-15,,Active,
SUB-21707,CUST-11707,Scale,Annual,3500.61,99,2024-09-15,,Active,
SUB-21708,CUST-11708,Starter,Monthly,610.83,12,2024-09-15,2024-10-23,Churned,Support / SLA Frustration
SUB-21709,CUST-11709,Starter,Monthly,606.29,20,2024-09-15,2025-03-18,Churned,Competitor Alternative
SUB-21710,CUST-11710,Growth,Annual,3569.63,28,2024-09-15,,Active,
SUB-21711,CUST-11711,Enterprise Plus,Annual,15811.65,462,2024-09-15,,Active,
SUB-21712,CUST-11712,Starter,Annual,422.83,10,2024-09-15,,Active,
SUB-21713,CUST-11713,Growth,Monthly,1508.5,51,2024-09-15,2025-03-30,Churned,Competitor Alternative
SUB-21714,CUST-11714,Enterprise Plus,Annual,8904.72,365,2024-09-15,,Active,
SUB-21715,CUST-11715,Growth,Monthly,270.88,5,2024-09-15,2025-04-09,Churned,Support / SLA Frustration
SUB-21716,CUST-11716,Enterprise Plus,Annual,13917.66,130,2024-09-16,,Active,
SUB-21717,CUST-11717,Starter,Monthly,365.49,8,2024-09-16,,Active,
SUB-21718,CUST-11718,Starter,Monthly,150.79,16,2024-09-16,,Active,
SUB-21719,CUST-11719,Scale,Monthly,2785.1,72,2024-09-16,,Active,
SUB-21720,CUST-11720,Scale,Annual,12856.42,107,2024-09-16,,Active,
SUB-21721,CUST-11721,Enterprise Plus,Annual,7728.86,339,2024-09-16,,Active,
SUB-21722,CUST-11722,Growth,Annual,2242.62,93,2024-09-16,,Active,
SUB-21723,CUST-11723,Enterprise Plus,Annual,4977.24,131,2024-09-16,,Active,
SUB-21724,CUST-11724,Starter,Monthly,340.66,9,2024-09-17,,Active,
SUB-21725,CUST-11725,Enterprise Plus,Annual,7827.65,272,2024-09-17,,Active,
SUB-21726,CUST-11726,Starter,Monthly,332.84,12,2024-09-17,,Active,
SUB-21727,CUST-11727,Growth,Monthly,641.46,22,2024-09-17,2025-03-02,Churned,Support / SLA Frustration
SUB-21728,CUST-11728,Starter,Monthly,471.02,20,2024-09-17,,Active,
SUB-21729,CUST-11729,Starter,Annual,630.04,20,2024-09-17,,Active,
SUB-21730,CUST-11730,Scale,Annual,1687.69,47,2024-09-17,,Active,
SUB-21731,CUST-11731,Starter,Annual,362.79,8,2024-09-17,,Active,
SUB-21732,CUST-11732,Starter,Monthly,658.53,5,2024-09-17,,Active,
SUB-21733,CUST-11733,Growth,Annual,1147.22,77,2024-09-17,,Active,
SUB-21734,CUST-11734,Enterprise Plus,Annual,10902.26,443,2024-09-17,,Active,
SUB-21735,CUST-11735,Starter,Annual,204.74,20,2024-09-17,,Active,
SUB-21736,CUST-11736,Growth,Annual,2707.02,30,2024-09-18,,Active,
SUB-21737,CUST-11737,Growth,Annual,900.7,77,2024-09-18,2025-05-30,Churned,Leadership Transition
SUB-21738,CUST-11738,Growth,Annual,1575.71,85,2024-09-18,,Active,
SUB-21739,CUST-11739,Growth,Monthly,2212.99,42,2024-09-18,,Active,
SUB-21740,CUST-11740,Growth,Monthly,202.52,13,2024-09-18,2025-07-15,Churned,Price / Budget Cuts
SUB-21741,CUST-11741,Starter,Annual,708.07,22,2024-09-18,2025-08-03,Churned,Switched Tool
SUB-21742,CUST-11742,Starter,Monthly,600.26,9,2024-09-18,,Active,
SUB-21743,CUST-11743,Enterprise Plus,Annual,13328.63,382,2024-09-19,,Active,
SUB-21744,CUST-11744,Scale,Monthly,1904.85,90,2024-09-19,2024-10-22,Churned,Support / SLA Frustration
SUB-21745,CUST-11745,Growth,Annual,1041.1,73,2024-09-19,,Active,
SUB-21746,CUST-11746,Scale,Annual,13228.99,111,2024-09-19,,Active,
SUB-21747,CUST-11747,Scale,Monthly,2817.25,27,2024-09-19,,Active,
SUB-21748,CUST-11748,Growth,Monthly,358.42,11,2024-09-19,2024-10-20,Churned,Switched Tool
SUB-21749,CUST-11749,Enterprise Plus,Monthly,7902.8,140,2024-09-20,,Active,
SUB-21750,CUST-11750,Growth,Annual,693.93,11,2024-09-20,,Active,
SUB-21751,CUST-11751,Growth,Annual,3516.54,81,2024-09-20,,Active,
SUB-21752,CUST-11752,Enterprise Plus,Annual,6993.37,223,2024-09-20,2024-11-26,Churned,Support / SLA Frustration
SUB-21753,CUST-11753,Growth,Monthly,3586.73,53,2024-09-20,,Active,
SUB-21754,CUST-11754,Growth,Monthly,216.0,22,2024-09-20,,Active,
SUB-21755,CUST-11755,Starter,Monthly,304.93,11,2024-09-20,2025-05-28,Churned,Low Adoption & License Waste
SUB-21756,CUST-11756,Starter,Monthly,632.48,6,2024-09-21,2025-03-20,Churned,Support / SLA Frustration
SUB-21757,CUST-11757,Scale,Monthly,3375.81,29,2024-09-21,,Active,
SUB-21758,CUST-11758,Enterprise Plus,Annual,5936.86,295,2024-09-21,,Active,
SUB-21759,CUST-11759,Starter,Annual,309.17,24,2024-09-21,,Active,
SUB-21760,CUST-11760,Growth,Annual,2455.01,75,2024-09-21,,Active,
SUB-21761,CUST-11761,Growth,Monthly,143.2,12,2024-09-22,2024-12-24,Churned,Support / SLA Frustration
SUB-21762,CUST-11762,Enterprise Plus,Monthly,12629.7,120,2024-09-22,,Active,
SUB-21763,CUST-11763,Growth,Annual,3070.76,29,2024-09-22,,Active,
SUB-21764,CUST-11764,Growth,Annual,2241.68,55,2024-09-22,,Active,
SUB-21765,CUST-11765,Growth,Monthly,1970.88,66,2024-09-22,,Active,
SUB-21766,CUST-11766,Starter,Monthly,506.69,14,2024-09-22,,Active,
SUB-21767,CUST-11767,Scale,Monthly,3230.36,58,2024-09-22,2024-11-09,Churned,Low Adoption & License Waste
SUB-21768,CUST-11768,Growth,Monthly,1541.61,53,2024-09-22,,Active,
SUB-21769,CUST-11769,Scale,Annual,2167.22,69,2024-09-22,,Active,
SUB-21770,CUST-11770,Scale,Monthly,1714.15,63,2024-09-22,,Active,
SUB-21771,CUST-11771,Starter,Annual,608.16,7,2024-09-23,,Active,
SUB-21772,CUST-11772,Starter,Monthly,639.03,20,2024-09-23,2025-08-31,Churned,Support / SLA Frustration
SUB-21773,CUST-11773,Growth,Monthly,195.97,15,2024-09-23,2025-03-06,Churned,Low Adoption & License Waste
SUB-21774,CUST-11774,Starter,Monthly,645.45,14,2024-09-23,,Active,
SUB-21775,CUST-11775,Growth,Annual,1563.0,91,2024-09-24,2025-06-28,Churned,Internal Restructuring
SUB-21776,CUST-11776,Starter,Monthly,439.19,18,2024-09-24,,Active,
SUB-21777,CUST-11777,Scale,Monthly,3621.03,98,2024-09-24,2025-08-01,Churned,Support / SLA Frustration
SUB-21778,CUST-11778,Scale,Monthly,3604.6,55,2024-09-24,,Active,
SUB-21779,CUST-11779,Growth,Monthly,689.61,21,2024-09-24,,Active,
SUB-21780,CUST-11780,Enterprise Plus,Annual,9008.41,406,2024-09-24,,Active,
SUB-21781,CUST-11781,Starter,Monthly,476.2,17,2024-09-24,,Active,
SUB-21782,CUST-11782,Scale,Monthly,3180.27,68,2024-09-24,,Active,
SUB-21783,CUST-11783,Growth,Monthly,252.22,23,2024-09-24,,Active,
SUB-21784,CUST-11784,Starter,Monthly,414.4,12,2024-09-24,,Active,
SUB-21785,CUST-11785,Starter,Annual,406.47,14,2024-09-25,,Active,
SUB-21786,CUST-11786,Starter,Monthly,723.11,18,2024-09-25,,Active,
SUB-21787,CUST-11787,Growth,Monthly,514.96,6,2024-09-25,2025-09-14,Churned,Support / SLA Frustration
SUB-21788,CUST-11788,Scale,Annual,9842.12,419,2024-09-25,,Active,
SUB-21789,CUST-11789,Starter,Monthly,732.57,7,2024-09-25,2025-09-13,Churned,Support / SLA Frustration
SUB-21790,CUST-11790,Growth,Monthly,1785.92,45,2024-09-25,,Active,
SUB-21791,CUST-11791,Growth,Monthly,607.5,15,2024-09-26,,Active,
SUB-21792,CUST-11792,Starter,Monthly,411.59,15,2024-09-26,,Active,
SUB-21793,CUST-11793,Starter,Monthly,595.36,18,2024-09-26,2025-04-22,Churned,Support / SLA Frustration
SUB-21794,CUST-11794,Enterprise Plus,Annual,5595.65,430,2024-09-26,,Active,
SUB-21795,CUST-11795,Enterprise Plus,Annual,5293.93,412,2024-09-26,,Active,
SUB-21796,CUST-11796,Starter,Monthly,294.85,23,2024-09-26,2025-02-13,Churned,Price / Budget Cuts
SUB-21797,CUST-11797,Enterprise Plus,Monthly,8537.59,254,2024-09-26,,Active,
SUB-21798,CUST-11798,Enterprise Plus,Annual,12309.77,255,2024-09-26,,Active,
SUB-21799,CUST-11799,Enterprise Plus,Annual,10402.4,379,2024-09-26,,Active,
SUB-21800,CUST-11800,Starter,Annual,564.22,15,2024-09-26,,Active,
SUB-21801,CUST-11801,Starter,Monthly,699.53,7,2024-09-26,,Active,
SUB-21802,CUST-11802,Growth,Monthly,1105.24,26,2024-09-26,,Active,
SUB-21803,CUST-11803,Growth,Monthly,1366.09,87,2024-09-27,,Active,
SUB-21804,CUST-11804,Scale,Annual,2395.89,97,2024-09-27,,Active,
SUB-21805,CUST-11805,Starter,Monthly,513.43,7,2024-09-27,,Active,
SUB-21806,CUST-11806,Starter,Annual,324.56,6,2024-09-27,,Active,
SUB-21807,CUST-11807,Scale,Monthly,1077.78,57,2024-09-27,,Active,
SUB-21808,CUST-11808,Growth,Annual,1836.48,54,2024-09-27,,Active,
SUB-21809,CUST-11809,Enterprise Plus,Annual,11199.75,198,2024-09-27,,Active,
SUB-21810,CUST-11810,Starter,Monthly,171.48,24,2024-09-28,,Active,
SUB-21811,CUST-11811,Starter,Monthly,749.63,7,2024-09-28,2025-02-22,Churned,Price / Budget Cuts
SUB-21812,CUST-11812,Growth,Monthly,993.35,76,2024-09-28,,Active,
SUB-21813,CUST-11813,Scale,Annual,6661.03,462,2024-09-28,,Active,
SUB-21814,CUST-11814,Scale,Annual,12432.95,238,2024-09-28,,Active,
SUB-21815,CUST-11815,Starter,Annual,591.39,17,2024-09-29,,Active,
SUB-21816,CUST-11816,Growth,Annual,2621.01,83,2024-09-29,,Active,
SUB-21817,CUST-11817,Starter,Annual,255.04,18,2024-09-29,,Active,
SUB-21818,CUST-11818,Growth,Annual,312.88,6,2024-09-29,2025-07-14,Churned,Support / SLA Frustration
SUB-21819,CUST-11819,Growth,Annual,3570.5,31,2024-09-29,,Active,
SUB-21820,CUST-11820,Scale,Annual,3252.66,63,2024-09-29,,Active,
SUB-21821,CUST-11821,Scale,Monthly,5616.91,339,2024-09-29,2025-02-04,Churned,Support / SLA Frustration
SUB-21822,CUST-11822,Growth,Annual,468.95,21,2024-09-29,,Active,
SUB-21823,CUST-11823,Growth,Monthly,295.35,18,2024-09-30,,Active,
SUB-21824,CUST-11824,Growth,Monthly,658.18,6,2024-09-30,,Active,
SUB-21825,CUST-11825,Starter,Monthly,720.95,14,2024-09-30,,Active,
SUB-21826,CUST-11826,Enterprise Plus,Monthly,16689.28,463,2024-09-30,,Active,
SUB-21827,CUST-11827,Growth,Monthly,557.84,5,2024-09-30,,Active,
SUB-21828,CUST-11828,Starter,Annual,134.83,7,2024-09-30,2025-05-10,Churned,Support / SLA Frustration
SUB-21829,CUST-11829,Scale,Monthly,1805.01,84,2024-09-30,2024-12-30,Churned,Competitor Alternative
SUB-21830,CUST-11830,Starter,Annual,677.24,11,2024-09-30,2025-01-22,Churned,Support / SLA Frustration
SUB-21831,CUST-11831,Starter,Monthly,435.04,21,2024-10-01,2025-01-21,Churned,Low Adoption & License Waste
SUB-21832,CUST-11832,Starter,Monthly,164.24,15,2024-10-01,,Active,
SUB-21833,CUST-11833,Growth,Monthly,266.23,7,2024-10-01,,Active,
SUB-21834,CUST-11834,Growth,Annual,425.7,20,2024-10-01,,Active,
SUB-21835,CUST-11835,Starter,Annual,426.84,23,2024-10-01,,Active,
SUB-21836,CUST-11836,Enterprise Plus,Annual,9039.56,175,2024-10-01,,Active,
SUB-21837,CUST-11837,Growth,Annual,1712.64,65,2024-10-01,,Active,
SUB-21838,CUST-11838,Growth,Monthly,223.75,20,2024-10-01,,Active,
SUB-21839,CUST-11839,Scale,Annual,1070.73,73,2024-10-01,,Active,
SUB-21840,CUST-11840,Growth,Annual,1028.75,36,2024-10-01,,Active,
SUB-21841,CUST-11841,Scale,Monthly,2430.35,95,2024-10-01,,Active,
SUB-21842,CUST-11842,Scale,Monthly,1719.69,69,2024-10-01,2025-09-23,Churned,Support / SLA Frustration
SUB-21843,CUST-11843,Starter,Monthly,140.94,9,2024-10-01,,Active,
SUB-21844,CUST-11844,Starter,Monthly,651.11,12,2024-10-01,2025-06-07,Churned,Price / Budget Cuts
SUB-21845,CUST-11845,Scale,Monthly,2377.64,42,2024-10-01,2025-05-31,Churned,Competitor Alternative
SUB-21846,CUST-11846,Enterprise Plus,Annual,13800.33,348,2024-10-01,,Active,
SUB-21847,CUST-11847,Growth,Annual,2149.02,90,2024-10-02,2025-08-05,Churned,Competitor Alternative
SUB-21848,CUST-11848,Growth,Monthly,313.91,12,2024-10-02,,Active,
SUB-21849,CUST-11849,Starter,Monthly,327.52,13,2024-10-02,,Active,
SUB-21850,CUST-11850,Scale,Annual,2541.91,38,2024-10-03,2025-08-08,Churned,Support / SLA Frustration
SUB-21851,CUST-11851,Starter,Monthly,471.99,10,2024-10-03,,Active,
SUB-21852,CUST-11852,Starter,Monthly,480.73,5,2024-10-03,,Active,
SUB-21853,CUST-11853,Starter,Monthly,613.56,5,2024-10-03,,Active,
SUB-21854,CUST-11854,Growth,Monthly,353.43,24,2024-10-03,,Active,
SUB-21855,CUST-11855,Growth,Annual,1830.85,64,2024-10-03,,Active,
SUB-21856,CUST-11856,Starter,Annual,536.52,17,2024-10-03,,Active,
SUB-21857,CUST-11857,Scale,Annual,1762.05,73,2024-10-03,,Active,
SUB-21858,CUST-11858,Starter,Monthly,157.19,11,2024-10-03,,Active,
SUB-21859,CUST-11859,Growth,Monthly,526.2,22,2024-10-04,2025-08-31,Churned,Support / SLA Frustration
SUB-21860,CUST-11860,Growth,Monthly,737.22,18,2024-10-04,2025-08-13,Churned,Competitor Alternative
SUB-21861,CUST-11861,Starter,Monthly,688.52,10,2024-10-04,2025-03-13,Churned,Support / SLA Frustration
SUB-21862,CUST-11862,Growth,Annual,1217.6,48,2024-10-04,,Active,
SUB-21863,CUST-11863,Growth,Monthly,226.46,20,2024-10-04,,Active,
SUB-21864,CUST-11864,Starter,Monthly,348.13,22,2024-10-04,,Active,
SUB-21865,CUST-11865,Starter,Annual,310.72,19,2024-10-05,,Active,
SUB-21866,CUST-11866,Enterprise Plus,Annual,6009.09,364,2024-10-05,,Active,
SUB-21867,CUST-11867,Scale,Annual,3344.12,98,2024-10-05,,Active,
SUB-21868,CUST-11868,Scale,Annual,4572.18,385,2024-10-06,,Active,
SUB-21869,CUST-11869,Starter,Annual,593.9,21,2024-10-06,,Active,
SUB-21870,CUST-11870,Starter,Annual,330.47,17,2024-10-06,,Active,
SUB-21871,CUST-11871,Scale,Annual,2584.17,84,2024-10-06,2025-03-23,Churned,Support / SLA Frustration
SUB-21872,CUST-11872,Starter,Monthly,445.22,22,2024-10-06,2025-05-14,Churned,Support / SLA Frustration
SUB-21873,CUST-11873,Starter,Monthly,200.62,21,2024-10-06,,Active,
SUB-21874,CUST-11874,Starter,Monthly,738.25,23,2024-10-06,,Active,
SUB-21875,CUST-11875,Growth,Annual,681.49,11,2024-10-06,,Active,
SUB-21876,CUST-11876,Starter,Monthly,440.79,7,2024-10-06,,Active,
SUB-21877,CUST-11877,Starter,Monthly,357.92,12,2024-10-07,,Active,
SUB-21878,CUST-11878,Growth,Monthly,1041.4,58,2024-10-07,,Active,
SUB-21879,CUST-11879,Starter,Monthly,180.51,13,2024-10-07,,Active,
SUB-21880,CUST-11880,Starter,Monthly,255.76,17,2024-10-07,2025-06-17,Churned,Support / SLA Frustration
SUB-21881,CUST-11881,Starter,Monthly,493.6,17,2024-10-07,,Active,
SUB-21882,CUST-11882,Starter,Monthly,253.99,17,2024-10-08,,Active,
SUB-21883,CUST-11883,Growth,Monthly,676.39,7,2024-10-08,,Active,
SUB-21884,CUST-11884,Scale,Annual,2001.21,59,2024-10-08,,Active,
SUB-21885,CUST-11885,Scale,Monthly,2290.81,64,2024-10-08,,Active,
SUB-21886,CUST-11886,Scale,Annual,9171.23,323,2024-10-08,,Active,
SUB-21887,CUST-11887,Growth,Monthly,2979.38,42,2024-10-08,2024-12-01,Churned,Support / SLA Frustration
SUB-21888,CUST-11888,Growth,Annual,571.18,7,2024-10-09,,Active,
SUB-21889,CUST-11889,Growth,Monthly,395.47,18,2024-10-09,,Active,
SUB-21890,CUST-11890,Scale,Annual,12821.94,438,2024-10-09,2025-06-08,Churned,Support / SLA Frustration
SUB-21891,CUST-11891,Growth,Annual,2404.34,71,2024-10-09,,Active,
SUB-21892,CUST-11892,Starter,Monthly,449.77,5,2024-10-09,2025-04-26,Churned,Switched Tool
SUB-21893,CUST-11893,Growth,Annual,2923.4,41,2024-10-09,,Active,
SUB-21894,CUST-11894,Growth,Monthly,455.46,5,2024-10-09,,Active,
SUB-21895,CUST-11895,Growth,Monthly,243.14,23,2024-10-09,2025-01-27,Churned,Low Adoption & License Waste
SUB-21896,CUST-11896,Starter,Monthly,635.96,19,2024-10-09,,Active,
SUB-21897,CUST-11897,Scale,Monthly,3784.37,38,2024-10-09,,Active,
SUB-21898,CUST-11898,Growth,Monthly,3025.84,65,2024-10-09,,Active,
SUB-21899,CUST-11899,Starter,Monthly,725.35,13,2024-10-10,2025-06-07,Churned,Support / SLA Frustration
SUB-21900,CUST-11900,Starter,Annual,269.5,18,2024-10-10,2025-05-29,Churned,Low Adoption & License Waste
SUB-21901,CUST-11901,Enterprise Plus,Annual,11969.0,378,2024-10-10,,Active,
SUB-21902,CUST-11902,Starter,Monthly,570.61,21,2024-10-10,2025-01-04,Churned,Support / SLA Frustration
SUB-21903,CUST-11903,Enterprise Plus,Annual,8574.07,185,2024-10-10,,Active,
SUB-21904,CUST-11904,Starter,Monthly,142.6,10,2024-10-10,2025-02-26,Churned,Low Adoption & License Waste
SUB-21905,CUST-11905,Scale,Monthly,1113.31,46,2024-10-10,,Active,
SUB-21906,CUST-11906,Starter,Monthly,383.33,19,2024-10-10,,Active,
SUB-21907,CUST-11907,Growth,Annual,1312.88,34,2024-10-11,,Active,
SUB-21908,CUST-11908,Scale,Annual,2428.56,80,2024-10-11,,Active,
SUB-21909,CUST-11909,Scale,Annual,15734.0,444,2024-10-11,,Active,
SUB-21910,CUST-11910,Growth,Annual,3095.0,47,2024-10-11,,Active,
SUB-21911,CUST-11911,Starter,Monthly,364.03,6,2024-10-11,2024-11-15,Churned,Switched Tool
SUB-21912,CUST-11912,Starter,Monthly,443.66,6,2024-10-11,,Active,
SUB-21913,CUST-11913,Growth,Monthly,1068.48,29,2024-10-11,,Active,
SUB-21914,CUST-11914,Growth,Annual,3610.86,68,2024-10-11,,Active,
SUB-21915,CUST-11915,Starter,Monthly,356.21,7,2024-10-11,,Active,
SUB-21916,CUST-11916,Starter,Monthly,152.68,10,2024-10-11,2025-04-23,Churned,Support / SLA Frustration
SUB-21917,CUST-11917,Starter,Annual,550.14,21,2024-10-11,,Active,
SUB-21918,CUST-11918,Scale,Monthly,3557.71,29,2024-10-11,,Active,
SUB-21919,CUST-11919,Growth,Annual,1980.11,56,2024-10-12,,Active,
SUB-21920,CUST-11920,Starter,Annual,440.79,23,2024-10-12,,Active,
SUB-21921,CUST-11921,Enterprise Plus,Annual,14033.26,216,2024-10-12,,Active,
SUB-21922,CUST-11922,Starter,Monthly,576.0,21,2024-10-12,,Active,
SUB-21923,CUST-11923,Growth,Annual,1800.39,34,2024-10-12,,Active,
SUB-21924,CUST-11924,Growth,Monthly,136.99,18,2024-10-13,,Active,
SUB-21925,CUST-11925,Enterprise Plus,Monthly,15557.43,168,2024-10-13,2025-01-20,Churned,Support / SLA Frustration
SUB-21926,CUST-11926,Growth,Monthly,237.84,18,2024-10-13,,Active,
SUB-21927,CUST-11927,Growth,Annual,2775.11,72,2024-10-13,,Active,
SUB-21928,CUST-11928,Starter,Monthly,489.12,7,2024-10-13,2025-07-26,Churned,Support / SLA Frustration
SUB-21929,CUST-11929,Enterprise Plus,Annual,5888.31,146,2024-10-13,,Active,
SUB-21930,CUST-11930,Starter,Monthly,374.36,10,2024-10-13,,Active,
SUB-21931,CUST-11931,Growth,Annual,296.58,5,2024-10-13,2025-07-08,Churned,Support / SLA Frustration
SUB-21932,CUST-11932,Starter,Monthly,242.74,10,2024-10-14,,Active,
SUB-21933,CUST-11933,Growth,Annual,611.55,18,2024-10-15,2024-11-25,Churned,Support / SLA Frustration
SUB-21934,CUST-11934,Starter,Monthly,399.99,7,2024-10-15,2025-07-14,Churned,Price / Budget Cuts
SUB-21935,CUST-11935,Growth,Monthly,674.55,21,2024-10-15,,Active,
SUB-21936,CUST-11936,Growth,Annual,1321.26,87,2024-10-15,,Active,
SUB-21937,CUST-11937,Growth,Monthly,185.63,7,2024-10-15,2025-09-21,Churned,Support / SLA Frustration
SUB-21938,CUST-11938,Scale,Monthly,1478.48,25,2024-10-15,,Active,
SUB-21939,CUST-11939,Enterprise Plus,Annual,15677.66,296,2024-10-15,,Active,
SUB-21940,CUST-11940,Enterprise Plus,Annual,9164.35,188,2024-10-15,2025-02-12,Churned,Support / SLA Frustration
SUB-21941,CUST-11941,Scale,Monthly,1946.11,49,2024-10-16,2025-01-22,Churned,Support / SLA Frustration
SUB-21942,CUST-11942,Starter,Annual,512.65,15,2024-10-16,,Active,
SUB-21943,CUST-11943,Starter,Monthly,437.46,12,2024-10-16,2025-08-18,Churned,Support / SLA Frustration
SUB-21944,CUST-11944,Starter,Monthly,483.04,6,2024-10-16,2025-02-12,Churned,Competitor Alternative
SUB-21945,CUST-11945,Starter,Monthly,631.17,23,2024-10-16,,Active,
SUB-21946,CUST-11946,Scale,Monthly,1064.11,67,2024-10-16,,Active,
SUB-21947,CUST-11947,Enterprise Plus,Annual,12512.93,459,2024-10-16,,Active,
SUB-21948,CUST-11948,Growth,Annual,2902.87,86,2024-10-17,,Active,
SUB-21949,CUST-11949,Scale,Monthly,3316.32,77,2024-10-17,2024-12-23,Churned,Support / SLA Frustration
SUB-21950,CUST-11950,Scale,Annual,6921.36,194,2024-10-17,,Active,
SUB-21951,CUST-11951,Growth,Annual,1832.79,37,2024-10-17,,Active,
SUB-21952,CUST-11952,Starter,Annual,417.93,20,2024-10-17,,Active,
SUB-21953,CUST-11953,Growth,Monthly,382.37,19,2024-10-18,,Active,
SUB-21954,CUST-11954,Starter,Annual,545.86,17,2024-10-18,,Active,
SUB-21955,CUST-11955,Growth,Monthly,218.84,22,2024-10-18,,Active,
SUB-21956,CUST-11956,Starter,Monthly,607.69,10,2024-10-18,,Active,
SUB-21957,CUST-11957,Growth,Annual,1169.3,43,2024-10-18,,Active,
SUB-21958,CUST-11958,Starter,Monthly,669.37,19,2024-10-19,2025-01-23,Churned,Low Adoption & License Waste
SUB-21959,CUST-11959,Starter,Monthly,549.88,7,2024-10-19,2024-12-28,Churned,Support / SLA Frustration
SUB-21960,CUST-11960,Enterprise Plus,Monthly,9280.41,382,2024-10-19,,Active,
SUB-21961,CUST-11961,Growth,Monthly,962.22,36,2024-10-19,2024-12-28,Churned,Internal Restructuring
SUB-21962,CUST-11962,Growth,Monthly,523.93,14,2024-10-19,2025-02-12,Churned,Support / SLA Frustration
SUB-21963,CUST-11963,Scale,Monthly,3702.8,91,2024-10-20,,Active,
SUB-21964,CUST-11964,Growth,Monthly,481.72,7,2024-10-20,2025-09-30,Churned,Support / SLA Frustration
SUB-21965,CUST-11965,Starter,Monthly,626.09,17,2024-10-20,,Active,
SUB-21966,CUST-11966,Growth,Annual,1848.81,56,2024-10-20,,Active,
SUB-21967,CUST-11967,Growth,Monthly,1215.26,63,2024-10-20,2024-12-17,Churned,Leadership Transition
SUB-21968,CUST-11968,Growth,Monthly,3399.41,57,2024-10-20,2025-03-13,Churned,Leadership Transition
SUB-21969,CUST-11969,Enterprise Plus,Annual,6756.09,322,2024-10-20,,Active,
SUB-21970,CUST-11970,Scale,Annual,17155.44,414,2024-10-20,,Active,
SUB-21971,CUST-11971,Starter,Monthly,163.65,10,2024-10-20,,Active,
SUB-21972,CUST-11972,Growth,Annual,2954.21,81,2024-10-20,,Active,
SUB-21973,CUST-11973,Starter,Monthly,301.55,7,2024-10-20,,Active,
SUB-21974,CUST-11974,Growth,Annual,2740.05,91,2024-10-21,,Active,
SUB-21975,CUST-11975,Starter,Monthly,211.99,22,2024-10-21,,Active,
SUB-21976,CUST-11976,Growth,Annual,1208.75,48,2024-10-21,,Active,
SUB-21977,CUST-11977,Growth,Monthly,3200.77,53,2024-10-21,2025-09-30,Churned,Internal Restructuring
SUB-21978,CUST-11978,Starter,Monthly,638.32,19,2024-10-21,,Active,
SUB-21979,CUST-11979,Starter,Monthly,589.93,7,2024-10-21,,Active,
SUB-21980,CUST-11980,Growth,Monthly,3366.23,55,2024-10-21,2025-07-21,Churned,Competitor Alternative
SUB-21981,CUST-11981,Growth,Annual,382.52,12,2024-10-21,,Active,
SUB-21982,CUST-11982,Scale,Annual,2265.29,39,2024-10-21,,Active,
SUB-21983,CUST-11983,Growth,Monthly,1781.71,85,2024-10-22,,Active,
SUB-21984,CUST-11984,Enterprise Plus,Annual,14711.73,202,2024-10-22,,Active,
SUB-21985,CUST-11985,Scale,Annual,14025.64,257,2024-10-22,2025-10-04,Churned,Support / SLA Frustration
SUB-21986,CUST-11986,Starter,Monthly,580.37,10,2024-10-22,,Active,
SUB-21987,CUST-11987,Growth,Annual,1883.92,64,2024-10-22,2025-09-17,Churned,Support / SLA Frustration
SUB-21988,CUST-11988,Growth,Annual,3152.57,47,2024-10-22,,Active,
SUB-21989,CUST-11989,Starter,Monthly,387.86,9,2024-10-22,2025-09-20,Churned,Switched Tool
SUB-21990,CUST-11990,Starter,Monthly,130.15,5,2024-10-22,2025-04-26,Churned,Low Adoption & License Waste
SUB-21991,CUST-11991,Growth,Annual,2596.62,55,2024-10-23,,Active,
SUB-21992,CUST-11992,Starter,Monthly,453.1,20,2024-10-23,2024-12-27,Churned,Low Adoption & License Waste
SUB-21993,CUST-11993,Enterprise Plus,Monthly,7389.24,430,2024-10-23,,Active,
SUB-21994,CUST-11994,Growth,Monthly,317.7,24,2024-10-23,2025-05-09,Churned,Switched Tool
SUB-21995,CUST-11995,Starter,Monthly,618.85,11,2024-10-24,,Active,
SUB-21996,CUST-11996,Starter,Monthly,476.71,21,2024-10-24,,Active,
SUB-21997,CUST-11997,Enterprise Plus,Annual,8702.86,330,2024-10-24,,Active,
SUB-21998,CUST-11998,Scale,Annual,16076.79,186,2024-10-24,,Active,
SUB-21999,CUST-11999,Scale,Annual,1000.02,33,2024-10-24,,Active,
SUB-22000,CUST-12000,Scale,Annual,2797.02,77,2024-10-25,,Active,
SUB-22001,CUST-12001,Growth,Annual,2070.92,96,2024-10-25,,Active,
SUB-22002,CUST-12002,Starter,Annual,350.32,18,2024-10-25,,Active,
SUB-22003,CUST-12003,Scale,Monthly,3457.09,46,2024-10-25,,Active,
SUB-22004,CUST-12004,Growth,Monthly,3557.96,50,2024-10-26,2025-05-22,Churned,Support / SLA Frustration
SUB-22005,CUST-12005,Starter,Monthly,345.84,14,2024-10-26,2024-12-02,Churned,Support / SLA Frustration
SUB-22006,CUST-12006,Scale,Monthly,1605.95,49,2024-10-26,2025-04-30,Churned,Support / SLA Frustration
SUB-22007,CUST-12007,Starter,Monthly,749.33,20,2024-10-26,2025-02-22,Churned,Switched Tool
SUB-22008,CUST-12008,Enterprise Plus,Annual,13916.09,255,2024-10-26,,Active,
SUB-22009,CUST-12009,Scale,Monthly,2294.41,95,2024-10-26,,Active,
SUB-22010,CUST-12010,Scale,Annual,10032.84,385,2024-10-27,,Active,
SUB-22011,CUST-12011,Enterprise Plus,Annual,8352.07,175,2024-10-27,,Active,
SUB-22012,CUST-12012,Starter,Monthly,270.92,14,2024-10-27,,Active,
SUB-22013,CUST-12013,Scale,Annual,14227.75,232,2024-10-27,2025-09-05,Churned,Support / SLA Frustration
SUB-22014,CUST-12014,Starter,Monthly,179.36,19,2024-10-27,2025-07-24,Churned,Competitor Alternative
SUB-22015,CUST-12015,Growth,Annual,2482.4,41,2024-10-28,,Active,
SUB-22016,CUST-12016,Scale,Annual,1186.09,64,2024-10-28,,Active,
SUB-22017,CUST-12017,Starter,Monthly,283.33,21,2024-10-28,,Active,
SUB-22018,CUST-12018,Enterprise Plus,Annual,14767.17,309,2024-10-28,,Active,
SUB-22019,CUST-12019,Starter,Monthly,175.12,24,2024-10-28,2025-06-14,Churned,Competitor Alternative
SUB-22020,CUST-12020,Starter,Monthly,299.14,18,2024-10-28,,Active,
SUB-22021,CUST-12021,Starter,Monthly,189.81,22,2024-10-29,,Active,
SUB-22022,CUST-12022,Growth,Monthly,162.47,9,2024-10-29,,Active,
SUB-22023,CUST-12023,Enterprise Plus,Annual,6605.08,317,2024-10-29,,Active,
SUB-22024,CUST-12024,Growth,Annual,2569.86,52,2024-10-29,,Active,
SUB-22025,CUST-12025,Growth,Annual,2022.34,80,2024-10-30,,Active,
SUB-22026,CUST-12026,Starter,Monthly,394.99,13,2024-10-30,,Active,
SUB-22027,CUST-12027,Starter,Annual,654.04,11,2024-10-30,2025-08-28,Churned,Support / SLA Frustration
SUB-22028,CUST-12028,Scale,Monthly,2538.47,54,2024-10-30,,Active,
SUB-22029,CUST-12029,Starter,Monthly,549.71,18,2024-10-31,,Active,
SUB-22030,CUST-12030,Growth,Monthly,2969.65,46,2024-10-31,,Active,
SUB-22031,CUST-12031,Starter,Monthly,124.15,21,2024-10-31,2025-09-21,Churned,Price / Budget Cuts
SUB-22032,CUST-12032,Growth,Annual,1875.06,50,2024-10-31,,Active,
SUB-22033,CUST-12033,Starter,Monthly,377.28,8,2024-10-31,,Active,
SUB-22034,CUST-12034,Starter,Annual,186.5,6,2024-10-31,,Active,
SUB-22035,CUST-12035,Growth,Annual,2137.5,38,2024-11-01,,Active,
SUB-22036,CUST-12036,Enterprise Plus,Annual,16856.78,335,2024-11-01,,Active,
SUB-22037,CUST-12037,Growth,Monthly,1793.03,58,2024-11-01,,Active,
SUB-22038,CUST-12038,Growth,Monthly,2308.47,34,2024-11-01,,Active,
SUB-22039,CUST-12039,Growth,Monthly,1587.54,35,2024-11-01,,Active,
SUB-22040,CUST-12040,Starter,Monthly,295.63,10,2024-11-02,,Active,
SUB-22041,CUST-12041,Growth,Annual,508.54,24,2024-11-02,,Active,
SUB-22042,CUST-12042,Growth,Annual,321.54,7,2024-11-02,,Active,
SUB-22043,CUST-12043,Enterprise Plus,Monthly,7672.41,367,2024-11-02,,Active,
SUB-22044,CUST-12044,Growth,Annual,238.24,5,2024-11-02,,Active,
SUB-22045,CUST-12045,Starter,Monthly,688.88,7,2024-11-03,2025-05-30,Churned,Low Adoption & License Waste
SUB-22046,CUST-12046,Scale,Annual,15038.43,344,2024-11-03,,Active,
SUB-22047,CUST-12047,Starter,Monthly,180.61,14,2024-11-03,2025-01-26,Churned,Price / Budget Cuts
SUB-22048,CUST-12048,Growth,Annual,447.13,10,2024-11-03,,Active,
SUB-22049,CUST-12049,Enterprise Plus,Annual,12295.88,440,2024-11-03,,Active,
SUB-22050,CUST-12050,Growth,Annual,931.69,84,2024-11-03,,Active,
SUB-22051,CUST-12051,Growth,Monthly,1670.35,25,2024-11-03,2025-09-23,Churned,Leadership Transition
SUB-22052,CUST-12052,Growth,Monthly,1827.42,33,2024-11-03,,Active,
SUB-22053,CUST-12053,Starter,Monthly,143.72,15,2024-11-03,,Active,
SUB-22054,CUST-12054,Starter,Monthly,208.68,13,2024-11-03,2025-05-27,Churned,Switched Tool
SUB-22055,CUST-12055,Starter,Annual,371.21,11,2024-11-04,,Active,
SUB-22056,CUST-12056,Growth,Monthly,2606.77,72,2024-11-04,,Active,
SUB-22057,CUST-12057,Growth,Annual,1508.07,65,2024-11-04,2025-05-20,Churned,Support / SLA Frustration
SUB-22058,CUST-12058,Starter,Monthly,615.19,6,2024-11-04,2024-12-11,Churned,Support / SLA Frustration
SUB-22059,CUST-12059,Growth,Annual,607.03,12,2024-11-04,2025-04-25,Churned,Price / Budget Cuts
SUB-22060,CUST-12060,Enterprise Plus,Annual,9558.74,234,2024-11-04,,Active,
SUB-22061,CUST-12061,Growth,Monthly,239.58,17,2024-11-04,,Active,
SUB-22062,CUST-12062,Starter,Annual,225.7,24,2024-11-04,,Active,
SUB-22063,CUST-12063,Growth,Annual,1522.89,45,2024-11-04,,Active,
SUB-22064,CUST-12064,Enterprise Plus,Annual,10642.66,166,2024-11-04,,Active,
SUB-22065,CUST-12065,Starter,Annual,680.52,8,2024-11-04,,Active,
SUB-22066,CUST-12066,Scale,Annual,2275.75,46,2024-11-05,,Active,
SUB-22067,CUST-12067,Scale,Monthly,1730.18,43,2024-11-05,2025-06-27,Churned,Competitor Alternative
SUB-22068,CUST-12068,Scale,Annual,2755.54,32,2024-11-05,,Active,
SUB-22069,CUST-12069,Scale,Annual,1230.33,73,2024-11-05,,Active,
SUB-22070,CUST-12070,Starter,Annual,342.63,14,2024-11-05,2025-05-23,Churned,Support / SLA Frustration
SUB-22071,CUST-12071,Starter,Monthly,539.3,7,2024-11-05,2025-07-24,Churned,Price / Budget Cuts
SUB-22072,CUST-12072,Scale,Annual,2630.72,45,2024-11-05,,Active,
SUB-22073,CUST-12073,Growth,Monthly,467.79,9,2024-11-05,2025-02-28,Churned,Switched Tool
SUB-22074,CUST-12074,Starter,Monthly,211.36,11,2024-11-06,,Active,
SUB-22075,CUST-12075,Starter,Monthly,329.53,9,2024-11-06,,Active,
SUB-22076,CUST-12076,Scale,Monthly,2089.06,27,2024-11-06,,Active,
SUB-22077,CUST-12077,Scale,Monthly,952.27,69,2024-11-06,,Active,
SUB-22078,CUST-12078,Starter,Monthly,592.35,13,2024-11-06,,Active,
SUB-22079,CUST-12079,Starter,Monthly,276.53,17,2024-11-06,,Active,
SUB-22080,CUST-12080,Enterprise Plus,Monthly,9631.47,125,2024-11-06,,Active,
SUB-22081,CUST-12081,Enterprise Plus,Annual,17277.08,141,2024-11-06,,Active,
SUB-22082,CUST-12082,Growth,Annual,3322.98,91,2024-11-07,,Active,
SUB-22083,CUST-12083,Starter,Annual,200.08,16,2024-11-07,,Active,
SUB-22084,CUST-12084,Starter,Monthly,312.28,13,2024-11-07,,Active,
SUB-22085,CUST-12085,Growth,Monthly,2127.12,93,2024-11-07,,Active,
SUB-22086,CUST-12086,Enterprise Plus,Annual,8058.45,462,2024-11-07,2025-09-26,Churned,Support / SLA Frustration
SUB-22087,CUST-12087,Starter,Monthly,714.41,18,2024-11-07,,Active,
SUB-22088,CUST-12088,Starter,Annual,645.03,9,2024-11-07,,Active,
SUB-22089,CUST-12089,Growth,Annual,1358.63,96,2024-11-07,,Active,
SUB-22090,CUST-12090,Starter,Monthly,721.23,9,2024-11-07,,Active,
SUB-22091,CUST-12091,Starter,Monthly,439.94,14,2024-11-07,,Active,
SUB-22092,CUST-12092,Growth,Annual,1733.92,45,2024-11-08,,Active,
SUB-22093,CUST-12093,Starter,Monthly,342.47,11,2024-11-08,,Active,
SUB-22094,CUST-12094,Scale,Monthly,2566.08,98,2024-11-08,,Active,
SUB-22095,CUST-12095,Growth,Monthly,400.47,24,2024-11-08,,Active,
SUB-22096,CUST-12096,Starter,Annual,554.31,9,2024-11-08,2025-01-12,Churned,Support / SLA Frustration
SUB-22097,CUST-12097,Starter,Annual,274.34,5,2024-11-08,,Active,
SUB-22098,CUST-12098,Growth,Monthly,174.42,6,2024-11-09,,Active,
SUB-22099,CUST-12099,Growth,Monthly,1320.57,32,2024-11-09,,Active,
SUB-22100,CUST-12100,Starter,Monthly,305.46,11,2024-11-09,2025-01-01,Churned,Price / Budget Cuts
SUB-22101,CUST-12101,Starter,Monthly,696.66,5,2024-11-09,2025-03-07,Churned,Competitor Alternative
SUB-22102,CUST-12102,Growth,Monthly,3318.48,33,2024-11-09,,Active,
SUB-22103,CUST-12103,Growth,Monthly,291.73,14,2024-11-09,,Active,
SUB-22104,CUST-12104,Starter,Annual,303.44,16,2024-11-09,2025-05-13,Churned,Support / SLA Frustration
SUB-22105,CUST-12105,Scale,Annual,1908.91,60,2024-11-10,,Active,
SUB-22106,CUST-12106,Starter,Monthly,325.88,16,2024-11-10,,Active,
SUB-22107,CUST-12107,Starter,Monthly,223.75,10,2024-11-10,,Active,
SUB-22108,CUST-12108,Growth,Monthly,2562.64,97,2024-11-10,,Active,
SUB-22109,CUST-12109,Starter,Monthly,384.02,17,2024-11-10,,Active,
SUB-22110,CUST-12110,Enterprise Plus,Annual,13547.63,356,2024-11-10,2025-04-27,Churned,Support / SLA Frustration
SUB-22111,CUST-12111,Scale,Annual,3315.07,94,2024-11-11,,Active,
SUB-22112,CUST-12112,Growth,Monthly,1993.36,36,2024-11-11,,Active,
SUB-22113,CUST-12113,Starter,Annual,408.29,22,2024-11-11,,Active,
SUB-22114,CUST-12114,Starter,Annual,502.08,11,2024-11-11,,Active,
SUB-22115,CUST-12115,Growth,Annual,1151.2,25,2024-11-11,,Active,
SUB-22116,CUST-12116,Scale,Annual,2135.63,97,2024-11-11,,Active,
SUB-22117,CUST-12117,Growth,Annual,440.37,19,2024-11-11,,Active,
SUB-22118,CUST-12118,Enterprise Plus,Annual,10675.64,170,2024-11-11,,Active,
SUB-22119,CUST-12119,Starter,Monthly,503.41,6,2024-11-12,2025-06-18,Churned,Competitor Alternative
SUB-22120,CUST-12120,Starter,Monthly,215.64,10,2024-11-12,,Active,
SUB-22121,CUST-12121,Growth,Monthly,234.32,14,2024-11-12,2025-06-30,Churned,Switched Tool
SUB-22122,CUST-12122,Starter,Monthly,698.94,10,2024-11-12,,Active,
SUB-22123,CUST-12123,Scale,Annual,2037.63,80,2024-11-12,2025-08-29,Churned,Support / SLA Frustration
SUB-22124,CUST-12124,Starter,Monthly,216.67,7,2024-11-12,2025-01-22,Churned,Switched Tool
SUB-22125,CUST-12125,Starter,Monthly,191.42,23,2024-11-12,2025-01-27,Churned,Support / SLA Frustration
SUB-22126,CUST-12126,Starter,Annual,247.7,8,2024-11-12,,Active,
SUB-22127,CUST-12127,Growth,Monthly,2337.06,54,2024-11-12,,Active,
SUB-22128,CUST-12128,Growth,Monthly,225.19,10,2024-11-12,,Active,
SUB-22129,CUST-12129,Growth,Annual,1745.36,63,2024-11-13,,Active,
SUB-22130,CUST-12130,Scale,Monthly,2959.46,40,2024-11-13,,Active,
SUB-22131,CUST-12131,Scale,Annual,7185.31,133,2024-11-13,,Active,
SUB-22132,CUST-12132,Starter,Monthly,596.37,11,2024-11-13,2025-10-18,Churned,Support / SLA Frustration
SUB-22133,CUST-12133,Growth,Monthly,156.35,15,2024-11-13,2025-09-12,Churned,Support / SLA Frustration
SUB-22134,CUST-12134,Starter,Monthly,433.61,14,2024-11-14,,Active,
SUB-22135,CUST-12135,Starter,Monthly,716.11,11,2024-11-14,2025-09-19,Churned,Competitor Alternative
SUB-22136,CUST-12136,Scale,Annual,16073.23,334,2024-11-14,,Active,
SUB-22137,CUST-12137,Growth,Monthly,638.64,16,2024-11-15,2025-07-01,Churned,Low Adoption & License Waste
SUB-22138,CUST-12138,Growth,Annual,2564.55,52,2024-11-15,,Active,
SUB-22139,CUST-12139,Starter,Monthly,499.38,5,2024-11-15,,Active,
SUB-22140,CUST-12140,Starter,Monthly,241.67,18,2024-11-15,,Active,
SUB-22141,CUST-12141,Starter,Monthly,646.31,13,2024-11-15,,Active,
SUB-22142,CUST-12142,Starter,Annual,363.42,19,2024-11-15,2025-04-09,Churned,Support / SLA Frustration
SUB-22143,CUST-12143,Scale,Annual,1411.93,85,2024-11-15,,Active,
SUB-22144,CUST-12144,Growth,Monthly,2673.67,52,2024-11-15,2024-12-31,Churned,Low Adoption & License Waste
SUB-22145,CUST-12145,Starter,Annual,680.11,21,2024-11-15,,Active,
SUB-22146,CUST-12146,Growth,Annual,2776.71,59,2024-11-16,,Active,
SUB-22147,CUST-12147,Scale,Annual,3331.64,77,2024-11-16,,Active,
SUB-22148,CUST-12148,Growth,Monthly,2313.29,38,2024-11-16,,Active,
SUB-22149,CUST-12149,Starter,Monthly,665.03,21,2024-11-16,,Active,
SUB-22150,CUST-12150,Scale,Annual,1172.73,50,2024-11-16,,Active,
SUB-22151,CUST-12151,Scale,Monthly,1599.95,82,2024-11-16,2025-02-05,Churned,Support / SLA Frustration
SUB-22152,CUST-12152,Starter,Annual,462.04,21,2024-11-16,,Active,
SUB-22153,CUST-12153,Starter,Monthly,268.84,6,2024-11-16,2025-01-22,Churned,Support / SLA Frustration
SUB-22154,CUST-12154,Scale,Annual,10133.63,418,2024-11-17,,Active,
SUB-22155,CUST-12155,Growth,Annual,3240.05,56,2024-11-17,,Active,
SUB-22156,CUST-12156,Enterprise Plus,Annual,13090.2,381,2024-11-18,,Active,
SUB-22157,CUST-12157,Scale,Annual,2652.24,57,2024-11-18,2025-06-17,Churned,Support / SLA Frustration
SUB-22158,CUST-12158,Growth,Annual,1289.28,87,2024-11-18,,Active,
SUB-22159,CUST-12159,Growth,Monthly,641.95,6,2024-11-18,,Active,
SUB-22160,CUST-12160,Starter,Monthly,648.48,12,2024-11-19,,Active,
SUB-22161,CUST-12161,Growth,Monthly,649.29,15,2024-11-19,,Active,
SUB-22162,CUST-12162,Scale,Annual,2611.08,66,2024-11-19,2025-01-27,Churned,Support / SLA Frustration
SUB-22163,CUST-12163,Starter,Monthly,698.41,20,2024-11-19,2025-06-16,Churned,Support / SLA Frustration
SUB-22164,CUST-12164,Growth,Monthly,1254.03,71,2024-11-19,2025-08-18,Churned,Support / SLA Frustration
SUB-22165,CUST-12165,Growth,Annual,655.31,20,2024-11-19,2025-07-15,Churned,Support / SLA Frustration
SUB-22166,CUST-12166,Starter,Monthly,375.43,24,2024-11-19,,Active,
SUB-22167,CUST-12167,Scale,Annual,5623.75,187,2024-11-19,,Active,
SUB-22168,CUST-12168,Growth,Monthly,741.03,15,2024-11-19,,Active,
SUB-22169,CUST-12169,Growth,Annual,3673.93,38,2024-11-19,,Active,
SUB-22170,CUST-12170,Starter,Monthly,381.82,17,2024-11-19,,Active,
SUB-22171,CUST-12171,Enterprise Plus,Annual,11244.42,416,2024-11-20,,Active,
SUB-22172,CUST-12172,Growth,Annual,1808.33,40,2024-11-20,,Active,
SUB-22173,CUST-12173,Starter,Monthly,460.79,6,2024-11-20,,Active,
SUB-22174,CUST-12174,Scale,Monthly,3695.96,87,2024-11-20,,Active,
SUB-22175,CUST-12175,Starter,Annual,645.13,6,2024-11-20,,Active,
SUB-22176,CUST-12176,Growth,Annual,1417.3,87,2024-11-20,,Active,
SUB-22177,CUST-12177,Growth,Monthly,634.16,9,2024-11-20,,Active,
SUB-22178,CUST-12178,Growth,Monthly,540.11,7,2024-11-21,,Active,
SUB-22179,CUST-12179,Growth,Monthly,147.47,6,2024-11-21,,Active,
SUB-22180,CUST-12180,Growth,Annual,1743.26,85,2024-11-21,,Active,
SUB-22181,CUST-12181,Growth,Annual,2979.41,52,2024-11-21,,Active,
SUB-22182,CUST-12182,Enterprise Plus,Annual,15030.56,105,2024-11-21,,Active,
SUB-22183,CUST-12183,Growth,Annual,1919.64,46,2024-11-21,2025-08-25,Churned,Support / SLA Frustration
SUB-22184,CUST-12184,Starter,Monthly,241.01,16,2024-11-22,2025-06-02,Churned,Support / SLA Frustration
SUB-22185,CUST-12185,Starter,Monthly,511.08,22,2024-11-22,,Active,
SUB-22186,CUST-12186,Starter,Annual,515.14,12,2024-11-22,,Active,
SUB-22187,CUST-12187,Starter,Annual,472.11,11,2024-11-22,,Active,
SUB-22188,CUST-12188,Growth,Monthly,253.74,17,2024-11-22,,Active,
SUB-22189,CUST-12189,Starter,Monthly,424.02,14,2024-11-22,2025-08-22,Churned,Price / Budget Cuts
SUB-22190,CUST-12190,Scale,Annual,3522.49,84,2024-11-22,,Active,
SUB-22191,CUST-12191,Starter,Annual,296.11,11,2024-11-22,2025-07-07,Churned,Support / SLA Frustration
SUB-22192,CUST-12192,Starter,Annual,696.05,6,2024-11-22,,Active,
SUB-22193,CUST-12193,Starter,Annual,281.7,21,2024-11-23,2025-03-08,Churned,Support / SLA Frustration
SUB-22194,CUST-12194,Enterprise Plus,Annual,16268.74,420,2024-11-23,2025-07-17,Churned,Support / SLA Frustration
SUB-22195,CUST-12195,Scale,Monthly,2696.98,62,2024-11-23,,Active,
SUB-22196,CUST-12196,Growth,Annual,2516.49,91,2024-11-23,,Active,
SUB-22197,CUST-12197,Starter,Monthly,344.86,18,2024-11-24,2025-06-09,Churned,Price / Budget Cuts
SUB-22198,CUST-12198,Starter,Monthly,526.38,9,2024-11-24,,Active,
SUB-22199,CUST-12199,Growth,Monthly,1031.36,60,2024-11-24,2025-11-09,Churned,Support / SLA Frustration
SUB-22200,CUST-12200,Starter,Monthly,612.65,19,2024-11-24,,Active,
SUB-22201,CUST-12201,Enterprise Plus,Annual,12116.42,456,2024-11-24,,Active,
SUB-22202,CUST-12202,Scale,Monthly,2981.75,35,2024-11-24,,Active,
SUB-22203,CUST-12203,Scale,Annual,15852.72,398,2024-11-24,,Active,
SUB-22204,CUST-12204,Starter,Monthly,319.24,14,2024-11-25,,Active,
SUB-22205,CUST-12205,Starter,Monthly,267.52,16,2024-11-25,,Active,
SUB-22206,CUST-12206,Growth,Monthly,2537.23,94,2024-11-25,2025-01-15,Churned,Leadership Transition
SUB-22207,CUST-12207,Starter,Annual,602.8,12,2024-11-25,,Active,
SUB-22208,CUST-12208,Growth,Annual,2791.21,28,2024-11-25,2025-05-11,Churned,Competitor Alternative
SUB-22209,CUST-12209,Starter,Monthly,447.75,5,2024-11-25,,Active,
SUB-22210,CUST-12210,Starter,Monthly,245.6,21,2024-11-25,,Active,
SUB-22211,CUST-12211,Starter,Monthly,696.84,12,2024-11-25,,Active,
SUB-22212,CUST-12212,Scale,Annual,12239.49,234,2024-11-25,2025-01-04,Churned,Support / SLA Frustration
SUB-22213,CUST-12213,Starter,Monthly,303.42,19,2024-11-26,2025-07-08,Churned,Support / SLA Frustration
SUB-22214,CUST-12214,Starter,Monthly,370.65,12,2024-11-26,2025-03-24,Churned,Switched Tool
SUB-22215,CUST-12215,Growth,Annual,1677.79,49,2024-11-26,,Active,
SUB-22216,CUST-12216,Starter,Monthly,369.29,23,2024-11-26,2025-01-11,Churned,Competitor Alternative
SUB-22217,CUST-12217,Scale,Monthly,3440.99,71,2024-11-26,2025-02-26,Churned,Low Adoption & License Waste
SUB-22218,CUST-12218,Starter,Annual,575.11,17,2024-11-26,,Active,
SUB-22219,CUST-12219,Enterprise Plus,Annual,10494.65,309,2024-11-26,,Active,
SUB-22220,CUST-12220,Starter,Monthly,672.26,21,2024-11-26,2025-07-07,Churned,Support / SLA Frustration
SUB-22221,CUST-12221,Growth,Annual,694.48,10,2024-11-27,,Active,
SUB-22222,CUST-12222,Enterprise Plus,Annual,10435.22,399,2024-11-27,,Active,
SUB-22223,CUST-12223,Scale,Annual,2868.01,66,2024-11-27,,Active,
SUB-22224,CUST-12224,Scale,Annual,7257.34,377,2024-11-27,,Active,
SUB-22225,CUST-12225,Growth,Annual,2063.1,47,2024-11-27,2025-03-03,Churned,Support / SLA Frustration
SUB-22226,CUST-12226,Growth,Monthly,3699.41,87,2024-11-28,2025-05-11,Churned,Competitor Alternative
SUB-22227,CUST-12227,Growth,Monthly,367.05,5,2024-11-28,,Active,
SUB-22228,CUST-12228,Growth,Monthly,2013.67,59,2024-11-28,,Active,
SUB-22229,CUST-12229,Growth,Annual,1079.43,71,2024-11-28,,Active,
SUB-22230,CUST-12230,Starter,Monthly,464.54,20,2024-11-28,,Active,
SUB-22231,CUST-12231,Enterprise Plus,Annual,11239.73,241,2024-11-29,,Active,
SUB-22232,CUST-12232,Growth,Annual,216.15,13,2024-11-29,,Active,
SUB-22233,CUST-12233,Starter,Annual,573.17,16,2024-11-29,,Active,
SUB-22234,CUST-12234,Starter,Monthly,447.28,8,2024-11-29,,Active,
SUB-22235,CUST-12235,Starter,Monthly,566.99,16,2024-11-29,,Active,
SUB-22236,CUST-12236,Starter,Monthly,472.33,11,2024-11-29,,Active,
SUB-22237,CUST-12237,Growth,Monthly,2639.74,77,2024-11-29,,Active,
SUB-22238,CUST-12238,Enterprise Plus,Annual,12390.71,121,2024-11-29,,Active,
SUB-22239,CUST-12239,Scale,Annual,1299.88,31,2024-11-29,,Active,
SUB-22240,CUST-12240,Growth,Monthly,561.1,23,2024-11-29,2025-08-06,Churned,Switched Tool
SUB-22241,CUST-12241,Enterprise Plus,Annual,12863.19,491,2024-11-29,,Active,
SUB-22242,CUST-12242,Starter,Monthly,213.7,20,2024-11-29,,Active,
SUB-22243,CUST-12243,Starter,Monthly,138.07,6,2024-11-30,,Active,
SUB-22244,CUST-12244,Starter,Monthly,499.85,23,2024-11-30,2025-01-29,Churned,Support / SLA Frustration
SUB-22245,CUST-12245,Starter,Annual,252.0,5,2024-11-30,,Active,
SUB-22246,CUST-12246,Enterprise Plus,Annual,17972.2,264,2024-11-30,,Active,
SUB-22247,CUST-12247,Starter,Annual,490.29,24,2024-11-30,,Active,
SUB-22248,CUST-12248,Starter,Annual,562.11,18,2024-11-30,2025-04-23,Churned,Support / SLA Frustration
SUB-22249,CUST-12249,Scale,Annual,6238.51,470,2024-11-30,,Active,
SUB-22250,CUST-12250,Scale,Annual,9083.55,175,2024-11-30,,Active,
SUB-22251,CUST-12251,Starter,Monthly,429.28,18,2024-12-01,,Active,
SUB-22252,CUST-12252,Starter,Annual,733.66,21,2024-12-01,,Active,
SUB-22253,CUST-12253,Starter,Monthly,520.06,8,2024-12-01,,Active,
SUB-22254,CUST-12254,Starter,Monthly,251.21,7,2024-12-01,2025-08-23,Churned,Support / SLA Frustration
SUB-22255,CUST-12255,Growth,Monthly,273.75,19,2024-12-01,2025-05-15,Churned,Support / SLA Frustration
SUB-22256,CUST-12256,Growth,Monthly,669.72,18,2024-12-01,2025-09-21,Churned,Price / Budget Cuts
SUB-22257,CUST-12257,Growth,Annual,3007.46,40,2024-12-02,,Active,
SUB-22258,CUST-12258,Growth,Monthly,2464.55,70,2024-12-02,,Active,
SUB-22259,CUST-12259,Growth,Annual,2089.6,64,2024-12-02,,Active,
SUB-22260,CUST-12260,Growth,Monthly,388.75,24,2024-12-02,2025-07-18,Churned,Support / SLA Frustration
SUB-22261,CUST-12261,Starter,Annual,335.03,9,2024-12-02,,Active,
SUB-22262,CUST-12262,Starter,Annual,231.79,10,2024-12-02,,Active,
SUB-22263,CUST-12263,Scale,Monthly,3215.63,38,2024-12-02,,Active,
SUB-22264,CUST-12264,Starter,Annual,315.64,21,2024-12-02,2025-06-19,Churned,Support / SLA Frustration
SUB-22265,CUST-12265,Starter,Annual,396.29,8,2024-12-02,,Active,
SUB-22266,CUST-12266,Starter,Monthly,340.22,23,2024-12-02,2025-04-18,Churned,Support / SLA Frustration
SUB-22267,CUST-12267,Starter,Monthly,599.26,18,2024-12-02,2025-03-10,Churned,Competitor Alternative
SUB-22268,CUST-12268,Growth,Annual,2679.06,51,2024-12-03,,Active,
SUB-22269,CUST-12269,Starter,Monthly,583.4,24,2024-12-03,,Active,
SUB-22270,CUST-12270,Enterprise Plus,Annual,15991.8,233,2024-12-03,,Active,
SUB-22271,CUST-12271,Growth,Annual,3507.46,36,2024-12-03,,Active,
SUB-22272,CUST-12272,Growth,Annual,3356.63,95,2024-12-03,2025-10-19,Churned,Support / SLA Frustration
SUB-22273,CUST-12273,Starter,Monthly,221.72,8,2024-12-03,,Active,
SUB-22274,CUST-12274,Growth,Monthly,237.12,14,2024-12-03,,Active,
SUB-22275,CUST-12275,Growth,Monthly,664.3,16,2024-12-03,,Active,
SUB-22276,CUST-12276,Growth,Monthly,502.45,20,2024-12-03,,Active,
SUB-22277,CUST-12277,Starter,Annual,340.6,17,2024-12-04,2025-11-08,Churned,Support / SLA Frustration
SUB-22278,CUST-12278,Starter,Annual,304.64,5,2024-12-04,,Active,
SUB-22279,CUST-12279,Enterprise Plus,Annual,6177.22,379,2024-12-04,,Active,
SUB-22280,CUST-12280,Scale,Annual,1577.44,95,2024-12-05,,Active,
SUB-22281,CUST-12281,Growth,Monthly,1695.22,41,2024-12-05,,Active,
SUB-22282,CUST-12282,Growth,Annual,3499.65,98,2024-12-05,2025-10-01,Churned,Support / SLA Frustration
SUB-22283,CUST-12283,Enterprise Plus,Monthly,15932.99,364,2024-12-05,,Active,
SUB-22284,CUST-12284,Enterprise Plus,Annual,9736.82,356,2024-12-05,,Active,
SUB-22285,CUST-12285,Scale,Monthly,3333.16,60,2024-12-05,,Active,
SUB-22286,CUST-12286,Growth,Monthly,216.7,23,2024-12-05,2025-07-19,Churned,Support / SLA Frustration
SUB-22287,CUST-12287,Growth,Monthly,3445.82,55,2024-12-05,2025-11-17,Churned,Competitor Alternative
SUB-22288,CUST-12288,Growth,Annual,955.4,62,2024-12-05,2025-03-25,Churned,Support / SLA Frustration
SUB-22289,CUST-12289,Growth,Monthly,1154.43,59,2024-12-05,,Active,
SUB-22290,CUST-12290,Growth,Monthly,561.85,16,2024-12-05,2025-08-09,Churned,Low Adoption & License Waste
SUB-22291,CUST-12291,Growth,Annual,1161.39,83,2024-12-05,,Active,
SUB-22292,CUST-12292,Growth,Monthly,1937.02,59,2024-12-06,2025-02-11,Churned,Support / SLA Frustration
SUB-22293,CUST-12293,Starter,Monthly,253.03,12,2024-12-06,,Active,
SUB-22294,CUST-12294,Scale,Annual,12663.1,175,2024-12-06,,Active,
SUB-22295,CUST-12295,Scale,Monthly,11713.24,153,2024-12-06,,Active,
SUB-22296,CUST-12296,Growth,Annual,2266.88,75,2024-12-06,,Active,
SUB-22297,CUST-12297,Enterprise Plus,Annual,13052.1,261,2024-12-06,,Active,
SUB-22298,CUST-12298,Enterprise Plus,Annual,8988.74,158,2024-12-07,,Active,
SUB-22299,CUST-12299,Scale,Annual,1752.69,77,2024-12-07,,Active,
SUB-22300,CUST-12300,Starter,Monthly,235.84,12,2024-12-08,,Active,
SUB-22301,CUST-12301,Starter,Monthly,304.32,18,2024-12-08,,Active,
SUB-22302,CUST-12302,Starter,Annual,392.51,24,2024-12-08,,Active,
SUB-22303,CUST-12303,Scale,Monthly,2108.81,28,2024-12-08,,Active,
SUB-22304,CUST-12304,Starter,Monthly,205.15,10,2024-12-08,,Active,
SUB-22305,CUST-12305,Growth,Annual,1505.87,31,2024-12-08,2025-01-15,Churned,Support / SLA Frustration
SUB-22306,CUST-12306,Enterprise Plus,Annual,11756.49,399,2024-12-09,,Active,
SUB-22307,CUST-12307,Starter,Monthly,136.56,13,2024-12-09,,Active,
SUB-22308,CUST-12308,Enterprise Plus,Monthly,12247.96,163,2024-12-09,2025-05-24,Churned,Support / SLA Frustration
SUB-22309,CUST-12309,Growth,Annual,2290.13,39,2024-12-09,,Active,
SUB-22310,CUST-12310,Starter,Annual,588.75,16,2024-12-09,,Active,
SUB-22311,CUST-12311,Starter,Monthly,508.32,11,2024-12-10,,Active,
SUB-22312,CUST-12312,Growth,Monthly,1982.98,93,2024-12-10,,Active,
SUB-22313,CUST-12313,Starter,Annual,718.06,24,2024-12-10,,Active,
SUB-22314,CUST-12314,Starter,Monthly,259.54,19,2024-12-10,,Active,
SUB-22315,CUST-12315,Enterprise Plus,Annual,7723.35,109,2024-12-11,,Active,
SUB-22316,CUST-12316,Growth,Annual,3221.98,47,2024-12-11,2025-02-24,Churned,Support / SLA Frustration
SUB-22317,CUST-12317,Growth,Monthly,2335.34,57,2024-12-11,,Active,
SUB-22318,CUST-12318,Growth,Monthly,1261.75,82,2024-12-11,,Active,
SUB-22319,CUST-12319,Growth,Monthly,2774.05,71,2024-12-11,2025-06-27,Churned,Competitor Alternative
SUB-22320,CUST-12320,Starter,Monthly,663.72,5,2024-12-11,2025-07-05,Churned,Support / SLA Frustration
SUB-22321,CUST-12321,Starter,Monthly,634.74,12,2024-12-11,,Active,
SUB-22322,CUST-12322,Starter,Monthly,160.66,17,2024-12-11,,Active,
SUB-22323,CUST-12323,Scale,Monthly,985.96,74,2024-12-11,,Active,
SUB-22324,CUST-12324,Starter,Annual,507.05,7,2024-12-11,,Active,
SUB-22325,CUST-12325,Starter,Monthly,347.53,14,2024-12-12,,Active,
SUB-22326,CUST-12326,Starter,Monthly,270.35,17,2024-12-12,,Active,
SUB-22327,CUST-12327,Enterprise Plus,Annual,11356.34,359,2024-12-12,,Active,
SUB-22328,CUST-12328,Starter,Monthly,524.59,5,2024-12-12,2025-04-11,Churned,Switched Tool
SUB-22329,CUST-12329,Enterprise Plus,Annual,4778.28,303,2024-12-12,,Active,
SUB-22330,CUST-12330,Scale,Monthly,1228.78,99,2024-12-12,,Active,
SUB-22331,CUST-12331,Enterprise Plus,Annual,7862.75,329,2024-12-12,2025-10-26,Churned,Competitor Alternative
SUB-22332,CUST-12332,Growth,Monthly,536.73,12,2024-12-12,,Active,
SUB-22333,CUST-12333,Starter,Monthly,564.55,12,2024-12-12,,Active,
SUB-22334,CUST-12334,Scale,Annual,16026.67,395,2024-12-12,,Active,
SUB-22335,CUST-12335,Growth,Monthly,1117.01,28,2024-12-12,,Active,
SUB-22336,CUST-12336,Growth,Annual,1154.72,74,2024-12-12,2025-10-05,Churned,Competitor Alternative
SUB-22337,CUST-12337,Scale,Monthly,2896.26,81,2024-12-13,,Active,
SUB-22338,CUST-12338,Scale,Annual,12330.66,477,2024-12-13,,Active,
SUB-22339,CUST-12339,Growth,Annual,2795.14,80,2024-12-13,,Active,
SUB-22340,CUST-12340,Starter,Monthly,157.51,24,2024-12-13,2025-10-08,Churned,Competitor Alternative
SUB-22341,CUST-12341,Scale,Annual,5095.49,270,2024-12-13,,Active,
SUB-22342,CUST-12342,Scale,Annual,16634.8,204,2024-12-14,,Active,
SUB-22343,CUST-12343,Scale,Annual,2021.04,46,2024-12-14,,Active,
SUB-22344,CUST-12344,Starter,Monthly,202.04,22,2024-12-14,,Active,
SUB-22345,CUST-12345,Starter,Monthly,709.27,23,2024-12-14,,Active,
SUB-22346,CUST-12346,Starter,Monthly,331.29,19,2024-12-14,,Active,
SUB-22347,CUST-12347,Growth,Monthly,1592.02,48,2024-12-14,,Active,
SUB-22348,CUST-12348,Starter,Monthly,182.4,14,2024-12-14,,Active,
SUB-22349,CUST-12349,Enterprise Plus,Annual,10045.76,305,2024-12-15,,Active,
SUB-22350,CUST-12350,Starter,Monthly,724.32,24,2024-12-16,,Active,
SUB-22351,CUST-12351,Starter,Monthly,299.87,24,2024-12-16,,Active,
SUB-22352,CUST-12352,Starter,Monthly,121.85,11,2024-12-16,,Active,
SUB-22353,CUST-12353,Starter,Monthly,473.44,16,2024-12-17,2025-08-08,Churned,Low Adoption & License Waste
SUB-22354,CUST-12354,Starter,Monthly,122.06,11,2024-12-17,,Active,
SUB-22355,CUST-12355,Enterprise Plus,Monthly,7667.32,316,2024-12-17,2025-08-27,Churned,Support / SLA Frustration
SUB-22356,CUST-12356,Starter,Monthly,151.83,13,2024-12-17,,Active,
SUB-22357,CUST-12357,Scale,Annual,6484.92,490,2024-12-17,,Active,
SUB-22358,CUST-12358,Starter,Monthly,249.31,23,2024-12-17,,Active,
SUB-22359,CUST-12359,Enterprise Plus,Annual,12355.85,227,2024-12-17,,Active,
SUB-22360,CUST-12360,Enterprise Plus,Annual,10206.54,365,2024-12-17,,Active,
SUB-22361,CUST-12361,Scale,Annual,3580.66,95,2024-12-17,,Active,
SUB-22362,CUST-12362,Growth,Annual,2132.69,69,2024-12-18,2025-07-10,Churned,Competitor Alternative
SUB-22363,CUST-12363,Growth,Annual,2867.17,70,2024-12-18,,Active,
SUB-22364,CUST-12364,Starter,Monthly,548.38,12,2024-12-18,2025-10-03,Churned,Switched Tool
SUB-22365,CUST-12365,Enterprise Plus,Annual,10821.46,167,2024-12-18,,Active,
SUB-22366,CUST-12366,Scale,Annual,6534.93,353,2024-12-18,,Active,
SUB-22367,CUST-12367,Starter,Annual,135.51,20,2024-12-18,2025-09-03,Churned,Support / SLA Frustration
SUB-22368,CUST-12368,Growth,Annual,2334.29,86,2024-12-18,,Active,
SUB-22369,CUST-12369,Growth,Monthly,275.73,19,2024-12-18,,Active,
SUB-22370,CUST-12370,Starter,Annual,464.69,18,2024-12-19,,Active,
SUB-22371,CUST-12371,Starter,Annual,614.03,22,2024-12-19,,Active,
SUB-22372,CUST-12372,Starter,Monthly,652.55,19,2024-12-19,,Active,
SUB-22373,CUST-12373,Growth,Annual,1474.19,56,2024-12-19,,Active,
SUB-22374,CUST-12374,Starter,Monthly,444.85,8,2024-12-19,,Active,
SUB-22375,CUST-12375,Scale,Annual,2294.88,80,2024-12-19,,Active,
SUB-22376,CUST-12376,Growth,Annual,2277.18,88,2024-12-19,,Active,
SUB-22377,CUST-12377,Growth,Monthly,619.87,5,2024-12-19,,Active,
SUB-22378,CUST-12378,Scale,Monthly,2567.99,81,2024-12-19,,Active,
SUB-22379,CUST-12379,Starter,Monthly,656.92,16,2024-12-19,,Active,
SUB-22380,CUST-12380,Starter,Monthly,659.28,19,2024-12-19,,Active,
SUB-22381,CUST-12381,Starter,Monthly,737.59,16,2024-12-20,2025-04-28,Churned,Support / SLA Frustration
SUB-22382,CUST-12382,Growth,Monthly,539.59,11,2024-12-20,,Active,
SUB-22383,CUST-12383,Growth,Monthly,2154.43,84,2024-12-20,2025-09-11,Churned,Low Adoption & License Waste
SUB-22384,CUST-12384,Scale,Annual,2937.91,62,2024-12-20,,Active,
SUB-22385,CUST-12385,Starter,Monthly,684.07,12,2024-12-21,,Active,
SUB-22386,CUST-12386,Growth,Annual,1522.39,65,2024-12-21,,Active,
SUB-22387,CUST-12387,Starter,Monthly,262.12,16,2024-12-21,,Active,
SUB-22388,CUST-12388,Starter,Monthly,406.38,21,2024-12-21,,Active,
SUB-22389,CUST-12389,Growth,Monthly,641.24,7,2024-12-21,,Active,
SUB-22390,CUST-12390,Scale,Annual,3179.03,96,2024-12-21,,Active,
SUB-22391,CUST-12391,Scale,Annual,1971.7,52,2024-12-21,,Active,
SUB-22392,CUST-12392,Growth,Annual,2016.18,99,2024-12-21,,Active,
SUB-22393,CUST-12393,Enterprise Plus,Annual,10858.76,364,2024-12-21,,Active,
SUB-22394,CUST-12394,Growth,Monthly,160.97,14,2024-12-21,,Active,
SUB-22395,CUST-12395,Scale,Annual,2622.26,32,2024-12-21,2025-02-18,Churned,Competitor Alternative
SUB-22396,CUST-12396,Growth,Monthly,1771.0,47,2024-12-22,,Active,
SUB-22397,CUST-12397,Enterprise Plus,Monthly,5639.27,427,2024-12-22,2025-08-03,Churned,Support / SLA Frustration
SUB-22398,CUST-12398,Starter,Monthly,744.81,11,2024-12-22,2025-09-23,Churned,Low Adoption & License Waste
SUB-22399,CUST-12399,Starter,Annual,598.01,7,2024-12-22,2025-07-02,Churned,Switched Tool
SUB-22400,CUST-12400,Growth,Annual,1931.47,30,2024-12-22,,Active,
SUB-22401,CUST-12401,Enterprise Plus,Monthly,10074.59,344,2024-12-22,,Active,
SUB-22402,CUST-12402,Scale,Monthly,2410.0,63,2024-12-22,,Active,
SUB-22403,CUST-12403,Scale,Monthly,1905.4,49,2024-12-22,2025-03-17,Churned,Support / SLA Frustration
SUB-22404,CUST-12404,Starter,Monthly,346.9,15,2024-12-22,2025-11-27,Churned,Support / SLA Frustration
SUB-22405,CUST-12405,Starter,Monthly,166.07,16,2024-12-23,2025-04-16,Churned,Competitor Alternative
SUB-22406,CUST-12406,Growth,Annual,2120.96,85,2024-12-23,2025-05-06,Churned,Support / SLA Frustration
SUB-22407,CUST-12407,Growth,Monthly,3499.4,73,2024-12-23,,Active,
SUB-22408,CUST-12408,Growth,Monthly,450.91,24,2024-12-24,2025-05-22,Churned,Price / Budget Cuts
SUB-22409,CUST-12409,Growth,Annual,1733.71,71,2024-12-24,2025-06-11,Churned,Support / SLA Frustration
SUB-22410,CUST-12410,Starter,Monthly,378.95,21,2024-12-24,,Active,
SUB-22411,CUST-12411,Scale,Annual,5299.52,203,2024-12-24,,Active,
SUB-22412,CUST-12412,Growth,Monthly,2027.82,72,2024-12-24,,Active,
SUB-22413,CUST-12413,Enterprise Plus,Annual,11297.69,126,2024-12-24,,Active,
SUB-22414,CUST-12414,Growth,Monthly,358.55,17,2024-12-24,2025-05-22,Churned,Support / SLA Frustration
SUB-22415,CUST-12415,Starter,Monthly,638.32,21,2024-12-24,2025-10-07,Churned,Competitor Alternative
SUB-22416,CUST-12416,Growth,Annual,2412.05,97,2024-12-24,2025-09-21,Churned,Support / SLA Frustration
SUB-22417,CUST-12417,Enterprise Plus,Annual,15027.7,468,2024-12-24,,Active,
SUB-22418,CUST-12418,Scale,Annual,8116.59,237,2024-12-24,,Active,
SUB-22419,CUST-12419,Growth,Annual,3345.6,64,2024-12-25,,Active,
SUB-22420,CUST-12420,Growth,Annual,2532.3,68,2024-12-25,,Active,
SUB-22421,CUST-12421,Enterprise Plus,Annual,14674.89,463,2024-12-25,,Active,
SUB-22422,CUST-12422,Starter,Monthly,695.83,17,2024-12-25,,Active,
SUB-22423,CUST-12423,Scale,Monthly,1655.46,68,2024-12-25,2025-07-13,Churned,Support / SLA Frustration
SUB-22424,CUST-12424,Scale,Annual,3501.79,71,2024-12-25,,Active,
SUB-22425,CUST-12425,Starter,Monthly,373.17,21,2024-12-26,,Active,
SUB-22426,CUST-12426,Enterprise Plus,Monthly,11382.41,364,2024-12-26,,Active,
SUB-22427,CUST-12427,Growth,Annual,584.14,7,2024-12-26,,Active,
SUB-22428,CUST-12428,Scale,Monthly,3620.66,89,2024-12-26,2025-06-05,Churned,Internal Restructuring
SUB-22429,CUST-12429,Starter,Annual,498.74,15,2024-12-26,2025-06-09,Churned,Price / Budget Cuts
SUB-22430,CUST-12430,Starter,Annual,475.31,5,2024-12-26,,Active,
SUB-22431,CUST-12431,Growth,Monthly,614.78,5,2024-12-26,,Active,
SUB-22432,CUST-12432,Starter,Monthly,746.49,11,2024-12-26,2025-04-02,Churned,Switched Tool
SUB-22433,CUST-12433,Growth,Annual,2855.57,73,2024-12-26,,Active,
SUB-22434,CUST-12434,Starter,Monthly,540.26,14,2024-12-26,,Active,
SUB-22435,CUST-12435,Scale,Monthly,2888.86,71,2024-12-27,,Active,
SUB-22436,CUST-12436,Scale,Monthly,2027.77,37,2024-12-27,2025-03-28,Churned,Low Adoption & License Waste
SUB-22437,CUST-12437,Scale,Annual,3593.96,26,2024-12-27,,Active,
SUB-22438,CUST-12438,Growth,Monthly,608.09,12,2024-12-27,2025-11-01,Churned,Switched Tool
SUB-22439,CUST-12439,Scale,Annual,1666.6,28,2024-12-27,,Active,
SUB-22440,CUST-12440,Growth,Monthly,545.16,18,2024-12-28,,Active,
SUB-22441,CUST-12441,Growth,Monthly,474.07,19,2024-12-28,,Active,
SUB-22442,CUST-12442,Growth,Annual,189.09,6,2024-12-28,,Active,
SUB-22443,CUST-12443,Starter,Monthly,507.86,24,2024-12-28,2025-09-07,Churned,Switched Tool
SUB-22444,CUST-12444,Growth,Monthly,2440.94,41,2024-12-28,2025-07-11,Churned,Support / SLA Frustration
SUB-22445,CUST-12445,Scale,Monthly,1260.49,63,2024-12-28,2025-06-05,Churned,Support / SLA Frustration
SUB-22446,CUST-12446,Growth,Annual,2699.75,88,2024-12-28,2025-10-23,Churned,Support / SLA Frustration
SUB-22447,CUST-12447,Scale,Annual,3536.75,47,2024-12-28,,Active,
SUB-22448,CUST-12448,Enterprise Plus,Annual,16631.58,418,2024-12-28,2025-04-09,Churned,Support / SLA Frustration
SUB-22449,CUST-12449,Scale,Annual,2837.64,80,2024-12-28,,Active,
SUB-22450,CUST-12450,Scale,Annual,932.63,44,2024-12-28,,Active,
SUB-22451,CUST-12451,Starter,Monthly,649.76,7,2024-12-29,,Active,
SUB-22452,CUST-12452,Growth,Annual,381.05,9,2024-12-29,,Active,
SUB-22453,CUST-12453,Scale,Monthly,1925.23,76,2024-12-29,2025-07-31,Churned,Support / SLA Frustration
SUB-22454,CUST-12454,Starter,Monthly,357.58,9,2024-12-29,,Active,
SUB-22455,CUST-12455,Enterprise Plus,Annual,8279.18,196,2024-12-29,,Active,
SUB-22456,CUST-12456,Growth,Annual,2427.64,45,2024-12-29,,Active,
SUB-22457,CUST-12457,Growth,Monthly,319.28,23,2024-12-30,,Active,
SUB-22458,CUST-12458,Growth,Annual,2008.64,43,2024-12-30,,Active,
SUB-22459,CUST-12459,Growth,Annual,3406.28,82,2024-12-30,,Active,
SUB-22460,CUST-12460,Starter,Monthly,439.89,10,2024-12-30,,Active,
SUB-22461,CUST-12461,Starter,Monthly,432.22,6,2024-12-30,2025-03-08,Churned,Low Adoption & License Waste
SUB-22462,CUST-12462,Starter,Monthly,351.26,12,2024-12-30,,Active,
SUB-22463,CUST-12463,Starter,Annual,284.84,6,2024-12-30,,Active,
SUB-22464,CUST-12464,Starter,Annual,563.18,12,2024-12-30,,Active,
SUB-22465,CUST-12465,Growth,Annual,1556.86,42,2024-12-30,,Active,
SUB-22466,CUST-12466,Scale,Monthly,944.26,71,2024-12-30,,Active,
SUB-22467,CUST-12467,Scale,Annual,14025.6,152,2024-12-30,2025-09-22,Churned,Support / SLA Frustration
SUB-22468,CUST-12468,Growth,Monthly,2508.03,98,2024-12-31,,Active,
SUB-22469,CUST-12469,Growth,Monthly,344.03,5,2024-12-31,,Active,
SUB-22470,CUST-12470,Scale,Monthly,2077.05,98,2024-12-31,,Active,
SUB-22471,CUST-12471,Starter,Monthly,227.56,14,2024-12-31,,Active,
SUB-22472,CUST-12472,Growth,Monthly,690.92,15,2024-12-31,2025-05-17,Churned,Switched Tool
SUB-22473,CUST-12473,Starter,Monthly,183.91,20,2024-12-31,,Active,
SUB-22474,CUST-12474,Starter,Monthly,497.66,23,2024-12-31,,Active,
SUB-22475,CUST-12475,Starter,Monthly,609.25,10,2024-12-31,,Active,
SUB-22476,CUST-12476,Enterprise Plus,Annual,6871.35,240,2024-12-31,,Active,
SUB-22477,CUST-12477,Starter,Annual,298.01,8,2025-01-01,2025-05-10,Churned,Support / SLA Frustration
SUB-22478,CUST-12478,Enterprise Plus,Annual,13253.97,237,2025-01-01,,Active,
SUB-22479,CUST-12479,Growth,Annual,479.82,10,2025-01-01,,Active,
SUB-22480,CUST-12480,Growth,Annual,3192.48,91,2025-01-01,2025-06-23,Churned,Low Adoption & License Waste
SUB-22481,CUST-12481,Growth,Annual,293.17,23,2025-01-02,,Active,
SUB-22482,CUST-12482,Starter,Monthly,367.24,24,2025-01-02,,Active,
SUB-22483,CUST-12483,Enterprise Plus,Annual,4619.17,260,2025-01-02,,Active,
SUB-22484,CUST-12484,Scale,Monthly,1443.42,54,2025-01-02,2025-02-25,Churned,Support / SLA Frustration
SUB-22485,CUST-12485,Growth,Monthly,653.8,21,2025-01-02,,Active,
SUB-22486,CUST-12486,Scale,Annual,1321.12,31,2025-01-02,,Active,
SUB-22487,CUST-12487,Growth,Monthly,160.52,11,2025-01-02,2025-03-11,Churned,Switched Tool
SUB-22488,CUST-12488,Starter,Monthly,583.35,18,2025-01-02,,Active,
SUB-22489,CUST-12489,Growth,Monthly,1525.11,72,2025-01-02,,Active,
SUB-22490,CUST-12490,Growth,Annual,927.77,67,2025-01-02,,Active,
SUB-22491,CUST-12491,Scale,Annual,1742.41,88,2025-01-02,,Active,
SUB-22492,CUST-12492,Starter,Annual,387.37,21,2025-01-03,,Active,
SUB-22493,CUST-12493,Growth,Monthly,1930.26,53,2025-01-03,,Active,
SUB-22494,CUST-12494,Starter,Monthly,273.38,17,2025-01-03,,Active,
SUB-22495,CUST-12495,Growth,Annual,3384.35,80,2025-01-03,,Active,
SUB-22496,CUST-12496,Starter,Monthly,516.04,6,2025-01-03,,Active,
SUB-22497,CUST-12497,Starter,Monthly,414.29,20,2025-01-03,,Active,
SUB-22498,CUST-12498,Starter,Annual,289.67,24,2025-01-03,,Active,
SUB-22499,CUST-12499,Scale,Annual,2062.91,44,2025-01-03,,Active,
SUB-22500,CUST-12500,Starter,Monthly,727.63,9,2025-01-04,,Active,
SUB-22501,CUST-12501,Starter,Monthly,640.11,13,2025-01-04,,Active,
SUB-22502,CUST-12502,Starter,Monthly,394.35,22,2025-01-04,,Active,
SUB-22503,CUST-12503,Growth,Monthly,355.84,21,2025-01-04,,Active,
SUB-22504,CUST-12504,Growth,Annual,2817.98,46,2025-01-04,,Active,
SUB-22505,CUST-12505,Enterprise Plus,Annual,10296.43,371,2025-01-05,,Active,
SUB-22506,CUST-12506,Growth,Monthly,254.82,20,2025-01-05,2025-10-20,Churned,Switched Tool
SUB-22507,CUST-12507,Growth,Annual,2731.76,31,2025-01-05,,Active,
SUB-22508,CUST-12508,Growth,Monthly,741.11,11,2025-01-05,,Active,
SUB-22509,CUST-12509,Growth,Annual,145.64,5,2025-01-05,2025-04-25,Churned,Competitor Alternative
SUB-22510,CUST-12510,Enterprise Plus,Annual,11414.27,231,2025-01-05,,Active,
SUB-22511,CUST-12511,Starter,Monthly,222.75,20,2025-01-05,2025-05-06,Churned,Support / SLA Frustration
SUB-22512,CUST-12512,Growth,Monthly,1958.04,98,2025-01-05,,Active,
SUB-22513,CUST-12513,Starter,Monthly,137.05,19,2025-01-05,2025-05-13,Churned,Low Adoption & License Waste
SUB-22514,CUST-12514,Growth,Annual,484.75,21,2025-01-05,,Active,
SUB-22515,CUST-12515,Starter,Annual,556.87,6,2025-01-05,,Active,
SUB-22516,CUST-12516,Enterprise Plus,Annual,6354.86,210,2025-01-05,,Active,
SUB-22517,CUST-12517,Scale,Monthly,1241.69,35,2025-01-06,,Active,
SUB-22518,CUST-12518,Starter,Monthly,414.36,11,2025-01-06,2025-09-29,Churned,Support / SLA Frustration
SUB-22519,CUST-12519,Starter,Monthly,372.73,11,2025-01-06,,Active,
SUB-22520,CUST-12520,Growth,Monthly,598.53,13,2025-01-06,2025-10-22,Churned,Support / SLA Frustration
SUB-22521,CUST-12521,Enterprise Plus,Annual,14582.67,338,2025-01-06,2025-07-30,Churned,Support / SLA Frustration
SUB-22522,CUST-12522,Scale,Annual,3103.21,76,2025-01-06,,Active,
SUB-22523,CUST-12523,Growth,Monthly,3580.68,93,2025-01-07,,Active,
SUB-22524,CUST-12524,Growth,Annual,669.53,18,2025-01-07,2025-05-26,Churned,Switched Tool
SUB-22525,CUST-12525,Growth,Annual,1236.99,28,2025-01-07,2025-06-07,Churned,Competitor Alternative
SUB-22526,CUST-12526,Scale,Annual,970.33,54,2025-01-07,,Active,
SUB-22527,CUST-12527,Starter,Annual,147.75,8,2025-01-07,,Active,
SUB-22528,CUST-12528,Enterprise Plus,Annual,11993.0,158,2025-01-07,,Active,
SUB-22529,CUST-12529,Starter,Monthly,183.52,8,2025-01-07,,Active,
SUB-22530,CUST-12530,Starter,Monthly,592.04,6,2025-01-08,,Active,
SUB-22531,CUST-12531,Growth,Monthly,602.57,11,2025-01-08,2025-09-03,Churned,Competitor Alternative
SUB-22532,CUST-12532,Scale,Annual,1260.79,28,2025-01-08,2025-07-22,Churned,Support / SLA Frustration
SUB-22533,CUST-12533,Enterprise Plus,Annual,16887.84,209,2025-01-08,2025-08-13,Churned,Low Adoption & License Waste
SUB-22534,CUST-12534,Growth,Monthly,701.92,14,2025-01-09,2025-10-13,Churned,Competitor Alternative
SUB-22535,CUST-12535,Growth,Monthly,324.51,13,2025-01-09,,Active,
SUB-22536,CUST-12536,Growth,Monthly,594.9,6,2025-01-09,,Active,
SUB-22537,CUST-12537,Enterprise Plus,Annual,8459.87,203,2025-01-10,,Active,
SUB-22538,CUST-12538,Growth,Annual,629.32,20,2025-01-10,2025-12-15,Churned,Support / SLA Frustration
SUB-22539,CUST-12539,Starter,Annual,262.94,14,2025-01-10,,Active,
SUB-22540,CUST-12540,Starter,Monthly,720.25,8,2025-01-10,2025-09-16,Churned,Support / SLA Frustration
SUB-22541,CUST-12541,Starter,Monthly,662.13,22,2025-01-10,,Active,
SUB-22542,CUST-12542,Growth,Monthly,681.09,23,2025-01-10,,Active,
SUB-22543,CUST-12543,Starter,Monthly,380.96,11,2025-01-10,2025-10-05,Churned,Switched Tool
SUB-22544,CUST-12544,Scale,Annual,12095.06,285,2025-01-10,,Active,
SUB-22545,CUST-12545,Growth,Monthly,1407.31,33,2025-01-10,,Active,
SUB-22546,CUST-12546,Enterprise Plus,Annual,5307.41,242,2025-01-11,,Active,
SUB-22547,CUST-12547,Scale,Monthly,1952.08,39,2025-01-11,2025-04-16,Churned,Internal Restructuring
SUB-22548,CUST-12548,Scale,Monthly,2774.19,85,2025-01-11,,Active,
SUB-22549,CUST-12549,Enterprise Plus,Annual,16599.06,409,2025-01-11,,Active,
SUB-22550,CUST-12550,Scale,Annual,3522.24,71,2025-01-11,,Active,
SUB-22551,CUST-12551,Enterprise Plus,Annual,13381.01,439,2025-01-11,,Active,
SUB-22552,CUST-12552,Starter,Monthly,639.72,10,2025-01-11,2025-06-08,Churned,Support / SLA Frustration
SUB-22553,CUST-12553,Starter,Monthly,447.08,5,2025-01-11,,Active,
SUB-22554,CUST-12554,Scale,Annual,8040.62,198,2025-01-11,,Active,
SUB-22555,CUST-12555,Growth,Monthly,601.3,6,2025-01-12,,Active,
SUB-22556,CUST-12556,Starter,Monthly,655.46,19,2025-01-12,,Active,
SUB-22557,CUST-12557,Scale,Annual,2990.39,65,2025-01-12,,Active,
SUB-22558,CUST-12558,Enterprise Plus,Annual,11792.82,120,2025-01-12,,Active,
SUB-22559,CUST-12559,Starter,Monthly,132.41,6,2025-01-12,2025-02-21,Churned,Support / SLA Frustration
SUB-22560,CUST-12560,Growth,Monthly,666.89,24,2025-01-12,,Active,
SUB-22561,CUST-12561,Growth,Monthly,683.75,10,2025-01-13,,Active,
SUB-22562,CUST-12562,Scale,Annual,11089.43,139,2025-01-13,2025-03-21,Churned,Low Adoption & License Waste
SUB-22563,CUST-12563,Enterprise Plus,Annual,16151.41,343,2025-01-13,,Active,
SUB-22564,CUST-12564,Growth,Annual,2242.08,96,2025-01-13,,Active,
SUB-22565,CUST-12565,Growth,Annual,2801.9,57,2025-01-13,,Active,
SUB-22566,CUST-12566,Growth,Annual,1577.6,50,2025-01-13,,Active,
SUB-22567,CUST-12567,Scale,Annual,1596.69,53,2025-01-13,,Active,
SUB-22568,CUST-12568,Starter,Monthly,377.16,24,2025-01-13,2025-07-03,Churned,Support / SLA Frustration
SUB-22569,CUST-12569,Starter,Monthly,281.52,6,2025-01-13,,Active,
SUB-22570,CUST-12570,Growth,Monthly,1803.56,58,2025-01-14,2025-06-22,Churned,Support / SLA Frustration
SUB-22571,CUST-12571,Growth,Annual,314.45,21,2025-01-14,,Active,
SUB-22572,CUST-12572,Growth,Monthly,1985.98,54,2025-01-14,,Active,
SUB-22573,CUST-12573,Growth,Monthly,3500.67,98,2025-01-14,,Active,
SUB-22574,CUST-12574,Growth,Monthly,2103.37,59,2025-01-14,2025-07-10,Churned,Competitor Alternative
SUB-22575,CUST-12575,Growth,Annual,258.8,11,2025-01-14,,Active,
SUB-22576,CUST-12576,Growth,Monthly,345.65,24,2025-01-14,,Active,
SUB-22577,CUST-12577,Starter,Annual,512.62,21,2025-01-14,,Active,
SUB-22578,CUST-12578,Growth,Monthly,1003.63,64,2025-01-14,,Active,
SUB-22579,CUST-12579,Starter,Monthly,414.27,23,2025-01-14,,Active,
SUB-22580,CUST-12580,Enterprise Plus,Monthly,13409.61,102,2025-01-15,2025-11-12,Churned,Support / SLA Frustration
SUB-22581,CUST-12581,Starter,Monthly,525.37,24,2025-01-15,2025-07-03,Churned,Competitor Alternative
SUB-22582,CUST-12582,Starter,Monthly,348.29,11,2025-01-15,,Active,
SUB-22583,CUST-12583,Growth,Annual,2762.66,48,2025-01-15,,Active,
SUB-22584,CUST-12584,Starter,Monthly,409.18,16,2025-01-15,2025-11-04,Churned,Support / SLA Frustration
SUB-22585,CUST-12585,Starter,Monthly,472.01,23,2025-01-16,,Active,
SUB-22586,CUST-12586,Enterprise Plus,Annual,9298.47,308,2025-01-16,,Active,
SUB-22587,CUST-12587,Starter,Monthly,261.43,18,2025-01-16,2025-12-20,Churned,Support / SLA Frustration
SUB-22588,CUST-12588,Scale,Monthly,2297.3,99,2025-01-16,,Active,
SUB-22589,CUST-12589,Starter,Annual,637.55,9,2025-01-16,,Active,
SUB-22590,CUST-12590,Growth,Annual,130.63,8,2025-01-16,,Active,
SUB-22591,CUST-12591,Starter,Annual,244.54,20,2025-01-16,2025-08-25,Churned,Support / SLA Frustration
SUB-22592,CUST-12592,Growth,Monthly,649.93,13,2025-01-16,2025-07-19,Churned,Low Adoption & License Waste
SUB-22593,CUST-12593,Growth,Monthly,416.48,19,2025-01-17,2025-03-25,Churned,Support / SLA Frustration
SUB-22594,CUST-12594,Scale,Annual,10297.79,150,2025-01-17,,Active,
SUB-22595,CUST-12595,Starter,Annual,681.06,24,2025-01-17,,Active,
SUB-22596,CUST-12596,Growth,Annual,1534.44,86,2025-01-17,,Active,
SUB-22597,CUST-12597,Growth,Monthly,2835.32,92,2025-01-18,,Active,
SUB-22598,CUST-12598,Growth,Monthly,2696.43,87,2025-01-18,,Active,
SUB-22599,CUST-12599,Enterprise Plus,Annual,13038.85,468,2025-01-18,,Active,
SUB-22600,CUST-12600,Growth,Monthly,124.89,7,2025-01-18,2025-12-18,Churned,Support / SLA Frustration
SUB-22601,CUST-12601,Enterprise Plus,Annual,7382.51,192,2025-01-18,,Active,
SUB-22602,CUST-12602,Starter,Monthly,302.33,9,2025-01-19,2025-06-17,Churned,Low Adoption & License Waste
SUB-22603,CUST-12603,Scale,Monthly,1053.14,34,2025-01-19,,Active,
SUB-22604,CUST-12604,Enterprise Plus,Annual,15181.05,387,2025-01-19,2025-10-31,Churned,Support / SLA Frustration
SUB-22605,CUST-12605,Growth,Annual,187.59,17,2025-01-19,,Active,
SUB-22606,CUST-12606,Enterprise Plus,Annual,17500.47,418,2025-01-19,,Active,
SUB-22607,CUST-12607,Scale,Annual,1212.45,83,2025-01-19,,Active,
SUB-22608,CUST-12608,Starter,Annual,693.78,22,2025-01-20,,Active,
SUB-22609,CUST-12609,Scale,Annual,5147.73,214,2025-01-20,2025-04-23,Churned,Support / SLA Frustration
SUB-22610,CUST-12610,Starter,Monthly,126.55,11,2025-01-20,2025-12-15,Churned,Support / SLA Frustration
SUB-22611,CUST-12611,Scale,Monthly,13558.26,262,2025-01-20,,Active,
SUB-22612,CUST-12612,Growth,Monthly,2760.93,86,2025-01-20,2025-10-11,Churned,Support / SLA Frustration
SUB-22613,CUST-12613,Starter,Monthly,396.86,10,2025-01-20,,Active,
SUB-22614,CUST-12614,Growth,Annual,3616.43,80,2025-01-20,,Active,
SUB-22615,CUST-12615,Enterprise Plus,Annual,6516.27,300,2025-01-20,,Active,
SUB-22616,CUST-12616,Scale,Monthly,1555.15,32,2025-01-20,,Active,
SUB-22617,CUST-12617,Growth,Monthly,2481.57,49,2025-01-20,,Active,
SUB-22618,CUST-12618,Starter,Annual,418.13,20,2025-01-20,2025-06-02,Churned,Support / SLA Frustration
SUB-22619,CUST-12619,Scale,Annual,1384.92,76,2025-01-20,2025-10-27,Churned,Support / SLA Frustration
SUB-22620,CUST-12620,Growth,Annual,655.59,21,2025-01-21,,Active,
SUB-22621,CUST-12621,Starter,Monthly,569.45,18,2025-01-21,,Active,
SUB-22622,CUST-12622,Growth,Annual,1371.51,81,2025-01-21,2025-05-31,Churned,Support / SLA Frustration
SUB-22623,CUST-12623,Starter,Monthly,606.79,11,2025-01-21,,Active,
SUB-22624,CUST-12624,Scale,Annual,1993.82,49,2025-01-21,,Active,
SUB-22625,CUST-12625,Growth,Monthly,132.72,24,2025-01-21,2025-05-01,Churned,Support / SLA Frustration
SUB-22626,CUST-12626,Enterprise Plus,Annual,5530.56,223,2025-01-21,,Active,
SUB-22627,CUST-12627,Starter,Monthly,293.79,13,2025-01-21,,Active,
SUB-22628,CUST-12628,Growth,Annual,2399.21,51,2025-01-21,2025-11-13,Churned,Support / SLA Frustration
SUB-22629,CUST-12629,Growth,Monthly,1315.77,25,2025-01-21,,Active,
SUB-22630,CUST-12630,Starter,Monthly,565.37,16,2025-01-22,2025-12-24,Churned,Support / SLA Frustration
SUB-22631,CUST-12631,Starter,Monthly,315.28,12,2025-01-22,,Active,
SUB-22632,CUST-12632,Enterprise Plus,Annual,14913.39,330,2025-01-22,,Active,
SUB-22633,CUST-12633,Growth,Annual,3692.06,26,2025-01-23,,Active,
SUB-22634,CUST-12634,Starter,Monthly,522.22,9,2025-01-23,2025-03-11,Churned,Price / Budget Cuts
SUB-22635,CUST-12635,Growth,Monthly,672.78,11,2025-01-23,2025-09-17,Churned,Low Adoption & License Waste
SUB-22636,CUST-12636,Growth,Monthly,279.23,23,2025-01-23,2025-07-04,Churned,Price / Budget Cuts
SUB-22637,CUST-12637,Starter,Monthly,408.86,24,2025-01-23,2025-10-13,Churned,Support / SLA Frustration
SUB-22638,CUST-12638,Starter,Monthly,124.45,14,2025-01-23,,Active,
SUB-22639,CUST-12639,Growth,Monthly,219.57,13,2025-01-23,,Active,
SUB-22640,CUST-12640,Growth,Annual,2184.83,85,2025-01-23,,Active,
SUB-22641,CUST-12641,Enterprise Plus,Annual,17472.94,112,2025-01-23,,Active,
SUB-22642,CUST-12642,Starter,Monthly,599.36,19,2025-01-24,2025-07-15,Churned,Support / SLA Frustration
SUB-22643,CUST-12643,Growth,Annual,456.51,20,2025-01-24,,Active,
SUB-22644,CUST-12644,Scale,Annual,15496.58,384,2025-01-24,,Active,
SUB-22645,CUST-12645,Growth,Monthly,3123.13,97,2025-01-24,,Active,
SUB-22646,CUST-12646,Growth,Monthly,595.47,18,2025-01-24,,Active,
SUB-22647,CUST-12647,Growth,Monthly,216.54,9,2025-01-24,,Active,
SUB-22648,CUST-12648,Growth,Monthly,3251.15,62,2025-01-24,,Active,
SUB-22649,CUST-12649,Growth,Monthly,1806.52,28,2025-01-25,,Active,
SUB-22650,CUST-12650,Growth,Monthly,3192.36,52,2025-01-25,2025-08-13,Churned,Support / SLA Frustration
SUB-22651,CUST-12651,Growth,Monthly,3320.02,74,2025-01-25,,Active,
SUB-22652,CUST-12652,Growth,Annual,3541.25,45,2025-01-25,,Active,
SUB-22653,CUST-12653,Scale,Annual,17746.47,364,2025-01-25,,Active,
SUB-22654,CUST-12654,Starter,Monthly,132.86,8,2025-01-25,,Active,
SUB-22655,CUST-12655,Growth,Annual,3463.12,39,2025-01-25,,Active,
SUB-22656,CUST-12656,Starter,Monthly,500.49,11,2025-01-25,,Active,
SUB-22657,CUST-12657,Growth,Monthly,561.1,17,2025-01-25,,Active,
SUB-22658,CUST-12658,Growth,Monthly,2497.04,92,2025-01-26,,Active,
SUB-22659,CUST-12659,Growth,Annual,171.46,10,2025-01-26,,Active,
SUB-22660,CUST-12660,Scale,Annual,2851.39,70,2025-01-26,,Active,
SUB-22661,CUST-12661,Starter,Annual,262.83,13,2025-01-26,,Active,
SUB-22662,CUST-12662,Growth,Annual,1156.24,67,2025-01-26,,Active,
SUB-22663,CUST-12663,Starter,Monthly,318.97,9,2025-01-26,2025-06-27,Churned,Support / SLA Frustration
SUB-22664,CUST-12664,Starter,Annual,559.77,7,2025-01-27,,Active,
SUB-22665,CUST-12665,Scale,Annual,3636.04,87,2025-01-27,,Active,
SUB-22666,CUST-12666,Enterprise Plus,Monthly,6379.45,170,2025-01-27,,Active,
SUB-22667,CUST-12667,Starter,Annual,315.83,16,2025-01-27,,Active,
SUB-22668,CUST-12668,Starter,Monthly,275.22,17,2025-01-27,,Active,
SUB-22669,CUST-12669,Scale,Annual,2134.49,52,2025-01-27,,Active,
SUB-22670,CUST-12670,Growth,Annual,724.66,13,2025-01-27,,Active,
SUB-22671,CUST-12671,Growth,Monthly,3614.05,73,2025-01-27,,Active,
SUB-22672,CUST-12672,Starter,Monthly,331.4,12,2025-01-27,,Active,
SUB-22673,CUST-12673,Growth,Annual,3059.2,45,2025-01-27,,Active,
SUB-22674,CUST-12674,Growth,Annual,161.75,17,2025-01-27,,Active,
SUB-22675,CUST-12675,Scale,Monthly,3124.8,39,2025-01-28,,Active,
SUB-22676,CUST-12676,Scale,Monthly,1373.19,66,2025-01-28,,Active,
SUB-22677,CUST-12677,Enterprise Plus,Annual,17787.8,123,2025-01-28,,Active,
SUB-22678,CUST-12678,Enterprise Plus,Annual,11618.97,411,2025-01-28,,Active,
SUB-22679,CUST-12679,Starter,Monthly,718.98,20,2025-01-28,2025-12-31,Churned,Low Adoption & License Waste
SUB-22680,CUST-12680,Growth,Annual,2133.39,83,2025-01-28,,Active,
SUB-22681,CUST-12681,Growth,Annual,537.1,6,2025-01-28,,Active,
SUB-22682,CUST-12682,Scale,Annual,7529.13,131,2025-01-28,,Active,
SUB-22683,CUST-12683,Scale,Annual,3209.2,74,2025-01-28,2025-10-09,Churned,Internal Restructuring
SUB-22684,CUST-12684,Scale,Annual,1663.5,70,2025-01-28,,Active,
SUB-22685,CUST-12685,Scale,Annual,11559.42,190,2025-01-28,,Active,
SUB-22686,CUST-12686,Enterprise Plus,Monthly,5608.28,143,2025-01-28,2025-07-24,Churned,Support / SLA Frustration
SUB-22687,CUST-12687,Scale,Annual,1014.19,51,2025-01-28,,Active,
SUB-22688,CUST-12688,Growth,Monthly,2371.17,93,2025-01-29,,Active,
SUB-22689,CUST-12689,Scale,Monthly,2281.72,31,2025-01-29,2025-11-07,Churned,Support / SLA Frustration
SUB-22690,CUST-12690,Growth,Annual,608.94,5,2025-01-29,,Active,
SUB-22691,CUST-12691,Growth,Monthly,365.23,9,2025-01-29,,Active,
SUB-22692,CUST-12692,Scale,Annual,6806.97,369,2025-01-29,,Active,
SUB-22693,CUST-12693,Growth,Annual,2237.73,65,2025-01-29,2025-03-04,Churned,Low Adoption & License Waste
SUB-22694,CUST-12694,Starter,Monthly,676.26,10,2025-01-29,,Active,
SUB-22695,CUST-12695,Starter,Monthly,235.63,5,2025-01-30,,Active,
SUB-22696,CUST-12696,Starter,Annual,228.24,24,2025-01-30,,Active,
SUB-22697,CUST-12697,Growth,Monthly,1416.83,86,2025-01-30,,Active,
SUB-22698,CUST-12698,Starter,Annual,582.17,22,2025-01-30,,Active,
SUB-22699,CUST-12699,Starter,Monthly,400.38,20,2025-01-30,,Active,
SUB-22700,CUST-12700,Growth,Annual,232.59,14,2025-01-30,,Active,
SUB-22701,CUST-12701,Growth,Monthly,516.19,5,2025-01-30,,Active,
SUB-22702,CUST-12702,Enterprise Plus,Annual,14157.83,461,2025-01-31,,Active,
SUB-22703,CUST-12703,Scale,Annual,17943.04,162,2025-01-31,,Active,
SUB-22704,CUST-12704,Growth,Monthly,550.29,9,2025-01-31,,Active,
SUB-22705,CUST-12705,Starter,Monthly,237.34,18,2025-01-31,,Active,
SUB-22706,CUST-12706,Enterprise Plus,Annual,8553.14,479,2025-01-31,,Active,
SUB-22707,CUST-12707,Growth,Monthly,3652.84,74,2025-01-31,,Active,
SUB-22708,CUST-12708,Enterprise Plus,Annual,15929.64,234,2025-02-01,,Active,
SUB-22709,CUST-12709,Scale,Monthly,1687.31,55,2025-02-01,,Active,
SUB-22710,CUST-12710,Growth,Annual,595.99,7,2025-02-01,,Active,
SUB-22711,CUST-12711,Growth,Monthly,482.63,7,2025-02-01,,Active,
SUB-22712,CUST-12712,Growth,Annual,2312.44,25,2025-02-01,,Active,
SUB-22713,CUST-12713,Scale,Annual,3143.69,60,2025-02-01,2025-04-17,Churned,Low Adoption & License Waste
SUB-22714,CUST-12714,Enterprise Plus,Annual,12699.47,314,2025-02-01,,Active,
SUB-22715,CUST-12715,Growth,Annual,1094.02,29,2025-02-01,2025-06-02,Churned,Support / SLA Frustration
SUB-22716,CUST-12716,Starter,Annual,548.19,11,2025-02-01,,Active,
SUB-22717,CUST-12717,Starter,Annual,482.55,11,2025-02-01,,Active,
SUB-22718,CUST-12718,Starter,Monthly,488.36,10,2025-02-02,,Active,
SUB-22719,CUST-12719,Enterprise Plus,Annual,16689.32,406,2025-02-02,,Active,
SUB-22720,CUST-12720,Starter,Monthly,464.46,11,2025-02-02,,Active,
SUB-22721,CUST-12721,Starter,Monthly,662.06,22,2025-02-02,,Active,
SUB-22722,CUST-12722,Starter,Monthly,529.69,20,2025-02-02,2025-03-31,Churned,Support / SLA Frustration
SUB-22723,CUST-12723,Growth,Annual,2873.79,90,2025-02-03,,Active,
SUB-22724,CUST-12724,Scale,Annual,1260.68,88,2025-02-03,2025-03-20,Churned,Low Adoption & License Waste
SUB-22725,CUST-12725,Scale,Annual,2594.41,92,2025-02-03,2025-12-31,Churned,Support / SLA Frustration
SUB-22726,CUST-12726,Enterprise Plus,Annual,7329.45,392,2025-02-03,,Active,
SUB-22727,CUST-12727,Growth,Monthly,1332.53,74,2025-02-03,2025-05-04,Churned,Low Adoption & License Waste
SUB-22728,CUST-12728,Scale,Monthly,2499.57,29,2025-02-03,,Active,
SUB-22729,CUST-12729,Scale,Annual,1828.83,99,2025-02-04,,Active,
SUB-22730,CUST-12730,Starter,Monthly,451.59,20,2025-02-04,2025-09-17,Churned,Support / SLA Frustration
SUB-22731,CUST-12731,Scale,Monthly,3793.45,59,2025-02-04,2025-08-30,Churned,Support / SLA Frustration
SUB-22732,CUST-12732,Enterprise Plus,Annual,9576.47,282,2025-02-04,,Active,
SUB-22733,CUST-12733,Growth,Annual,331.24,14,2025-02-05,,Active,
SUB-22734,CUST-12734,Starter,Monthly,300.33,10,2025-02-06,2025-06-10,Churned,Competitor Alternative
SUB-22735,CUST-12735,Growth,Monthly,534.3,21,2025-02-06,,Active,
SUB-22736,CUST-12736,Growth,Monthly,175.84,6,2025-02-06,,Active,
SUB-22737,CUST-12737,Starter,Annual,435.27,12,2025-02-06,2025-06-18,Churned,Low Adoption & License Waste
SUB-22738,CUST-12738,Starter,Monthly,426.03,11,2025-02-06,2025-12-31,Churned,Low Adoption & License Waste
SUB-22739,CUST-12739,Scale,Annual,13591.38,431,2025-02-07,,Active,
SUB-22740,CUST-12740,Scale,Monthly,2893.74,29,2025-02-07,,Active,
SUB-22741,CUST-12741,Growth,Monthly,1575.56,51,2025-02-07,,Active,
SUB-22742,CUST-12742,Growth,Annual,3148.71,44,2025-02-07,,Active,
SUB-22743,CUST-12743,Enterprise Plus,Annual,13652.05,391,2025-02-07,,Active,
SUB-22744,CUST-12744,Starter,Monthly,271.14,18,2025-02-07,,Active,
SUB-22745,CUST-12745,Growth,Monthly,266.36,6,2025-02-07,,Active,
SUB-22746,CUST-12746,Starter,Annual,226.91,11,2025-02-07,,Active,
SUB-22747,CUST-12747,Enterprise Plus,Monthly,7140.81,488,2025-02-08,,Active,
SUB-22748,CUST-12748,Growth,Monthly,705.55,20,2025-02-08,2025-08-25,Churned,Price / Budget Cuts
SUB-22749,CUST-12749,Growth,Monthly,441.58,23,2025-02-08,2025-12-31,Churned,Support / SLA Frustration
SUB-22750,CUST-12750,Growth,Annual,3111.99,67,2025-02-08,2025-12-31,Churned,Competitor Alternative
SUB-22751,CUST-12751,Growth,Annual,511.38,9,2025-02-08,,Active,
SUB-22752,CUST-12752,Scale,Annual,3344.9,31,2025-02-09,,Active,
SUB-22753,CUST-12753,Growth,Annual,1865.83,71,2025-02-09,,Active,
SUB-22754,CUST-12754,Starter,Monthly,248.69,22,2025-02-09,,Active,
SUB-22755,CUST-12755,Growth,Annual,2730.98,93,2025-02-09,,Active,
SUB-22756,CUST-12756,Scale,Monthly,1082.27,88,2025-02-09,2025-10-02,Churned,Support / SLA Frustration
SUB-22757,CUST-12757,Growth,Monthly,316.29,23,2025-02-09,,Active,
SUB-22758,CUST-12758,Starter,Monthly,387.23,13,2025-02-09,,Active,
SUB-22759,CUST-12759,Enterprise Plus,Annual,15201.95,353,2025-02-09,,Active,
SUB-22760,CUST-12760,Enterprise Plus,Annual,17589.27,364,2025-02-10,,Active,
SUB-22761,CUST-12761,Scale,Annual,6845.14,125,2025-02-10,,Active,
SUB-22762,CUST-12762,Starter,Monthly,239.05,11,2025-02-10,,Active,
SUB-22763,CUST-12763,Scale,Annual,1351.15,99,2025-02-10,,Active,
SUB-22764,CUST-12764,Enterprise Plus,Annual,7626.06,320,2025-02-10,,Active,
SUB-22765,CUST-12765,Starter,Monthly,392.67,16,2025-02-10,,Active,
SUB-22766,CUST-12766,Growth,Monthly,184.04,21,2025-02-10,,Active,
SUB-22767,CUST-12767,Growth,Monthly,1987.64,55,2025-02-11,2025-06-03,Churned,Internal Restructuring
SUB-22768,CUST-12768,Starter,Monthly,464.43,8,2025-02-11,,Active,
SUB-22769,CUST-12769,Starter,Monthly,570.08,14,2025-02-11,,Active,
SUB-22770,CUST-12770,Enterprise Plus,Annual,6323.15,319,2025-02-11,,Active,
SUB-22771,CUST-12771,Growth,Monthly,3704.81,52,2025-02-11,,Active,
SUB-22772,CUST-12772,Starter,Monthly,299.74,20,2025-02-11,,Active,
SUB-22773,CUST-12773,Scale,Annual,3332.54,39,2025-02-11,,Active,
SUB-22774,CUST-12774,Growth,Monthly,508.36,6,2025-02-11,2025-06-24,Churned,Support / SLA Frustration
SUB-22775,CUST-12775,Growth,Monthly,2283.9,92,2025-02-11,,Active,
SUB-22776,CUST-12776,Enterprise Plus,Monthly,17765.23,281,2025-02-11,,Active,
SUB-22777,CUST-12777,Growth,Monthly,1542.45,89,2025-02-11,,Active,
SUB-22778,CUST-12778,Growth,Monthly,1131.58,82,2025-02-12,,Active,
SUB-22779,CUST-12779,Growth,Monthly,2376.54,45,2025-02-12,,Active,
SUB-22780,CUST-12780,Enterprise Plus,Annual,17806.76,245,2025-02-12,,Active,
SUB-22781,CUST-12781,Starter,Monthly,553.16,5,2025-02-12,,Active,
SUB-22782,CUST-12782,Starter,Monthly,387.01,24,2025-02-13,,Active,
SUB-22783,CUST-12783,Starter,Monthly,559.48,20,2025-02-13,,Active,
SUB-22784,CUST-12784,Starter,Monthly,463.64,18,2025-02-13,,Active,
SUB-22785,CUST-12785,Growth,Monthly,3449.33,38,2025-02-13,2025-08-20,Churned,Support / SLA Frustration
SUB-22786,CUST-12786,Growth,Annual,703.51,24,2025-02-13,,Active,
SUB-22787,CUST-12787,Growth,Annual,2809.87,27,2025-02-13,,Active,
SUB-22788,CUST-12788,Starter,Monthly,418.2,5,2025-02-13,,Active,
SUB-22789,CUST-12789,Starter,Annual,510.05,16,2025-02-13,,Active,
SUB-22790,CUST-12790,Starter,Monthly,677.05,10,2025-02-13,2025-09-10,Churned,Switched Tool
SUB-22791,CUST-12791,Growth,Monthly,141.31,12,2025-02-14,2025-12-31,Churned,Price / Budget Cuts
SUB-22792,CUST-12792,Starter,Monthly,300.89,24,2025-02-14,,Active,
SUB-22793,CUST-12793,Scale,Annual,1181.37,38,2025-02-14,2025-07-29,Churned,Support / SLA Frustration
SUB-22794,CUST-12794,Growth,Annual,3126.38,79,2025-02-14,,Active,
SUB-22795,CUST-12795,Starter,Monthly,132.99,12,2025-02-14,,Active,
SUB-22796,CUST-12796,Enterprise Plus,Annual,15780.55,490,2025-02-14,,Active,
SUB-22797,CUST-12797,Starter,Annual,359.2,5,2025-02-15,,Active,
SUB-22798,CUST-12798,Starter,Monthly,516.86,20,2025-02-15,2025-04-08,Churned,Switched Tool
SUB-22799,CUST-12799,Scale,Monthly,1673.32,90,2025-02-15,2025-09-17,Churned,Support / SLA Frustration
SUB-22800,CUST-12800,Starter,Monthly,742.0,24,2025-02-15,,Active,
SUB-22801,CUST-12801,Starter,Monthly,284.74,13,2025-02-15,,Active,
SUB-22802,CUST-12802,Starter,Monthly,432.48,9,2025-02-15,,Active,
SUB-22803,CUST-12803,Starter,Annual,158.87,12,2025-02-15,,Active,
SUB-22804,CUST-12804,Starter,Monthly,282.51,11,2025-02-15,2025-12-31,Churned,Support / SLA Frustration
SUB-22805,CUST-12805,Starter,Monthly,689.9,9,2025-02-15,2025-03-23,Churned,Low Adoption & License Waste
SUB-22806,CUST-12806,Starter,Annual,342.96,11,2025-02-15,,Active,
SUB-22807,CUST-12807,Scale,Annual,2902.35,70,2025-02-16,,Active,
SUB-22808,CUST-12808,Growth,Monthly,1903.02,28,2025-02-16,,Active,
SUB-22809,CUST-12809,Starter,Monthly,178.43,17,2025-02-16,,Active,
SUB-22810,CUST-12810,Growth,Monthly,919.55,98,2025-02-16,,Active,
SUB-22811,CUST-12811,Starter,Monthly,570.94,8,2025-02-16,2025-06-02,Churned,Support / SLA Frustration
SUB-22812,CUST-12812,Starter,Annual,275.5,8,2025-02-16,,Active,
SUB-22813,CUST-12813,Scale,Annual,2459.6,28,2025-02-17,2025-12-20,Churned,Support / SLA Frustration
SUB-22814,CUST-12814,Growth,Annual,346.9,6,2025-02-17,,Active,
SUB-22815,CUST-12815,Starter,Monthly,556.33,18,2025-02-17,2025-09-07,Churned,Price / Budget Cuts
SUB-22816,CUST-12816,Growth,Monthly,2370.81,58,2025-02-17,2025-10-20,Churned,Support / SLA Frustration
SUB-22817,CUST-12817,Scale,Annual,11900.09,225,2025-02-17,,Active,
SUB-22818,CUST-12818,Enterprise Plus,Annual,15815.33,499,2025-02-17,2025-12-12,Churned,Low Adoption & License Waste
SUB-22819,CUST-12819,Growth,Monthly,3431.66,99,2025-02-17,2025-08-04,Churned,Leadership Transition
SUB-22820,CUST-12820,Starter,Monthly,264.15,17,2025-02-17,2025-05-23,Churned,Switched Tool
SUB-22821,CUST-12821,Scale,Monthly,1500.8,88,2025-02-17,,Active,
SUB-22822,CUST-12822,Starter,Annual,461.79,22,2025-02-17,,Active,
SUB-22823,CUST-12823,Scale,Monthly,916.31,35,2025-02-17,2025-08-30,Churned,Support / SLA Frustration
SUB-22824,CUST-12824,Growth,Annual,2010.8,50,2025-02-18,2025-12-31,Churned,Support / SLA Frustration
SUB-22825,CUST-12825,Starter,Monthly,507.72,20,2025-02-18,,Active,
SUB-22826,CUST-12826,Starter,Monthly,320.1,13,2025-02-18,,Active,
SUB-22827,CUST-12827,Enterprise Plus,Annual,15811.88,460,2025-02-18,2025-04-28,Churned,Support / SLA Frustration
SUB-22828,CUST-12828,Growth,Annual,3641.06,80,2025-02-18,,Active,
SUB-22829,CUST-12829,Enterprise Plus,Annual,5525.75,127,2025-02-18,,Active,
SUB-22830,CUST-12830,Growth,Annual,2119.94,36,2025-02-18,2025-10-10,Churned,Internal Restructuring
SUB-22831,CUST-12831,Growth,Monthly,352.0,6,2025-02-18,2025-08-14,Churned,Support / SLA Frustration
SUB-22832,CUST-12832,Enterprise Plus,Annual,14533.47,421,2025-02-18,,Active,
SUB-22833,CUST-12833,Growth,Annual,3181.9,48,2025-02-19,,Active,
SUB-22834,CUST-12834,Growth,Annual,3575.67,47,2025-02-19,,Active,
SUB-22835,CUST-12835,Growth,Annual,172.62,18,2025-02-19,,Active,
SUB-22836,CUST-12836,Starter,Monthly,205.91,11,2025-02-19,,Active,
SUB-22837,CUST-12837,Scale,Annual,13977.32,481,2025-02-19,,Active,
SUB-22838,CUST-12838,Growth,Monthly,557.35,22,2025-02-20,,Active,
SUB-22839,CUST-12839,Growth,Annual,3049.52,42,2025-02-20,,Active,
SUB-22840,CUST-12840,Scale,Annual,1770.36,83,2025-02-20,2025-10-23,Churned,Support / SLA Frustration
SUB-22841,CUST-12841,Starter,Monthly,739.28,18,2025-02-20,2025-11-14,Churned,Support / SLA Frustration
SUB-22842,CUST-12842,Starter,Monthly,444.71,22,2025-02-20,2025-08-26,Churned,Competitor Alternative
SUB-22843,CUST-12843,Starter,Annual,166.92,15,2025-02-20,,Active,
SUB-22844,CUST-12844,Growth,Annual,253.76,18,2025-02-20,,Active,
SUB-22845,CUST-12845,Scale,Monthly,3176.7,34,2025-02-21,,Active,
SUB-22846,CUST-12846,Starter,Monthly,743.0,17,2025-02-21,,Active,
SUB-22847,CUST-12847,Scale,Monthly,2204.79,35,2025-02-21,,Active,
SUB-22848,CUST-12848,Starter,Monthly,559.24,21,2025-02-21,2025-09-01,Churned,Price / Budget Cuts
SUB-22849,CUST-12849,Growth,Annual,1389.76,98,2025-02-22,,Active,
SUB-22850,CUST-12850,Starter,Annual,721.88,14,2025-02-22,,Active,
SUB-22851,CUST-12851,Scale,Annual,1194.94,71,2025-02-22,,Active,
SUB-22852,CUST-12852,Scale,Annual,3341.2,42,2025-02-22,2025-09-09,Churned,Low Adoption & License Waste
SUB-22853,CUST-12853,Starter,Monthly,686.24,15,2025-02-22,,Active,
SUB-22854,CUST-12854,Enterprise Plus,Annual,5160.25,134,2025-02-22,2025-10-23,Churned,Support / SLA Frustration
SUB-22855,CUST-12855,Starter,Monthly,451.14,22,2025-02-22,,Active,
SUB-22856,CUST-12856,Growth,Annual,3234.93,47,2025-02-22,,Active,
SUB-22857,CUST-12857,Enterprise Plus,Annual,6764.23,297,2025-02-22,,Active,
SUB-22858,CUST-12858,Scale,Annual,11196.2,186,2025-02-23,2025-12-12,Churned,Support / SLA Frustration
SUB-22859,CUST-12859,Growth,Annual,2284.37,54,2025-02-23,,Active,
SUB-22860,CUST-12860,Starter,Monthly,567.51,18,2025-02-23,,Active,
SUB-22861,CUST-12861,Growth,Annual,2348.51,91,2025-02-23,2025-10-08,Churned,Support / SLA Frustration
SUB-22862,CUST-12862,Starter,Annual,178.62,23,2025-02-24,2025-12-31,Churned,Support / SLA Frustration
SUB-22863,CUST-12863,Growth,Monthly,306.07,22,2025-02-24,,Active,
SUB-22864,CUST-12864,Growth,Annual,2969.16,54,2025-02-24,,Active,
SUB-22865,CUST-12865,Starter,Annual,688.14,15,2025-02-24,,Active,
SUB-22866,CUST-12866,Growth,Monthly,714.47,23,2025-02-24,,Active,
SUB-22867,CUST-12867,Starter,Monthly,499.05,18,2025-02-24,,Active,
SUB-22868,CUST-12868,Growth,Monthly,1431.65,50,2025-02-25,2025-12-31,Churned,Support / SLA Frustration
SUB-22869,CUST-12869,Scale,Annual,2175.55,97,2025-02-25,,Active,
SUB-22870,CUST-12870,Starter,Monthly,575.14,19,2025-02-25,,Active,
SUB-22871,CUST-12871,Starter,Annual,447.42,10,2025-02-25,,Active,
SUB-22872,CUST-12872,Growth,Monthly,265.33,17,2025-02-26,2025-12-07,Churned,Support / SLA Frustration
SUB-22873,CUST-12873,Growth,Annual,1275.65,85,2025-02-26,,Active,
SUB-22874,CUST-12874,Starter,Annual,413.1,10,2025-02-26,,Active,
SUB-22875,CUST-12875,Growth,Monthly,1949.87,28,2025-02-26,2025-08-27,Churned,Low Adoption & License Waste
SUB-22876,CUST-12876,Scale,Monthly,1637.8,55,2025-02-26,2025-10-16,Churned,Support / SLA Frustration
SUB-22877,CUST-12877,Scale,Annual,2545.47,65,2025-02-27,,Active,
SUB-22878,CUST-12878,Starter,Monthly,418.17,5,2025-02-27,,Active,
SUB-22879,CUST-12879,Scale,Annual,2245.86,68,2025-02-27,,Active,
SUB-22880,CUST-12880,Scale,Annual,3033.09,34,2025-02-27,2025-09-12,Churned,Support / SLA Frustration
SUB-22881,CUST-12881,Starter,Monthly,680.35,16,2025-02-27,,Active,
SUB-22882,CUST-12882,Growth,Annual,1902.12,65,2025-02-27,2025-03-31,Churned,Low Adoption & License Waste
SUB-22883,CUST-12883,Scale,Monthly,16611.33,113,2025-02-28,,Active,
SUB-22884,CUST-12884,Enterprise Plus,Annual,7812.79,309,2025-02-28,,Active,
SUB-22885,CUST-12885,Starter,Annual,507.28,24,2025-02-28,,Active,
SUB-22886,CUST-12886,Starter,Monthly,326.55,22,2025-02-28,,Active,
SUB-22887,CUST-12887,Scale,Annual,3509.85,36,2025-02-28,,Active,
SUB-22888,CUST-12888,Starter,Monthly,363.12,15,2025-02-28,,Active,
SUB-22889,CUST-12889,Starter,Annual,304.56,14,2025-02-28,2025-11-03,Churned,Support / SLA Frustration
SUB-22890,CUST-12890,Growth,Annual,1151.36,85,2025-02-28,,Active,
SUB-22891,CUST-12891,Growth,Annual,277.04,18,2025-02-28,,Active,
SUB-22892,CUST-12892,Growth,Monthly,658.78,15,2025-02-28,,Active,
SUB-22893,CUST-12893,Growth,Annual,733.41,13,2025-03-01,,Active,
SUB-22894,CUST-12894,Scale,Annual,2437.24,85,2025-03-01,,Active,
SUB-22895,CUST-12895,Growth,Monthly,382.7,20,2025-03-01,,Active,
SUB-22896,CUST-12896,Growth,Annual,490.34,22,2025-03-01,,Active,
SUB-22897,CUST-12897,Scale,Monthly,3495.68,81,2025-03-01,2025-12-31,Churned,Low Adoption & License Waste
SUB-22898,CUST-12898,Scale,Monthly,3404.69,86,2025-03-01,,Active,
SUB-22899,CUST-12899,Scale,Annual,12016.21,383,2025-03-01,,Active,
SUB-22900,CUST-12900,Enterprise Plus,Annual,8699.84,408,2025-03-02,,Active,
SUB-22901,CUST-12901,Growth,Monthly,358.69,12,2025-03-02,,Active,
SUB-22902,CUST-12902,Enterprise Plus,Annual,13493.65,243,2025-03-02,2025-09-19,Churned,Support / SLA Frustration
SUB-22903,CUST-12903,Growth,Annual,1550.04,27,2025-03-02,,Active,
SUB-22904,CUST-12904,Starter,Annual,405.23,10,2025-03-03,2025-05-28,Churned,Support / SLA Frustration
SUB-22905,CUST-12905,Enterprise Plus,Monthly,11887.63,358,2025-03-03,,Active,
SUB-22906,CUST-12906,Growth,Monthly,224.93,10,2025-03-04,2025-09-01,Churned,Support / SLA Frustration
SUB-22907,CUST-12907,Growth,Monthly,913.31,89,2025-03-04,,Active,
SUB-22908,CUST-12908,Growth,Monthly,3653.36,99,2025-03-04,,Active,
SUB-22909,CUST-12909,Scale,Annual,2947.88,40,2025-03-04,,Active,
SUB-22910,CUST-12910,Scale,Annual,1847.71,93,2025-03-04,,Active,
SUB-22911,CUST-12911,Scale,Annual,10196.09,380,2025-03-04,2025-04-04,Churned,Support / SLA Frustration
SUB-22912,CUST-12912,Starter,Monthly,674.41,7,2025-03-04,,Active,
SUB-22913,CUST-12913,Starter,Monthly,520.75,13,2025-03-04,,Active,
SUB-22914,CUST-12914,Growth,Annual,1244.93,50,2025-03-04,,Active,
SUB-22915,CUST-12915,Starter,Monthly,232.54,20,2025-03-04,,Active,
SUB-22916,CUST-12916,Growth,Monthly,442.14,24,2025-03-04,,Active,
SUB-22917,CUST-12917,Starter,Monthly,209.54,22,2025-03-05,2025-12-04,Churned,Support / SLA Frustration
SUB-22918,CUST-12918,Growth,Annual,3719.45,97,2025-03-05,2025-11-10,Churned,Support / SLA Frustration
SUB-22919,CUST-12919,Growth,Monthly,1308.93,76,2025-03-05,,Active,
SUB-22920,CUST-12920,Growth,Annual,3160.08,53,2025-03-05,,Active,
SUB-22921,CUST-12921,Starter,Monthly,263.68,18,2025-03-05,2025-11-05,Churned,Low Adoption & License Waste
SUB-22922,CUST-12922,Starter,Monthly,288.27,12,2025-03-05,,Active,
SUB-22923,CUST-12923,Growth,Monthly,1193.37,60,2025-03-05,2025-08-25,Churned,Internal Restructuring
SUB-22924,CUST-12924,Growth,Monthly,1112.9,87,2025-03-05,,Active,
SUB-22925,CUST-12925,Starter,Annual,247.46,7,2025-03-05,,Active,
SUB-22926,CUST-12926,Starter,Monthly,141.63,14,2025-03-05,,Active,
SUB-22927,CUST-12927,Starter,Monthly,329.07,22,2025-03-05,,Active,
SUB-22928,CUST-12928,Starter,Monthly,279.35,12,2025-03-06,,Active,
SUB-22929,CUST-12929,Growth,Annual,1171.32,33,2025-03-06,2025-10-11,Churned,Low Adoption & License Waste
SUB-22930,CUST-12930,Starter,Monthly,204.82,19,2025-03-06,,Active,
SUB-22931,CUST-12931,Starter,Monthly,389.85,8,2025-03-06,,Active,
SUB-22932,CUST-12932,Enterprise Plus,Annual,12162.87,327,2025-03-06,,Active,
SUB-22933,CUST-12933,Starter,Monthly,651.64,21,2025-03-06,,Active,
SUB-22934,CUST-12934,Growth,Monthly,181.23,20,2025-03-07,,Active,
SUB-22935,CUST-12935,Growth,Annual,2301.42,94,2025-03-07,2025-12-31,Churned,Support / SLA Frustration
SUB-22936,CUST-12936,Starter,Monthly,383.47,7,2025-03-07,2025-11-12,Churned,Price / Budget Cuts
SUB-22937,CUST-12937,Growth,Monthly,303.5,11,2025-03-07,,Active,
SUB-22938,CUST-12938,Starter,Monthly,126.56,9,2025-03-07,2025-10-06,Churned,Support / SLA Frustration
SUB-22939,CUST-12939,Enterprise Plus,Annual,8958.99,448,2025-03-07,,Active,
SUB-22940,CUST-12940,Scale,Monthly,1690.4,93,2025-03-07,,Active,
SUB-22941,CUST-12941,Growth,Annual,504.47,5,2025-03-08,,Active,
SUB-22942,CUST-12942,Scale,Monthly,3189.08,37,2025-03-08,,Active,
SUB-22943,CUST-12943,Starter,Annual,716.39,18,2025-03-08,,Active,
SUB-22944,CUST-12944,Starter,Annual,537.98,14,2025-03-08,,Active,
SUB-22945,CUST-12945,Enterprise Plus,Annual,13381.89,170,2025-03-09,,Active,
SUB-22946,CUST-12946,Starter,Monthly,515.78,5,2025-03-09,,Active,
SUB-22947,CUST-12947,Growth,Annual,572.38,15,2025-03-09,,Active,
SUB-22948,CUST-12948,Growth,Annual,1415.34,89,2025-03-09,,Active,
SUB-22949,CUST-12949,Growth,Monthly,185.28,22,2025-03-10,2025-09-06,Churned,Support / SLA Frustration
SUB-22950,CUST-12950,Starter,Monthly,376.63,12,2025-03-10,2025-11-13,Churned,Competitor Alternative
SUB-22951,CUST-12951,Starter,Monthly,413.85,22,2025-03-10,,Active,
SUB-22952,CUST-12952,Starter,Monthly,308.97,20,2025-03-10,2025-10-17,Churned,Price / Budget Cuts
SUB-22953,CUST-12953,Growth,Annual,3223.48,38,2025-03-11,,Active,
SUB-22954,CUST-12954,Starter,Monthly,449.42,8,2025-03-11,,Active,
SUB-22955,CUST-12955,Starter,Monthly,341.55,19,2025-03-11,2025-12-31,Churned,Price / Budget Cuts
SUB-22956,CUST-12956,Growth,Monthly,613.42,11,2025-03-12,,Active,
SUB-22957,CUST-12957,Starter,Monthly,225.89,10,2025-03-12,2025-04-22,Churned,Support / SLA Frustration
SUB-22958,CUST-12958,Scale,Monthly,2330.58,84,2025-03-12,,Active,
SUB-22959,CUST-12959,Starter,Monthly,583.62,11,2025-03-12,,Active,
SUB-22960,CUST-12960,Growth,Monthly,3493.91,38,2025-03-12,,Active,
SUB-22961,CUST-12961,Growth,Annual,1710.42,76,2025-03-12,,Active,
SUB-22962,CUST-12962,Growth,Monthly,3512.35,97,2025-03-12,2025-12-31,Churned,Support / SLA Frustration
SUB-22963,CUST-12963,Starter,Monthly,703.61,6,2025-03-12,,Active,
SUB-22964,CUST-12964,Starter,Monthly,247.76,23,2025-03-12,,Active,
SUB-22965,CUST-12965,Starter,Annual,403.42,11,2025-03-12,,Active,
SUB-22966,CUST-12966,Starter,Monthly,424.66,14,2025-03-13,,Active,
SUB-22967,CUST-12967,Starter,Monthly,423.31,21,2025-03-13,2025-06-06,Churned,Support / SLA Frustration
SUB-22968,CUST-12968,Growth,Monthly,122.74,23,2025-03-13,,Active,
SUB-22969,CUST-12969,Scale,Annual,2935.01,26,2025-03-13,,Active,
SUB-22970,CUST-12970,Growth,Annual,1178.51,97,2025-03-13,,Active,
SUB-22971,CUST-12971,Scale,Monthly,1084.76,49,2025-03-13,,Active,
SUB-22972,CUST-12972,Starter,Monthly,226.41,16,2025-03-13,,Active,
SUB-22973,CUST-12973,Starter,Monthly,709.8,16,2025-03-13,,Active,
SUB-22974,CUST-12974,Scale,Annual,1547.64,92,2025-03-13,2025-10-07,Churned,Support / SLA Frustration
SUB-22975,CUST-12975,Enterprise Plus,Annual,12197.84,473,2025-03-13,,Active,
SUB-22976,CUST-12976,Starter,Annual,713.48,14,2025-03-13,,Active,
SUB-22977,CUST-12977,Enterprise Plus,Annual,16536.4,438,2025-03-14,2025-08-16,Churned,Support / SLA Frustration
SUB-22978,CUST-12978,Starter,Annual,401.39,8,2025-03-14,,Active,
SUB-22979,CUST-12979,Starter,Monthly,182.42,24,2025-03-14,,Active,
SUB-22980,CUST-12980,Growth,Annual,1371.84,76,2025-03-14,,Active,
SUB-22981,CUST-12981,Growth,Annual,3141.99,96,2025-03-14,,Active,
SUB-22982,CUST-12982,Starter,Annual,175.77,19,2025-03-14,,Active,
SUB-22983,CUST-12983,Starter,Monthly,735.27,21,2025-03-14,,Active,
SUB-22984,CUST-12984,Growth,Monthly,510.31,19,2025-03-14,2025-12-31,Churned,Switched Tool
SUB-22985,CUST-12985,Starter,Monthly,296.16,16,2025-03-14,2025-06-18,Churned,Support / SLA Frustration
SUB-22986,CUST-12986,Scale,Annual,12162.41,241,2025-03-14,,Active,
SUB-22987,CUST-12987,Starter,Monthly,461.62,7,2025-03-14,,Active,
SUB-22988,CUST-12988,Starter,Monthly,318.54,13,2025-03-14,,Active,
SUB-22989,CUST-12989,Starter,Monthly,533.03,7,2025-03-14,,Active,
SUB-22990,CUST-12990,Scale,Monthly,3085.57,59,2025-03-14,2025-10-13,Churned,Competitor Alternative
SUB-22991,CUST-12991,Growth,Monthly,584.07,22,2025-03-15,,Active,
SUB-22992,CUST-12992,Growth,Monthly,661.39,7,2025-03-15,,Active,
SUB-22993,CUST-12993,Growth,Annual,2790.35,36,2025-03-15,,Active,
SUB-22994,CUST-12994,Enterprise Plus,Annual,12628.34,442,2025-03-15,,Active,
SUB-22995,CUST-12995,Growth,Monthly,746.09,18,2025-03-15,2025-09-10,Churned,Support / SLA Frustration
SUB-22996,CUST-12996,Scale,Monthly,3769.31,86,2025-03-15,,Active,
SUB-22997,CUST-12997,Growth,Annual,2878.25,69,2025-03-15,2025-11-08,Churned,Support / SLA Frustration
SUB-22998,CUST-12998,Scale,Annual,2143.31,66,2025-03-16,2025-08-15,Churned,Support / SLA Frustration
SUB-22999,CUST-12999,Growth,Monthly,194.75,9,2025-03-16,,Active,
SUB-23000,CUST-13000,Starter,Annual,261.36,20,2025-03-16,,Active,
SUB-23001,CUST-13001,Growth,Monthly,474.82,19,2025-03-16,2025-10-08,Churned,Low Adoption & License Waste
SUB-23002,CUST-13002,Scale,Monthly,1065.86,43,2025-03-16,2025-07-12,Churned,Competitor Alternative
SUB-23003,CUST-13003,Starter,Monthly,567.61,11,2025-03-16,2025-12-31,Churned,Support / SLA Frustration
SUB-23004,CUST-13004,Growth,Monthly,748.98,5,2025-03-16,,Active,
SUB-23005,CUST-13005,Starter,Monthly,136.07,20,2025-03-16,,Active,
SUB-23006,CUST-13006,Starter,Monthly,153.12,10,2025-03-16,,Active,
SUB-23007,CUST-13007,Enterprise Plus,Monthly,10096.11,487,2025-03-16,,Active,
SUB-23008,CUST-13008,Starter,Monthly,625.76,10,2025-03-17,,Active,
SUB-23009,CUST-13009,Scale,Annual,9771.58,154,2025-03-17,2025-11-18,Churned,Support / SLA Frustration
SUB-23010,CUST-13010,Starter,Monthly,545.82,13,2025-03-17,,Active,
SUB-23011,CUST-13011,Scale,Annual,2959.86,93,2025-03-17,,Active,
SUB-23012,CUST-13012,Scale,Annual,2873.85,56,2025-03-17,,Active,
SUB-23013,CUST-13013,Scale,Annual,2160.75,40,2025-03-17,,Active,
SUB-23014,CUST-13014,Starter,Monthly,664.59,5,2025-03-17,2025-08-07,Churned,Support / SLA Frustration
SUB-23015,CUST-13015,Growth,Annual,2831.1,37,2025-03-17,,Active,
SUB-23016,CUST-13016,Starter,Monthly,635.79,5,2025-03-18,,Active,
SUB-23017,CUST-13017,Growth,Monthly,1279.15,42,2025-03-18,,Active,
SUB-23018,CUST-13018,Enterprise Plus,Monthly,8379.13,295,2025-03-18,,Active,
SUB-23019,CUST-13019,Starter,Monthly,165.29,16,2025-03-18,,Active,
SUB-23020,CUST-13020,Scale,Monthly,2926.3,53,2025-03-18,,Active,
SUB-23021,CUST-13021,Growth,Annual,2650.48,80,2025-03-18,,Active,
SUB-23022,CUST-13022,Growth,Monthly,571.53,23,2025-03-18,,Active,
SUB-23023,CUST-13023,Scale,Monthly,2747.02,64,2025-03-19,,Active,
SUB-23024,CUST-13024,Scale,Annual,11057.1,163,2025-03-19,,Active,
SUB-23025,CUST-13025,Growth,Monthly,2424.29,27,2025-03-19,2025-12-27,Churned,Support / SLA Frustration
SUB-23026,CUST-13026,Starter,Annual,216.8,24,2025-03-19,,Active,
SUB-23027,CUST-13027,Starter,Monthly,152.93,17,2025-03-19,,Active,
SUB-23028,CUST-13028,Starter,Annual,699.12,21,2025-03-19,,Active,
SUB-23029,CUST-13029,Starter,Monthly,408.79,11,2025-03-19,,Active,
SUB-23030,CUST-13030,Scale,Annual,2104.41,57,2025-03-19,2025-09-26,Churned,Support / SLA Frustration
SUB-23031,CUST-13031,Growth,Monthly,1532.68,32,2025-03-20,2025-10-16,Churned,Internal Restructuring
SUB-23032,CUST-13032,Starter,Annual,167.21,13,2025-03-20,,Active,
SUB-23033,CUST-13033,Scale,Annual,8006.1,137,2025-03-20,,Active,
SUB-23034,CUST-13034,Growth,Annual,3702.49,50,2025-03-20,,Active,
SUB-23035,CUST-13035,Scale,Monthly,1709.4,81,2025-03-20,,Active,
SUB-23036,CUST-13036,Scale,Annual,3778.23,26,2025-03-20,,Active,
SUB-23037,CUST-13037,Starter,Monthly,242.3,18,2025-03-20,,Active,
SUB-23038,CUST-13038,Enterprise Plus,Monthly,10902.34,488,2025-03-20,,Active,
SUB-23039,CUST-13039,Starter,Annual,443.77,17,2025-03-20,,Active,
SUB-23040,CUST-13040,Growth,Monthly,2107.59,64,2025-03-20,2025-08-15,Churned,Support / SLA Frustration
SUB-23041,CUST-13041,Growth,Monthly,279.5,20,2025-03-21,2025-07-19,Churned,Support / SLA Frustration
SUB-23042,CUST-13042,Enterprise Plus,Annual,5267.37,232,2025-03-21,,Active,
SUB-23043,CUST-13043,Growth,Annual,2809.33,53,2025-03-21,,Active,
SUB-23044,CUST-13044,Growth,Monthly,306.07,19,2025-03-21,2025-05-17,Churned,Support / SLA Frustration
SUB-23045,CUST-13045,Starter,Monthly,525.46,8,2025-03-21,,Active,
SUB-23046,CUST-13046,Scale,Annual,2243.11,94,2025-03-22,,Active,
SUB-23047,CUST-13047,Growth,Monthly,1954.1,32,2025-03-22,,Active,
SUB-23048,CUST-13048,Growth,Monthly,2081.76,54,2025-03-22,,Active,
SUB-23049,CUST-13049,Scale,Annual,1757.2,85,2025-03-22,,Active,
SUB-23050,CUST-13050,Scale,Annual,3477.5,39,2025-03-23,,Active,
SUB-23051,CUST-13051,Growth,Monthly,3519.45,41,2025-03-23,,Active,
SUB-23052,CUST-13052,Growth,Annual,1658.0,82,2025-03-23,2025-12-01,Churned,Support / SLA Frustration
SUB-23053,CUST-13053,Growth,Annual,2594.01,91,2025-03-23,,Active,
SUB-23054,CUST-13054,Starter,Monthly,703.88,9,2025-03-23,,Active,
SUB-23055,CUST-13055,Growth,Monthly,129.12,9,2025-03-23,2025-12-14,Churned,Low Adoption & License Waste
SUB-23056,CUST-13056,Starter,Monthly,452.6,9,2025-03-23,,Active,
SUB-23057,CUST-13057,Enterprise Plus,Annual,9757.37,247,2025-03-24,,Active,
SUB-23058,CUST-13058,Enterprise Plus,Annual,7274.82,180,2025-03-24,,Active,
SUB-23059,CUST-13059,Starter,Annual,502.45,19,2025-03-24,2025-11-27,Churned,Support / SLA Frustration
SUB-23060,CUST-13060,Scale,Annual,1052.06,96,2025-03-24,2025-07-08,Churned,Support / SLA Frustration
SUB-23061,CUST-13061,Scale,Annual,16824.02,379,2025-03-24,,Active,
SUB-23062,CUST-13062,Starter,Monthly,139.03,17,2025-03-24,,Active,
SUB-23063,CUST-13063,Starter,Monthly,126.93,21,2025-03-24,,Active,
SUB-23064,CUST-13064,Growth,Annual,339.0,17,2025-03-25,,Active,
SUB-23065,CUST-13065,Growth,Annual,1153.3,83,2025-03-25,,Active,
SUB-23066,CUST-13066,Scale,Annual,15717.46,344,2025-03-25,,Active,
SUB-23067,CUST-13067,Starter,Monthly,478.47,17,2025-03-25,,Active,
SUB-23068,CUST-13068,Scale,Annual,1522.23,29,2025-03-25,,Active,
SUB-23069,CUST-13069,Starter,Monthly,190.08,12,2025-03-25,,Active,
SUB-23070,CUST-13070,Starter,Monthly,719.3,18,2025-03-25,,Active,
SUB-23071,CUST-13071,Starter,Monthly,126.53,19,2025-03-26,,Active,
SUB-23072,CUST-13072,Growth,Monthly,3027.39,63,2025-03-26,2025-11-18,Churned,Support / SLA Frustration
SUB-23073,CUST-13073,Scale,Monthly,1606.95,64,2025-03-26,,Active,
SUB-23074,CUST-13074,Starter,Monthly,232.89,9,2025-03-26,,Active,
SUB-23075,CUST-13075,Starter,Annual,697.67,18,2025-03-26,2025-08-28,Churned,Switched Tool
SUB-23076,CUST-13076,Starter,Monthly,554.27,24,2025-03-26,2025-10-10,Churned,Support / SLA Frustration
SUB-23077,CUST-13077,Enterprise Plus,Annual,9353.64,441,2025-03-26,,Active,
SUB-23078,CUST-13078,Scale,Monthly,915.84,47,2025-03-26,,Active,
SUB-23079,CUST-13079,Starter,Monthly,432.13,10,2025-03-27,,Active,
SUB-23080,CUST-13080,Growth,Monthly,657.95,8,2025-03-27,,Active,
SUB-23081,CUST-13081,Starter,Monthly,501.36,6,2025-03-27,2025-08-07,Churned,Support / SLA Frustration
SUB-23082,CUST-13082,Scale,Monthly,3422.59,90,2025-03-27,2025-12-31,Churned,Support / SLA Frustration
SUB-23083,CUST-13083,Starter,Monthly,654.5,24,2025-03-27,2025-07-15,Churned,Support / SLA Frustration
SUB-23084,CUST-13084,Growth,Monthly,415.7,9,2025-03-27,,Active,
SUB-23085,CUST-13085,Growth,Monthly,297.5,11,2025-03-27,,Active,
SUB-23086,CUST-13086,Scale,Annual,1136.3,35,2025-03-27,,Active,
SUB-23087,CUST-13087,Enterprise Plus,Annual,11353.27,406,2025-03-27,,Active,
SUB-23088,CUST-13088,Growth,Annual,181.99,16,2025-03-28,,Active,
SUB-23089,CUST-13089,Scale,Annual,1978.67,90,2025-03-28,2025-06-06,Churned,Support / SLA Frustration
SUB-23090,CUST-13090,Scale,Annual,1130.6,44,2025-03-28,2025-07-09,Churned,Support / SLA Frustration
SUB-23091,CUST-13091,Starter,Annual,431.15,16,2025-03-28,,Active,
SUB-23092,CUST-13092,Growth,Monthly,2697.92,69,2025-03-28,,Active,
SUB-23093,CUST-13093,Growth,Monthly,705.24,10,2025-03-28,2025-05-29,Churned,Support / SLA Frustration
SUB-23094,CUST-13094,Growth,Annual,2374.97,41,2025-03-29,,Active,
SUB-23095,CUST-13095,Starter,Annual,555.1,14,2025-03-29,,Active,
SUB-23096,CUST-13096,Starter,Monthly,735.72,11,2025-03-29,,Active,
SUB-23097,CUST-13097,Enterprise Plus,Annual,13730.77,281,2025-03-29,,Active,
SUB-23098,CUST-13098,Enterprise Plus,Annual,15302.84,137,2025-03-29,,Active,
SUB-23099,CUST-13099,Scale,Annual,974.47,41,2025-03-29,2025-12-31,Churned,Support / SLA Frustration
SUB-23100,CUST-13100,Enterprise Plus,Annual,7451.54,145,2025-03-29,2025-09-07,Churned,Support / SLA Frustration
SUB-23101,CUST-13101,Starter,Monthly,498.55,18,2025-03-29,2025-12-31,Churned,Support / SLA Frustration
SUB-23102,CUST-13102,Starter,Monthly,734.76,15,2025-03-30,,Active,
SUB-23103,CUST-13103,Growth,Monthly,3712.21,34,2025-03-30,2025-11-25,Churned,Support / SLA Frustration
SUB-23104,CUST-13104,Growth,Monthly,2446.68,55,2025-03-30,,Active,
SUB-23105,CUST-13105,Scale,Annual,1912.49,99,2025-03-30,,Active,
SUB-23106,CUST-13106,Starter,Monthly,628.89,18,2025-03-30,,Active,
SUB-23107,CUST-13107,Enterprise Plus,Annual,13101.07,336,2025-03-30,,Active,
SUB-23108,CUST-13108,Starter,Annual,294.66,10,2025-03-30,2025-10-02,Churned,Switched Tool
SUB-23109,CUST-13109,Starter,Monthly,721.06,9,2025-03-31,,Active,
SUB-23110,CUST-13110,Starter,Annual,371.25,21,2025-03-31,2025-12-31,Churned,Competitor Alternative
SUB-23111,CUST-13111,Scale,Annual,1670.8,41,2025-03-31,,Active,
SUB-23112,CUST-13112,Starter,Monthly,527.52,20,2025-04-01,,Active,
SUB-23113,CUST-13113,Enterprise Plus,Annual,7577.92,103,2025-04-01,2025-10-31,Churned,Low Adoption & License Waste
SUB-23114,CUST-13114,Scale,Monthly,3128.02,30,2025-04-01,,Active,
SUB-23115,CUST-13115,Growth,Annual,186.52,13,2025-04-01,2025-07-06,Churned,Switched Tool
SUB-23116,CUST-13116,Starter,Monthly,548.1,8,2025-04-01,,Active,
SUB-23117,CUST-13117,Scale,Annual,6169.58,215,2025-04-01,,Active,
SUB-23118,CUST-13118,Scale,Annual,3322.54,60,2025-04-01,,Active,
SUB-23119,CUST-13119,Growth,Annual,2957.54,63,2025-04-01,,Active,
SUB-23120,CUST-13120,Growth,Monthly,1091.39,95,2025-04-02,2025-12-09,Churned,Support / SLA Frustration
SUB-23121,CUST-13121,Growth,Monthly,2450.56,62,2025-04-02,,Active,
SUB-23122,CUST-13122,Scale,Annual,14996.89,456,2025-04-02,,Active,
SUB-23123,CUST-13123,Growth,Annual,1073.84,76,2025-04-02,2025-12-31,Churned,Support / SLA Frustration
SUB-23124,CUST-13124,Starter,Annual,539.49,14,2025-04-02,,Active,
SUB-23125,CUST-13125,Starter,Annual,560.5,6,2025-04-02,,Active,
SUB-23126,CUST-13126,Growth,Monthly,175.86,20,2025-04-03,,Active,
SUB-23127,CUST-13127,Enterprise Plus,Annual,9982.33,108,2025-04-03,,Active,
SUB-23128,CUST-13128,Starter,Monthly,569.84,17,2025-04-03,,Active,
SUB-23129,CUST-13129,Starter,Monthly,517.63,13,2025-04-03,2025-12-31,Churned,Low Adoption & License Waste
SUB-23130,CUST-13130,Starter,Annual,611.05,20,2025-04-03,2025-05-22,Churned,Price / Budget Cuts
SUB-23131,CUST-13131,Starter,Monthly,491.07,14,2025-04-03,2025-07-21,Churned,Low Adoption & License Waste
SUB-23132,CUST-13132,Starter,Monthly,523.62,6,2025-04-04,,Active,
SUB-23133,CUST-13133,Starter,Monthly,571.42,15,2025-04-04,2025-11-30,Churned,Competitor Alternative
SUB-23134,CUST-13134,Growth,Annual,3676.21,94,2025-04-04,,Active,
SUB-23135,CUST-13135,Starter,Annual,250.94,8,2025-04-04,,Active,
SUB-23136,CUST-13136,Starter,Annual,558.35,15,2025-04-04,,Active,
SUB-23137,CUST-13137,Starter,Monthly,238.96,21,2025-04-04,,Active,
SUB-23138,CUST-13138,Starter,Monthly,127.44,24,2025-04-05,2025-12-31,Churned,Switched Tool
SUB-23139,CUST-13139,Enterprise Plus,Annual,5804.39,379,2025-04-05,,Active,
SUB-23140,CUST-13140,Growth,Monthly,3656.59,80,2025-04-05,,Active,
SUB-23141,CUST-13141,Growth,Annual,296.35,10,2025-04-05,,Active,
SUB-23142,CUST-13142,Starter,Monthly,157.78,22,2025-04-06,,Active,
SUB-23143,CUST-13143,Growth,Monthly,131.85,5,2025-04-06,,Active,
SUB-23144,CUST-13144,Growth,Annual,2227.94,68,2025-04-06,,Active,
SUB-23145,CUST-13145,Scale,Annual,1365.05,85,2025-04-06,2025-09-08,Churned,Support / SLA Frustration
SUB-23146,CUST-13146,Starter,Monthly,601.52,23,2025-04-06,,Active,
SUB-23147,CUST-13147,Growth,Annual,436.99,6,2025-04-06,2025-10-03,Churned,Support / SLA Frustration
SUB-23148,CUST-13148,Growth,Annual,244.38,22,2025-04-06,,Active,
SUB-23149,CUST-13149,Scale,Monthly,1250.91,61,2025-04-06,,Active,
SUB-23150,CUST-13150,Growth,Monthly,203.53,8,2025-04-06,,Active,
SUB-23151,CUST-13151,Scale,Annual,2946.93,52,2025-04-07,,Active,
SUB-23152,CUST-13152,Starter,Monthly,327.71,18,2025-04-07,,Active,
SUB-23153,CUST-13153,Growth,Annual,3172.56,88,2025-04-07,2025-08-20,Churned,Leadership Transition
SUB-23154,CUST-13154,Scale,Annual,1597.71,93,2025-04-07,,Active,
SUB-23155,CUST-13155,Starter,Monthly,300.14,23,2025-04-07,2025-12-31,Churned,Switched Tool
SUB-23156,CUST-13156,Growth,Annual,605.36,8,2025-04-07,,Active,
SUB-23157,CUST-13157,Scale,Annual,12280.3,230,2025-04-07,,Active,
SUB-23158,CUST-13158,Starter,Annual,134.07,16,2025-04-07,,Active,
SUB-23159,CUST-13159,Growth,Monthly,2784.48,92,2025-04-07,,Active,
SUB-23160,CUST-13160,Growth,Annual,2728.89,75,2025-04-07,,Active,
SUB-23161,CUST-13161,Enterprise Plus,Annual,8868.38,159,2025-04-07,,Active,
SUB-23162,CUST-13162,Scale,Annual,2223.32,61,2025-04-08,2025-12-31,Churned,Support / SLA Frustration
SUB-23163,CUST-13163,Starter,Monthly,138.56,24,2025-04-08,,Active,
SUB-23164,CUST-13164,Enterprise Plus,Annual,7082.96,132,2025-04-08,,Active,
SUB-23165,CUST-13165,Scale,Annual,1565.49,53,2025-04-08,,Active,
SUB-23166,CUST-13166,Starter,Monthly,526.46,22,2025-04-08,,Active,
SUB-23167,CUST-13167,Scale,Annual,5865.04,319,2025-04-08,,Active,
SUB-23168,CUST-13168,Starter,Annual,366.77,21,2025-04-08,,Active,
SUB-23169,CUST-13169,Growth,Annual,3604.93,62,2025-04-08,,Active,
SUB-23170,CUST-13170,Growth,Monthly,248.38,9,2025-04-08,,Active,
SUB-23171,CUST-13171,Scale,Monthly,1074.53,49,2025-04-08,,Active,
SUB-23172,CUST-13172,Growth,Monthly,2123.4,94,2025-04-08,2025-12-31,Churned,Internal Restructuring
SUB-23173,CUST-13173,Scale,Monthly,2832.52,54,2025-04-09,,Active,
SUB-23174,CUST-13174,Scale,Annual,9383.02,240,2025-04-09,,Active,
SUB-23175,CUST-13175,Scale,Annual,3081.07,54,2025-04-09,,Active,
SUB-23176,CUST-13176,Starter,Monthly,719.14,21,2025-04-09,,Active,
SUB-23177,CUST-13177,Starter,Monthly,704.51,7,2025-04-09,2025-12-31,Churned,Price / Budget Cuts
SUB-23178,CUST-13178,Starter,Monthly,479.69,13,2025-04-09,,Active,
SUB-23179,CUST-13179,Starter,Monthly,182.42,17,2025-04-09,,Active,
SUB-23180,CUST-13180,Enterprise Plus,Annual,5411.2,355,2025-04-09,,Active,
SUB-23181,CUST-13181,Growth,Annual,2629.71,70,2025-04-09,,Active,
SUB-23182,CUST-13182,Growth,Annual,1585.9,75,2025-04-09,,Active,
SUB-23183,CUST-13183,Growth,Monthly,3047.76,88,2025-04-09,2025-08-15,Churned,Leadership Transition
SUB-23184,CUST-13184,Starter,Monthly,643.54,9,2025-04-10,,Active,
SUB-23185,CUST-13185,Starter,Annual,695.72,13,2025-04-10,,Active,
SUB-23186,CUST-13186,Growth,Monthly,1609.47,95,2025-04-10,,Active,
SUB-23187,CUST-13187,Growth,Monthly,1901.21,85,2025-04-10,,Active,
SUB-23188,CUST-13188,Growth,Monthly,654.55,7,2025-04-10,,Active,
SUB-23189,CUST-13189,Growth,Monthly,667.61,18,2025-04-10,,Active,
SUB-23190,CUST-13190,Growth,Monthly,1163.74,77,2025-04-11,,Active,
SUB-23191,CUST-13191,Starter,Annual,736.91,23,2025-04-11,2025-10-06,Churned,Support / SLA Frustration
SUB-23192,CUST-13192,Growth,Monthly,555.95,18,2025-04-11,,Active,
SUB-23193,CUST-13193,Growth,Monthly,3455.27,81,2025-04-11,,Active,
SUB-23194,CUST-13194,Scale,Monthly,2198.16,97,2025-04-11,2025-12-22,Churned,Support / SLA Frustration
SUB-23195,CUST-13195,Starter,Monthly,355.03,17,2025-04-12,,Active,
SUB-23196,CUST-13196,Growth,Monthly,444.17,11,2025-04-12,,Active,
SUB-23197,CUST-13197,Starter,Monthly,124.35,7,2025-04-12,,Active,
SUB-23198,CUST-13198,Scale,Monthly,13447.09,480,2025-04-12,,Active,
SUB-23199,CUST-13199,Growth,Annual,3197.79,37,2025-04-12,,Active,
SUB-23200,CUST-13200,Starter,Monthly,308.03,12,2025-04-12,,Active,
SUB-23201,CUST-13201,Starter,Annual,331.36,20,2025-04-12,,Active,
SUB-23202,CUST-13202,Growth,Annual,1088.27,66,2025-04-13,2025-12-31,Churned,Support / SLA Frustration
SUB-23203,CUST-13203,Starter,Monthly,636.04,10,2025-04-13,2025-06-02,Churned,Competitor Alternative
SUB-23204,CUST-13204,Starter,Annual,730.45,18,2025-04-13,,Active,
SUB-23205,CUST-13205,Starter,Annual,426.05,9,2025-04-13,,Active,
SUB-23206,CUST-13206,Growth,Monthly,505.96,14,2025-04-13,2025-12-31,Churned,Price / Budget Cuts
SUB-23207,CUST-13207,Starter,Monthly,571.69,12,2025-04-13,,Active,
SUB-23208,CUST-13208,Growth,Monthly,1331.18,65,2025-04-14,,Active,
SUB-23209,CUST-13209,Starter,Monthly,131.85,18,2025-04-14,,Active,
SUB-23210,CUST-13210,Growth,Annual,3001.41,73,2025-04-14,,Active,
SUB-23211,CUST-13211,Growth,Monthly,453.92,19,2025-04-14,,Active,
SUB-23212,CUST-13212,Growth,Annual,1567.13,42,2025-04-14,,Active,
SUB-23213,CUST-13213,Starter,Monthly,627.05,23,2025-04-14,,Active,
SUB-23214,CUST-13214,Scale,Annual,1558.51,67,2025-04-14,,Active,
SUB-23215,CUST-13215,Enterprise Plus,Annual,11322.89,153,2025-04-14,,Active,
SUB-23216,CUST-13216,Growth,Annual,1919.9,91,2025-04-15,,Active,
SUB-23217,CUST-13217,Scale,Monthly,4611.33,478,2025-04-15,,Active,
SUB-23218,CUST-13218,Starter,Monthly,237.89,18,2025-04-15,2025-11-16,Churned,Support / SLA Frustration
SUB-23219,CUST-13219,Growth,Annual,200.06,11,2025-04-15,,Active,
SUB-23220,CUST-13220,Starter,Annual,547.34,9,2025-04-15,,Active,
SUB-23221,CUST-13221,Scale,Monthly,2790.87,33,2025-04-15,,Active,
SUB-23222,CUST-13222,Enterprise Plus,Annual,9135.51,227,2025-04-16,,Active,
SUB-23223,CUST-13223,Enterprise Plus,Annual,6306.96,290,2025-04-16,,Active,
SUB-23224,CUST-13224,Growth,Monthly,3736.28,48,2025-04-16,2025-12-31,Churned,Competitor Alternative
SUB-23225,CUST-13225,Starter,Monthly,421.96,9,2025-04-16,2025-12-31,Churned,Support / SLA Frustration
SUB-23226,CUST-13226,Scale,Annual,2795.78,53,2025-04-16,,Active,
SUB-23227,CUST-13227,Scale,Monthly,2375.56,77,2025-04-17,,Active,
SUB-23228,CUST-13228,Enterprise Plus,Annual,6958.43,198,2025-04-17,2025-05-29,Churned,Support / SLA Frustration
SUB-23229,CUST-13229,Growth,Monthly,1965.43,32,2025-04-17,,Active,
SUB-23230,CUST-13230,Growth,Monthly,404.9,9,2025-04-17,,Active,
SUB-23231,CUST-13231,Starter,Monthly,677.7,8,2025-04-17,,Active,
SUB-23232,CUST-13232,Growth,Monthly,2747.64,57,2025-04-17,2025-10-29,Churned,Support / SLA Frustration
SUB-23233,CUST-13233,Enterprise Plus,Annual,12471.97,448,2025-04-17,2025-12-31,Churned,Internal Restructuring
SUB-23234,CUST-13234,Growth,Monthly,3660.86,62,2025-04-17,2025-12-31,Churned,Low Adoption & License Waste
SUB-23235,CUST-13235,Scale,Monthly,3166.16,86,2025-04-17,,Active,
SUB-23236,CUST-13236,Growth,Monthly,3173.06,77,2025-04-17,,Active,
SUB-23237,CUST-13237,Growth,Annual,398.48,21,2025-04-18,,Active,
SUB-23238,CUST-13238,Growth,Annual,484.89,21,2025-04-18,,Active,
SUB-23239,CUST-13239,Growth,Monthly,131.78,19,2025-04-18,,Active,
SUB-23240,CUST-13240,Scale,Monthly,3120.85,57,2025-04-19,,Active,
SUB-23241,CUST-13241,Scale,Monthly,2578.17,95,2025-04-19,,Active,
SUB-23242,CUST-13242,Growth,Monthly,475.13,15,2025-04-19,,Active,
SUB-23243,CUST-13243,Starter,Monthly,442.79,16,2025-04-19,,Active,
SUB-23244,CUST-13244,Starter,Monthly,471.08,15,2025-04-19,2025-10-24,Churned,Support / SLA Frustration
SUB-23245,CUST-13245,Growth,Annual,3458.96,48,2025-04-19,,Active,
SUB-23246,CUST-13246,Starter,Monthly,488.23,15,2025-04-20,,Active,
SUB-23247,CUST-13247,Growth,Annual,2420.15,84,2025-04-20,2025-07-27,Churned,Support / SLA Frustration
SUB-23248,CUST-13248,Starter,Annual,175.4,18,2025-04-20,,Active,
SUB-23249,CUST-13249,Starter,Annual,544.91,9,2025-04-20,,Active,
SUB-23250,CUST-13250,Starter,Monthly,706.96,9,2025-04-21,,Active,
SUB-23251,CUST-13251,Enterprise Plus,Monthly,8802.79,357,2025-04-21,2025-07-01,Churned,Support / SLA Frustration
SUB-23252,CUST-13252,Starter,Annual,515.35,23,2025-04-21,,Active,
SUB-23253,CUST-13253,Enterprise Plus,Annual,12720.13,266,2025-04-21,,Active,
SUB-23254,CUST-13254,Scale,Annual,1996.31,58,2025-04-21,2025-12-31,Churned,Low Adoption & License Waste
SUB-23255,CUST-13255,Enterprise Plus,Annual,13074.35,185,2025-04-21,,Active,
SUB-23256,CUST-13256,Starter,Monthly,600.26,14,2025-04-21,,Active,
SUB-23257,CUST-13257,Growth,Monthly,1293.84,79,2025-04-21,,Active,
SUB-23258,CUST-13258,Scale,Monthly,3612.72,79,2025-04-21,2025-11-27,Churned,Support / SLA Frustration
SUB-23259,CUST-13259,Starter,Monthly,366.4,5,2025-04-21,,Active,
SUB-23260,CUST-13260,Scale,Annual,2929.4,79,2025-04-21,,Active,
SUB-23261,CUST-13261,Growth,Monthly,576.92,11,2025-04-21,2025-12-11,Churned,Competitor Alternative
SUB-23262,CUST-13262,Scale,Annual,3518.23,37,2025-04-21,,Active,
SUB-23263,CUST-13263,Enterprise Plus,Annual,14973.98,399,2025-04-21,,Active,
SUB-23264,CUST-13264,Starter,Annual,311.5,14,2025-04-21,,Active,
SUB-23265,CUST-13265,Enterprise Plus,Annual,13451.72,271,2025-04-22,,Active,
SUB-23266,CUST-13266,Scale,Annual,2719.38,70,2025-04-22,,Active,
SUB-23267,CUST-13267,Starter,Monthly,350.25,8,2025-04-22,2025-09-24,Churned,Support / SLA Frustration
SUB-23268,CUST-13268,Starter,Monthly,232.34,13,2025-04-22,2025-10-22,Churned,Low Adoption & License Waste
SUB-23269,CUST-13269,Starter,Annual,202.65,17,2025-04-22,,Active,
SUB-23270,CUST-13270,Scale,Monthly,1152.31,33,2025-04-22,2025-12-31,Churned,Support / SLA Frustration
SUB-23271,CUST-13271,Scale,Annual,12907.08,261,2025-04-23,,Active,
SUB-23272,CUST-13272,Growth,Monthly,741.08,7,2025-04-23,,Active,
SUB-23273,CUST-13273,Starter,Monthly,132.0,23,2025-04-23,,Active,
SUB-23274,CUST-13274,Starter,Monthly,320.38,9,2025-04-24,,Active,
SUB-23275,CUST-13275,Starter,Monthly,507.71,24,2025-04-24,,Active,
SUB-23276,CUST-13276,Starter,Monthly,142.22,21,2025-04-24,2025-11-18,Churned,Competitor Alternative
SUB-23277,CUST-13277,Growth,Monthly,2462.15,37,2025-04-25,,Active,
SUB-23278,CUST-13278,Growth,Monthly,1784.74,45,2025-04-25,2025-07-18,Churned,Leadership Transition
SUB-23279,CUST-13279,Starter,Monthly,176.21,20,2025-04-25,,Active,
SUB-23280,CUST-13280,Scale,Monthly,1212.96,66,2025-04-25,,Active,
SUB-23281,CUST-13281,Growth,Monthly,3263.44,65,2025-04-25,,Active,
SUB-23282,CUST-13282,Growth,Monthly,294.23,17,2025-04-25,,Active,
SUB-23283,CUST-13283,Starter,Monthly,269.91,23,2025-04-25,,Active,
SUB-23284,CUST-13284,Growth,Monthly,3022.75,82,2025-04-25,,Active,
SUB-23285,CUST-13285,Enterprise Plus,Annual,13761.91,319,2025-04-26,,Active,
SUB-23286,CUST-13286,Growth,Annual,1648.95,94,2025-04-26,,Active,
SUB-23287,CUST-13287,Starter,Monthly,237.6,7,2025-04-26,,Active,
SUB-23288,CUST-13288,Starter,Monthly,698.99,11,2025-04-27,,Active,
SUB-23289,CUST-13289,Growth,Monthly,1934.55,93,2025-04-27,,Active,
SUB-23290,CUST-13290,Enterprise Plus,Annual,11700.76,412,2025-04-27,,Active,
SUB-23291,CUST-13291,Starter,Annual,198.11,23,2025-04-27,,Active,
SUB-23292,CUST-13292,Scale,Annual,3282.43,69,2025-04-27,,Active,
SUB-23293,CUST-13293,Starter,Annual,611.94,8,2025-04-27,,Active,
SUB-23294,CUST-13294,Growth,Annual,621.7,5,2025-04-27,,Active,
SUB-23295,CUST-13295,Scale,Annual,6626.37,292,2025-04-27,,Active,
SUB-23296,CUST-13296,Starter,Monthly,485.38,16,2025-04-27,2025-09-19,Churned,Support / SLA Frustration
SUB-23297,CUST-13297,Scale,Annual,6173.7,405,2025-04-27,2025-11-13,Churned,Support / SLA Frustration
SUB-23298,CUST-13298,Growth,Monthly,1977.92,99,2025-04-27,,Active,
SUB-23299,CUST-13299,Starter,Annual,494.74,24,2025-04-27,,Active,
SUB-23300,CUST-13300,Scale,Annual,2467.39,93,2025-04-28,,Active,
SUB-23301,CUST-13301,Starter,Annual,633.17,22,2025-04-28,,Active,
SUB-23302,CUST-13302,Growth,Monthly,176.84,15,2025-04-28,,Active,
SUB-23303,CUST-13303,Scale,Monthly,3201.11,93,2025-04-28,,Active,
SUB-23304,CUST-13304,Growth,Annual,1951.08,75,2025-04-28,,Active,
SUB-23305,CUST-13305,Growth,Monthly,1537.32,25,2025-04-28,2025-06-02,Churned,Support / SLA Frustration
SUB-23306,CUST-13306,Growth,Monthly,1914.0,81,2025-04-29,,Active,
SUB-23307,CUST-13307,Enterprise Plus,Annual,5722.54,384,2025-04-29,,Active,
SUB-23308,CUST-13308,Growth,Monthly,2466.74,51,2025-04-29,2025-12-31,Churned,Low Adoption & License Waste
SUB-23309,CUST-13309,Growth,Annual,2621.99,68,2025-04-29,,Active,
SUB-23310,CUST-13310,Growth,Annual,303.2,6,2025-04-29,,Active,
SUB-23311,CUST-13311,Starter,Monthly,727.34,18,2025-04-29,,Active,
SUB-23312,CUST-13312,Growth,Monthly,211.04,10,2025-04-30,2025-12-31,Churned,Price / Budget Cuts
SUB-23313,CUST-13313,Scale,Annual,9109.86,442,2025-04-30,,Active,
SUB-23314,CUST-13314,Scale,Annual,2944.67,74,2025-04-30,,Active,
SUB-23315,CUST-13315,Starter,Monthly,245.65,19,2025-04-30,,Active,
SUB-23316,CUST-13316,Growth,Annual,2220.8,89,2025-04-30,,Active,
SUB-23317,CUST-13317,Scale,Annual,9927.55,122,2025-04-30,,Active,
SUB-23318,CUST-13318,Starter,Monthly,658.47,19,2025-04-30,,Active,
SUB-23319,CUST-13319,Growth,Monthly,709.73,8,2025-05-02,2025-08-10,Churned,Support / SLA Frustration
SUB-23320,CUST-13320,Starter,Monthly,549.39,22,2025-05-02,,Active,
SUB-23321,CUST-13321,Scale,Monthly,13919.13,168,2025-05-02,,Active,
SUB-23322,CUST-13322,Starter,Monthly,696.94,18,2025-05-02,2025-07-16,Churned,Competitor Alternative
SUB-23323,CUST-13323,Growth,Monthly,710.08,14,2025-05-02,,Active,
SUB-23324,CUST-13324,Starter,Annual,746.1,11,2025-05-02,,Active,
SUB-23325,CUST-13325,Starter,Annual,299.91,22,2025-05-03,2025-09-04,Churned,Support / SLA Frustration
SUB-23326,CUST-13326,Starter,Monthly,701.11,15,2025-05-03,,Active,
SUB-23327,CUST-13327,Growth,Monthly,735.57,6,2025-05-03,,Active,
SUB-23328,CUST-13328,Enterprise Plus,Annual,7087.57,255,2025-05-03,,Active,
SUB-23329,CUST-13329,Starter,Annual,488.42,24,2025-05-03,,Active,
SUB-23330,CUST-13330,Starter,Monthly,145.4,7,2025-05-03,,Active,
SUB-23331,CUST-13331,Starter,Monthly,672.26,11,2025-05-03,,Active,
SUB-23332,CUST-13332,Growth,Monthly,2887.55,76,2025-05-03,2025-10-04,Churned,Leadership Transition
SUB-23333,CUST-13333,Scale,Annual,3636.67,30,2025-05-04,,Active,
SUB-23334,CUST-13334,Starter,Monthly,427.23,6,2025-05-04,2025-12-31,Churned,Support / SLA Frustration
SUB-23335,CUST-13335,Starter,Monthly,175.35,13,2025-05-04,2025-12-11,Churned,Support / SLA Frustration
SUB-23336,CUST-13336,Starter,Monthly,189.38,18,2025-05-04,,Active,
SUB-23337,CUST-13337,Starter,Monthly,249.49,17,2025-05-04,,Active,
SUB-23338,CUST-13338,Starter,Annual,639.34,22,2025-05-04,,Active,
SUB-23339,CUST-13339,Starter,Monthly,494.23,5,2025-05-04,,Active,
SUB-23340,CUST-13340,Starter,Monthly,469.93,23,2025-05-04,2025-12-31,Churned,Support / SLA Frustration
SUB-23341,CUST-13341,Starter,Annual,168.96,19,2025-05-04,,Active,
SUB-23342,CUST-13342,Starter,Annual,506.86,21,2025-05-05,,Active,
SUB-23343,CUST-13343,Scale,Annual,1648.77,97,2025-05-05,,Active,
SUB-23344,CUST-13344,Scale,Annual,3289.76,37,2025-05-05,,Active,
SUB-23345,CUST-13345,Starter,Annual,175.26,22,2025-05-05,,Active,
SUB-23346,CUST-13346,Growth,Annual,3361.1,85,2025-05-05,,Active,
SUB-23347,CUST-13347,Growth,Monthly,2993.32,78,2025-05-05,,Active,
SUB-23348,CUST-13348,Scale,Annual,1813.75,88,2025-05-05,,Active,
SUB-23349,CUST-13349,Scale,Annual,966.76,89,2025-05-05,2025-09-01,Churned,Low Adoption & License Waste
SUB-23350,CUST-13350,Growth,Annual,1906.3,56,2025-05-05,,Active,
SUB-23351,CUST-13351,Growth,Monthly,1128.93,97,2025-05-05,,Active,
SUB-23352,CUST-13352,Growth,Monthly,673.94,18,2025-05-06,,Active,
SUB-23353,CUST-13353,Starter,Annual,182.57,11,2025-05-06,2025-07-28,Churned,Switched Tool
SUB-23354,CUST-13354,Growth,Monthly,2162.79,64,2025-05-06,,Active,
SUB-23355,CUST-13355,Enterprise Plus,Annual,17093.16,311,2025-05-06,,Active,
SUB-23356,CUST-13356,Starter,Monthly,514.03,14,2025-05-06,2025-09-25,Churned,Support / SLA Frustration
SUB-23357,CUST-13357,Growth,Monthly,1348.16,89,2025-05-06,,Active,
SUB-23358,CUST-13358,Growth,Monthly,549.83,22,2025-05-06,,Active,
SUB-23359,CUST-13359,Starter,Monthly,548.72,13,2025-05-06,,Active,
SUB-23360,CUST-13360,Starter,Monthly,190.33,20,2025-05-06,,Active,
SUB-23361,CUST-13361,Growth,Monthly,1349.24,65,2025-05-06,,Active,
SUB-23362,CUST-13362,Growth,Monthly,677.17,22,2025-05-06,,Active,
SUB-23363,CUST-13363,Growth,Monthly,1390.92,39,2025-05-06,2025-11-15,Churned,Support / SLA Frustration
SUB-23364,CUST-13364,Starter,Monthly,188.2,7,2025-05-06,2025-11-07,Churned,Price / Budget Cuts
SUB-23365,CUST-13365,Starter,Monthly,674.51,13,2025-05-06,2025-07-30,Churned,Support / SLA Frustration
SUB-23366,CUST-13366,Growth,Annual,1671.24,35,2025-05-07,,Active,
SUB-23367,CUST-13367,Growth,Monthly,1723.66,88,2025-05-07,,Active,
SUB-23368,CUST-13368,Scale,Annual,951.79,84,2025-05-07,,Active,
SUB-23369,CUST-13369,Starter,Monthly,368.37,23,2025-05-07,,Active,
SUB-23370,CUST-13370,Scale,Annual,942.95,39,2025-05-07,2025-12-31,Churned,Leadership Transition
SUB-23371,CUST-13371,Starter,Monthly,647.84,11,2025-05-07,,Active,
SUB-23372,CUST-13372,Growth,Annual,926.0,96,2025-05-07,,Active,
SUB-23373,CUST-13373,Starter,Monthly,201.46,14,2025-05-08,,Active,
SUB-23374,CUST-13374,Growth,Annual,397.77,5,2025-05-08,,Active,
SUB-23375,CUST-13375,Growth,Monthly,560.81,14,2025-05-08,,Active,
SUB-23376,CUST-13376,Growth,Monthly,443.87,18,2025-05-08,,Active,
SUB-23377,CUST-13377,Growth,Annual,1819.5,31,2025-05-08,,Active,
SUB-23378,CUST-13378,Enterprise Plus,Annual,6100.15,352,2025-05-08,,Active,
SUB-23379,CUST-13379,Growth,Monthly,259.88,22,2025-05-08,2025-09-09,Churned,Support / SLA Frustration
SUB-23380,CUST-13380,Scale,Annual,2083.52,75,2025-05-08,,Active,
SUB-23381,CUST-13381,Growth,Monthly,2544.69,84,2025-05-08,,Active,
SUB-23382,CUST-13382,Enterprise Plus,Annual,17879.57,255,2025-05-09,,Active,
SUB-23383,CUST-13383,Scale,Annual,1717.5,95,2025-05-09,,Active,
SUB-23384,CUST-13384,Scale,Annual,11019.43,260,2025-05-09,,Active,
SUB-23385,CUST-13385,Starter,Annual,164.44,12,2025-05-09,,Active,
SUB-23386,CUST-13386,Growth,Monthly,2644.33,66,2025-05-09,2025-12-15,Churned,Support / SLA Frustration
SUB-23387,CUST-13387,Starter,Monthly,175.3,8,2025-05-09,,Active,
SUB-23388,CUST-13388,Enterprise Plus,Annual,11161.89,230,2025-05-09,,Active,
SUB-23389,CUST-13389,Starter,Monthly,746.35,12,2025-05-10,2025-12-06,Churned,Competitor Alternative
SUB-23390,CUST-13390,Scale,Monthly,2750.01,67,2025-05-10,,Active,
SUB-23391,CUST-13391,Starter,Monthly,628.78,6,2025-05-10,2025-12-31,Churned,Price / Budget Cuts
SUB-23392,CUST-13392,Growth,Monthly,654.79,5,2025-05-10,,Active,
SUB-23393,CUST-13393,Scale,Annual,2991.53,56,2025-05-10,,Active,
SUB-23394,CUST-13394,Starter,Monthly,222.94,15,2025-05-10,2025-12-22,Churned,Support / SLA Frustration
SUB-23395,CUST-13395,Starter,Monthly,584.94,6,2025-05-10,,Active,
SUB-23396,CUST-13396,Starter,Monthly,306.08,24,2025-05-11,2025-12-31,Churned,Support / SLA Frustration
SUB-23397,CUST-13397,Starter,Annual,187.91,15,2025-05-11,,Active,
SUB-23398,CUST-13398,Growth,Annual,989.03,67,2025-05-11,,Active,
SUB-23399,CUST-13399,Starter,Annual,499.09,24,2025-05-11,2025-09-04,Churned,Support / SLA Frustration
SUB-23400,CUST-13400,Enterprise Plus,Monthly,15395.56,183,2025-05-11,,Active,
SUB-23401,CUST-13401,Scale,Annual,12865.03,440,2025-05-11,2025-11-14,Churned,Competitor Alternative
SUB-23402,CUST-13402,Starter,Monthly,527.89,13,2025-05-12,2025-12-23,Churned,Support / SLA Frustration
SUB-23403,CUST-13403,Growth,Annual,3761.32,60,2025-05-12,,Active,
SUB-23404,CUST-13404,Starter,Annual,443.91,10,2025-05-12,,Active,
SUB-23405,CUST-13405,Starter,Monthly,121.74,16,2025-05-12,,Active,
SUB-23406,CUST-13406,Starter,Monthly,145.65,5,2025-05-12,,Active,
SUB-23407,CUST-13407,Growth,Annual,121.36,8,2025-05-12,,Active,
SUB-23408,CUST-13408,Scale,Monthly,1886.38,75,2025-05-12,,Active,
SUB-23409,CUST-13409,Enterprise Plus,Monthly,5261.72,425,2025-05-12,,Active,
SUB-23410,CUST-13410,Growth,Annual,1456.68,77,2025-05-13,,Active,
SUB-23411,CUST-13411,Enterprise Plus,Annual,13925.2,355,2025-05-13,,Active,
SUB-23412,CUST-13412,Enterprise Plus,Annual,10290.32,160,2025-05-13,,Active,
SUB-23413,CUST-13413,Growth,Monthly,2905.03,78,2025-05-13,,Active,
SUB-23414,CUST-13414,Starter,Monthly,351.5,23,2025-05-13,,Active,
SUB-23415,CUST-13415,Starter,Monthly,592.59,23,2025-05-13,2025-12-31,Churned,Competitor Alternative
SUB-23416,CUST-13416,Growth,Annual,2147.08,49,2025-05-13,,Active,
SUB-23417,CUST-13417,Starter,Monthly,199.42,16,2025-05-13,2025-12-31,Churned,Low Adoption & License Waste
SUB-23418,CUST-13418,Scale,Annual,2332.21,89,2025-05-14,,Active,
SUB-23419,CUST-13419,Enterprise Plus,Annual,4836.85,142,2025-05-14,,Active,
SUB-23420,CUST-13420,Starter,Annual,214.13,20,2025-05-14,,Active,
SUB-23421,CUST-13421,Growth,Monthly,186.61,8,2025-05-14,,Active,
SUB-23422,CUST-13422,Growth,Monthly,627.75,24,2025-05-14,,Active,
SUB-23423,CUST-13423,Enterprise Plus,Annual,8695.37,327,2025-05-14,,Active,
SUB-23424,CUST-13424,Starter,Monthly,605.69,6,2025-05-14,,Active,
SUB-23425,CUST-13425,Growth,Annual,433.72,22,2025-05-14,2025-07-08,Churned,Support / SLA Frustration
SUB-23426,CUST-13426,Starter,Monthly,220.42,22,2025-05-15,,Active,
SUB-23427,CUST-13427,Growth,Monthly,671.24,19,2025-05-15,2025-12-31,Churned,Support / SLA Frustration
SUB-23428,CUST-13428,Starter,Monthly,433.02,16,2025-05-15,,Active,
SUB-23429,CUST-13429,Growth,Annual,200.81,14,2025-05-15,,Active,
SUB-23430,CUST-13430,Starter,Monthly,482.65,19,2025-05-15,,Active,
SUB-23431,CUST-13431,Starter,Monthly,120.0,11,2025-05-16,,Active,
SUB-23432,CUST-13432,Starter,Annual,172.51,6,2025-05-16,,Active,
SUB-23433,CUST-13433,Growth,Monthly,2510.77,70,2025-05-16,2025-12-31,Churned,Support / SLA Frustration
SUB-23434,CUST-13434,Starter,Annual,133.62,22,2025-05-16,,Active,
SUB-23435,CUST-13435,Growth,Monthly,1376.83,75,2025-05-16,,Active,
SUB-23436,CUST-13436,Scale,Annual,3029.86,51,2025-05-16,,Active,
SUB-23437,CUST-13437,Starter,Annual,637.19,10,2025-05-16,2025-10-28,Churned,Support / SLA Frustration
SUB-23438,CUST-13438,Starter,Monthly,326.21,13,2025-05-17,,Active,
SUB-23439,CUST-13439,Growth,Monthly,350.68,21,2025-05-17,,Active,
SUB-23440,CUST-13440,Growth,Annual,2127.31,77,2025-05-17,,Active,
SUB-23441,CUST-13441,Starter,Monthly,338.13,9,2025-05-17,2025-12-18,Churned,Support / SLA Frustration
SUB-23442,CUST-13442,Scale,Annual,2659.52,62,2025-05-18,,Active,
SUB-23443,CUST-13443,Starter,Monthly,227.48,6,2025-05-18,,Active,
SUB-23444,CUST-13444,Starter,Monthly,224.58,17,2025-05-18,,Active,
SUB-23445,CUST-13445,Growth,Annual,428.93,19,2025-05-18,,Active,
SUB-23446,CUST-13446,Starter,Monthly,737.09,6,2025-05-18,,Active,
SUB-23447,CUST-13447,Growth,Monthly,210.79,14,2025-05-18,2025-12-31,Churned,Support / SLA Frustration
SUB-23448,CUST-13448,Starter,Monthly,132.19,19,2025-05-18,,Active,
SUB-23449,CUST-13449,Enterprise Plus,Annual,7148.59,244,2025-05-18,,Active,
SUB-23450,CUST-13450,Growth,Monthly,1477.17,71,2025-05-18,2025-12-31,Churned,Internal Restructuring
SUB-23451,CUST-13451,Starter,Monthly,460.49,13,2025-05-18,,Active,
SUB-23452,CUST-13452,Starter,Monthly,637.46,19,2025-05-18,2025-12-31,Churned,Competitor Alternative
SUB-23453,CUST-13453,Growth,Monthly,3303.7,64,2025-05-19,2025-09-22,Churned,Competitor Alternative
SUB-23454,CUST-13454,Starter,Monthly,343.81,15,2025-05-19,2025-10-03,Churned,Competitor Alternative
SUB-23455,CUST-13455,Scale,Monthly,2853.22,75,2025-05-19,,Active,
SUB-23456,CUST-13456,Starter,Annual,517.24,13,2025-05-19,2025-12-31,Churned,Competitor Alternative
SUB-23457,CUST-13457,Growth,Annual,240.66,16,2025-05-19,,Active,
SUB-23458,CUST-13458,Starter,Monthly,377.26,5,2025-05-19,,Active,
SUB-23459,CUST-13459,Starter,Annual,483.38,22,2025-05-19,2025-10-14,Churned,Support / SLA Frustration
SUB-23460,CUST-13460,Growth,Annual,2955.02,89,2025-05-19,2025-12-31,Churned,Support / SLA Frustration
SUB-23461,CUST-13461,Growth,Annual,1360.34,32,2025-05-19,,Active,
SUB-23462,CUST-13462,Starter,Monthly,547.24,24,2025-05-19,2025-09-26,Churned,Support / SLA Frustration
SUB-23463,CUST-13463,Starter,Monthly,249.2,7,2025-05-19,2025-09-18,Churned,Support / SLA Frustration
SUB-23464,CUST-13464,Scale,Annual,1821.29,75,2025-05-20,,Active,
SUB-23465,CUST-13465,Starter,Monthly,308.66,20,2025-05-20,,Active,
SUB-23466,CUST-13466,Growth,Annual,967.21,84,2025-05-20,2025-10-22,Churned,Support / SLA Frustration
SUB-23467,CUST-13467,Starter,Annual,255.69,10,2025-05-20,,Active,
SUB-23468,CUST-13468,Starter,Monthly,292.53,18,2025-05-20,,Active,
SUB-23469,CUST-13469,Scale,Annual,2109.87,69,2025-05-20,2025-12-31,Churned,Support / SLA Frustration
SUB-23470,CUST-13470,Enterprise Plus,Annual,7342.64,124,2025-05-21,,Active,
SUB-23471,CUST-13471,Starter,Monthly,220.64,11,2025-05-21,2025-10-07,Churned,Support / SLA Frustration
SUB-23472,CUST-13472,Starter,Monthly,242.64,15,2025-05-21,,Active,
SUB-23473,CUST-13473,Growth,Monthly,539.94,10,2025-05-21,,Active,
SUB-23474,CUST-13474,Growth,Monthly,563.82,6,2025-05-22,,Active,
SUB-23475,CUST-13475,Starter,Monthly,715.22,20,2025-05-22,,Active,
SUB-23476,CUST-13476,Growth,Monthly,311.89,18,2025-05-22,,Active,
SUB-23477,CUST-13477,Growth,Monthly,716.43,12,2025-05-23,,Active,
SUB-23478,CUST-13478,Growth,Monthly,1365.45,77,2025-05-23,,Active,
SUB-23479,CUST-13479,Scale,Annual,3308.2,49,2025-05-23,,Active,
SUB-23480,CUST-13480,Scale,Annual,2800.2,75,2025-05-23,2025-11-12,Churned,Support / SLA Frustration
SUB-23481,CUST-13481,Starter,Monthly,701.61,19,2025-05-23,,Active,
SUB-23482,CUST-13482,Scale,Annual,2432.04,44,2025-05-23,,Active,
SUB-23483,CUST-13483,Growth,Annual,345.93,10,2025-05-23,2025-06-28,Churned,Support / SLA Frustration
SUB-23484,CUST-13484,Starter,Monthly,351.86,23,2025-05-23,,Active,
SUB-23485,CUST-13485,Starter,Monthly,448.7,11,2025-05-23,,Active,
SUB-23486,CUST-13486,Growth,Annual,1653.75,46,2025-05-23,,Active,
SUB-23487,CUST-13487,Scale,Annual,12929.48,254,2025-05-24,,Active,
SUB-23488,CUST-13488,Enterprise Plus,Monthly,9590.86,285,2025-05-24,,Active,
SUB-23489,CUST-13489,Growth,Annual,3007.81,41,2025-05-24,,Active,
SUB-23490,CUST-13490,Scale,Annual,15551.77,349,2025-05-24,2025-12-31,Churned,Support / SLA Frustration
SUB-23491,CUST-13491,Growth,Monthly,215.22,5,2025-05-24,2025-12-31,Churned,Support / SLA Frustration
SUB-23492,CUST-13492,Starter,Monthly,444.81,7,2025-05-24,2025-12-31,Churned,Support / SLA Frustration
SUB-23493,CUST-13493,Starter,Annual,656.04,23,2025-05-24,,Active,
SUB-23494,CUST-13494,Starter,Annual,176.61,22,2025-05-25,,Active,
SUB-23495,CUST-13495,Scale,Annual,1780.39,52,2025-05-25,,Active,
SUB-23496,CUST-13496,Starter,Monthly,437.77,24,2025-05-25,,Active,
SUB-23497,CUST-13497,Starter,Monthly,330.72,12,2025-05-25,2025-12-22,Churned,Support / SLA Frustration
SUB-23498,CUST-13498,Scale,Monthly,2976.98,83,2025-05-25,,Active,
SUB-23499,CUST-13499,Growth,Monthly,596.87,20,2025-05-25,,Active,
SUB-23500,CUST-13500,Growth,Annual,3103.19,86,2025-05-25,,Active,
SUB-23501,CUST-13501,Starter,Monthly,632.95,9,2025-05-25,,Active,
SUB-23502,CUST-13502,Growth,Annual,178.62,16,2025-05-25,2025-11-11,Churned,Support / SLA Frustration
SUB-23503,CUST-13503,Enterprise Plus,Annual,15657.77,302,2025-05-26,,Active,
SUB-23504,CUST-13504,Growth,Monthly,671.43,20,2025-05-26,,Active,
SUB-23505,CUST-13505,Growth,Annual,311.43,9,2025-05-26,,Active,
SUB-23506,CUST-13506,Growth,Annual,234.8,22,2025-05-26,,Active,
SUB-23507,CUST-13507,Scale,Monthly,1304.13,54,2025-05-26,,Active,
SUB-23508,CUST-13508,Starter,Annual,299.25,12,2025-05-26,,Active,
SUB-23509,CUST-13509,Scale,Annual,9672.83,118,2025-05-26,,Active,
SUB-23510,CUST-13510,Scale,Monthly,3319.97,61,2025-05-26,,Active,
SUB-23511,CUST-13511,Enterprise Plus,Monthly,11943.25,277,2025-05-26,,Active,
SUB-23512,CUST-13512,Starter,Monthly,475.92,23,2025-05-27,,Active,
SUB-23513,CUST-13513,Starter,Monthly,657.91,24,2025-05-27,,Active,
SUB-23514,CUST-13514,Starter,Annual,622.03,20,2025-05-27,,Active,
SUB-23515,CUST-13515,Starter,Monthly,486.64,7,2025-05-27,,Active,
SUB-23516,CUST-13516,Enterprise Plus,Monthly,11337.18,415,2025-05-28,,Active,
SUB-23517,CUST-13517,Growth,Monthly,3645.83,62,2025-05-28,,Active,
SUB-23518,CUST-13518,Enterprise Plus,Annual,16869.53,170,2025-05-28,2025-08-27,Churned,Support / SLA Frustration
SUB-23519,CUST-13519,Growth,Annual,2340.3,65,2025-05-28,2025-12-31,Churned,Internal Restructuring
SUB-23520,CUST-13520,Scale,Annual,2544.17,91,2025-05-28,,Active,
SUB-23521,CUST-13521,Growth,Monthly,3095.77,49,2025-05-28,,Active,
SUB-23522,CUST-13522,Growth,Annual,1934.73,44,2025-05-28,2025-11-15,Churned,Support / SLA Frustration
SUB-23523,CUST-13523,Enterprise Plus,Annual,16062.45,178,2025-05-28,2025-12-31,Churned,Low Adoption & License Waste
SUB-23524,CUST-13524,Scale,Monthly,3245.21,54,2025-05-29,,Active,
SUB-23525,CUST-13525,Enterprise Plus,Annual,15161.83,439,2025-05-29,,Active,
SUB-23526,CUST-13526,Starter,Monthly,710.62,16,2025-05-29,,Active,
SUB-23527,CUST-13527,Starter,Monthly,465.61,21,2025-05-29,,Active,
SUB-23528,CUST-13528,Growth,Annual,502.42,14,2025-05-29,,Active,
SUB-23529,CUST-13529,Scale,Annual,1497.4,92,2025-05-29,,Active,
SUB-23530,CUST-13530,Growth,Monthly,1770.06,67,2025-05-29,2025-12-31,Churned,Support / SLA Frustration
SUB-23531,CUST-13531,Starter,Monthly,734.23,7,2025-05-29,,Active,
SUB-23532,CUST-13532,Growth,Annual,2730.04,55,2025-05-29,,Active,
SUB-23533,CUST-13533,Growth,Monthly,2106.63,50,2025-05-29,,Active,
SUB-23534,CUST-13534,Growth,Annual,1190.64,36,2025-05-29,,Active,
SUB-23535,CUST-13535,Scale,Annual,10169.46,349,2025-05-29,,Active,
SUB-23536,CUST-13536,Scale,Annual,3570.78,86,2025-05-29,,Active,
SUB-23537,CUST-13537,Scale,Annual,2827.92,37,2025-05-30,,Active,
SUB-23538,CUST-13538,Growth,Annual,325.37,14,2025-05-30,,Active,
SUB-23539,CUST-13539,Enterprise Plus,Annual,5878.3,268,2025-05-30,,Active,
SUB-23540,CUST-13540,Scale,Monthly,2613.27,67,2025-05-30,,Active,
SUB-23541,CUST-13541,Starter,Annual,279.16,14,2025-05-30,,Active,
SUB-23542,CUST-13542,Enterprise Plus,Annual,6201.82,275,2025-05-30,,Active,
SUB-23543,CUST-13543,Growth,Monthly,1382.85,61,2025-05-30,,Active,
SUB-23544,CUST-13544,Starter,Annual,167.9,16,2025-05-30,,Active,
SUB-23545,CUST-13545,Growth,Monthly,3085.15,49,2025-05-30,,Active,
SUB-23546,CUST-13546,Enterprise Plus,Monthly,10859.97,498,2025-05-30,,Active,
SUB-23547,CUST-13547,Growth,Monthly,2792.59,90,2025-05-30,,Active,
SUB-23548,CUST-13548,Growth,Annual,1283.32,94,2025-05-31,,Active,
SUB-23549,CUST-13549,Starter,Monthly,305.48,7,2025-05-31,,Active,
SUB-23550,CUST-13550,Starter,Monthly,652.5,12,2025-05-31,,Active,
SUB-23551,CUST-13551,Enterprise Plus,Annual,13862.8,394,2025-05-31,,Active,
SUB-23552,CUST-13552,Starter,Annual,350.1,5,2025-05-31,,Active,
SUB-23553,CUST-13553,Growth,Monthly,583.29,19,2025-05-31,2025-08-13,Churned,Support / SLA Frustration
SUB-23554,CUST-13554,Scale,Annual,15328.41,323,2025-05-31,,Active,
SUB-23555,CUST-13555,Starter,Monthly,377.94,7,2025-05-31,,Active,
SUB-23556,CUST-13556,Scale,Annual,3298.08,57,2025-05-31,,Active,
SUB-23557,CUST-13557,Growth,Annual,3057.37,68,2025-05-31,2025-12-31,Churned,Internal Restructuring
SUB-23558,CUST-13558,Enterprise Plus,Annual,11920.12,195,2025-06-01,,Active,
SUB-23559,CUST-13559,Growth,Annual,2026.43,62,2025-06-01,,Active,
SUB-23560,CUST-13560,Growth,Annual,2017.93,46,2025-06-01,,Active,
SUB-23561,CUST-13561,Growth,Annual,525.06,8,2025-06-01,,Active,
SUB-23562,CUST-13562,Enterprise Plus,Monthly,9919.95,429,2025-06-01,2025-12-31,Churned,Support / SLA Frustration
SUB-23563,CUST-13563,Growth,Annual,1816.05,50,2025-06-01,,Active,
SUB-23564,CUST-13564,Growth,Annual,2092.32,78,2025-06-01,2025-10-11,Churned,Low Adoption & License Waste
SUB-23565,CUST-13565,Starter,Annual,428.5,13,2025-06-01,,Active,
SUB-23566,CUST-13566,Starter,Annual,441.25,9,2025-06-01,2025-12-31,Churned,Support / SLA Frustration
SUB-23567,CUST-13567,Growth,Annual,132.68,13,2025-06-02,,Active,
SUB-23568,CUST-13568,Growth,Monthly,343.04,5,2025-06-02,,Active,
SUB-23569,CUST-13569,Starter,Annual,528.09,16,2025-06-02,,Active,
SUB-23570,CUST-13570,Growth,Annual,3089.56,68,2025-06-02,2025-10-15,Churned,Support / SLA Frustration
SUB-23571,CUST-13571,Growth,Monthly,531.3,7,2025-06-02,2025-12-31,Churned,Support / SLA Frustration
SUB-23572,CUST-13572,Starter,Monthly,640.12,11,2025-06-02,,Active,
SUB-23573,CUST-13573,Growth,Monthly,339.67,22,2025-06-02,,Active,
SUB-23574,CUST-13574,Starter,Monthly,432.25,14,2025-06-02,2025-07-05,Churned,Support / SLA Frustration
SUB-23575,CUST-13575,Scale,Annual,1006.22,90,2025-06-02,2025-09-22,Churned,Low Adoption & License Waste
SUB-23576,CUST-13576,Scale,Annual,1437.81,75,2025-06-03,,Active,
SUB-23577,CUST-13577,Growth,Annual,1149.0,69,2025-06-03,,Active,
SUB-23578,CUST-13578,Starter,Monthly,544.12,14,2025-06-03,2025-11-16,Churned,Low Adoption & License Waste
SUB-23579,CUST-13579,Growth,Annual,1808.55,59,2025-06-03,,Active,
SUB-23580,CUST-13580,Scale,Annual,2962.09,78,2025-06-03,2025-12-31,Churned,Support / SLA Frustration
SUB-23581,CUST-13581,Starter,Monthly,650.65,20,2025-06-03,,Active,
SUB-23582,CUST-13582,Scale,Annual,3529.81,31,2025-06-03,,Active,
SUB-23583,CUST-13583,Starter,Monthly,397.75,17,2025-06-03,2025-12-31,Churned,Support / SLA Frustration
SUB-23584,CUST-13584,Growth,Monthly,2500.12,92,2025-06-03,,Active,
SUB-23585,CUST-13585,Growth,Monthly,2096.13,62,2025-06-03,,Active,
SUB-23586,CUST-13586,Scale,Annual,1494.21,77,2025-06-04,2025-12-31,Churned,Support / SLA Frustration
SUB-23587,CUST-13587,Starter,Annual,424.93,14,2025-06-04,2025-12-31,Churned,Support / SLA Frustration
SUB-23588,CUST-13588,Enterprise Plus,Annual,12421.26,342,2025-06-04,2025-12-31,Churned,Low Adoption & License Waste
SUB-23589,CUST-13589,Scale,Monthly,2176.55,50,2025-06-04,,Active,
SUB-23590,CUST-13590,Starter,Monthly,163.15,21,2025-06-04,,Active,
SUB-23591,CUST-13591,Scale,Annual,1652.96,33,2025-06-04,,Active,
SUB-23592,CUST-13592,Growth,Monthly,287.76,17,2025-06-04,2025-09-02,Churned,Support / SLA Frustration
SUB-23593,CUST-13593,Starter,Annual,133.36,16,2025-06-05,,Active,
SUB-23594,CUST-13594,Growth,Annual,1204.07,48,2025-06-05,,Active,
SUB-23595,CUST-13595,Starter,Annual,679.18,10,2025-06-05,,Active,
SUB-23596,CUST-13596,Growth,Annual,1636.04,30,2025-06-05,2025-11-21,Churned,Support / SLA Frustration
SUB-23597,CUST-13597,Starter,Monthly,553.71,22,2025-06-05,2025-11-23,Churned,Support / SLA Frustration
SUB-23598,CUST-13598,Growth,Annual,1564.84,79,2025-06-05,,Active,
SUB-23599,CUST-13599,Growth,Monthly,142.23,11,2025-06-05,2025-08-14,Churned,Competitor Alternative
SUB-23600,CUST-13600,Scale,Annual,5573.46,210,2025-06-05,,Active,
SUB-23601,CUST-13601,Starter,Monthly,375.11,20,2025-06-05,,Active,
SUB-23602,CUST-13602,Growth,Annual,2717.11,67,2025-06-05,,Active,
SUB-23603,CUST-13603,Growth,Monthly,1854.27,52,2025-06-05,,Active,
SUB-23604,CUST-13604,Growth,Annual,2516.62,54,2025-06-05,,Active,
SUB-23605,CUST-13605,Growth,Monthly,1794.22,77,2025-06-06,,Active,
SUB-23606,CUST-13606,Starter,Monthly,268.64,20,2025-06-06,,Active,
SUB-23607,CUST-13607,Scale,Annual,1074.56,94,2025-06-06,,Active,
SUB-23608,CUST-13608,Growth,Monthly,430.82,21,2025-06-06,,Active,
SUB-23609,CUST-13609,Starter,Monthly,419.87,19,2025-06-06,,Active,
SUB-23610,CUST-13610,Starter,Monthly,470.74,21,2025-06-07,2025-11-03,Churned,Switched Tool
SUB-23611,CUST-13611,Enterprise Plus,Monthly,16478.19,263,2025-06-07,,Active,
SUB-23612,CUST-13612,Growth,Monthly,3433.86,30,2025-06-07,,Active,
SUB-23613,CUST-13613,Starter,Annual,137.01,18,2025-06-07,2025-12-31,Churned,Support / SLA Frustration
SUB-23614,CUST-13614,Scale,Monthly,3391.75,31,2025-06-07,,Active,
SUB-23615,CUST-13615,Scale,Monthly,11294.24,209,2025-06-07,2025-09-23,Churned,Support / SLA Frustration
SUB-23616,CUST-13616,Growth,Monthly,554.45,20,2025-06-07,,Active,
SUB-23617,CUST-13617,Starter,Monthly,664.4,17,2025-06-07,2025-12-31,Churned,Competitor Alternative
SUB-23618,CUST-13618,Starter,Monthly,552.09,9,2025-06-08,2025-12-28,Churned,Support / SLA Frustration
SUB-23619,CUST-13619,Scale,Annual,1780.71,75,2025-06-08,,Active,
SUB-23620,CUST-13620,Starter,Annual,673.83,18,2025-06-08,,Active,
SUB-23621,CUST-13621,Growth,Annual,1890.09,68,2025-06-08,2025-12-10,Churned,Low Adoption & License Waste
SUB-23622,CUST-13622,Growth,Annual,2086.03,60,2025-06-08,2025-12-31,Churned,Low Adoption & License Waste
SUB-23623,CUST-13623,Starter,Annual,727.39,24,2025-06-09,,Active,
SUB-23624,CUST-13624,Growth,Monthly,2801.8,33,2025-06-09,,Active,
SUB-23625,CUST-13625,Growth,Annual,2627.75,68,2025-06-09,,Active,
SUB-23626,CUST-13626,Enterprise Plus,Annual,16067.44,456,2025-06-09,2025-12-13,Churned,Support / SLA Frustration
SUB-23627,CUST-13627,Growth,Monthly,255.46,16,2025-06-09,,Active,
SUB-23628,CUST-13628,Starter,Monthly,654.45,24,2025-06-10,,Active,
SUB-23629,CUST-13629,Starter,Monthly,651.02,5,2025-06-10,,Active,
SUB-23630,CUST-13630,Starter,Monthly,581.18,13,2025-06-10,,Active,
SUB-23631,CUST-13631,Scale,Annual,2738.15,72,2025-06-10,,Active,
SUB-23632,CUST-13632,Growth,Annual,3556.42,38,2025-06-10,,Active,
SUB-23633,CUST-13633,Growth,Annual,1167.37,92,2025-06-10,,Active,
SUB-23634,CUST-13634,Scale,Annual,9087.06,421,2025-06-10,,Active,
SUB-23635,CUST-13635,Growth,Annual,3753.23,29,2025-06-10,,Active,
SUB-23636,CUST-13636,Starter,Monthly,555.3,19,2025-06-10,2025-12-31,Churned,Support / SLA Frustration
SUB-23637,CUST-13637,Scale,Annual,4987.49,496,2025-06-11,2025-11-04,Churned,Low Adoption & License Waste
SUB-23638,CUST-13638,Scale,Annual,1743.85,35,2025-06-11,,Active,
SUB-23639,CUST-13639,Growth,Annual,3070.02,89,2025-06-11,2025-08-16,Churned,Support / SLA Frustration
SUB-23640,CUST-13640,Scale,Monthly,3121.11,80,2025-06-11,2025-07-25,Churned,Leadership Transition
SUB-23641,CUST-13641,Starter,Monthly,298.15,18,2025-06-11,,Active,
SUB-23642,CUST-13642,Scale,Monthly,3546.33,26,2025-06-11,,Active,
SUB-23643,CUST-13643,Scale,Monthly,2729.88,95,2025-06-11,,Active,
SUB-23644,CUST-13644,Starter,Annual,255.9,16,2025-06-11,,Active,
SUB-23645,CUST-13645,Scale,Annual,2652.73,82,2025-06-11,2025-12-31,Churned,Support / SLA Frustration
SUB-23646,CUST-13646,Growth,Annual,1961.77,45,2025-06-11,,Active,
SUB-23647,CUST-13647,Growth,Annual,1278.94,70,2025-06-12,,Active,
SUB-23648,CUST-13648,Starter,Monthly,455.38,24,2025-06-12,2025-12-31,Churned,Support / SLA Frustration
SUB-23649,CUST-13649,Growth,Monthly,364.94,22,2025-06-12,,Active,
SUB-23650,CUST-13650,Growth,Monthly,187.15,18,2025-06-12,,Active,
SUB-23651,CUST-13651,Growth,Annual,2351.06,75,2025-06-12,,Active,
SUB-23652,CUST-13652,Growth,Monthly,542.99,11,2025-06-12,,Active,
SUB-23653,CUST-13653,Scale,Annual,3385.1,54,2025-06-12,,Active,
SUB-23654,CUST-13654,Enterprise Plus,Annual,15450.16,481,2025-06-12,,Active,
SUB-23655,CUST-13655,Growth,Annual,2947.19,92,2025-06-12,,Active,
SUB-23656,CUST-13656,Growth,Annual,1969.15,66,2025-06-12,,Active,
SUB-23657,CUST-13657,Starter,Annual,143.3,18,2025-06-12,,Active,
SUB-23658,CUST-13658,Growth,Monthly,550.46,21,2025-06-12,,Active,
SUB-23659,CUST-13659,Starter,Monthly,158.18,19,2025-06-12,,Active,
SUB-23660,CUST-13660,Growth,Monthly,456.7,20,2025-06-12,,Active,
SUB-23661,CUST-13661,Growth,Annual,619.75,10,2025-06-13,2025-10-17,Churned,Support / SLA Frustration
SUB-23662,CUST-13662,Enterprise Plus,Annual,6905.95,388,2025-06-13,,Active,
SUB-23663,CUST-13663,Scale,Annual,11998.8,433,2025-06-13,,Active,
SUB-23664,CUST-13664,Starter,Monthly,629.01,16,2025-06-13,,Active,
SUB-23665,CUST-13665,Scale,Annual,1964.69,44,2025-06-13,,Active,
SUB-23666,CUST-13666,Starter,Monthly,343.59,19,2025-06-13,2025-11-27,Churned,Low Adoption & License Waste
SUB-23667,CUST-13667,Growth,Monthly,1321.68,29,2025-06-14,,Active,
SUB-23668,CUST-13668,Enterprise Plus,Annual,15134.21,302,2025-06-14,,Active,
SUB-23669,CUST-13669,Growth,Annual,1987.42,57,2025-06-14,,Active,
SUB-23670,CUST-13670,Growth,Annual,2364.64,36,2025-06-14,,Active,
SUB-23671,CUST-13671,Enterprise Plus,Annual,5821.65,194,2025-06-14,2025-08-25,Churned,Support / SLA Frustration
SUB-23672,CUST-13672,Starter,Annual,209.26,11,2025-06-14,2025-12-31,Churned,Switched Tool
SUB-23673,CUST-13673,Enterprise Plus,Annual,15883.95,177,2025-06-15,,Active,
SUB-23674,CUST-13674,Starter,Monthly,626.91,24,2025-06-15,,Active,
SUB-23675,CUST-13675,Growth,Annual,3028.56,87,2025-06-15,,Active,
SUB-23676,CUST-13676,Growth,Monthly,1737.92,30,2025-06-15,,Active,
SUB-23677,CUST-13677,Growth,Annual,3037.32,80,2025-06-15,,Active,
SUB-23678,CUST-13678,Growth,Monthly,128.39,10,2025-06-15,2025-12-31,Churned,Switched Tool
SUB-23679,CUST-13679,Growth,Monthly,2007.92,65,2025-06-15,,Active,
SUB-23680,CUST-13680,Starter,Annual,512.52,13,2025-06-16,,Active,
SUB-23681,CUST-13681,Enterprise Plus,Annual,6004.83,295,2025-06-16,,Active,
SUB-23682,CUST-13682,Growth,Annual,619.27,9,2025-06-16,2025-12-31,Churned,Support / SLA Frustration
SUB-23683,CUST-13683,Growth,Monthly,2556.87,56,2025-06-16,,Active,
SUB-23684,CUST-13684,Starter,Annual,484.56,14,2025-06-16,,Active,
SUB-23685,CUST-13685,Starter,Monthly,329.46,15,2025-06-16,,Active,
SUB-23686,CUST-13686,Starter,Monthly,420.88,11,2025-06-17,,Active,
SUB-23687,CUST-13687,Scale,Annual,2432.5,74,2025-06-17,,Active,
SUB-23688,CUST-13688,Scale,Annual,11418.85,362,2025-06-17,,Active,
SUB-23689,CUST-13689,Enterprise Plus,Monthly,9794.98,424,2025-06-17,,Active,
SUB-23690,CUST-13690,Starter,Monthly,184.71,5,2025-06-17,,Active,
SUB-23691,CUST-13691,Starter,Monthly,139.59,17,2025-06-18,,Active,
SUB-23692,CUST-13692,Starter,Monthly,148.93,9,2025-06-18,,Active,
SUB-23693,CUST-13693,Growth,Annual,1279.9,99,2025-06-18,2025-12-31,Churned,Low Adoption & License Waste
SUB-23694,CUST-13694,Growth,Monthly,1538.08,90,2025-06-18,2025-12-31,Churned,Internal Restructuring
SUB-23695,CUST-13695,Enterprise Plus,Monthly,9114.77,103,2025-06-18,2025-12-31,Churned,Support / SLA Frustration
SUB-23696,CUST-13696,Starter,Monthly,195.5,9,2025-06-18,,Active,
SUB-23697,CUST-13697,Growth,Annual,428.4,15,2025-06-19,2025-11-02,Churned,Low Adoption & License Waste
SUB-23698,CUST-13698,Starter,Annual,488.96,5,2025-06-19,,Active,
SUB-23699,CUST-13699,Growth,Annual,3542.72,34,2025-06-19,,Active,
SUB-23700,CUST-13700,Starter,Monthly,356.16,17,2025-06-19,2025-12-31,Churned,Support / SLA Frustration
SUB-23701,CUST-13701,Growth,Monthly,342.84,15,2025-06-19,,Active,
SUB-23702,CUST-13702,Scale,Annual,2211.68,53,2025-06-19,,Active,
SUB-23703,CUST-13703,Starter,Monthly,582.14,12,2025-06-19,,Active,
SUB-23704,CUST-13704,Growth,Monthly,669.88,10,2025-06-19,,Active,
SUB-23705,CUST-13705,Starter,Annual,459.24,10,2025-06-20,2025-12-31,Churned,Low Adoption & License Waste
SUB-23706,CUST-13706,Starter,Monthly,687.27,17,2025-06-20,2025-08-11,Churned,Price / Budget Cuts
SUB-23707,CUST-13707,Scale,Monthly,2860.71,63,2025-06-20,2025-09-08,Churned,Support / SLA Frustration
SUB-23708,CUST-13708,Scale,Monthly,1267.72,52,2025-06-20,,Active,
SUB-23709,CUST-13709,Starter,Monthly,535.29,22,2025-06-20,2025-12-01,Churned,Support / SLA Frustration
SUB-23710,CUST-13710,Enterprise Plus,Annual,14202.57,178,2025-06-20,,Active,
SUB-23711,CUST-13711,Starter,Monthly,505.52,21,2025-06-20,,Active,
SUB-23712,CUST-13712,Starter,Monthly,247.46,15,2025-06-20,,Active,
SUB-23713,CUST-13713,Starter,Monthly,205.39,12,2025-06-20,,Active,
SUB-23714,CUST-13714,Starter,Monthly,465.85,15,2025-06-20,2025-12-31,Churned,Low Adoption & License Waste
SUB-23715,CUST-13715,Scale,Monthly,1944.42,51,2025-06-20,2025-12-31,Churned,Support / SLA Frustration
SUB-23716,CUST-13716,Growth,Annual,1778.72,42,2025-06-21,2025-10-07,Churned,Low Adoption & License Waste
SUB-23717,CUST-13717,Scale,Annual,9688.73,168,2025-06-21,,Active,
SUB-23718,CUST-13718,Scale,Monthly,3401.14,54,2025-06-21,,Active,
SUB-23719,CUST-13719,Growth,Annual,1700.54,41,2025-06-21,,Active,
SUB-23720,CUST-13720,Scale,Monthly,3268.35,79,2025-06-21,,Active,
SUB-23721,CUST-13721,Starter,Monthly,716.63,17,2025-06-21,2025-12-31,Churned,Price / Budget Cuts
SUB-23722,CUST-13722,Starter,Annual,487.83,11,2025-06-21,,Active,
SUB-23723,CUST-13723,Scale,Monthly,2861.83,25,2025-06-21,,Active,
SUB-23724,CUST-13724,Growth,Annual,2947.03,53,2025-06-21,,Active,
SUB-23725,CUST-13725,Growth,Monthly,535.75,23,2025-06-21,,Active,
SUB-23726,CUST-13726,Enterprise Plus,Annual,15442.2,164,2025-06-21,,Active,
SUB-23727,CUST-13727,Enterprise Plus,Annual,12915.51,287,2025-06-21,,Active,
SUB-23728,CUST-13728,Scale,Monthly,2696.35,47,2025-06-21,2025-12-31,Churned,Competitor Alternative
SUB-23729,CUST-13729,Growth,Monthly,428.61,24,2025-06-21,,Active,
SUB-23730,CUST-13730,Growth,Annual,2878.74,34,2025-06-22,,Active,
SUB-23731,CUST-13731,Starter,Monthly,269.16,14,2025-06-22,,Active,
SUB-23732,CUST-13732,Scale,Monthly,3012.1,89,2025-06-22,,Active,
SUB-23733,CUST-13733,Starter,Monthly,581.27,11,2025-06-22,,Active,
SUB-23734,CUST-13734,Scale,Monthly,1740.6,75,2025-06-23,,Active,
SUB-23735,CUST-13735,Scale,Annual,3404.86,76,2025-06-23,2025-12-07,Churned,Internal Restructuring
SUB-23736,CUST-13736,Starter,Annual,376.94,13,2025-06-23,,Active,
SUB-23737,CUST-13737,Growth,Monthly,174.09,11,2025-06-23,,Active,
SUB-23738,CUST-13738,Starter,Monthly,588.45,14,2025-06-23,,Active,
SUB-23739,CUST-13739,Starter,Monthly,280.46,20,2025-06-23,,Active,
SUB-23740,CUST-13740,Starter,Monthly,542.55,24,2025-06-23,,Active,
SUB-23741,CUST-13741,Growth,Monthly,572.49,19,2025-06-24,,Active,
SUB-23742,CUST-13742,Growth,Monthly,719.62,13,2025-06-24,,Active,
SUB-23743,CUST-13743,Enterprise Plus,Annual,13407.53,410,2025-06-24,,Active,
SUB-23744,CUST-13744,Enterprise Plus,Annual,9405.53,493,2025-06-24,2025-11-12,Churned,Support / SLA Frustration
SUB-23745,CUST-13745,Growth,Annual,2974.68,38,2025-06-24,,Active,
SUB-23746,CUST-13746,Starter,Monthly,226.29,16,2025-06-24,,Active,
SUB-23747,CUST-13747,Growth,Annual,1468.0,82,2025-06-24,2025-12-31,Churned,Internal Restructuring
SUB-23748,CUST-13748,Growth,Annual,1631.25,57,2025-06-24,,Active,
SUB-23749,CUST-13749,Starter,Monthly,729.57,23,2025-06-24,,Active,
SUB-23750,CUST-13750,Starter,Annual,505.72,6,2025-06-24,,Active,
SUB-23751,CUST-13751,Growth,Monthly,647.75,23,2025-06-24,2025-09-06,Churned,Switched Tool
SUB-23752,CUST-13752,Growth,Annual,2611.43,39,2025-06-24,,Active,
SUB-23753,CUST-13753,Growth,Monthly,225.1,20,2025-06-24,,Active,
SUB-23754,CUST-13754,Growth,Annual,2532.33,75,2025-06-25,2025-12-31,Churned,Support / SLA Frustration
SUB-23755,CUST-13755,Growth,Monthly,1235.02,60,2025-06-25,2025-12-25,Churned,Support / SLA Frustration
SUB-23756,CUST-13756,Growth,Monthly,1043.91,47,2025-06-25,,Active,
SUB-23757,CUST-13757,Scale,Monthly,3292.21,30,2025-06-25,,Active,
SUB-23758,CUST-13758,Growth,Annual,3238.71,29,2025-06-25,,Active,
SUB-23759,CUST-13759,Starter,Monthly,219.32,18,2025-06-25,,Active,
SUB-23760,CUST-13760,Enterprise Plus,Annual,10443.83,451,2025-06-26,,Active,
SUB-23761,CUST-13761,Starter,Monthly,428.41,6,2025-06-26,,Active,
SUB-23762,CUST-13762,Starter,Monthly,714.65,23,2025-06-26,,Active,
SUB-23763,CUST-13763,Growth,Annual,1416.51,53,2025-06-26,,Active,
SUB-23764,CUST-13764,Growth,Annual,2853.95,68,2025-06-26,,Active,
SUB-23765,CUST-13765,Growth,Monthly,3150.25,61,2025-06-26,,Active,
SUB-23766,CUST-13766,Starter,Monthly,541.26,9,2025-06-26,2025-12-31,Churned,Support / SLA Frustration
SUB-23767,CUST-13767,Scale,Annual,2742.51,60,2025-06-26,,Active,
SUB-23768,CUST-13768,Growth,Monthly,2679.8,30,2025-06-27,2025-09-18,Churned,Support / SLA Frustration
SUB-23769,CUST-13769,Scale,Annual,10308.32,210,2025-06-27,,Active,
SUB-23770,CUST-13770,Starter,Annual,563.61,20,2025-06-27,,Active,
SUB-23771,CUST-13771,Starter,Monthly,725.7,8,2025-06-27,2025-12-31,Churned,Low Adoption & License Waste
SUB-23772,CUST-13772,Scale,Monthly,2613.74,28,2025-06-27,2025-12-31,Churned,Support / SLA Frustration
SUB-23773,CUST-13773,Growth,Monthly,574.34,21,2025-06-27,2025-11-22,Churned,Support / SLA Frustration
SUB-23774,CUST-13774,Starter,Monthly,209.19,8,2025-06-27,,Active,
SUB-23775,CUST-13775,Growth,Annual,362.36,11,2025-06-27,,Active,
SUB-23776,CUST-13776,Growth,Monthly,747.76,19,2025-06-28,,Active,
SUB-23777,CUST-13777,Growth,Annual,279.45,7,2025-06-28,,Active,
SUB-23778,CUST-13778,Starter,Monthly,226.51,7,2025-06-28,,Active,
SUB-23779,CUST-13779,Starter,Annual,421.97,6,2025-06-28,,Active,
SUB-23780,CUST-13780,Scale,Annual,2777.53,45,2025-06-28,,Active,
SUB-23781,CUST-13781,Growth,Monthly,2983.83,68,2025-06-29,,Active,
SUB-23782,CUST-13782,Enterprise Plus,Annual,16058.31,407,2025-06-29,,Active,
SUB-23783,CUST-13783,Starter,Monthly,226.24,18,2025-06-29,2025-09-04,Churned,Support / SLA Frustration
SUB-23784,CUST-13784,Growth,Monthly,129.63,19,2025-06-29,2025-12-31,Churned,Competitor Alternative
SUB-23785,CUST-13785,Scale,Monthly,5260.07,361,2025-06-29,,Active,
SUB-23786,CUST-13786,Starter,Annual,685.9,19,2025-06-29,2025-10-15,Churned,Price / Budget Cuts
SUB-23787,CUST-13787,Growth,Annual,3034.44,87,2025-06-29,,Active,
SUB-23788,CUST-13788,Enterprise Plus,Annual,7576.98,441,2025-06-29,,Active,
SUB-23789,CUST-13789,Growth,Monthly,442.3,16,2025-06-30,,Active,
SUB-23790,CUST-13790,Scale,Monthly,3383.11,63,2025-06-30,,Active,
SUB-23791,CUST-13791,Enterprise Plus,Monthly,7636.32,277,2025-06-30,,Active,
SUB-23792,CUST-13792,Starter,Monthly,129.98,9,2025-06-30,,Active,
SUB-23793,CUST-13793,Starter,Monthly,297.53,16,2025-06-30,,Active,
SUB-23794,CUST-13794,Enterprise Plus,Annual,7760.61,445,2025-06-30,,Active,
SUB-23795,CUST-13795,Starter,Annual,347.85,20,2025-07-01,,Active,
SUB-23796,CUST-13796,Growth,Monthly,211.2,21,2025-07-01,2025-10-19,Churned,Low Adoption & License Waste
SUB-23797,CUST-13797,Enterprise Plus,Annual,13242.15,205,2025-07-01,,Active,
SUB-23798,CUST-13798,Growth,Annual,1601.64,36,2025-07-01,,Active,
SUB-23799,CUST-13799,Starter,Monthly,489.29,17,2025-07-01,,Active,
SUB-23800,CUST-13800,Scale,Monthly,1568.09,69,2025-07-01,2025-08-18,Churned,Leadership Transition
SUB-23801,CUST-13801,Starter,Annual,532.23,14,2025-07-01,,Active,
SUB-23802,CUST-13802,Growth,Monthly,200.39,22,2025-07-02,2025-11-02,Churned,Support / SLA Frustration
SUB-23803,CUST-13803,Starter,Annual,294.5,24,2025-07-02,,Active,
SUB-23804,CUST-13804,Growth,Annual,3132.12,72,2025-07-02,2025-08-28,Churned,Support / SLA Frustration
SUB-23805,CUST-13805,Growth,Monthly,732.47,20,2025-07-02,,Active,
SUB-23806,CUST-13806,Growth,Annual,3595.52,76,2025-07-02,2025-10-23,Churned,Low Adoption & License Waste
SUB-23807,CUST-13807,Scale,Monthly,2526.42,36,2025-07-02,2025-12-31,Churned,Support / SLA Frustration
SUB-23808,CUST-13808,Enterprise Plus,Annual,4745.27,274,2025-07-02,,Active,
SUB-23809,CUST-13809,Enterprise Plus,Annual,5371.55,434,2025-07-02,,Active,
SUB-23810,CUST-13810,Starter,Annual,627.97,18,2025-07-02,2025-11-21,Churned,Support / SLA Frustration
SUB-23811,CUST-13811,Growth,Annual,1352.08,87,2025-07-03,,Active,
SUB-23812,CUST-13812,Growth,Monthly,3462.13,26,2025-07-03,2025-12-31,Churned,Leadership Transition
SUB-23813,CUST-13813,Starter,Annual,138.92,18,2025-07-03,,Active,
SUB-23814,CUST-13814,Scale,Annual,1333.28,35,2025-07-03,,Active,
SUB-23815,CUST-13815,Growth,Monthly,488.82,11,2025-07-03,,Active,
SUB-23816,CUST-13816,Growth,Annual,3794.64,81,2025-07-03,,Active,
SUB-23817,CUST-13817,Starter,Monthly,437.72,10,2025-07-04,,Active,
SUB-23818,CUST-13818,Starter,Monthly,164.23,6,2025-07-04,2025-12-31,Churned,Price / Budget Cuts
SUB-23819,CUST-13819,Growth,Monthly,3551.39,25,2025-07-04,,Active,
SUB-23820,CUST-13820,Growth,Monthly,3360.58,96,2025-07-04,,Active,
SUB-23821,CUST-13821,Scale,Monthly,1481.52,30,2025-07-05,,Active,
SUB-23822,CUST-13822,Starter,Monthly,142.8,19,2025-07-05,,Active,
SUB-23823,CUST-13823,Scale,Annual,3529.2,64,2025-07-05,,Active,
SUB-23824,CUST-13824,Scale,Monthly,1471.4,53,2025-07-05,,Active,
SUB-23825,CUST-13825,Scale,Annual,11305.69,471,2025-07-05,,Active,
SUB-23826,CUST-13826,Growth,Monthly,3768.79,74,2025-07-05,,Active,
SUB-23827,CUST-13827,Growth,Monthly,1421.54,27,2025-07-06,2025-12-31,Churned,Support / SLA Frustration
SUB-23828,CUST-13828,Starter,Monthly,616.93,12,2025-07-06,2025-12-31,Churned,Support / SLA Frustration
SUB-23829,CUST-13829,Scale,Annual,942.96,27,2025-07-06,,Active,
SUB-23830,CUST-13830,Growth,Annual,2662.75,98,2025-07-06,,Active,
SUB-23831,CUST-13831,Starter,Annual,242.79,22,2025-07-07,,Active,
SUB-23832,CUST-13832,Starter,Monthly,198.23,7,2025-07-07,,Active,
SUB-23833,CUST-13833,Growth,Monthly,1508.91,73,2025-07-07,,Active,
SUB-23834,CUST-13834,Growth,Annual,1466.76,72,2025-07-07,,Active,
SUB-23835,CUST-13835,Growth,Monthly,977.6,28,2025-07-07,,Active,
SUB-23836,CUST-13836,Starter,Monthly,282.03,14,2025-07-08,2025-08-14,Churned,Price / Budget Cuts
SUB-23837,CUST-13837,Scale,Annual,12707.54,177,2025-07-08,,Active,
SUB-23838,CUST-13838,Starter,Monthly,655.71,7,2025-07-08,2025-09-28,Churned,Support / SLA Frustration
SUB-23839,CUST-13839,Starter,Monthly,606.41,7,2025-07-08,,Active,
SUB-23840,CUST-13840,Starter,Monthly,397.22,21,2025-07-08,,Active,
SUB-23841,CUST-13841,Enterprise Plus,Annual,6496.04,118,2025-07-08,,Active,
SUB-23842,CUST-13842,Growth,Monthly,2785.57,80,2025-07-09,,Active,
SUB-23843,CUST-13843,Scale,Annual,1528.9,94,2025-07-09,,Active,
SUB-23844,CUST-13844,Growth,Annual,3788.7,53,2025-07-09,2025-09-23,Churned,Internal Restructuring
SUB-23845,CUST-13845,Growth,Monthly,266.58,6,2025-07-09,2025-09-18,Churned,Switched Tool
SUB-23846,CUST-13846,Growth,Monthly,121.4,14,2025-07-09,2025-11-16,Churned,Support / SLA Frustration
SUB-23847,CUST-13847,Starter,Monthly,714.05,23,2025-07-10,,Active,
SUB-23848,CUST-13848,Growth,Annual,568.42,9,2025-07-10,2025-11-24,Churned,Support / SLA Frustration
SUB-23849,CUST-13849,Scale,Annual,10131.25,466,2025-07-10,,Active,
SUB-23850,CUST-13850,Growth,Monthly,1296.82,38,2025-07-10,2025-12-31,Churned,Competitor Alternative
SUB-23851,CUST-13851,Enterprise Plus,Annual,11063.33,476,2025-07-10,2025-12-31,Churned,Support / SLA Frustration
SUB-23852,CUST-13852,Starter,Monthly,228.93,13,2025-07-10,,Active,
SUB-23853,CUST-13853,Starter,Monthly,287.58,20,2025-07-10,,Active,
SUB-23854,CUST-13854,Starter,Monthly,512.82,9,2025-07-10,2025-10-15,Churned,Price / Budget Cuts
SUB-23855,CUST-13855,Enterprise Plus,Annual,13217.25,299,2025-07-10,,Active,
SUB-23856,CUST-13856,Scale,Monthly,2007.32,42,2025-07-11,,Active,
SUB-23857,CUST-13857,Starter,Annual,745.39,13,2025-07-11,,Active,
SUB-23858,CUST-13858,Scale,Annual,2133.55,97,2025-07-11,2025-12-10,Churned,Support / SLA Frustration
SUB-23859,CUST-13859,Starter,Monthly,699.08,23,2025-07-11,2025-10-20,Churned,Low Adoption & License Waste
SUB-23860,CUST-13860,Growth,Monthly,530.88,9,2025-07-11,2025-12-31,Churned,Price / Budget Cuts
SUB-23861,CUST-13861,Growth,Monthly,451.34,10,2025-07-11,,Active,
SUB-23862,CUST-13862,Growth,Monthly,1504.01,78,2025-07-11,,Active,
SUB-23863,CUST-13863,Growth,Monthly,1787.36,36,2025-07-11,,Active,
SUB-23864,CUST-13864,Enterprise Plus,Annual,9063.16,218,2025-07-11,2025-12-31,Churned,Support / SLA Frustration
SUB-23865,CUST-13865,Growth,Annual,3726.98,82,2025-07-11,,Active,
SUB-23866,CUST-13866,Scale,Annual,2425.76,40,2025-07-11,,Active,
SUB-23867,CUST-13867,Growth,Monthly,587.74,13,2025-07-11,2025-12-31,Churned,Competitor Alternative
SUB-23868,CUST-13868,Starter,Annual,631.29,10,2025-07-12,,Active,
SUB-23869,CUST-13869,Scale,Monthly,13378.08,145,2025-07-12,2025-12-31,Churned,Competitor Alternative
SUB-23870,CUST-13870,Growth,Annual,2622.59,81,2025-07-12,,Active,
SUB-23871,CUST-13871,Growth,Monthly,1216.62,40,2025-07-12,,Active,
SUB-23872,CUST-13872,Scale,Annual,3475.52,77,2025-07-12,,Active,
SUB-23873,CUST-13873,Starter,Monthly,446.96,23,2025-07-12,,Active,
SUB-23874,CUST-13874,Enterprise Plus,Annual,6018.53,355,2025-07-12,2025-12-31,Churned,Support / SLA Frustration
SUB-23875,CUST-13875,Growth,Annual,3791.07,45,2025-07-13,,Active,
SUB-23876,CUST-13876,Growth,Monthly,3282.88,29,2025-07-13,,Active,
SUB-23877,CUST-13877,Starter,Annual,149.58,18,2025-07-13,,Active,
SUB-23878,CUST-13878,Starter,Monthly,438.57,21,2025-07-13,,Active,
SUB-23879,CUST-13879,Growth,Monthly,2308.38,84,2025-07-13,,Active,
SUB-23880,CUST-13880,Starter,Monthly,654.86,7,2025-07-13,2025-12-30,Churned,Competitor Alternative
SUB-23881,CUST-13881,Starter,Monthly,592.76,16,2025-07-14,,Active,
SUB-23882,CUST-13882,Starter,Monthly,692.94,12,2025-07-14,2025-09-29,Churned,Switched Tool
SUB-23883,CUST-13883,Scale,Annual,1573.29,50,2025-07-14,2025-12-31,Churned,Leadership Transition
SUB-23884,CUST-13884,Starter,Monthly,146.06,8,2025-07-14,,Active,
SUB-23885,CUST-13885,Starter,Annual,248.35,20,2025-07-14,,Active,
SUB-23886,CUST-13886,Starter,Monthly,728.96,13,2025-07-14,2025-12-31,Churned,Competitor Alternative
SUB-23887,CUST-13887,Growth,Monthly,372.39,12,2025-07-14,,Active,
SUB-23888,CUST-13888,Starter,Monthly,276.32,20,2025-07-14,2025-10-16,Churned,Support / SLA Frustration
SUB-23889,CUST-13889,Growth,Annual,2614.89,84,2025-07-14,2025-12-31,Churned,Support / SLA Frustration
SUB-23890,CUST-13890,Starter,Annual,628.52,24,2025-07-14,,Active,
SUB-23891,CUST-13891,Starter,Monthly,346.34,23,2025-07-14,,Active,
SUB-23892,CUST-13892,Starter,Monthly,615.07,5,2025-07-14,2025-08-31,Churned,Support / SLA Frustration
SUB-23893,CUST-13893,Growth,Annual,1275.9,59,2025-07-15,,Active,
SUB-23894,CUST-13894,Growth,Monthly,428.02,12,2025-07-15,2025-09-04,Churned,Switched Tool
SUB-23895,CUST-13895,Starter,Annual,283.76,22,2025-07-15,,Active,
SUB-23896,CUST-13896,Enterprise Plus,Annual,14907.41,283,2025-07-15,,Active,
SUB-23897,CUST-13897,Growth,Monthly,183.45,12,2025-07-15,,Active,
SUB-23898,CUST-13898,Starter,Monthly,307.38,16,2025-07-15,,Active,
SUB-23899,CUST-13899,Starter,Monthly,442.65,23,2025-07-15,,Active,
SUB-23900,CUST-13900,Growth,Monthly,2849.95,96,2025-07-15,,Active,
SUB-23901,CUST-13901,Growth,Annual,1399.94,44,2025-07-15,,Active,
SUB-23902,CUST-13902,Starter,Monthly,299.1,8,2025-07-15,,Active,
SUB-23903,CUST-13903,Growth,Annual,3587.42,90,2025-07-16,2025-12-31,Churned,Support / SLA Frustration
SUB-23904,CUST-13904,Starter,Annual,690.4,5,2025-07-16,,Active,
SUB-23905,CUST-13905,Scale,Monthly,2374.82,25,2025-07-16,2025-12-31,Churned,Leadership Transition
SUB-23906,CUST-13906,Starter,Monthly,130.72,12,2025-07-17,2025-12-31,Churned,Competitor Alternative
SUB-23907,CUST-13907,Scale,Monthly,2285.06,42,2025-07-17,,Active,
SUB-23908,CUST-13908,Starter,Monthly,280.82,21,2025-07-17,,Active,
SUB-23909,CUST-13909,Growth,Annual,1876.65,61,2025-07-17,,Active,
SUB-23910,CUST-13910,Enterprise Plus,Annual,13457.51,350,2025-07-17,,Active,
SUB-23911,CUST-13911,Scale,Annual,2008.85,71,2025-07-17,,Active,
SUB-23912,CUST-13912,Scale,Annual,9986.66,313,2025-07-17,,Active,
SUB-23913,CUST-13913,Starter,Monthly,418.26,23,2025-07-17,,Active,
SUB-23914,CUST-13914,Starter,Monthly,122.02,11,2025-07-17,,Active,
SUB-23915,CUST-13915,Scale,Annual,1634.24,65,2025-07-17,,Active,
SUB-23916,CUST-13916,Starter,Monthly,311.31,12,2025-07-17,,Active,
SUB-23917,CUST-13917,Scale,Monthly,2193.71,68,2025-07-18,,Active,
SUB-23918,CUST-13918,Growth,Monthly,236.75,11,2025-07-18,,Active,
SUB-23919,CUST-13919,Starter,Annual,127.66,8,2025-07-18,,Active,
SUB-23920,CUST-13920,Growth,Monthly,335.24,17,2025-07-18,,Active,
SUB-23921,CUST-13921,Scale,Annual,2251.62,29,2025-07-18,2025-12-31,Churned,Support / SLA Frustration
SUB-23922,CUST-13922,Starter,Monthly,393.12,13,2025-07-18,,Active,
SUB-23923,CUST-13923,Scale,Monthly,2124.11,26,2025-07-18,2025-09-07,Churned,Support / SLA Frustration
SUB-23924,CUST-13924,Starter,Monthly,604.82,24,2025-07-19,2025-12-31,Churned,Switched Tool
SUB-23925,CUST-13925,Scale,Annual,11780.11,194,2025-07-19,,Active,
SUB-23926,CUST-13926,Starter,Monthly,301.22,10,2025-07-19,,Active,
SUB-23927,CUST-13927,Growth,Annual,201.54,7,2025-07-19,,Active,
SUB-23928,CUST-13928,Growth,Monthly,201.58,9,2025-07-19,,Active,
SUB-23929,CUST-13929,Enterprise Plus,Annual,17750.82,316,2025-07-19,,Active,
SUB-23930,CUST-13930,Starter,Monthly,321.27,10,2025-07-20,2025-09-28,Churned,Price / Budget Cuts
SUB-23931,CUST-13931,Growth,Monthly,1402.32,53,2025-07-20,2025-12-31,Churned,Competitor Alternative
SUB-23932,CUST-13932,Starter,Monthly,334.65,9,2025-07-20,,Active,
SUB-23933,CUST-13933,Growth,Monthly,3257.4,51,2025-07-20,2025-12-31,Churned,Internal Restructuring
SUB-23934,CUST-13934,Scale,Annual,1193.31,88,2025-07-20,,Active,
SUB-23935,CUST-13935,Starter,Monthly,710.62,16,2025-07-20,,Active,
SUB-23936,CUST-13936,Growth,Monthly,1725.78,62,2025-07-20,,Active,
SUB-23937,CUST-13937,Growth,Annual,2891.28,57,2025-07-20,,Active,
SUB-23938,CUST-13938,Scale,Monthly,1888.38,67,2025-07-20,,Active,
SUB-23939,CUST-13939,Scale,Monthly,2465.55,53,2025-07-21,,Active,
SUB-23940,CUST-13940,Starter,Monthly,339.77,18,2025-07-21,2025-12-31,Churned,Price / Budget Cuts
SUB-23941,CUST-13941,Starter,Monthly,610.76,10,2025-07-21,,Active,
SUB-23942,CUST-13942,Scale,Annual,14413.85,485,2025-07-21,,Active,
SUB-23943,CUST-13943,Growth,Annual,3553.89,44,2025-07-21,2025-12-31,Churned,Support / SLA Frustration
SUB-23944,CUST-13944,Enterprise Plus,Annual,14767.89,150,2025-07-22,2025-12-31,Churned,Support / SLA Frustration
SUB-23945,CUST-13945,Enterprise Plus,Annual,17399.09,114,2025-07-22,,Active,
SUB-23946,CUST-13946,Starter,Annual,673.89,16,2025-07-22,2025-12-31,Churned,Support / SLA Frustration
SUB-23947,CUST-13947,Starter,Annual,428.09,12,2025-07-22,,Active,
SUB-23948,CUST-13948,Growth,Monthly,1077.7,73,2025-07-22,,Active,
SUB-23949,CUST-13949,Scale,Monthly,3063.16,46,2025-07-22,2025-10-29,Churned,Low Adoption & License Waste
SUB-23950,CUST-13950,Enterprise Plus,Annual,6080.32,355,2025-07-22,,Active,
SUB-23951,CUST-13951,Growth,Annual,186.78,16,2025-07-22,,Active,
SUB-23952,CUST-13952,Starter,Monthly,255.16,7,2025-07-23,,Active,
SUB-23953,CUST-13953,Enterprise Plus,Monthly,13749.15,427,2025-07-23,,Active,
SUB-23954,CUST-13954,Growth,Monthly,1993.41,88,2025-07-23,,Active,
SUB-23955,CUST-13955,Starter,Monthly,283.96,16,2025-07-23,,Active,
SUB-23956,CUST-13956,Starter,Monthly,291.02,11,2025-07-23,2025-12-31,Churned,Low Adoption & License Waste
SUB-23957,CUST-13957,Growth,Annual,2908.4,69,2025-07-23,,Active,
SUB-23958,CUST-13958,Enterprise Plus,Annual,17036.85,232,2025-07-24,,Active,
SUB-23959,CUST-13959,Enterprise Plus,Annual,14542.93,331,2025-07-24,,Active,
SUB-23960,CUST-13960,Starter,Annual,500.98,5,2025-07-24,,Active,
SUB-23961,CUST-13961,Growth,Monthly,3024.32,99,2025-07-24,,Active,
SUB-23962,CUST-13962,Scale,Annual,9105.46,392,2025-07-24,,Active,
SUB-23963,CUST-13963,Growth,Monthly,715.86,22,2025-07-24,,Active,
SUB-23964,CUST-13964,Enterprise Plus,Annual,17302.34,404,2025-07-24,,Active,
SUB-23965,CUST-13965,Starter,Annual,255.12,20,2025-07-24,,Active,
SUB-23966,CUST-13966,Scale,Annual,3051.57,35,2025-07-25,,Active,
SUB-23967,CUST-13967,Enterprise Plus,Annual,17629.78,160,2025-07-25,,Active,
SUB-23968,CUST-13968,Growth,Monthly,382.12,14,2025-07-25,,Active,
SUB-23969,CUST-13969,Scale,Monthly,2639.88,94,2025-07-26,,Active,
SUB-23970,CUST-13970,Starter,Monthly,437.83,11,2025-07-26,2025-12-31,Churned,Competitor Alternative
SUB-23971,CUST-13971,Growth,Monthly,421.7,20,2025-07-26,,Active,
SUB-23972,CUST-13972,Growth,Annual,2475.26,71,2025-07-26,2025-10-30,Churned,Internal Restructuring
SUB-23973,CUST-13973,Growth,Annual,442.62,6,2025-07-26,,Active,
SUB-23974,CUST-13974,Growth,Monthly,1571.55,81,2025-07-26,,Active,
SUB-23975,CUST-13975,Starter,Annual,431.09,5,2025-07-26,,Active,
SUB-23976,CUST-13976,Scale,Annual,920.33,70,2025-07-26,2025-12-31,Churned,Competitor Alternative
SUB-23977,CUST-13977,Growth,Monthly,278.77,8,2025-07-27,,Active,
SUB-23978,CUST-13978,Enterprise Plus,Annual,9388.06,272,2025-07-27,,Active,
SUB-23979,CUST-13979,Growth,Annual,2548.22,32,2025-07-27,,Active,
SUB-23980,CUST-13980,Starter,Annual,399.67,5,2025-07-27,,Active,
SUB-23981,CUST-13981,Starter,Monthly,135.41,17,2025-07-27,2025-12-31,Churned,Support / SLA Frustration
SUB-23982,CUST-13982,Scale,Annual,1281.4,28,2025-07-27,,Active,
SUB-23983,CUST-13983,Scale,Monthly,1564.96,87,2025-07-28,,Active,
SUB-23984,CUST-13984,Growth,Monthly,594.62,9,2025-07-28,,Active,
SUB-23985,CUST-13985,Starter,Annual,556.11,9,2025-07-28,,Active,
SUB-23986,CUST-13986,Enterprise Plus,Annual,14300.55,124,2025-07-28,2025-12-25,Churned,Support / SLA Frustration
SUB-23987,CUST-13987,Growth,Annual,1019.9,80,2025-07-28,,Active,
SUB-23988,CUST-13988,Scale,Monthly,3395.83,25,2025-07-28,2025-09-06,Churned,Competitor Alternative
SUB-23989,CUST-13989,Starter,Monthly,736.06,18,2025-07-28,2025-12-31,Churned,Price / Budget Cuts
SUB-23990,CUST-13990,Enterprise Plus,Annual,6563.28,245,2025-07-28,,Active,
SUB-23991,CUST-13991,Scale,Annual,3371.32,95,2025-07-29,,Active,
SUB-23992,CUST-13992,Growth,Monthly,129.66,24,2025-07-29,2025-12-21,Churned,Low Adoption & License Waste
SUB-23993,CUST-13993,Enterprise Plus,Monthly,7021.92,278,2025-07-29,2025-12-31,Churned,Competitor Alternative
SUB-23994,CUST-13994,Growth,Annual,3635.5,85,2025-07-29,,Active,
SUB-23995,CUST-13995,Growth,Annual,3071.39,50,2025-07-29,,Active,
SUB-23996,CUST-13996,Scale,Annual,2749.96,97,2025-07-29,,Active,
SUB-23997,CUST-13997,Growth,Annual,3526.67,92,2025-07-29,,Active,
SUB-23998,CUST-13998,Growth,Monthly,336.88,9,2025-07-30,2025-12-31,Churned,Price / Budget Cuts
SUB-23999,CUST-13999,Growth,Monthly,1577.08,70,2025-07-30,,Active,
SUB-24000,CUST-14000,Growth,Monthly,122.78,11,2025-07-30,,Active,
SUB-24001,CUST-14001,Growth,Monthly,628.73,22,2025-07-30,2025-11-26,Churned,Switched Tool
SUB-24002,CUST-14002,Starter,Monthly,406.92,18,2025-07-30,,Active,
SUB-24003,CUST-14003,Growth,Monthly,3521.58,46,2025-07-31,2025-10-24,Churned,Leadership Transition
SUB-24004,CUST-14004,Enterprise Plus,Annual,16355.28,141,2025-07-31,,Active,
SUB-24005,CUST-14005,Growth,Annual,1778.18,37,2025-07-31,,Active,
SUB-24006,CUST-14006,Scale,Annual,3693.08,68,2025-07-31,,Active,
SUB-24007,CUST-14007,Growth,Annual,3781.28,67,2025-07-31,,Active,
SUB-24008,CUST-14008,Starter,Monthly,267.98,18,2025-07-31,,Active,
SUB-24009,CUST-14009,Enterprise Plus,Annual,8315.63,471,2025-07-31,,Active,
SUB-24010,CUST-14010,Enterprise Plus,Annual,7989.69,140,2025-08-01,,Active,
SUB-24011,CUST-14011,Growth,Annual,1792.71,28,2025-08-01,,Active,
SUB-24012,CUST-14012,Starter,Monthly,681.77,16,2025-08-01,,Active,
SUB-24013,CUST-14013,Scale,Annual,2339.09,79,2025-08-02,,Active,
SUB-24014,CUST-14014,Growth,Monthly,462.51,23,2025-08-02,2025-11-30,Churned,Low Adoption & License Waste
SUB-24015,CUST-14015,Scale,Monthly,3175.4,33,2025-08-02,,Active,
SUB-24016,CUST-14016,Starter,Monthly,347.85,10,2025-08-02,,Active,
SUB-24017,CUST-14017,Starter,Annual,470.25,8,2025-08-02,2025-12-31,Churned,Support / SLA Frustration
SUB-24018,CUST-14018,Growth,Monthly,2113.36,53,2025-08-02,2025-12-31,Churned,Low Adoption & License Waste
SUB-24019,CUST-14019,Growth,Annual,2345.2,43,2025-08-02,,Active,
SUB-24020,CUST-14020,Scale,Monthly,1680.99,32,2025-08-02,2025-11-11,Churned,Support / SLA Frustration
SUB-24021,CUST-14021,Growth,Monthly,1512.95,25,2025-08-03,,Active,
SUB-24022,CUST-14022,Starter,Monthly,554.66,22,2025-08-03,,Active,
SUB-24023,CUST-14023,Starter,Annual,127.26,24,2025-08-03,2025-12-31,Churned,Support / SLA Frustration
SUB-24024,CUST-14024,Starter,Monthly,368.55,19,2025-08-03,,Active,
SUB-24025,CUST-14025,Starter,Monthly,747.22,13,2025-08-03,,Active,
SUB-24026,CUST-14026,Growth,Annual,3229.24,45,2025-08-04,,Active,
SUB-24027,CUST-14027,Growth,Monthly,2105.29,93,2025-08-04,,Active,
SUB-24028,CUST-14028,Starter,Monthly,164.39,19,2025-08-04,,Active,
SUB-24029,CUST-14029,Scale,Monthly,1676.94,96,2025-08-04,,Active,
SUB-24030,CUST-14030,Starter,Annual,741.94,19,2025-08-04,2025-12-31,Churned,Support / SLA Frustration
SUB-24031,CUST-14031,Growth,Monthly,1164.24,31,2025-08-04,,Active,
SUB-24032,CUST-14032,Enterprise Plus,Annual,16881.38,436,2025-08-04,2025-12-31,Churned,Support / SLA Frustration
SUB-24033,CUST-14033,Starter,Monthly,147.02,15,2025-08-04,2025-12-31,Churned,Support / SLA Frustration
SUB-24034,CUST-14034,Scale,Monthly,1932.61,38,2025-08-05,,Active,
SUB-24035,CUST-14035,Starter,Monthly,495.97,5,2025-08-05,2025-12-31,Churned,Support / SLA Frustration
SUB-24036,CUST-14036,Starter,Monthly,399.93,8,2025-08-05,,Active,
SUB-24037,CUST-14037,Growth,Monthly,623.01,8,2025-08-05,2025-12-31,Churned,Support / SLA Frustration
SUB-24038,CUST-14038,Starter,Monthly,435.4,15,2025-08-05,,Active,
SUB-24039,CUST-14039,Starter,Monthly,423.48,9,2025-08-05,2025-11-19,Churned,Support / SLA Frustration
SUB-24040,CUST-14040,Growth,Monthly,679.17,18,2025-08-05,,Active,
SUB-24041,CUST-14041,Growth,Monthly,3282.17,27,2025-08-05,2025-12-31,Churned,Support / SLA Frustration
SUB-24042,CUST-14042,Growth,Annual,1515.16,53,2025-08-06,,Active,
SUB-24043,CUST-14043,Growth,Monthly,308.71,17,2025-08-06,,Active,
SUB-24044,CUST-14044,Growth,Monthly,3498.88,66,2025-08-06,,Active,
SUB-24045,CUST-14045,Scale,Annual,2419.96,77,2025-08-06,,Active,
SUB-24046,CUST-14046,Scale,Monthly,3734.73,86,2025-08-06,2025-12-31,Churned,Low Adoption & License Waste
SUB-24047,CUST-14047,Growth,Monthly,297.16,13,2025-08-06,2025-12-31,Churned,Support / SLA Frustration
SUB-24048,CUST-14048,Starter,Monthly,653.9,5,2025-08-06,,Active,
SUB-24049,CUST-14049,Growth,Monthly,1071.39,42,2025-08-06,,Active,
SUB-24050,CUST-14050,Starter,Monthly,472.91,24,2025-08-06,2025-12-31,Churned,Price / Budget Cuts
SUB-24051,CUST-14051,Starter,Monthly,298.24,9,2025-08-07,,Active,
SUB-24052,CUST-14052,Starter,Annual,362.11,12,2025-08-07,,Active,
SUB-24053,CUST-14053,Starter,Monthly,363.11,24,2025-08-07,,Active,
SUB-24054,CUST-14054,Growth,Annual,438.23,17,2025-08-07,,Active,
SUB-24055,CUST-14055,Enterprise Plus,Monthly,12924.24,114,2025-08-07,2025-11-06,Churned,Support / SLA Frustration
SUB-24056,CUST-14056,Starter,Monthly,569.88,22,2025-08-08,,Active,
SUB-24057,CUST-14057,Enterprise Plus,Annual,17568.09,467,2025-08-08,,Active,
SUB-24058,CUST-14058,Starter,Annual,459.62,20,2025-08-08,2025-12-31,Churned,Price / Budget Cuts
SUB-24059,CUST-14059,Starter,Annual,441.65,11,2025-08-08,,Active,
SUB-24060,CUST-14060,Growth,Monthly,3468.26,66,2025-08-08,2025-11-18,Churned,Support / SLA Frustration
SUB-24061,CUST-14061,Scale,Monthly,2498.32,48,2025-08-08,2025-12-21,Churned,Internal Restructuring
SUB-24062,CUST-14062,Starter,Monthly,698.02,21,2025-08-08,,Active,
SUB-24063,CUST-14063,Growth,Monthly,3470.59,94,2025-08-09,,Active,
SUB-24064,CUST-14064,Starter,Monthly,503.81,19,2025-08-09,,Active,
SUB-24065,CUST-14065,Scale,Annual,10032.68,433,2025-08-09,,Active,
SUB-24066,CUST-14066,Enterprise Plus,Annual,6982.05,387,2025-08-09,,Active,
SUB-24067,CUST-14067,Starter,Monthly,594.08,22,2025-08-09,2025-10-31,Churned,Support / SLA Frustration
SUB-24068,CUST-14068,Starter,Monthly,642.24,22,2025-08-09,,Active,
SUB-24069,CUST-14069,Starter,Annual,266.68,23,2025-08-09,,Active,
SUB-24070,CUST-14070,Growth,Annual,937.94,28,2025-08-10,,Active,
SUB-24071,CUST-14071,Starter,Monthly,482.58,7,2025-08-10,,Active,
SUB-24072,CUST-14072,Starter,Monthly,230.19,22,2025-08-10,,Active,
SUB-24073,CUST-14073,Starter,Annual,420.98,23,2025-08-10,2025-11-18,Churned,Competitor Alternative
SUB-24074,CUST-14074,Starter,Monthly,490.86,7,2025-08-10,2025-12-09,Churned,Support / SLA Frustration
SUB-24075,CUST-14075,Starter,Monthly,236.44,18,2025-08-11,,Active,
SUB-24076,CUST-14076,Scale,Annual,2057.63,41,2025-08-11,2025-12-31,Churned,Leadership Transition
SUB-24077,CUST-14077,Growth,Annual,2783.7,80,2025-08-11,,Active,
SUB-24078,CUST-14078,Starter,Monthly,211.78,11,2025-08-11,2025-11-13,Churned,Support / SLA Frustration
SUB-24079,CUST-14079,Growth,Annual,1312.39,61,2025-08-11,,Active,
SUB-24080,CUST-14080,Growth,Monthly,201.48,21,2025-08-11,,Active,
SUB-24081,CUST-14081,Scale,Annual,1219.09,99,2025-08-11,,Active,
SUB-24082,CUST-14082,Starter,Monthly,424.7,12,2025-08-12,,Active,
SUB-24083,CUST-14083,Starter,Monthly,279.55,5,2025-08-12,,Active,
SUB-24084,CUST-14084,Growth,Annual,1658.01,72,2025-08-12,,Active,
SUB-24085,CUST-14085,Enterprise Plus,Annual,4811.12,335,2025-08-12,,Active,
SUB-24086,CUST-14086,Scale,Annual,14181.09,225,2025-08-12,,Active,
SUB-24087,CUST-14087,Starter,Monthly,255.39,10,2025-08-13,,Active,
SUB-24088,CUST-14088,Starter,Monthly,585.99,14,2025-08-13,2025-12-31,Churned,Competitor Alternative
SUB-24089,CUST-14089,Enterprise Plus,Annual,7105.97,160,2025-08-13,,Active,
SUB-24090,CUST-14090,Starter,Monthly,567.3,10,2025-08-13,2025-12-31,Churned,Competitor Alternative
SUB-24091,CUST-14091,Growth,Monthly,2122.8,69,2025-08-14,2025-12-31,Churned,Support / SLA Frustration
SUB-24092,CUST-14092,Growth,Annual,1004.07,56,2025-08-14,,Active,
SUB-24093,CUST-14093,Growth,Monthly,518.73,22,2025-08-14,2025-12-31,Churned,Support / SLA Frustration
SUB-24094,CUST-14094,Growth,Annual,1403.28,73,2025-08-14,,Active,
SUB-24095,CUST-14095,Growth,Annual,3294.83,34,2025-08-14,,Active,
SUB-24096,CUST-14096,Scale,Annual,11950.88,200,2025-08-14,,Active,
SUB-24097,CUST-14097,Enterprise Plus,Annual,11334.27,211,2025-08-15,,Active,
SUB-24098,CUST-14098,Scale,Annual,3056.57,77,2025-08-15,,Active,
SUB-24099,CUST-14099,Enterprise Plus,Annual,11394.7,372,2025-08-15,,Active,
SUB-24100,CUST-14100,Starter,Annual,131.33,11,2025-08-15,,Active,
SUB-24101,CUST-14101,Growth,Monthly,1409.91,54,2025-08-15,,Active,
SUB-24102,CUST-14102,Growth,Monthly,420.96,8,2025-08-15,,Active,
SUB-24103,CUST-14103,Growth,Annual,1957.32,51,2025-08-15,,Active,
SUB-24104,CUST-14104,Growth,Monthly,986.29,58,2025-08-15,,Active,
SUB-24105,CUST-14105,Growth,Monthly,343.91,7,2025-08-16,2025-12-31,Churned,Competitor Alternative
SUB-24106,CUST-14106,Growth,Annual,549.27,22,2025-08-16,,Active,
SUB-24107,CUST-14107,Scale,Annual,17984.31,355,2025-08-16,,Active,
SUB-24108,CUST-14108,Starter,Monthly,469.13,19,2025-08-16,,Active,
SUB-24109,CUST-14109,Starter,Annual,254.28,6,2025-08-17,,Active,
SUB-24110,CUST-14110,Starter,Annual,385.33,8,2025-08-17,,Active,
SUB-24111,CUST-14111,Growth,Monthly,481.1,14,2025-08-17,,Active,
SUB-24112,CUST-14112,Scale,Annual,13156.6,412,2025-08-17,,Active,
SUB-24113,CUST-14113,Scale,Annual,14526.85,323,2025-08-18,2025-12-31,Churned,Support / SLA Frustration
SUB-24114,CUST-14114,Starter,Monthly,436.7,14,2025-08-18,2025-12-31,Churned,Support / SLA Frustration
SUB-24115,CUST-14115,Growth,Annual,1430.39,32,2025-08-18,,Active,
SUB-24116,CUST-14116,Starter,Monthly,274.4,9,2025-08-18,,Active,
SUB-24117,CUST-14117,Scale,Monthly,1848.62,47,2025-08-18,,Active,
SUB-24118,CUST-14118,Enterprise Plus,Annual,8461.42,385,2025-08-18,,Active,
SUB-24119,CUST-14119,Starter,Monthly,745.36,11,2025-08-18,,Active,
SUB-24120,CUST-14120,Scale,Annual,2466.83,59,2025-08-18,2025-10-25,Churned,Support / SLA Frustration
SUB-24121,CUST-14121,Growth,Annual,515.09,20,2025-08-19,,Active,
SUB-24122,CUST-14122,Starter,Annual,274.23,18,2025-08-19,2025-10-21,Churned,Price / Budget Cuts
SUB-24123,CUST-14123,Growth,Monthly,473.06,9,2025-08-19,2025-12-31,Churned,Switched Tool
SUB-24124,CUST-14124,Starter,Monthly,532.98,24,2025-08-19,,Active,
SUB-24125,CUST-14125,Growth,Annual,483.94,6,2025-08-19,,Active,
SUB-24126,CUST-14126,Starter,Annual,331.39,18,2025-08-19,,Active,
SUB-24127,CUST-14127,Starter,Monthly,254.03,12,2025-08-19,2025-12-31,Churned,Switched Tool
SUB-24128,CUST-14128,Growth,Annual,3780.2,54,2025-08-19,,Active,
SUB-24129,CUST-14129,Enterprise Plus,Annual,7255.24,147,2025-08-19,,Active,
SUB-24130,CUST-14130,Scale,Annual,3696.74,56,2025-08-19,,Active,
SUB-24131,CUST-14131,Growth,Monthly,1285.45,30,2025-08-19,,Active,
SUB-24132,CUST-14132,Growth,Monthly,446.5,8,2025-08-20,2025-12-31,Churned,Competitor Alternative
SUB-24133,CUST-14133,Starter,Monthly,438.87,20,2025-08-20,2025-12-18,Churned,Price / Budget Cuts
SUB-24134,CUST-14134,Starter,Monthly,192.72,6,2025-08-20,,Active,
SUB-24135,CUST-14135,Scale,Annual,14750.96,156,2025-08-20,,Active,
SUB-24136,CUST-14136,Starter,Monthly,658.83,20,2025-08-20,2025-11-11,Churned,Competitor Alternative
SUB-24137,CUST-14137,Growth,Monthly,3096.36,44,2025-08-21,,Active,
SUB-24138,CUST-14138,Starter,Monthly,262.11,24,2025-08-21,,Active,
SUB-24139,CUST-14139,Growth,Monthly,206.17,19,2025-08-21,2025-12-10,Churned,Price / Budget Cuts
SUB-24140,CUST-14140,Growth,Annual,2006.43,64,2025-08-21,,Active,
SUB-24141,CUST-14141,Scale,Annual,4707.2,456,2025-08-21,,Active,
SUB-24142,CUST-14142,Enterprise Plus,Annual,10798.42,201,2025-08-21,,Active,
SUB-24143,CUST-14143,Growth,Monthly,219.88,14,2025-08-21,,Active,
SUB-24144,CUST-14144,Starter,Monthly,375.63,24,2025-08-21,2025-12-26,Churned,Low Adoption & License Waste
SUB-24145,CUST-14145,Starter,Monthly,719.44,14,2025-08-21,,Active,
SUB-24146,CUST-14146,Enterprise Plus,Annual,17365.91,175,2025-08-22,,Active,
SUB-24147,CUST-14147,Scale,Annual,2188.66,48,2025-08-22,,Active,
SUB-24148,CUST-14148,Starter,Monthly,728.15,11,2025-08-22,2025-12-31,Churned,Low Adoption & License Waste
SUB-24149,CUST-14149,Starter,Annual,639.36,15,2025-08-22,,Active,
SUB-24150,CUST-14150,Enterprise Plus,Annual,7138.55,238,2025-08-22,,Active,
SUB-24151,CUST-14151,Enterprise Plus,Annual,15007.69,129,2025-08-22,,Active,
SUB-24152,CUST-14152,Starter,Monthly,187.98,6,2025-08-22,2025-12-31,Churned,Support / SLA Frustration
SUB-24153,CUST-14153,Scale,Annual,2809.88,65,2025-08-22,,Active,
SUB-24154,CUST-14154,Scale,Monthly,2866.41,44,2025-08-22,,Active,
SUB-24155,CUST-14155,Scale,Monthly,12402.1,415,2025-08-22,2025-12-31,Churned,Support / SLA Frustration
SUB-24156,CUST-14156,Starter,Annual,329.59,8,2025-08-23,,Active,
SUB-24157,CUST-14157,Growth,Monthly,175.7,17,2025-08-23,,Active,
SUB-24158,CUST-14158,Growth,Monthly,442.0,11,2025-08-23,,Active,
SUB-24159,CUST-14159,Growth,Monthly,658.9,20,2025-08-23,2025-12-31,Churned,Support / SLA Frustration
SUB-24160,CUST-14160,Growth,Monthly,591.72,5,2025-08-23,2025-12-31,Churned,Support / SLA Frustration
SUB-24161,CUST-14161,Scale,Annual,7063.83,124,2025-08-23,,Active,
SUB-24162,CUST-14162,Starter,Annual,417.72,22,2025-08-23,2025-12-23,Churned,Support / SLA Frustration
SUB-24163,CUST-14163,Scale,Monthly,1557.28,64,2025-08-24,,Active,
SUB-24164,CUST-14164,Starter,Monthly,470.96,5,2025-08-24,,Active,
SUB-24165,CUST-14165,Growth,Monthly,3141.49,67,2025-08-24,,Active,
SUB-24166,CUST-14166,Growth,Annual,1178.51,96,2025-08-24,,Active,
SUB-24167,CUST-14167,Enterprise Plus,Annual,6747.62,332,2025-08-24,,Active,
SUB-24168,CUST-14168,Growth,Monthly,3091.21,45,2025-08-25,,Active,
SUB-24169,CUST-14169,Scale,Annual,10225.21,356,2025-08-25,,Active,
SUB-24170,CUST-14170,Growth,Annual,2858.4,58,2025-08-25,2025-12-31,Churned,Competitor Alternative
SUB-24171,CUST-14171,Starter,Annual,485.7,19,2025-08-25,,Active,
SUB-24172,CUST-14172,Growth,Monthly,1431.05,50,2025-08-25,,Active,
SUB-24173,CUST-14173,Growth,Monthly,290.43,7,2025-08-26,2025-09-30,Churned,Support / SLA Frustration
SUB-24174,CUST-14174,Starter,Monthly,167.34,7,2025-08-26,,Active,
SUB-24175,CUST-14175,Starter,Monthly,617.57,9,2025-08-26,2025-12-31,Churned,Switched Tool
SUB-24176,CUST-14176,Starter,Annual,412.64,8,2025-08-26,,Active,
SUB-24177,CUST-14177,Starter,Monthly,599.65,19,2025-08-26,2025-11-02,Churned,Support / SLA Frustration
SUB-24178,CUST-14178,Growth,Annual,1714.01,62,2025-08-26,,Active,
SUB-24179,CUST-14179,Scale,Monthly,2748.67,51,2025-08-27,,Active,
SUB-24180,CUST-14180,Scale,Annual,2713.87,43,2025-08-27,,Active,
SUB-24181,CUST-14181,Starter,Annual,384.69,17,2025-08-27,2025-12-31,Churned,Support / SLA Frustration
SUB-24182,CUST-14182,Growth,Monthly,745.24,6,2025-08-28,2025-10-24,Churned,Support / SLA Frustration
SUB-24183,CUST-14183,Growth,Annual,3233.15,44,2025-08-28,2025-12-24,Churned,Support / SLA Frustration
SUB-24184,CUST-14184,Scale,Annual,17783.03,459,2025-08-28,,Active,
SUB-24185,CUST-14185,Starter,Monthly,140.64,11,2025-08-29,,Active,
SUB-24186,CUST-14186,Enterprise Plus,Annual,7178.28,444,2025-08-29,,Active,
SUB-24187,CUST-14187,Starter,Monthly,204.84,12,2025-08-29,,Active,
SUB-24188,CUST-14188,Starter,Monthly,280.84,12,2025-08-29,,Active,
SUB-24189,CUST-14189,Starter,Monthly,269.75,6,2025-08-29,,Active,
SUB-24190,CUST-14190,Starter,Monthly,231.89,7,2025-08-29,,Active,
SUB-24191,CUST-14191,Growth,Annual,182.57,9,2025-08-29,,Active,
SUB-24192,CUST-14192,Scale,Annual,3266.44,91,2025-08-29,,Active,
SUB-24193,CUST-14193,Starter,Monthly,546.75,19,2025-08-29,2025-12-31,Churned,Support / SLA Frustration
SUB-24194,CUST-14194,Growth,Monthly,289.09,18,2025-08-29,,Active,
SUB-24195,CUST-14195,Growth,Annual,2677.37,37,2025-08-30,,Active,
SUB-24196,CUST-14196,Scale,Annual,10177.95,455,2025-08-30,,Active,
SUB-24197,CUST-14197,Growth,Monthly,1405.02,32,2025-08-30,2025-12-31,Churned,Internal Restructuring
SUB-24198,CUST-14198,Growth,Annual,2489.5,91,2025-08-30,,Active,
SUB-24199,CUST-14199,Starter,Monthly,122.91,5,2025-08-30,,Active,
SUB-24200,CUST-14200,Starter,Monthly,426.3,8,2025-08-30,2025-12-31,Churned,Low Adoption & License Waste
SUB-24201,CUST-14201,Growth,Annual,1157.52,73,2025-08-30,2025-12-16,Churned,Internal Restructuring
SUB-24202,CUST-14202,Enterprise Plus,Annual,13781.1,179,2025-08-30,,Active,
SUB-24203,CUST-14203,Growth,Monthly,398.38,9,2025-08-31,,Active,
SUB-24204,CUST-14204,Enterprise Plus,Annual,4516.73,360,2025-08-31,,Active,
SUB-24205,CUST-14205,Growth,Annual,2995.1,74,2025-08-31,,Active,
SUB-24206,CUST-14206,Starter,Monthly,706.26,6,2025-08-31,,Active,
SUB-24207,CUST-14207,Starter,Monthly,540.67,9,2025-08-31,2025-12-31,Churned,Low Adoption & License Waste
SUB-24208,CUST-14208,Scale,Annual,17409.3,407,2025-08-31,2025-10-16,Churned,Support / SLA Frustration
SUB-24209,CUST-14209,Enterprise Plus,Annual,17042.83,376,2025-08-31,,Active,
SUB-24210,CUST-14210,Enterprise Plus,Annual,15510.13,178,2025-09-01,,Active,
SUB-24211,CUST-14211,Starter,Monthly,320.5,5,2025-09-01,,Active,
SUB-24212,CUST-14212,Growth,Monthly,688.14,24,2025-09-01,,Active,
SUB-24213,CUST-14213,Growth,Annual,1433.26,63,2025-09-01,,Active,
SUB-24214,CUST-14214,Starter,Monthly,363.97,8,2025-09-01,2025-12-31,Churned,Low Adoption & License Waste
SUB-24215,CUST-14215,Starter,Annual,664.98,5,2025-09-02,2025-12-31,Churned,Switched Tool
SUB-24216,CUST-14216,Enterprise Plus,Annual,14962.24,225,2025-09-02,,Active,
SUB-24217,CUST-14217,Growth,Annual,3557.2,93,2025-09-02,,Active,
SUB-24218,CUST-14218,Starter,Monthly,139.08,7,2025-09-02,,Active,
SUB-24219,CUST-14219,Growth,Annual,3214.96,94,2025-09-03,,Active,
SUB-24220,CUST-14220,Growth,Annual,2174.7,67,2025-09-03,,Active,
SUB-24221,CUST-14221,Growth,Monthly,521.42,10,2025-09-03,,Active,
SUB-24222,CUST-14222,Growth,Annual,728.06,5,2025-09-03,,Active,
SUB-24223,CUST-14223,Starter,Annual,376.79,17,2025-09-03,,Active,
SUB-24224,CUST-14224,Starter,Monthly,493.8,10,2025-09-03,2025-12-31,Churned,Switched Tool
SUB-24225,CUST-14225,Growth,Monthly,220.83,21,2025-09-03,,Active,
SUB-24226,CUST-14226,Scale,Monthly,1717.24,70,2025-09-03,2025-12-29,Churned,Support / SLA Frustration
SUB-24227,CUST-14227,Starter,Monthly,463.22,23,2025-09-04,,Active,
SUB-24228,CUST-14228,Scale,Annual,3002.82,47,2025-09-04,2025-12-31,Churned,Support / SLA Frustration
SUB-24229,CUST-14229,Growth,Annual,934.79,97,2025-09-04,,Active,
SUB-24230,CUST-14230,Starter,Monthly,282.45,19,2025-09-04,,Active,
SUB-24231,CUST-14231,Starter,Monthly,731.52,14,2025-09-04,,Active,
SUB-24232,CUST-14232,Scale,Annual,1774.22,91,2025-09-04,,Active,
SUB-24233,CUST-14233,Growth,Monthly,687.1,14,2025-09-04,2025-12-31,Churned,Low Adoption & License Waste
SUB-24234,CUST-14234,Enterprise Plus,Annual,12870.54,227,2025-09-04,,Active,
SUB-24235,CUST-14235,Growth,Monthly,1222.8,32,2025-09-04,2025-12-31,Churned,Low Adoption & License Waste
SUB-24236,CUST-14236,Scale,Annual,9876.09,137,2025-09-04,,Active,
SUB-24237,CUST-14237,Starter,Monthly,593.15,24,2025-09-04,,Active,
SUB-24238,CUST-14238,Starter,Annual,175.77,20,2025-09-04,2025-12-31,Churned,Support / SLA Frustration
SUB-24239,CUST-14239,Scale,Annual,1634.74,81,2025-09-05,,Active,
SUB-24240,CUST-14240,Starter,Monthly,252.31,17,2025-09-05,,Active,
SUB-24241,CUST-14241,Scale,Monthly,3036.48,68,2025-09-05,2025-12-31,Churned,Competitor Alternative
SUB-24242,CUST-14242,Starter,Monthly,262.95,22,2025-09-05,2025-12-31,Churned,Support / SLA Frustration
SUB-24243,CUST-14243,Growth,Monthly,3771.32,98,2025-09-05,,Active,
SUB-24244,CUST-14244,Growth,Annual,2048.83,95,2025-09-05,,Active,
SUB-24245,CUST-14245,Starter,Monthly,173.12,16,2025-09-05,,Active,
SUB-24246,CUST-14246,Growth,Annual,3650.96,71,2025-09-05,,Active,
SUB-24247,CUST-14247,Scale,Annual,14236.6,219,2025-09-05,,Active,
SUB-24248,CUST-14248,Growth,Annual,286.64,7,2025-09-05,,Active,
SUB-24249,CUST-14249,Starter,Monthly,749.48,6,2025-09-05,,Active,
SUB-24250,CUST-14250,Growth,Annual,2695.48,80,2025-09-05,,Active,
SUB-24251,CUST-14251,Enterprise Plus,Annual,13299.98,352,2025-09-06,,Active,
SUB-24252,CUST-14252,Growth,Annual,3212.59,50,2025-09-06,2025-12-31,Churned,Support / SLA Frustration
SUB-24253,CUST-14253,Starter,Monthly,396.98,9,2025-09-06,,Active,
SUB-24254,CUST-14254,Scale,Monthly,2626.83,58,2025-09-06,2025-12-31,Churned,Low Adoption & License Waste
SUB-24255,CUST-14255,Growth,Monthly,351.25,17,2025-09-06,,Active,
SUB-24256,CUST-14256,Growth,Annual,350.75,7,2025-09-06,2025-12-31,Churned,Support / SLA Frustration
SUB-24257,CUST-14257,Scale,Annual,1388.96,60,2025-09-07,2025-12-31,Churned,Support / SLA Frustration
SUB-24258,CUST-14258,Scale,Annual,3128.93,75,2025-09-07,2025-12-31,Churned,Internal Restructuring
SUB-24259,CUST-14259,Scale,Monthly,941.09,94,2025-09-07,2025-11-26,Churned,Support / SLA Frustration
SUB-24260,CUST-14260,Enterprise Plus,Monthly,15213.44,451,2025-09-07,,Active,
SUB-24261,CUST-14261,Starter,Monthly,318.59,7,2025-09-07,2025-12-31,Churned,Price / Budget Cuts
SUB-24262,CUST-14262,Scale,Annual,1052.28,83,2025-09-07,,Active,
SUB-24263,CUST-14263,Scale,Monthly,3293.52,69,2025-09-08,,Active,
SUB-24264,CUST-14264,Growth,Monthly,742.64,7,2025-09-08,2025-12-31,Churned,Switched Tool
SUB-24265,CUST-14265,Scale,Monthly,2583.87,79,2025-09-08,,Active,
SUB-24266,CUST-14266,Growth,Monthly,230.49,8,2025-09-08,,Active,
SUB-24267,CUST-14267,Scale,Annual,8062.41,388,2025-09-08,,Active,
SUB-24268,CUST-14268,Starter,Monthly,426.52,16,2025-09-08,2025-12-31,Churned,Support / SLA Frustration
SUB-24269,CUST-14269,Starter,Monthly,597.62,11,2025-09-09,2025-12-31,Churned,Switched Tool
SUB-24270,CUST-14270,Starter,Annual,632.72,19,2025-09-09,,Active,
SUB-24271,CUST-14271,Starter,Annual,228.27,6,2025-09-09,,Active,
SUB-24272,CUST-14272,Growth,Annual,1191.54,66,2025-09-09,,Active,
SUB-24273,CUST-14273,Growth,Annual,2622.79,74,2025-09-09,,Active,
SUB-24274,CUST-14274,Starter,Monthly,630.07,23,2025-09-09,,Active,
SUB-24275,CUST-14275,Starter,Annual,686.47,23,2025-09-09,2025-12-31,Churned,Switched Tool
SUB-24276,CUST-14276,Growth,Annual,3267.57,47,2025-09-10,,Active,
SUB-24277,CUST-14277,Scale,Annual,3397.35,30,2025-09-10,2025-12-31,Churned,Competitor Alternative
SUB-24278,CUST-14278,Scale,Monthly,7621.15,153,2025-09-10,,Active,
SUB-24279,CUST-14279,Scale,Annual,1182.62,49,2025-09-10,2025-12-31,Churned,Support / SLA Frustration
SUB-24280,CUST-14280,Scale,Monthly,3455.59,65,2025-09-11,,Active,
SUB-24281,CUST-14281,Starter,Monthly,653.55,19,2025-09-11,,Active,
SUB-24282,CUST-14282,Scale,Monthly,1770.15,64,2025-09-11,,Active,
SUB-24283,CUST-14283,Enterprise Plus,Annual,5220.18,447,2025-09-11,,Active,
SUB-24284,CUST-14284,Starter,Monthly,469.6,20,2025-09-12,,Active,
SUB-24285,CUST-14285,Starter,Monthly,415.77,22,2025-09-12,,Active,
SUB-24286,CUST-14286,Starter,Monthly,342.55,24,2025-09-12,,Active,
SUB-24287,CUST-14287,Growth,Monthly,342.84,12,2025-09-12,,Active,
SUB-24288,CUST-14288,Scale,Monthly,2064.6,72,2025-09-12,2025-12-31,Churned,Support / SLA Frustration
SUB-24289,CUST-14289,Growth,Annual,176.61,6,2025-09-12,,Active,
SUB-24290,CUST-14290,Starter,Monthly,626.3,12,2025-09-12,2025-12-31,Churned,Low Adoption & License Waste
SUB-24291,CUST-14291,Scale,Annual,17954.49,239,2025-09-12,,Active,
SUB-24292,CUST-14292,Growth,Annual,229.05,19,2025-09-13,,Active,
SUB-24293,CUST-14293,Starter,Monthly,664.04,10,2025-09-13,,Active,
SUB-24294,CUST-14294,Scale,Monthly,3398.45,57,2025-09-13,2025-11-11,Churned,Support / SLA Frustration
SUB-24295,CUST-14295,Growth,Monthly,3680.75,26,2025-09-14,2025-10-20,Churned,Low Adoption & License Waste
SUB-24296,CUST-14296,Scale,Annual,14838.82,229,2025-09-14,,Active,
SUB-24297,CUST-14297,Growth,Monthly,1034.58,37,2025-09-15,,Active,
SUB-24298,CUST-14298,Growth,Annual,1906.78,33,2025-09-15,,Active,
SUB-24299,CUST-14299,Starter,Monthly,380.72,16,2025-09-15,,Active,
SUB-24300,CUST-14300,Scale,Annual,16379.41,232,2025-09-15,,Active,
SUB-24301,CUST-14301,Starter,Monthly,565.9,20,2025-09-15,,Active,
SUB-24302,CUST-14302,Starter,Annual,723.54,23,2025-09-15,,Active,
SUB-24303,CUST-14303,Starter,Monthly,377.92,18,2025-09-15,,Active,
SUB-24304,CUST-14304,Starter,Monthly,199.77,15,2025-09-15,,Active,
SUB-24305,CUST-14305,Scale,Annual,13517.59,450,2025-09-15,2025-12-31,Churned,Support / SLA Frustration
SUB-24306,CUST-14306,Growth,Monthly,2031.11,88,2025-09-15,,Active,
SUB-24307,CUST-14307,Starter,Monthly,537.58,15,2025-09-16,,Active,
SUB-24308,CUST-14308,Starter,Monthly,624.57,12,2025-09-16,,Active,
SUB-24309,CUST-14309,Starter,Monthly,743.66,10,2025-09-16,,Active,
SUB-24310,CUST-14310,Scale,Annual,3661.4,80,2025-09-16,,Active,
SUB-24311,CUST-14311,Starter,Monthly,525.36,16,2025-09-17,,Active,
SUB-24312,CUST-14312,Enterprise Plus,Annual,11794.93,471,2025-09-17,,Active,
SUB-24313,CUST-14313,Starter,Monthly,649.79,23,2025-09-17,2025-12-31,Churned,Support / SLA Frustration
SUB-24314,CUST-14314,Starter,Monthly,415.09,14,2025-09-17,2025-12-31,Churned,Support / SLA Frustration
SUB-24315,CUST-14315,Growth,Monthly,1823.46,59,2025-09-17,2025-12-31,Churned,Competitor Alternative
SUB-24316,CUST-14316,Starter,Monthly,536.06,7,2025-09-17,2025-12-31,Churned,Support / SLA Frustration
SUB-24317,CUST-14317,Scale,Annual,5090.94,150,2025-09-17,,Active,
SUB-24318,CUST-14318,Scale,Monthly,1908.55,51,2025-09-17,,Active,
SUB-24319,CUST-14319,Growth,Annual,485.59,16,2025-09-18,2025-12-31,Churned,Support / SLA Frustration
SUB-24320,CUST-14320,Growth,Monthly,344.17,13,2025-09-18,2025-12-20,Churned,Low Adoption & License Waste
SUB-24321,CUST-14321,Starter,Monthly,681.2,18,2025-09-18,2025-12-31,Churned,Support / SLA Frustration
SUB-24322,CUST-14322,Growth,Annual,357.59,5,2025-09-18,,Active,
SUB-24323,CUST-14323,Growth,Monthly,3468.13,72,2025-09-18,2025-12-31,Churned,Support / SLA Frustration
SUB-24324,CUST-14324,Starter,Annual,538.86,14,2025-09-18,,Active,
SUB-24325,CUST-14325,Starter,Monthly,486.34,13,2025-09-18,,Active,
SUB-24326,CUST-14326,Enterprise Plus,Annual,9843.64,249,2025-09-19,,Active,
SUB-24327,CUST-14327,Growth,Monthly,692.58,17,2025-09-19,,Active,
SUB-24328,CUST-14328,Enterprise Plus,Annual,11209.47,177,2025-09-19,,Active,
SUB-24329,CUST-14329,Growth,Annual,232.24,20,2025-09-19,,Active,
SUB-24330,CUST-14330,Scale,Monthly,1750.64,89,2025-09-19,2025-12-31,Churned,Competitor Alternative
SUB-24331,CUST-14331,Enterprise Plus,Annual,14066.17,331,2025-09-19,,Active,
SUB-24332,CUST-14332,Growth,Monthly,2902.34,48,2025-09-19,,Active,
SUB-24333,CUST-14333,Growth,Monthly,472.43,12,2025-09-19,,Active,
SUB-24334,CUST-14334,Growth,Annual,3129.61,45,2025-09-19,,Active,
SUB-24335,CUST-14335,Scale,Monthly,7344.21,362,2025-09-20,2025-12-31,Churned,Support / SLA Frustration
SUB-24336,CUST-14336,Growth,Monthly,623.39,24,2025-09-20,,Active,
SUB-24337,CUST-14337,Growth,Monthly,349.13,14,2025-09-21,,Active,
SUB-24338,CUST-14338,Scale,Monthly,3352.98,69,2025-09-21,,Active,
SUB-24339,CUST-14339,Growth,Annual,909.75,82,2025-09-21,,Active,
SUB-24340,CUST-14340,Growth,Annual,3346.1,28,2025-09-21,,Active,
SUB-24341,CUST-14341,Enterprise Plus,Annual,17178.78,281,2025-09-21,,Active,
SUB-24342,CUST-14342,Starter,Monthly,684.39,13,2025-09-21,2025-12-31,Churned,Competitor Alternative
SUB-24343,CUST-14343,Starter,Monthly,271.64,21,2025-09-21,2025-12-31,Churned,Price / Budget Cuts
SUB-24344,CUST-14344,Starter,Monthly,297.51,13,2025-09-21,2025-12-31,Churned,Low Adoption & License Waste
SUB-24345,CUST-14345,Growth,Annual,2191.35,72,2025-09-22,,Active,
SUB-24346,CUST-14346,Starter,Monthly,304.61,23,2025-09-22,,Active,
SUB-24347,CUST-14347,Starter,Annual,469.34,19,2025-09-22,,Active,
SUB-24348,CUST-14348,Starter,Monthly,639.74,15,2025-09-22,2025-12-31,Churned,Low Adoption & License Waste
SUB-24349,CUST-14349,Starter,Monthly,176.41,17,2025-09-22,,Active,
SUB-24350,CUST-14350,Starter,Annual,254.66,17,2025-09-22,,Active,
SUB-24351,CUST-14351,Starter,Monthly,722.82,20,2025-09-22,,Active,
SUB-24352,CUST-14352,Growth,Annual,2248.69,54,2025-09-22,,Active,
SUB-24353,CUST-14353,Growth,Monthly,378.67,7,2025-09-23,,Active,
SUB-24354,CUST-14354,Growth,Monthly,442.1,12,2025-09-23,,Active,
SUB-24355,CUST-14355,Starter,Monthly,236.33,21,2025-09-23,,Active,
SUB-24356,CUST-14356,Growth,Monthly,2350.86,42,2025-09-23,,Active,
SUB-24357,CUST-14357,Starter,Monthly,274.03,17,2025-09-23,,Active,
SUB-24358,CUST-14358,Starter,Annual,438.18,16,2025-09-23,,Active,
SUB-24359,CUST-14359,Growth,Annual,2609.99,64,2025-09-24,,Active,
SUB-24360,CUST-14360,Scale,Annual,6414.18,377,2025-09-24,,Active,
SUB-24361,CUST-14361,Starter,Monthly,622.95,11,2025-09-24,2025-12-31,Churned,Competitor Alternative
SUB-24362,CUST-14362,Starter,Annual,588.97,18,2025-09-24,,Active,
SUB-24363,CUST-14363,Growth,Monthly,597.56,21,2025-09-25,2025-12-31,Churned,Support / SLA Frustration
SUB-24364,CUST-14364,Growth,Annual,3638.47,93,2025-09-25,,Active,
SUB-24365,CUST-14365,Starter,Monthly,665.58,11,2025-09-25,2025-12-31,Churned,Competitor Alternative
SUB-24366,CUST-14366,Scale,Annual,5075.39,251,2025-09-25,,Active,
SUB-24367,CUST-14367,Scale,Annual,3600.81,96,2025-09-25,,Active,
SUB-24368,CUST-14368,Scale,Monthly,2439.22,67,2025-09-25,,Active,
SUB-24369,CUST-14369,Scale,Annual,2079.49,71,2025-09-25,,Active,
SUB-24370,CUST-14370,Scale,Monthly,2837.78,80,2025-09-25,,Active,
SUB-24371,CUST-14371,Scale,Annual,1291.31,83,2025-09-25,,Active,
SUB-24372,CUST-14372,Scale,Monthly,15684.19,368,2025-09-25,,Active,
SUB-24373,CUST-14373,Scale,Monthly,1063.66,66,2025-09-26,,Active,
SUB-24374,CUST-14374,Starter,Monthly,409.54,20,2025-09-26,,Active,
SUB-24375,CUST-14375,Growth,Annual,1775.72,65,2025-09-26,2025-12-31,Churned,Low Adoption & License Waste
SUB-24376,CUST-14376,Growth,Annual,3096.05,50,2025-09-26,,Active,
SUB-24377,CUST-14377,Starter,Monthly,522.3,21,2025-09-26,,Active,
SUB-24378,CUST-14378,Enterprise Plus,Annual,10289.5,219,2025-09-26,,Active,
SUB-24379,CUST-14379,Starter,Monthly,441.23,18,2025-09-27,,Active,
SUB-24380,CUST-14380,Scale,Annual,8443.29,419,2025-09-27,,Active,
SUB-24381,CUST-14381,Scale,Annual,5193.29,319,2025-09-27,,Active,
SUB-24382,CUST-14382,Starter,Annual,191.21,11,2025-09-27,,Active,
SUB-24383,CUST-14383,Starter,Monthly,262.18,6,2025-09-27,2025-12-31,Churned,Switched Tool
SUB-24384,CUST-14384,Starter,Monthly,305.74,17,2025-09-27,2025-12-31,Churned,Support / SLA Frustration
SUB-24385,CUST-14385,Growth,Monthly,450.97,7,2025-09-27,2025-12-31,Churned,Support / SLA Frustration
SUB-24386,CUST-14386,Starter,Monthly,308.83,10,2025-09-27,2025-12-31,Churned,Switched Tool
SUB-24387,CUST-14387,Enterprise Plus,Annual,12401.52,379,2025-09-27,,Active,
SUB-24388,CUST-14388,Enterprise Plus,Annual,5407.05,265,2025-09-27,,Active,
SUB-24389,CUST-14389,Scale,Annual,10070.09,346,2025-09-27,,Active,
SUB-24390,CUST-14390,Growth,Annual,2753.6,68,2025-09-27,2025-12-31,Churned,Support / SLA Frustration
SUB-24391,CUST-14391,Growth,Monthly,728.33,16,2025-09-27,,Active,
SUB-24392,CUST-14392,Starter,Monthly,649.2,19,2025-09-27,2025-12-31,Churned,Support / SLA Frustration
SUB-24393,CUST-14393,Enterprise Plus,Annual,16342.41,410,2025-09-28,,Active,
SUB-24394,CUST-14394,Growth,Annual,318.33,13,2025-09-28,2025-12-31,Churned,Low Adoption & License Waste
SUB-24395,CUST-14395,Growth,Monthly,299.48,18,2025-09-28,,Active,
SUB-24396,CUST-14396,Growth,Annual,2311.34,82,2025-09-28,,Active,
SUB-24397,CUST-14397,Enterprise Plus,Annual,11624.48,358,2025-09-28,,Active,
SUB-24398,CUST-14398,Growth,Monthly,3439.75,47,2025-09-28,,Active,
SUB-24399,CUST-14399,Enterprise Plus,Annual,11445.8,373,2025-09-29,2025-12-31,Churned,Support / SLA Frustration
SUB-24400,CUST-14400,Scale,Monthly,12515.57,495,2025-09-29,,Active,
SUB-24401,CUST-14401,Starter,Monthly,618.94,7,2025-09-29,,Active,
SUB-24402,CUST-14402,Growth,Monthly,2403.52,55,2025-09-29,,Active,
SUB-24403,CUST-14403,Scale,Annual,2272.06,73,2025-09-29,,Active,
SUB-24404,CUST-14404,Starter,Monthly,474.89,19,2025-09-29,2025-12-31,Churned,Competitor Alternative
SUB-24405,CUST-14405,Starter,Monthly,281.33,21,2025-09-30,2025-12-31,Churned,Support / SLA Frustration
SUB-24406,CUST-14406,Starter,Monthly,134.67,12,2025-09-30,,Active,
SUB-24407,CUST-14407,Scale,Annual,7783.27,394,2025-09-30,,Active,
SUB-24408,CUST-14408,Scale,Annual,1365.97,90,2025-09-30,2025-12-31,Churned,Support / SLA Frustration
SUB-24409,CUST-14409,Starter,Monthly,259.21,13,2025-09-30,,Active,
SUB-24410,CUST-14410,Scale,Annual,11234.83,415,2025-10-01,2025-12-31,Churned,Support / SLA Frustration
SUB-24411,CUST-14411,Enterprise Plus,Annual,8003.56,473,2025-10-01,,Active,
SUB-24412,CUST-14412,Starter,Annual,291.84,6,2025-10-01,,Active,
SUB-24413,CUST-14413,Starter,Monthly,332.39,24,2025-10-01,,Active,
SUB-24414,CUST-14414,Growth,Monthly,1816.32,41,2025-10-01,,Active,
SUB-24415,CUST-14415,Scale,Monthly,2728.8,77,2025-10-02,,Active,
SUB-24416,CUST-14416,Scale,Monthly,1195.51,29,2025-10-02,2025-12-31,Churned,Competitor Alternative
SUB-24417,CUST-14417,Enterprise Plus,Annual,14600.35,143,2025-10-02,,Active,
SUB-24418,CUST-14418,Scale,Monthly,2783.71,27,2025-10-02,,Active,
SUB-24419,CUST-14419,Scale,Monthly,2533.75,95,2025-10-02,2025-11-10,Churned,Competitor Alternative
SUB-24420,CUST-14420,Enterprise Plus,Annual,17069.83,394,2025-10-02,,Active,
SUB-24421,CUST-14421,Starter,Annual,380.18,16,2025-10-02,2025-12-18,Churned,Support / SLA Frustration
SUB-24422,CUST-14422,Growth,Annual,647.12,21,2025-10-02,,Active,
SUB-24423,CUST-14423,Starter,Monthly,632.18,9,2025-10-02,,Active,
SUB-24424,CUST-14424,Scale,Monthly,1299.06,98,2025-10-02,,Active,
SUB-24425,CUST-14425,Growth,Annual,3144.29,84,2025-10-02,,Active,
SUB-24426,CUST-14426,Scale,Annual,2787.8,77,2025-10-02,2025-11-24,Churned,Competitor Alternative
SUB-24427,CUST-14427,Enterprise Plus,Annual,15925.97,225,2025-10-02,,Active,
SUB-24428,CUST-14428,Growth,Annual,2893.57,39,2025-10-02,,Active,
SUB-24429,CUST-14429,Starter,Annual,134.83,14,2025-10-02,,Active,
SUB-24430,CUST-14430,Starter,Monthly,251.55,23,2025-10-02,2025-12-31,Churned,Price / Budget Cuts
SUB-24431,CUST-14431,Starter,Monthly,584.25,8,2025-10-03,,Active,
SUB-24432,CUST-14432,Growth,Monthly,2766.72,34,2025-10-03,,Active,
SUB-24433,CUST-14433,Starter,Monthly,625.43,23,2025-10-03,,Active,
SUB-24434,CUST-14434,Scale,Annual,8528.91,498,2025-10-03,,Active,
SUB-24435,CUST-14435,Growth,Monthly,2135.5,79,2025-10-03,,Active,
SUB-24436,CUST-14436,Growth,Monthly,2219.92,85,2025-10-04,2025-12-31,Churned,Support / SLA Frustration
SUB-24437,CUST-14437,Starter,Monthly,375.25,5,2025-10-04,,Active,
SUB-24438,CUST-14438,Starter,Monthly,215.61,8,2025-10-04,,Active,
SUB-24439,CUST-14439,Growth,Annual,2178.15,59,2025-10-04,,Active,
SUB-24440,CUST-14440,Starter,Annual,654.34,8,2025-10-04,2025-11-23,Churned,Price / Budget Cuts
SUB-24441,CUST-14441,Starter,Monthly,729.99,6,2025-10-04,2025-12-31,Churned,Competitor Alternative
SUB-24442,CUST-14442,Scale,Annual,915.52,44,2025-10-04,,Active,
SUB-24443,CUST-14443,Growth,Annual,1951.1,93,2025-10-04,,Active,
SUB-24444,CUST-14444,Growth,Annual,3107.28,84,2025-10-05,,Active,
SUB-24445,CUST-14445,Starter,Monthly,424.02,7,2025-10-05,2025-12-31,Churned,Low Adoption & License Waste
SUB-24446,CUST-14446,Growth,Annual,1944.69,44,2025-10-05,2025-12-31,Churned,Support / SLA Frustration
SUB-24447,CUST-14447,Starter,Monthly,581.37,17,2025-10-05,,Active,
SUB-24448,CUST-14448,Scale,Monthly,3434.09,89,2025-10-05,,Active,
SUB-24449,CUST-14449,Starter,Monthly,436.46,12,2025-10-06,,Active,
SUB-24450,CUST-14450,Growth,Annual,3728.74,51,2025-10-06,,Active,
SUB-24451,CUST-14451,Starter,Annual,573.23,13,2025-10-06,,Active,
SUB-24452,CUST-14452,Starter,Monthly,609.78,19,2025-10-06,,Active,
SUB-24453,CUST-14453,Growth,Monthly,572.68,9,2025-10-06,,Active,
SUB-24454,CUST-14454,Starter,Annual,199.57,13,2025-10-06,,Active,
SUB-24455,CUST-14455,Scale,Annual,11557.69,348,2025-10-06,,Active,
SUB-24456,CUST-14456,Starter,Annual,506.37,18,2025-10-06,2025-12-19,Churned,Support / SLA Frustration
SUB-24457,CUST-14457,Scale,Annual,15097.25,127,2025-10-06,,Active,
SUB-24458,CUST-14458,Growth,Annual,3549.63,38,2025-10-07,,Active,
SUB-24459,CUST-14459,Starter,Monthly,328.31,15,2025-10-07,,Active,
SUB-24460,CUST-14460,Growth,Monthly,3292.35,72,2025-10-07,,Active,
SUB-24461,CUST-14461,Starter,Annual,463.33,10,2025-10-07,,Active,
SUB-24462,CUST-14462,Starter,Monthly,648.35,10,2025-10-07,2025-12-31,Churned,Support / SLA Frustration
SUB-24463,CUST-14463,Enterprise Plus,Annual,11125.44,432,2025-10-07,,Active,
SUB-24464,CUST-14464,Starter,Monthly,714.08,11,2025-10-07,,Active,
SUB-24465,CUST-14465,Growth,Annual,2760.33,66,2025-10-07,,Active,
SUB-24466,CUST-14466,Scale,Annual,15695.34,462,2025-10-07,,Active,
SUB-24467,CUST-14467,Growth,Annual,3440.8,54,2025-10-07,,Active,
SUB-24468,CUST-14468,Starter,Monthly,354.46,6,2025-10-07,,Active,
SUB-24469,CUST-14469,Starter,Monthly,423.16,21,2025-10-07,,Active,
SUB-24470,CUST-14470,Starter,Monthly,411.12,9,2025-10-07,,Active,
SUB-24471,CUST-14471,Starter,Annual,321.07,5,2025-10-07,,Active,
SUB-24472,CUST-14472,Growth,Monthly,1580.39,33,2025-10-08,,Active,
SUB-24473,CUST-14473,Scale,Monthly,1074.08,29,2025-10-08,,Active,
SUB-24474,CUST-14474,Starter,Monthly,163.08,9,2025-10-08,,Active,
SUB-24475,CUST-14475,Scale,Monthly,2176.94,43,2025-10-08,,Active,
SUB-24476,CUST-14476,Growth,Annual,3574.86,28,2025-10-08,,Active,
SUB-24477,CUST-14477,Scale,Annual,2085.43,28,2025-10-08,,Active,
SUB-24478,CUST-14478,Starter,Monthly,540.03,15,2025-10-08,,Active,
SUB-24479,CUST-14479,Starter,Monthly,135.76,15,2025-10-08,,Active,
SUB-24480,CUST-14480,Growth,Annual,3194.26,35,2025-10-08,2025-12-31,Churned,Support / SLA Frustration
SUB-24481,CUST-14481,Scale,Monthly,2103.22,25,2025-10-08,2025-12-31,Churned,Support / SLA Frustration
SUB-24482,CUST-14482,Growth,Monthly,230.08,23,2025-10-09,,Active,
SUB-24483,CUST-14483,Growth,Monthly,622.76,13,2025-10-09,2025-12-31,Churned,Support / SLA Frustration
SUB-24484,CUST-14484,Growth,Annual,1362.46,80,2025-10-09,2025-12-31,Churned,Support / SLA Frustration
SUB-24485,CUST-14485,Starter,Monthly,664.75,9,2025-10-09,2025-11-15,Churned,Price / Budget Cuts
SUB-24486,CUST-14486,Enterprise Plus,Annual,7832.75,438,2025-10-09,,Active,
SUB-24487,CUST-14487,Growth,Monthly,1555.75,28,2025-10-09,,Active,
SUB-24488,CUST-14488,Starter,Annual,415.22,16,2025-10-10,2025-12-31,Churned,Support / SLA Frustration
SUB-24489,CUST-14489,Starter,Annual,425.88,20,2025-10-10,,Active,
SUB-24490,CUST-14490,Scale,Annual,3473.87,93,2025-10-10,,Active,
SUB-24491,CUST-14491,Starter,Monthly,430.17,23,2025-10-10,,Active,
SUB-24492,CUST-14492,Starter,Monthly,245.59,11,2025-10-10,,Active,
SUB-24493,CUST-14493,Growth,Monthly,581.28,22,2025-10-10,2025-12-31,Churned,Price / Budget Cuts
SUB-24494,CUST-14494,Growth,Monthly,409.12,14,2025-10-10,2025-12-31,Churned,Competitor Alternative
SUB-24495,CUST-14495,Starter,Monthly,376.2,7,2025-10-10,2025-11-24,Churned,Low Adoption & License Waste
SUB-24496,CUST-14496,Growth,Monthly,971.74,32,2025-10-11,,Active,
SUB-24497,CUST-14497,Enterprise Plus,Annual,9978.96,146,2025-10-11,,Active,
SUB-24498,CUST-14498,Growth,Monthly,3101.42,32,2025-10-11,2025-12-31,Churned,Low Adoption & License Waste
SUB-24499,CUST-14499,Scale,Monthly,2968.75,60,2025-10-11,,Active,
SUB-24500,CUST-14500,Starter,Monthly,353.96,9,2025-10-11,2025-12-31,Churned,Low Adoption & License Waste
SUB-24501,CUST-14501,Starter,Monthly,419.75,10,2025-10-11,,Active,
SUB-24502,CUST-14502,Scale,Monthly,2156.43,53,2025-10-11,2025-12-31,Churned,Competitor Alternative
SUB-24503,CUST-14503,Enterprise Plus,Annual,13832.86,412,2025-10-11,,Active,
SUB-24504,CUST-14504,Growth,Annual,983.57,72,2025-10-11,2025-12-31,Churned,Competitor Alternative
SUB-24505,CUST-14505,Growth,Annual,2020.43,38,2025-10-11,2025-12-31,Churned,Support / SLA Frustration
SUB-24506,CUST-14506,Starter,Monthly,513.21,10,2025-10-12,,Active,
SUB-24507,CUST-14507,Scale,Annual,13979.6,408,2025-10-12,,Active,
SUB-24508,CUST-14508,Starter,Annual,482.58,22,2025-10-12,,Active,
SUB-24509,CUST-14509,Growth,Monthly,147.34,21,2025-10-12,,Active,
SUB-24510,CUST-14510,Scale,Annual,2107.21,65,2025-10-12,,Active,
SUB-24511,CUST-14511,Growth,Annual,3469.27,90,2025-10-12,2025-12-31,Churned,Support / SLA Frustration
SUB-24512,CUST-14512,Enterprise Plus,Annual,10042.65,366,2025-10-12,,Active,
SUB-24513,CUST-14513,Starter,Annual,573.55,10,2025-10-12,2025-12-31,Churned,Low Adoption & License Waste
SUB-24514,CUST-14514,Starter,Annual,706.76,10,2025-10-12,,Active,
SUB-24515,CUST-14515,Growth,Monthly,2255.8,30,2025-10-12,,Active,
SUB-24516,CUST-14516,Starter,Annual,179.91,22,2025-10-12,,Active,
SUB-24517,CUST-14517,Starter,Monthly,440.62,9,2025-10-12,,Active,
SUB-24518,CUST-14518,Growth,Annual,1906.92,64,2025-10-12,2025-12-07,Churned,Leadership Transition
SUB-24519,CUST-14519,Scale,Annual,5199.46,293,2025-10-12,,Active,
SUB-24520,CUST-14520,Growth,Monthly,670.99,17,2025-10-13,,Active,
SUB-24521,CUST-14521,Growth,Monthly,711.44,17,2025-10-13,,Active,
SUB-24522,CUST-14522,Growth,Monthly,467.25,22,2025-10-13,,Active,
SUB-24523,CUST-14523,Starter,Monthly,400.41,7,2025-10-13,,Active,
SUB-24524,CUST-14524,Starter,Monthly,615.93,19,2025-10-13,2025-11-12,Churned,Low Adoption & License Waste
SUB-24525,CUST-14525,Scale,Annual,1391.88,41,2025-10-14,,Active,
SUB-24526,CUST-14526,Starter,Monthly,631.48,10,2025-10-14,,Active,
SUB-24527,CUST-14527,Starter,Monthly,303.99,14,2025-10-14,,Active,
SUB-24528,CUST-14528,Starter,Monthly,691.76,11,2025-10-14,,Active,
SUB-24529,CUST-14529,Scale,Monthly,1878.86,86,2025-10-14,2025-11-23,Churned,Internal Restructuring
SUB-24530,CUST-14530,Growth,Annual,1099.31,81,2025-10-14,2025-12-31,Churned,Support / SLA Frustration
SUB-24531,CUST-14531,Growth,Annual,1322.9,36,2025-10-14,,Active,
SUB-24532,CUST-14532,Scale,Monthly,2524.01,47,2025-10-14,,Active,
SUB-24533,CUST-14533,Scale,Monthly,3210.26,25,2025-10-15,,Active,
SUB-24534,CUST-14534,Starter,Monthly,333.09,19,2025-10-15,2025-12-31,Churned,Support / SLA Frustration
SUB-24535,CUST-14535,Starter,Annual,608.19,7,2025-10-15,,Active,
SUB-24536,CUST-14536,Scale,Monthly,3678.15,85,2025-10-15,,Active,
SUB-24537,CUST-14537,Starter,Monthly,578.71,5,2025-10-15,,Active,
SUB-24538,CUST-14538,Scale,Annual,4588.22,463,2025-10-16,,Active,
SUB-24539,CUST-14539,Enterprise Plus,Annual,9816.59,440,2025-10-16,,Active,
SUB-24540,CUST-14540,Scale,Annual,3156.09,68,2025-10-16,,Active,
SUB-24541,CUST-14541,Starter,Monthly,260.39,15,2025-10-16,2025-12-31,Churned,Low Adoption & License Waste
SUB-24542,CUST-14542,Growth,Annual,1204.73,35,2025-10-16,2025-12-31,Churned,Support / SLA Frustration
SUB-24543,CUST-14543,Scale,Annual,2553.3,69,2025-10-16,,Active,
SUB-24544,CUST-14544,Scale,Monthly,3758.2,27,2025-10-16,2025-12-31,Churned,Low Adoption & License Waste
SUB-24545,CUST-14545,Growth,Annual,579.51,12,2025-10-16,,Active,
SUB-24546,CUST-14546,Enterprise Plus,Annual,6647.92,389,2025-10-16,,Active,
SUB-24547,CUST-14547,Growth,Annual,700.04,7,2025-10-16,,Active,
SUB-24548,CUST-14548,Growth,Monthly,212.84,13,2025-10-16,,Active,
SUB-24549,CUST-14549,Starter,Monthly,594.48,18,2025-10-17,,Active,
SUB-24550,CUST-14550,Growth,Annual,462.25,13,2025-10-17,2025-12-16,Churned,Support / SLA Frustration
SUB-24551,CUST-14551,Enterprise Plus,Annual,17853.8,291,2025-10-18,,Active,
SUB-24552,CUST-14552,Scale,Annual,3372.33,67,2025-10-18,,Active,
SUB-24553,CUST-14553,Starter,Monthly,349.31,6,2025-10-18,,Active,
SUB-24554,CUST-14554,Scale,Annual,3361.9,70,2025-10-18,,Active,
SUB-24555,CUST-14555,Starter,Monthly,526.66,19,2025-10-18,2025-12-31,Churned,Support / SLA Frustration
SUB-24556,CUST-14556,Growth,Annual,714.81,13,2025-10-18,,Active,
SUB-24557,CUST-14557,Growth,Annual,138.29,16,2025-10-19,,Active,
SUB-24558,CUST-14558,Starter,Monthly,185.81,5,2025-10-19,,Active,
SUB-24559,CUST-14559,Starter,Annual,484.89,15,2025-10-19,,Active,
SUB-24560,CUST-14560,Starter,Annual,267.25,8,2025-10-20,,Active,
SUB-24561,CUST-14561,Scale,Monthly,3153.34,97,2025-10-20,2025-12-19,Churned,Leadership Transition
SUB-24562,CUST-14562,Growth,Monthly,381.41,23,2025-10-20,,Active,
SUB-24563,CUST-14563,Enterprise Plus,Annual,12120.26,496,2025-10-20,,Active,
SUB-24564,CUST-14564,Scale,Annual,3663.57,98,2025-10-20,2025-12-31,Churned,Leadership Transition
SUB-24565,CUST-14565,Starter,Monthly,676.42,5,2025-10-20,2025-12-31,Churned,Switched Tool
SUB-24566,CUST-14566,Scale,Annual,2856.38,93,2025-10-20,2025-12-31,Churned,Support / SLA Frustration
SUB-24567,CUST-14567,Growth,Annual,3572.44,98,2025-10-20,,Active,
SUB-24568,CUST-14568,Scale,Monthly,5617.38,234,2025-10-20,,Active,
SUB-24569,CUST-14569,Growth,Monthly,577.27,5,2025-10-20,,Active,
SUB-24570,CUST-14570,Starter,Monthly,171.32,6,2025-10-20,,Active,
SUB-24571,CUST-14571,Growth,Monthly,341.54,8,2025-10-21,2025-12-31,Churned,Competitor Alternative
SUB-24572,CUST-14572,Scale,Monthly,1044.92,66,2025-10-21,,Active,
SUB-24573,CUST-14573,Starter,Monthly,338.03,19,2025-10-21,,Active,
SUB-24574,CUST-14574,Starter,Monthly,660.54,14,2025-10-21,,Active,
SUB-24575,CUST-14575,Scale,Annual,1406.87,59,2025-10-21,,Active,
SUB-24576,CUST-14576,Growth,Annual,3244.16,67,2025-10-21,,Active,
SUB-24577,CUST-14577,Scale,Annual,1551.67,34,2025-10-22,,Active,
SUB-24578,CUST-14578,Growth,Annual,194.09,6,2025-10-22,,Active,
SUB-24579,CUST-14579,Starter,Monthly,132.52,15,2025-10-22,,Active,
SUB-24580,CUST-14580,Starter,Monthly,642.87,18,2025-10-22,,Active,
SUB-24581,CUST-14581,Growth,Annual,3356.63,50,2025-10-22,,Active,
SUB-24582,CUST-14582,Starter,Monthly,734.63,22,2025-10-23,,Active,
SUB-24583,CUST-14583,Growth,Monthly,563.75,10,2025-10-23,2025-12-31,Churned,Support / SLA Frustration
SUB-24584,CUST-14584,Growth,Monthly,271.67,14,2025-10-23,2025-12-04,Churned,Support / SLA Frustration
SUB-24585,CUST-14585,Starter,Monthly,480.84,9,2025-10-23,,Active,
SUB-24586,CUST-14586,Growth,Monthly,2685.28,56,2025-10-23,,Active,
SUB-24587,CUST-14587,Enterprise Plus,Annual,5512.81,337,2025-10-23,,Active,
SUB-24588,CUST-14588,Starter,Monthly,476.65,6,2025-10-24,2025-12-31,Churned,Support / SLA Frustration
SUB-24589,CUST-14589,Growth,Monthly,165.22,8,2025-10-24,2025-12-03,Churned,Competitor Alternative
SUB-24590,CUST-14590,Starter,Annual,382.56,19,2025-10-24,,Active,
SUB-24591,CUST-14591,Growth,Annual,3593.4,47,2025-10-24,2025-12-31,Churned,Support / SLA Frustration
SUB-24592,CUST-14592,Growth,Annual,232.34,14,2025-10-24,,Active,
SUB-24593,CUST-14593,Growth,Monthly,1047.18,69,2025-10-24,,Active,
SUB-24594,CUST-14594,Scale,Annual,3024.44,60,2025-10-24,,Active,
SUB-24595,CUST-14595,Growth,Monthly,323.43,14,2025-10-25,,Active,
SUB-24596,CUST-14596,Starter,Annual,120.37,24,2025-10-25,,Active,
SUB-24597,CUST-14597,Growth,Annual,925.92,46,2025-10-25,,Active,
SUB-24598,CUST-14598,Growth,Annual,1082.52,27,2025-10-25,,Active,
SUB-24599,CUST-14599,Scale,Monthly,2087.22,87,2025-10-25,,Active,
SUB-24600,CUST-14600,Growth,Monthly,1082.12,87,2025-10-25,,Active,
SUB-24601,CUST-14601,Growth,Monthly,637.07,16,2025-10-25,,Active,
SUB-24602,CUST-14602,Starter,Monthly,396.91,5,2025-10-25,,Active,
SUB-24603,CUST-14603,Growth,Monthly,940.26,71,2025-10-25,,Active,
SUB-24604,CUST-14604,Starter,Annual,391.58,24,2025-10-25,,Active,
SUB-24605,CUST-14605,Growth,Monthly,340.4,7,2025-10-25,,Active,
SUB-24606,CUST-14606,Starter,Monthly,712.38,24,2025-10-26,2025-12-31,Churned,Support / SLA Frustration
SUB-24607,CUST-14607,Scale,Annual,1316.52,69,2025-10-26,,Active,
SUB-24608,CUST-14608,Starter,Monthly,555.74,19,2025-10-26,2025-12-31,Churned,Support / SLA Frustration
SUB-24609,CUST-14609,Scale,Annual,3195.76,26,2025-10-26,,Active,
SUB-24610,CUST-14610,Scale,Annual,1684.51,31,2025-10-26,,Active,
SUB-24611,CUST-14611,Scale,Monthly,10107.77,471,2025-10-26,,Active,
SUB-24612,CUST-14612,Growth,Annual,2517.66,51,2025-10-26,2025-12-31,Churned,Support / SLA Frustration
SUB-24613,CUST-14613,Enterprise Plus,Annual,15456.56,272,2025-10-26,,Active,
SUB-24614,CUST-14614,Growth,Annual,2941.72,74,2025-10-27,2025-12-31,Churned,Support / SLA Frustration
SUB-24615,CUST-14615,Growth,Annual,2680.9,95,2025-10-27,,Active,
SUB-24616,CUST-14616,Starter,Monthly,462.08,15,2025-10-27,2025-12-31,Churned,Switched Tool
SUB-24617,CUST-14617,Growth,Monthly,643.23,15,2025-10-27,2025-12-31,Churned,Switched Tool
SUB-24618,CUST-14618,Growth,Monthly,3577.21,88,2025-10-27,,Active,
SUB-24619,CUST-14619,Starter,Monthly,445.63,16,2025-10-27,,Active,
SUB-24620,CUST-14620,Starter,Annual,598.06,19,2025-10-28,,Active,
SUB-24621,CUST-14621,Growth,Monthly,314.2,22,2025-10-28,2025-12-31,Churned,Price / Budget Cuts
SUB-24622,CUST-14622,Enterprise Plus,Monthly,8173.0,207,2025-10-28,,Active,
SUB-24623,CUST-14623,Growth,Monthly,639.47,19,2025-10-28,,Active,
SUB-24624,CUST-14624,Starter,Monthly,624.69,20,2025-10-28,,Active,
SUB-24625,CUST-14625,Starter,Annual,535.62,14,2025-10-28,,Active,
SUB-24626,CUST-14626,Scale,Monthly,2663.86,99,2025-10-29,,Active,
SUB-24627,CUST-14627,Starter,Monthly,533.33,11,2025-10-29,,Active,
SUB-24628,CUST-14628,Starter,Monthly,484.99,7,2025-10-29,2025-12-31,Churned,Support / SLA Frustration
SUB-24629,CUST-14629,Starter,Annual,470.36,8,2025-10-29,,Active,
SUB-24630,CUST-14630,Enterprise Plus,Annual,5301.57,220,2025-10-29,2025-12-31,Churned,Support / SLA Frustration
SUB-24631,CUST-14631,Scale,Annual,2388.21,93,2025-10-29,,Active,
SUB-24632,CUST-14632,Starter,Monthly,636.45,11,2025-10-29,,Active,
SUB-24633,CUST-14633,Starter,Annual,717.74,23,2025-10-29,,Active,
SUB-24634,CUST-14634,Scale,Annual,6354.47,369,2025-10-30,,Active,
SUB-24635,CUST-14635,Starter,Annual,639.68,11,2025-10-30,,Active,
SUB-24636,CUST-14636,Growth,Monthly,3110.95,76,2025-10-30,,Active,
SUB-24637,CUST-14637,Growth,Monthly,200.68,6,2025-10-30,,Active,
SUB-24638,CUST-14638,Starter,Annual,457.37,5,2025-10-30,,Active,
SUB-24639,CUST-14639,Starter,Annual,352.01,18,2025-10-31,2025-12-31,Churned,Support / SLA Frustration
SUB-24640,CUST-14640,Starter,Monthly,744.17,19,2025-10-31,2025-12-31,Churned,Support / SLA Frustration
SUB-24641,CUST-14641,Growth,Monthly,2698.53,26,2025-10-31,,Active,
SUB-24642,CUST-14642,Starter,Monthly,349.62,6,2025-10-31,,Active,
SUB-24643,CUST-14643,Scale,Annual,16870.24,181,2025-10-31,,Active,
SUB-24644,CUST-14644,Starter,Monthly,448.8,16,2025-10-31,2025-12-31,Churned,Support / SLA Frustration
SUB-24645,CUST-14645,Starter,Monthly,610.64,9,2025-11-01,,Active,
SUB-24646,CUST-14646,Starter,Monthly,239.69,10,2025-11-01,,Active,
SUB-24647,CUST-14647,Growth,Annual,1682.51,28,2025-11-01,2025-12-31,Churned,Support / SLA Frustration
SUB-24648,CUST-14648,Starter,Monthly,133.05,20,2025-11-01,,Active,
SUB-24649,CUST-14649,Scale,Annual,3755.53,75,2025-11-01,2025-12-31,Churned,Support / SLA Frustration
SUB-24650,CUST-14650,Enterprise Plus,Annual,15805.41,478,2025-11-01,,Active,
SUB-24651,CUST-14651,Starter,Monthly,590.57,11,2025-11-01,,Active,
SUB-24652,CUST-14652,Growth,Annual,1401.97,29,2025-11-01,,Active,
SUB-24653,CUST-14653,Starter,Monthly,697.16,15,2025-11-01,2025-12-31,Churned,Low Adoption & License Waste
SUB-24654,CUST-14654,Growth,Annual,3466.36,60,2025-11-01,,Active,
SUB-24655,CUST-14655,Scale,Annual,2315.6,49,2025-11-01,,Active,
SUB-24656,CUST-14656,Starter,Monthly,443.13,11,2025-11-02,,Active,
SUB-24657,CUST-14657,Growth,Monthly,122.2,23,2025-11-02,2025-12-31,Churned,Switched Tool
SUB-24658,CUST-14658,Growth,Monthly,3267.6,37,2025-11-02,,Active,
SUB-24659,CUST-14659,Starter,Annual,343.37,19,2025-11-02,,Active,
SUB-24660,CUST-14660,Starter,Annual,439.49,15,2025-11-02,2025-12-31,Churned,Support / SLA Frustration
SUB-24661,CUST-14661,Starter,Monthly,558.36,21,2025-11-02,2025-12-31,Churned,Support / SLA Frustration
SUB-24662,CUST-14662,Growth,Monthly,1944.28,97,2025-11-02,2025-12-02,Churned,Competitor Alternative
SUB-24663,CUST-14663,Starter,Monthly,604.51,19,2025-11-02,,Active,
SUB-24664,CUST-14664,Starter,Monthly,451.73,10,2025-11-02,,Active,
SUB-24665,CUST-14665,Growth,Monthly,624.88,13,2025-11-03,,Active,
SUB-24666,CUST-14666,Scale,Annual,9554.58,448,2025-11-03,,Active,
SUB-24667,CUST-14667,Growth,Annual,499.08,18,2025-11-03,,Active,
SUB-24668,CUST-14668,Starter,Monthly,263.55,9,2025-11-03,,Active,
SUB-24669,CUST-14669,Growth,Annual,610.71,15,2025-11-03,,Active,
SUB-24670,CUST-14670,Scale,Monthly,2824.11,55,2025-11-03,,Active,
SUB-24671,CUST-14671,Starter,Annual,182.52,16,2025-11-03,,Active,
SUB-24672,CUST-14672,Growth,Monthly,384.38,16,2025-11-03,,Active,
SUB-24673,CUST-14673,Enterprise Plus,Annual,7697.92,467,2025-11-03,,Active,
SUB-24674,CUST-14674,Growth,Monthly,2754.63,53,2025-11-03,,Active,
SUB-24675,CUST-14675,Starter,Monthly,223.94,9,2025-11-03,,Active,
SUB-24676,CUST-14676,Enterprise Plus,Annual,12254.03,468,2025-11-03,,Active,
SUB-24677,CUST-14677,Growth,Annual,310.35,8,2025-11-04,2025-12-31,Churned,Support / SLA Frustration
SUB-24678,CUST-14678,Growth,Monthly,403.31,21,2025-11-04,,Active,
SUB-24679,CUST-14679,Starter,Annual,395.84,17,2025-11-04,2025-12-31,Churned,Competitor Alternative
SUB-24680,CUST-14680,Scale,Monthly,1245.62,47,2025-11-04,2025-12-31,Churned,Internal Restructuring
SUB-24681,CUST-14681,Scale,Monthly,1036.84,28,2025-11-05,,Active,
SUB-24682,CUST-14682,Starter,Monthly,217.86,15,2025-11-05,,Active,
SUB-24683,CUST-14683,Scale,Monthly,2202.51,87,2025-11-05,,Active,
SUB-24684,CUST-14684,Starter,Monthly,452.49,15,2025-11-05,,Active,
SUB-24685,CUST-14685,Scale,Annual,1063.86,93,2025-11-05,,Active,
SUB-24686,CUST-14686,Scale,Annual,11667.04,490,2025-11-05,,Active,
SUB-24687,CUST-14687,Enterprise Plus,Annual,12379.12,488,2025-11-05,,Active,
SUB-24688,CUST-14688,Growth,Annual,626.05,21,2025-11-06,,Active,
SUB-24689,CUST-14689,Starter,Monthly,397.75,17,2025-11-06,,Active,
SUB-24690,CUST-14690,Scale,Annual,1646.26,39,2025-11-06,,Active,
SUB-24691,CUST-14691,Scale,Monthly,2207.26,86,2025-11-06,2025-12-31,Churned,Support / SLA Frustration
SUB-24692,CUST-14692,Scale,Monthly,1122.74,63,2025-11-06,,Active,
SUB-24693,CUST-14693,Growth,Annual,326.09,13,2025-11-06,2025-12-31,Churned,Support / SLA Frustration
SUB-24694,CUST-14694,Scale,Annual,2329.32,57,2025-11-06,,Active,
SUB-24695,CUST-14695,Starter,Monthly,320.21,16,2025-11-06,2025-12-31,Churned,Competitor Alternative
SUB-24696,CUST-14696,Starter,Monthly,689.4,24,2025-11-06,,Active,
SUB-24697,CUST-14697,Starter,Annual,318.1,11,2025-11-07,,Active,
SUB-24698,CUST-14698,Enterprise Plus,Annual,14874.21,380,2025-11-07,,Active,
SUB-24699,CUST-14699,Starter,Monthly,653.9,16,2025-11-07,,Active,
SUB-24700,CUST-14700,Scale,Monthly,2626.65,92,2025-11-08,,Active,
SUB-24701,CUST-14701,Enterprise Plus,Annual,9309.49,453,2025-11-08,2025-12-31,Churned,Support / SLA Frustration
SUB-24702,CUST-14702,Starter,Monthly,458.57,16,2025-11-08,,Active,
SUB-24703,CUST-14703,Starter,Monthly,281.8,22,2025-11-08,2025-12-31,Churned,Support / SLA Frustration
SUB-24704,CUST-14704,Scale,Monthly,1700.53,72,2025-11-08,,Active,
SUB-24705,CUST-14705,Scale,Annual,3255.51,25,2025-11-08,,Active,
SUB-24706,CUST-14706,Starter,Monthly,456.32,17,2025-11-08,2025-12-31,Churned,Support / SLA Frustration
SUB-24707,CUST-14707,Growth,Monthly,1873.79,58,2025-11-08,2025-12-31,Churned,Low Adoption & License Waste
SUB-24708,CUST-14708,Starter,Monthly,511.59,21,2025-11-09,,Active,
SUB-24709,CUST-14709,Starter,Monthly,427.4,18,2025-11-09,2025-12-31,Churned,Low Adoption & License Waste
SUB-24710,CUST-14710,Growth,Annual,2532.24,47,2025-11-09,,Active,
SUB-24711,CUST-14711,Growth,Annual,1922.57,28,2025-11-09,,Active,
SUB-24712,CUST-14712,Growth,Annual,1994.44,45,2025-11-09,2025-12-31,Churned,Leadership Transition
SUB-24713,CUST-14713,Starter,Monthly,518.98,15,2025-11-09,,Active,
SUB-24714,CUST-14714,Starter,Annual,197.39,6,2025-11-09,,Active,
SUB-24715,CUST-14715,Growth,Annual,2442.95,33,2025-11-10,,Active,
SUB-24716,CUST-14716,Growth,Monthly,732.14,5,2025-11-10,,Active,
SUB-24717,CUST-14717,Growth,Monthly,688.33,15,2025-11-10,,Active,
SUB-24718,CUST-14718,Scale,Annual,1120.05,33,2025-11-10,,Active,
SUB-24719,CUST-14719,Growth,Annual,183.09,23,2025-11-11,2025-12-31,Churned,Low Adoption & License Waste
SUB-24720,CUST-14720,Growth,Monthly,3188.89,28,2025-11-11,2025-12-31,Churned,Competitor Alternative
SUB-24721,CUST-14721,Scale,Annual,17961.87,451,2025-11-11,,Active,
SUB-24722,CUST-14722,Growth,Annual,2024.93,80,2025-11-11,,Active,
SUB-24723,CUST-14723,Growth,Annual,3066.61,59,2025-11-12,,Active,
SUB-24724,CUST-14724,Growth,Monthly,2597.4,61,2025-11-12,,Active,
SUB-24725,CUST-14725,Enterprise Plus,Annual,13253.67,446,2025-11-12,,Active,
SUB-24726,CUST-14726,Starter,Monthly,506.73,15,2025-11-12,2025-12-31,Churned,Competitor Alternative
SUB-24727,CUST-14727,Starter,Monthly,556.66,13,2025-11-12,2025-12-31,Churned,Competitor Alternative
SUB-24728,CUST-14728,Starter,Monthly,123.51,18,2025-11-12,2025-12-31,Churned,Switched Tool
SUB-24729,CUST-14729,Growth,Annual,1887.56,37,2025-11-12,,Active,
SUB-24730,CUST-14730,Enterprise Plus,Annual,10405.56,368,2025-11-12,,Active,
SUB-24731,CUST-14731,Enterprise Plus,Annual,13136.46,175,2025-11-13,,Active,
SUB-24732,CUST-14732,Starter,Annual,715.8,22,2025-11-13,,Active,
SUB-24733,CUST-14733,Starter,Monthly,725.05,19,2025-11-13,,Active,
SUB-24734,CUST-14734,Growth,Annual,1709.21,80,2025-11-13,,Active,
SUB-24735,CUST-14735,Enterprise Plus,Annual,6132.81,473,2025-11-14,2025-12-31,Churned,Support / SLA Frustration
SUB-24736,CUST-14736,Growth,Annual,155.74,15,2025-11-14,,Active,
SUB-24737,CUST-14737,Growth,Annual,1152.94,96,2025-11-14,2025-12-31,Churned,Competitor Alternative
SUB-24738,CUST-14738,Scale,Annual,3442.14,76,2025-11-14,,Active,
SUB-24739,CUST-14739,Starter,Monthly,496.75,21,2025-11-15,,Active,
SUB-24740,CUST-14740,Starter,Monthly,303.34,12,2025-11-15,,Active,
SUB-24741,CUST-14741,Enterprise Plus,Monthly,12601.59,158,2025-11-15,,Active,
SUB-24742,CUST-14742,Scale,Monthly,9418.39,225,2025-11-15,,Active,
SUB-24743,CUST-14743,Growth,Monthly,591.27,8,2025-11-15,,Active,
SUB-24744,CUST-14744,Growth,Monthly,3530.08,99,2025-11-15,,Active,
SUB-24745,CUST-14745,Enterprise Plus,Annual,5129.53,214,2025-11-15,2025-12-24,Churned,Low Adoption & License Waste
SUB-24746,CUST-14746,Growth,Monthly,909.84,48,2025-11-15,,Active,
SUB-24747,CUST-14747,Enterprise Plus,Annual,7538.4,392,2025-11-16,,Active,
SUB-24748,CUST-14748,Scale,Annual,3646.06,40,2025-11-16,2025-12-31,Churned,Internal Restructuring
SUB-24749,CUST-14749,Growth,Monthly,351.97,21,2025-11-16,,Active,
SUB-24750,CUST-14750,Growth,Annual,3596.82,32,2025-11-16,,Active,
SUB-24751,CUST-14751,Growth,Annual,1201.17,89,2025-11-16,,Active,
SUB-24752,CUST-14752,Growth,Monthly,388.05,15,2025-11-16,2025-12-31,Churned,Price / Budget Cuts
SUB-24753,CUST-14753,Starter,Monthly,183.62,13,2025-11-17,2025-12-21,Churned,Support / SLA Frustration
SUB-24754,CUST-14754,Starter,Monthly,585.62,19,2025-11-17,2025-12-31,Churned,Support / SLA Frustration
SUB-24755,CUST-14755,Starter,Monthly,716.58,23,2025-11-17,,Active,
SUB-24756,CUST-14756,Scale,Annual,13183.54,218,2025-11-17,,Active,
SUB-24757,CUST-14757,Growth,Monthly,256.47,14,2025-11-17,,Active,
SUB-24758,CUST-14758,Growth,Monthly,2176.22,55,2025-11-17,,Active,
SUB-24759,CUST-14759,Starter,Annual,596.74,20,2025-11-17,,Active,
SUB-24760,CUST-14760,Growth,Monthly,2580.08,77,2025-11-17,,Active,
SUB-24761,CUST-14761,Growth,Monthly,392.05,5,2025-11-17,,Active,
SUB-24762,CUST-14762,Growth,Monthly,416.25,11,2025-11-17,,Active,
SUB-24763,CUST-14763,Growth,Monthly,902.0,91,2025-11-17,,Active,
SUB-24764,CUST-14764,Growth,Monthly,197.1,18,2025-11-18,,Active,
SUB-24765,CUST-14765,Starter,Monthly,178.99,16,2025-11-18,,Active,
SUB-24766,CUST-14766,Starter,Monthly,623.97,24,2025-11-18,2025-12-31,Churned,Support / SLA Frustration
SUB-24767,CUST-14767,Scale,Annual,10480.54,133,2025-11-18,,Active,
SUB-24768,CUST-14768,Starter,Monthly,493.04,5,2025-11-18,,Active,
SUB-24769,CUST-14769,Growth,Annual,1677.27,90,2025-11-18,2025-12-31,Churned,Support / SLA Frustration
SUB-24770,CUST-14770,Scale,Annual,6619.42,146,2025-11-19,,Active,
SUB-24771,CUST-14771,Scale,Annual,2995.32,57,2025-11-19,,Active,
SUB-24772,CUST-14772,Scale,Monthly,3349.36,30,2025-11-19,,Active,
SUB-24773,CUST-14773,Growth,Monthly,340.59,18,2025-11-19,,Active,
SUB-24774,CUST-14774,Scale,Annual,3127.42,40,2025-11-19,,Active,
SUB-24775,CUST-14775,Starter,Monthly,463.85,6,2025-11-20,,Active,
SUB-24776,CUST-14776,Enterprise Plus,Annual,11639.89,166,2025-11-20,,Active,
SUB-24777,CUST-14777,Growth,Monthly,2808.79,79,2025-11-20,,Active,
SUB-24778,CUST-14778,Scale,Annual,2586.46,53,2025-11-20,,Active,
SUB-24779,CUST-14779,Growth,Annual,3165.37,37,2025-11-20,,Active,
SUB-24780,CUST-14780,Enterprise Plus,Annual,5156.51,284,2025-11-20,2025-12-31,Churned,Support / SLA Frustration
SUB-24781,CUST-14781,Scale,Annual,1226.4,79,2025-11-20,,Active,
SUB-24782,CUST-14782,Starter,Monthly,264.97,21,2025-11-20,,Active,
SUB-24783,CUST-14783,Growth,Monthly,1167.24,40,2025-11-20,,Active,
SUB-24784,CUST-14784,Scale,Annual,1168.34,69,2025-11-21,,Active,
SUB-24785,CUST-14785,Growth,Monthly,2693.09,62,2025-11-21,,Active,
SUB-24786,CUST-14786,Starter,Monthly,456.35,17,2025-11-21,2025-12-31,Churned,Support / SLA Frustration
SUB-24787,CUST-14787,Starter,Monthly,135.35,16,2025-11-21,2025-12-31,Churned,Support / SLA Frustration
SUB-24788,CUST-14788,Growth,Monthly,1944.5,78,2025-11-21,,Active,
SUB-24789,CUST-14789,Growth,Annual,3310.66,43,2025-11-21,2025-12-31,Churned,Support / SLA Frustration
SUB-24790,CUST-14790,Scale,Annual,17683.2,125,2025-11-21,,Active,
SUB-24791,CUST-14791,Starter,Monthly,277.54,13,2025-11-21,,Active,
SUB-24792,CUST-14792,Enterprise Plus,Annual,14210.55,301,2025-11-22,,Active,
SUB-24793,CUST-14793,Scale,Monthly,2306.39,68,2025-11-22,2025-12-31,Churned,Support / SLA Frustration
SUB-24794,CUST-14794,Scale,Annual,1557.55,97,2025-11-22,2025-12-31,Churned,Support / SLA Frustration
SUB-24795,CUST-14795,Growth,Annual,3329.38,69,2025-11-22,,Active,
SUB-24796,CUST-14796,Growth,Annual,1745.3,94,2025-11-23,2025-12-31,Churned,Internal Restructuring
SUB-24797,CUST-14797,Growth,Monthly,646.64,13,2025-11-23,2025-12-31,Churned,Competitor Alternative
SUB-24798,CUST-14798,Enterprise Plus,Annual,11465.63,217,2025-11-23,,Active,
SUB-24799,CUST-14799,Starter,Annual,303.12,24,2025-11-23,,Active,
SUB-24800,CUST-14800,Enterprise Plus,Annual,7638.83,276,2025-11-23,,Active,
SUB-24801,CUST-14801,Enterprise Plus,Annual,5105.88,313,2025-11-23,2025-12-29,Churned,Support / SLA Frustration
SUB-24802,CUST-14802,Starter,Monthly,555.52,12,2025-11-24,,Active,
SUB-24803,CUST-14803,Scale,Annual,1669.23,48,2025-11-24,,Active,
SUB-24804,CUST-14804,Growth,Annual,474.55,9,2025-11-24,2025-12-31,Churned,Support / SLA Frustration
SUB-24805,CUST-14805,Starter,Annual,526.35,15,2025-11-24,2025-12-31,Churned,Low Adoption & License Waste
SUB-24806,CUST-14806,Enterprise Plus,Annual,4623.51,372,2025-11-24,2025-12-31,Churned,Support / SLA Frustration
SUB-24807,CUST-14807,Starter,Annual,312.58,19,2025-11-24,,Active,
SUB-24808,CUST-14808,Scale,Annual,2633.87,78,2025-11-24,,Active,
SUB-24809,CUST-14809,Starter,Annual,547.76,17,2025-11-25,,Active,
SUB-24810,CUST-14810,Growth,Monthly,2316.7,81,2025-11-25,,Active,
SUB-24811,CUST-14811,Starter,Monthly,462.29,14,2025-11-25,2025-12-31,Churned,Support / SLA Frustration
SUB-24812,CUST-14812,Enterprise Plus,Annual,12124.15,384,2025-11-25,,Active,
SUB-24813,CUST-14813,Starter,Monthly,410.76,5,2025-11-26,2025-12-31,Churned,Support / SLA Frustration
SUB-24814,CUST-14814,Starter,Annual,407.83,11,2025-11-26,,Active,
SUB-24815,CUST-14815,Growth,Monthly,640.17,15,2025-11-26,2025-12-31,Churned,Low Adoption & License Waste
SUB-24816,CUST-14816,Growth,Monthly,473.21,12,2025-11-26,,Active,
SUB-24817,CUST-14817,Starter,Annual,471.68,6,2025-11-26,2025-12-31,Churned,Support / SLA Frustration
SUB-24818,CUST-14818,Growth,Monthly,222.13,14,2025-11-26,,Active,
SUB-24819,CUST-14819,Scale,Annual,3570.22,91,2025-11-26,,Active,
SUB-24820,CUST-14820,Growth,Annual,3731.73,96,2025-11-26,,Active,
SUB-24821,CUST-14821,Growth,Annual,2694.74,47,2025-11-26,,Active,
SUB-24822,CUST-14822,Scale,Monthly,2783.82,46,2025-11-27,,Active,
SUB-24823,CUST-14823,Scale,Annual,1009.13,63,2025-11-27,,Active,
SUB-24824,CUST-14824,Starter,Monthly,665.37,12,2025-11-27,,Active,
SUB-24825,CUST-14825,Growth,Annual,1840.25,80,2025-11-27,,Active,
SUB-24826,CUST-14826,Starter,Monthly,529.7,9,2025-11-27,,Active,
SUB-24827,CUST-14827,Growth,Annual,1906.09,55,2025-11-27,,Active,
SUB-24828,CUST-14828,Growth,Monthly,1322.56,73,2025-11-27,,Active,
SUB-24829,CUST-14829,Starter,Monthly,314.79,12,2025-11-27,2025-12-31,Churned,Support / SLA Frustration
SUB-24830,CUST-14830,Starter,Monthly,487.61,17,2025-11-27,,Active,
SUB-24831,CUST-14831,Growth,Monthly,584.47,6,2025-11-28,2025-12-31,Churned,Low Adoption & License Waste
SUB-24832,CUST-14832,Growth,Monthly,568.37,15,2025-11-28,,Active,
SUB-24833,CUST-14833,Growth,Monthly,3445.79,74,2025-11-28,,Active,
SUB-24834,CUST-14834,Starter,Annual,345.41,19,2025-11-28,,Active,
SUB-24835,CUST-14835,Scale,Annual,14850.05,233,2025-11-28,2025-12-31,Churned,Support / SLA Frustration
SUB-24836,CUST-14836,Growth,Monthly,1311.33,52,2025-11-29,,Active,
SUB-24837,CUST-14837,Scale,Monthly,3400.91,64,2025-11-29,,Active,
SUB-24838,CUST-14838,Enterprise Plus,Annual,12101.54,331,2025-11-29,,Active,
SUB-24839,CUST-14839,Growth,Annual,2293.57,52,2025-11-29,2025-12-31,Churned,Support / SLA Frustration
SUB-24840,CUST-14840,Starter,Monthly,331.81,10,2025-11-30,,Active,
SUB-24841,CUST-14841,Starter,Monthly,693.92,20,2025-11-30,,Active,
SUB-24842,CUST-14842,Scale,Monthly,3569.53,42,2025-11-30,2025-12-31,Churned,Low Adoption & License Waste
SUB-24843,CUST-14843,Enterprise Plus,Annual,9655.34,360,2025-11-30,,Active,
SUB-24844,CUST-14844,Growth,Monthly,2008.61,48,2025-11-30,2025-12-31,Churned,Support / SLA Frustration
SUB-24845,CUST-14845,Growth,Monthly,2643.05,98,2025-11-30,2025-12-31,Churned,Competitor Alternative
SUB-24846,CUST-14846,Growth,Monthly,272.7,18,2025-11-30,,Active,
SUB-24847,CUST-14847,Enterprise Plus,Annual,7603.95,322,2025-11-30,,Active,
SUB-24848,CUST-14848,Starter,Monthly,516.2,10,2025-11-30,,Active,
SUB-24849,CUST-14849,Scale,Annual,14055.21,338,2025-11-30,,Active,
SUB-24850,CUST-14850,Starter,Monthly,346.87,23,2025-11-30,,Active,
SUB-24851,CUST-14851,Growth,Annual,1910.25,34,2025-11-30,,Active,
SUB-24852,CUST-14852,Starter,Monthly,134.28,22,2025-12-01,2025-12-31,Churned,Support / SLA Frustration
SUB-24853,CUST-14853,Scale,Annual,1802.5,59,2025-12-01,,Active,
SUB-24854,CUST-14854,Starter,Annual,136.73,12,2025-12-01,2025-12-31,Churned,Low Adoption & License Waste
SUB-24855,CUST-14855,Growth,Annual,3391.88,45,2025-12-01,,Active,
SUB-24856,CUST-14856,Enterprise Plus,Annual,5130.79,397,2025-12-01,,Active,
SUB-24857,CUST-14857,Starter,Annual,489.96,5,2025-12-01,,Active,
SUB-24858,CUST-14858,Starter,Monthly,321.23,5,2025-12-01,,Active,
SUB-24859,CUST-14859,Growth,Monthly,480.68,18,2025-12-02,,Active,
SUB-24860,CUST-14860,Growth,Monthly,600.18,13,2025-12-02,2025-12-31,Churned,Support / SLA Frustration
SUB-24861,CUST-14861,Starter,Monthly,665.15,7,2025-12-02,,Active,
SUB-24862,CUST-14862,Enterprise Plus,Annual,5628.58,471,2025-12-03,,Active,
SUB-24863,CUST-14863,Growth,Monthly,1416.9,44,2025-12-03,2025-12-31,Churned,Support / SLA Frustration
SUB-24864,CUST-14864,Growth,Annual,2327.95,87,2025-12-03,,Active,
SUB-24865,CUST-14865,Starter,Annual,148.11,17,2025-12-03,,Active,
SUB-24866,CUST-14866,Growth,Monthly,3161.3,85,2025-12-03,2025-12-31,Churned,Support / SLA Frustration
SUB-24867,CUST-14867,Scale,Annual,7127.28,334,2025-12-03,,Active,
SUB-24868,CUST-14868,Starter,Monthly,204.07,14,2025-12-03,,Active,
SUB-24869,CUST-14869,Starter,Annual,534.38,24,2025-12-03,,Active,
SUB-24870,CUST-14870,Scale,Annual,1062.03,28,2025-12-03,2025-12-31,Churned,Leadership Transition
SUB-24871,CUST-14871,Scale,Monthly,9881.92,437,2025-12-03,,Active,
SUB-24872,CUST-14872,Scale,Monthly,3648.7,42,2025-12-03,,Active,
SUB-24873,CUST-14873,Growth,Monthly,2500.11,43,2025-12-04,,Active,
SUB-24874,CUST-14874,Growth,Monthly,937.09,93,2025-12-04,2025-12-31,Churned,Internal Restructuring
SUB-24875,CUST-14875,Starter,Monthly,500.99,16,2025-12-04,2025-12-31,Churned,Price / Budget Cuts
SUB-24876,CUST-14876,Starter,Monthly,535.38,20,2025-12-04,,Active,
SUB-24877,CUST-14877,Starter,Annual,137.97,7,2025-12-05,,Active,
SUB-24878,CUST-14878,Scale,Annual,3081.53,39,2025-12-05,2025-12-31,Churned,Support / SLA Frustration
SUB-24879,CUST-14879,Starter,Monthly,709.5,23,2025-12-05,2025-12-31,Churned,Support / SLA Frustration
SUB-24880,CUST-14880,Scale,Monthly,3549.67,78,2025-12-05,2025-12-31,Churned,Low Adoption & License Waste
SUB-24881,CUST-14881,Scale,Annual,3572.76,66,2025-12-05,,Active,
SUB-24882,CUST-14882,Starter,Annual,656.86,15,2025-12-05,,Active,
SUB-24883,CUST-14883,Scale,Annual,2096.26,49,2025-12-05,2025-12-31,Churned,Leadership Transition
SUB-24884,CUST-14884,Enterprise Plus,Annual,13432.0,100,2025-12-06,,Active,
SUB-24885,CUST-14885,Starter,Annual,664.7,11,2025-12-06,,Active,
SUB-24886,CUST-14886,Growth,Annual,3362.98,26,2025-12-06,,Active,
SUB-24887,CUST-14887,Starter,Monthly,727.25,17,2025-12-06,2025-12-31,Churned,Switched Tool
SUB-24888,CUST-14888,Scale,Annual,17662.24,311,2025-12-06,,Active,
SUB-24889,CUST-14889,Starter,Monthly,729.23,19,2025-12-06,2025-12-31,Churned,Support / SLA Frustration
SUB-24890,CUST-14890,Scale,Annual,2522.51,51,2025-12-06,,Active,
SUB-24891,CUST-14891,Scale,Monthly,9672.6,213,2025-12-07,,Active,
SUB-24892,CUST-14892,Growth,Annual,589.67,18,2025-12-07,,Active,
SUB-24893,CUST-14893,Scale,Monthly,2945.36,48,2025-12-07,,Active,
SUB-24894,CUST-14894,Growth,Monthly,967.29,84,2025-12-07,,Active,
SUB-24895,CUST-14895,Scale,Annual,7635.03,123,2025-12-07,2025-12-31,Churned,Support / SLA Frustration
SUB-24896,CUST-14896,Enterprise Plus,Monthly,11534.26,386,2025-12-07,,Active,
SUB-24897,CUST-14897,Growth,Monthly,3349.82,42,2025-12-07,,Active,
SUB-24898,CUST-14898,Enterprise Plus,Annual,17708.95,373,2025-12-08,2025-12-31,Churned,Competitor Alternative
SUB-24899,CUST-14899,Growth,Monthly,486.7,22,2025-12-08,,Active,
SUB-24900,CUST-14900,Enterprise Plus,Annual,15043.04,153,2025-12-08,,Active,
SUB-24901,CUST-14901,Growth,Monthly,2118.19,95,2025-12-08,2025-12-31,Churned,Competitor Alternative
SUB-24902,CUST-14902,Enterprise Plus,Annual,11777.34,389,2025-12-08,2025-12-31,Churned,Internal Restructuring
SUB-24903,CUST-14903,Growth,Annual,3066.21,80,2025-12-08,,Active,
SUB-24904,CUST-14904,Starter,Monthly,506.6,9,2025-12-09,2025-12-31,Churned,Switched Tool
SUB-24905,CUST-14905,Scale,Annual,1669.18,88,2025-12-09,,Active,
SUB-24906,CUST-14906,Growth,Monthly,704.67,9,2025-12-09,,Active,
SUB-24907,CUST-14907,Growth,Annual,1602.13,53,2025-12-09,,Active,
SUB-24908,CUST-14908,Growth,Annual,350.24,19,2025-12-10,,Active,
SUB-24909,CUST-14909,Starter,Monthly,392.21,8,2025-12-10,2025-12-31,Churned,Support / SLA Frustration
SUB-24910,CUST-14910,Growth,Annual,304.17,12,2025-12-10,2025-12-31,Churned,Support / SLA Frustration
SUB-24911,CUST-14911,Starter,Monthly,409.43,16,2025-12-10,2025-12-31,Churned,Switched Tool
SUB-24912,CUST-14912,Starter,Monthly,708.4,24,2025-12-10,2025-12-31,Churned,Low Adoption & License Waste
SUB-24913,CUST-14913,Growth,Annual,2324.27,38,2025-12-10,,Active,
SUB-24914,CUST-14914,Growth,Annual,2941.18,31,2025-12-10,,Active,
SUB-24915,CUST-14915,Growth,Annual,536.21,23,2025-12-10,,Active,
SUB-24916,CUST-14916,Growth,Monthly,2027.16,97,2025-12-10,2025-12-31,Churned,Support / SLA Frustration
SUB-24917,CUST-14917,Scale,Annual,3310.15,39,2025-12-11,,Active,
SUB-24918,CUST-14918,Starter,Annual,218.62,17,2025-12-11,,Active,
SUB-24919,CUST-14919,Growth,Monthly,1862.79,97,2025-12-11,,Active,
SUB-24920,CUST-14920,Starter,Annual,561.87,22,2025-12-12,,Active,
SUB-24921,CUST-14921,Growth,Monthly,289.87,5,2025-12-12,2025-12-31,Churned,Low Adoption & License Waste
SUB-24922,CUST-14922,Starter,Monthly,336.87,16,2025-12-12,,Active,
SUB-24923,CUST-14923,Growth,Monthly,285.85,16,2025-12-12,,Active,
SUB-24924,CUST-14924,Scale,Annual,15109.05,377,2025-12-12,,Active,
SUB-24925,CUST-14925,Scale,Annual,3552.39,34,2025-12-13,,Active,
SUB-24926,CUST-14926,Scale,Annual,1205.76,46,2025-12-13,,Active,
SUB-24927,CUST-14927,Growth,Annual,3654.26,49,2025-12-13,,Active,
SUB-24928,CUST-14928,Starter,Monthly,516.95,12,2025-12-13,2025-12-31,Churned,Support / SLA Frustration
SUB-24929,CUST-14929,Growth,Annual,449.65,20,2025-12-13,2025-12-31,Churned,Support / SLA Frustration
SUB-24930,CUST-14930,Growth,Monthly,1672.85,37,2025-12-13,,Active,
SUB-24931,CUST-14931,Growth,Monthly,3486.61,41,2025-12-13,,Active,
SUB-24932,CUST-14932,Starter,Monthly,493.17,22,2025-12-13,,Active,
SUB-24933,CUST-14933,Scale,Monthly,2637.12,35,2025-12-13,,Active,
SUB-24934,CUST-14934,Growth,Monthly,2463.29,88,2025-12-13,,Active,
SUB-24935,CUST-14935,Growth,Annual,2128.75,97,2025-12-13,,Active,
SUB-24936,CUST-14936,Growth,Annual,671.05,14,2025-12-14,,Active,
SUB-24937,CUST-14937,Starter,Monthly,494.94,15,2025-12-14,2025-12-31,Churned,Support / SLA Frustration
SUB-24938,CUST-14938,Starter,Monthly,210.69,10,2025-12-14,,Active,
SUB-24939,CUST-14939,Growth,Monthly,402.49,8,2025-12-14,,Active,
SUB-24940,CUST-14940,Growth,Annual,1059.06,61,2025-12-14,2025-12-31,Churned,Internal Restructuring
SUB-24941,CUST-14941,Scale,Annual,3358.49,77,2025-12-14,,Active,
SUB-24942,CUST-14942,Starter,Monthly,215.56,18,2025-12-14,,Active,
SUB-24943,CUST-14943,Growth,Annual,2543.12,28,2025-12-14,2025-12-31,Churned,Competitor Alternative
SUB-24944,CUST-14944,Starter,Monthly,411.26,22,2025-12-14,2025-12-31,Churned,Support / SLA Frustration
SUB-24945,CUST-14945,Starter,Monthly,419.74,10,2025-12-15,,Active,
SUB-24946,CUST-14946,Starter,Monthly,606.58,15,2025-12-15,,Active,
SUB-24947,CUST-14947,Starter,Monthly,478.62,11,2025-12-15,,Active,
SUB-24948,CUST-14948,Starter,Annual,375.6,8,2025-12-15,2025-12-31,Churned,Switched Tool
SUB-24949,CUST-14949,Starter,Monthly,659.29,17,2025-12-15,,Active,
SUB-24950,CUST-14950,Scale,Monthly,3757.91,44,2025-12-15,,Active,
SUB-24951,CUST-14951,Scale,Annual,11056.74,138,2025-12-15,,Active,
SUB-24952,CUST-14952,Growth,Annual,3677.03,97,2025-12-16,,Active,
SUB-24953,CUST-14953,Growth,Monthly,665.05,22,2025-12-16,,Active,
SUB-24954,CUST-14954,Scale,Monthly,1485.2,31,2025-12-16,,Active,
SUB-24955,CUST-14955,Growth,Annual,306.41,14,2025-12-16,,Active,
SUB-24956,CUST-14956,Growth,Monthly,1732.65,27,2025-12-16,,Active,
SUB-24957,CUST-14957,Growth,Monthly,672.36,14,2025-12-16,,Active,
SUB-24958,CUST-14958,Scale,Annual,2358.34,44,2025-12-16,,Active,
SUB-24959,CUST-14959,Growth,Annual,293.04,22,2025-12-17,,Active,
SUB-24960,CUST-14960,Starter,Monthly,530.57,6,2025-12-17,,Active,
SUB-24961,CUST-14961,Growth,Monthly,1687.36,53,2025-12-17,2025-12-31,Churned,Leadership Transition
SUB-24962,CUST-14962,Scale,Annual,3025.91,59,2025-12-17,,Active,
SUB-24963,CUST-14963,Growth,Monthly,248.41,21,2025-12-17,,Active,
SUB-24964,CUST-14964,Growth,Annual,3201.75,72,2025-12-17,,Active,
SUB-24965,CUST-14965,Growth,Annual,3116.18,38,2025-12-17,,Active,
SUB-24966,CUST-14966,Growth,Annual,627.11,13,2025-12-17,,Active,
SUB-24967,CUST-14967,Starter,Monthly,259.58,7,2025-12-17,,Active,
SUB-24968,CUST-14968,Starter,Monthly,186.74,24,2025-12-18,2025-12-31,Churned,Low Adoption & License Waste
SUB-24969,CUST-14969,Growth,Monthly,3383.88,95,2025-12-18,,Active,
SUB-24970,CUST-14970,Growth,Monthly,1211.31,51,2025-12-18,,Active,
SUB-24971,CUST-14971,Growth,Monthly,317.43,7,2025-12-18,,Active,
SUB-24972,CUST-14972,Starter,Annual,671.55,5,2025-12-18,,Active,
SUB-24973,CUST-14973,Starter,Monthly,477.77,19,2025-12-18,,Active,
SUB-24974,CUST-14974,Scale,Annual,2009.86,95,2025-12-18,,Active,
SUB-24975,CUST-14975,Scale,Monthly,1472.17,58,2025-12-18,2025-12-31,Churned,Support / SLA Frustration
SUB-24976,CUST-14976,Enterprise Plus,Annual,13514.99,305,2025-12-18,,Active,
SUB-24977,CUST-14977,Scale,Annual,3152.24,40,2025-12-18,2025-12-31,Churned,Support / SLA Frustration
SUB-24978,CUST-14978,Enterprise Plus,Annual,6045.22,114,2025-12-18,,Active,
SUB-24979,CUST-14979,Enterprise Plus,Annual,9386.49,415,2025-12-18,,Active,
SUB-24980,CUST-14980,Starter,Monthly,426.84,5,2025-12-18,,Active,
SUB-24981,CUST-14981,Growth,Annual,2820.99,43,2025-12-18,2025-12-31,Churned,Support / SLA Frustration
SUB-24982,CUST-14982,Starter,Monthly,210.22,24,2025-12-18,2025-12-31,Churned,Low Adoption & License Waste
SUB-24983,CUST-14983,Growth,Annual,641.24,14,2025-12-19,,Active,
SUB-24984,CUST-14984,Growth,Annual,203.33,22,2025-12-19,,Active,
SUB-24985,CUST-14985,Scale,Annual,3423.46,75,2025-12-19,,Active,
SUB-24986,CUST-14986,Starter,Monthly,205.72,20,2025-12-19,,Active,
SUB-24987,CUST-14987,Growth,Monthly,533.19,19,2025-12-19,2025-12-31,Churned,Switched Tool
SUB-24988,CUST-14988,Starter,Monthly,379.76,16,2025-12-19,,Active,
SUB-24989,CUST-14989,Growth,Monthly,416.66,20,2025-12-19,2025-12-31,Churned,Price / Budget Cuts
SUB-24990,CUST-14990,Starter,Monthly,210.96,15,2025-12-19,2025-12-31,Churned,Price / Budget Cuts
SUB-24991,CUST-14991,Growth,Annual,655.17,11,2025-12-20,2025-12-31,Churned,Support / SLA Frustration
SUB-24992,CUST-14992,Growth,Annual,3440.62,30,2025-12-20,,Active,
SUB-24993,CUST-14993,Starter,Monthly,345.28,6,2025-12-20,,Active,
SUB-24994,CUST-14994,Enterprise Plus,Annual,17568.51,115,2025-12-20,,Active,
SUB-24995,CUST-14995,Starter,Annual,548.65,5,2025-12-20,,Active,
SUB-24996,CUST-14996,Scale,Annual,5504.88,222,2025-12-20,,Active,
SUB-24997,CUST-14997,Scale,Monthly,1368.07,67,2025-12-20,,Active,
SUB-24998,CUST-14998,Starter,Monthly,702.56,20,2025-12-20,2025-12-31,Churned,Support / SLA Frustration
SUB-24999,CUST-14999,Growth,Monthly,393.62,14,2025-12-20,2025-12-31,Churned,Support / SLA Frustration
