customer_id,total_tickets,avg_resolution_time_hrs,escalated_tickets_count,csat_score
CUST-10000,4,7.1,0,4.4
CUST-10001,1,119.1,1,3.2
CUST-10002,3,20.7,0,4.3
CUST-10003,7,72.4,3,1.5
CUST-10004,5,6.3,0,4.9
CUST-10005,5,19.8,0,4.6
CUST-10006,3,13.7,0,4.9
CUST-10007,3,87.5,2,2.1
CUST-10008,3,13.3,0,3.8
CUST-10009,2,82.4,1,2.9
CUST-10010,5,75.7,2,1.3
CUST-10011,7,7.2,0,4.8
CUST-10012,7,110.3,2,2.6
CUST-10013,5,87.8,3,3.1
CUST-10014,5,3.9,0,4.6
CUST-10015,2,21.3,0,4.2
CUST-10016,5,119.2,2,1.6
CUST-10017,5,9.7,0,4.6
CUST-10018,3,20.8,0,4.0
CUST-10019,7,78.1,4,1.5
CUST-10020,5,7.3,0,4.3
CUST-10021,7,20.6,0,3.8
CUST-10022,7,21.2,0,4.4
CUST-10023,3,67.8,1,2.6
CUST-10024,4,20.8,0,4.8
CUST-10025,0,4.0,0,4.9
CUST-10026,3,4.0,0,4.8
CUST-10027,8,85.8,4,3.1
CUST-10028,4,68.8,2,2.9
CUST-10029,7,4.2,0,3.8
CUST-10030,5,19.6,0,4.7
CUST-10031,5,13.6,0,4.1
CUST-10032,3,19.9,0,4.0
CUST-10033,5,22.6,0,3.9
CUST-10034,6,9.0,0,4.6
CUST-10035,3,13.6,0,4.4
CUST-10036,2,12.8,0,4.4
CUST-10037,3,4.0,0,4.2
CUST-10038,4,8.9,0,4.5
CUST-10039,2,4.4,0,5.0
CUST-10040,4,18.0,0,4.8
CUST-10041,4,21.7,0,4.6
CUST-10042,8,77.2,4,1.5
CUST-10043,8,92.3,4,2.7
CUST-10044,9,3.1,0,3.9
CUST-10045,4,111.2,1,2.2
CUST-10046,2,57.7,1,1.5
CUST-10047,5,105.2,1,1.9
CUST-10048,2,23.0,0,4.5
CUST-10049,6,15.5,0,4.8
CUST-10050,8,22.4,0,4.0
CUST-10051,1,22.3,0,4.7
CUST-10052,2,102.1,1,1.3
CUST-10053,6,9.5,0,4.7
CUST-10054,7,17.2,0,4.4
CUST-10055,1,4.5,0,4.3
CUST-10056,7,3.4,0,4.4
CUST-10057,5,87.7,3,1.2
CUST-10058,4,12.2,0,4.2
CUST-10059,3,56.8,0,2.9
CUST-10060,1,23.0,0,3.9
CUST-10061,1,5.3,0,4.5
CUST-10062,4,21.2,0,4.9
CUST-10063,6,14.9,0,4.2
CUST-10064,4,18.6,0,4.1
CUST-10065,3,5.7,0,4.7
CUST-10066,3,6.7,0,5.0
CUST-10067,1,104.6,1,2.3
CUST-10068,6,86.4,3,2.5
CUST-10069,9,20.6,0,4.4
CUST-10070,4,21.1,0,4.7
CUST-10071,4,81.7,1,2.9
CUST-10072,4,16.9,0,5.0
CUST-10073,4,11.9,0,4.4
CUST-10074,4,5.9,0,4.8
CUST-10075,8,14.9,0,4.5
CUST-10076,8,13.9,0,4.9
CUST-10077,3,10.2,0,3.8
CUST-10078,0,4.0,0,4.9
CUST-10079,3,22.2,0,4.6
CUST-10080,7,22.4,0,4.9
CUST-10081,5,60.2,1,3.2
CUST-10082,11,11.2,0,4.7
CUST-10083,6,19.6,0,4.0
CUST-10084,4,10.7,0,4.5
CUST-10085,3,17.8,0,4.0
CUST-10086,5,20.5,0,3.9
CUST-10087,3,87.5,1,2.5
CUST-10088,4,9.1,0,4.3
CUST-10089,4,22.9,0,4.6
CUST-10090,4,114.4,1,2.3
CUST-10091,5,95.0,1,1.4
CUST-10092,2,71.8,0,1.3
CUST-10093,5,11.1,0,4.9
CUST-10094,5,12.6,0,4.3
CUST-10095,6,4.2,0,4.6
CUST-10096,4,117.2,2,1.3
CUST-10097,1,7.0,0,4.1
CUST-10098,3,23.1,0,4.6
CUST-10099,7,6.8,0,3.9
CUST-10100,1,17.2,0,4.4
CUST-10101,4,14.1,0,4.0
CUST-10102,5,118.6,0,2.9
CUST-10103,5,3.3,0,4.6
CUST-10104,2,15.3,0,4.1
CUST-10105,4,2.9,0,4.8
CUST-10106,2,20.5,0,5.0
CUST-10107,5,3.4,0,4.6
CUST-10108,6,64.9,1,1.3
CUST-10109,1,8.1,0,4.3
CUST-10110,4,23.8,0,4.1
CUST-10111,6,7.5,0,4.1
CUST-10112,4,7.1,0,4.5
CUST-10113,1,13.6,0,4.2
CUST-10114,5,17.6,0,5.0
CUST-10115,4,76.4,2,2.5
CUST-10116,4,11.0,0,5.0
CUST-10117,4,15.3,0,4.8
CUST-10118,1,23.6,0,4.0
CUST-10119,5,23.2,0,4.2
CUST-10120,4,21.1,0,3.9
CUST-10121,2,106.8,0,1.4
CUST-10122,1,5.9,0,4.2
CUST-10123,3,15.3,0,3.8
CUST-10124,1,5.6,0,4.3
CUST-10125,3,4.5,0,4.2
CUST-10126,4,103.1,1,2.7
CUST-10127,5,19.1,0,4.4
CUST-10128,4,110.4,3,2.9
CUST-10129,3,4.0,0,4.1
CUST-10130,1,23.7,0,4.8
CUST-10131,2,12.7,0,4.7
CUST-10132,5,5.0,0,4.8
CUST-10133,3,96.8,1,1.8
CUST-10134,4,20.8,0,4.8
CUST-10135,3,13.0,0,3.9
CUST-10136,2,97.3,1,3.2
CUST-10137,6,18.1,0,4.2
CUST-10138,3,77.1,2,1.5
CUST-10139,2,10.3,0,4.6
CUST-10140,5,11.1,0,4.6
CUST-10141,4,62.8,1,3.1
CUST-10142,2,14.2,0,4.2
CUST-10143,3,18.0,0,4.7
CUST-10144,4,3.3,0,4.9
CUST-10145,4,11.9,0,4.4
CUST-10146,3,19.9,0,4.1
CUST-10147,3,96.5,2,2.3
CUST-10148,0,4.0,0,4.7
CUST-10149,1,17.3,0,4.6
CUST-10150,1,10.3,0,3.8
CUST-10151,5,85.2,3,1.5
CUST-10152,4,23.8,0,4.6
CUST-10153,7,2.5,0,4.5
CUST-10154,3,10.2,0,4.9
CUST-10155,5,11.4,0,3.9
CUST-10156,4,4.0,0,4.7
CUST-10157,3,51.4,2,2.0
CUST-10158,2,110.6,0,2.2
CUST-10159,2,11.3,0,4.6
CUST-10160,4,20.7,0,5.0
CUST-10161,5,87.6,2,1.4
CUST-10162,3,55.2,0,2.5
CUST-10163,6,81.7,2,3.1
CUST-10164,3,15.5,0,4.6
CUST-10165,7,95.6,2,1.8
CUST-10166,3,19.9,0,4.1
CUST-10167,7,21.3,0,4.2
CUST-10168,6,49.6,3,1.8
CUST-10169,1,108.3,0,2.4
CUST-10170,2,9.1,0,4.9
CUST-10171,4,69.4,1,1.7
CUST-10172,2,108.8,0,2.5
CUST-10173,4,15.5,0,3.8
CUST-10174,3,13.1,0,4.4
CUST-10175,3,12.0,0,4.7
CUST-10176,5,19.6,0,4.0
CUST-10177,1,2.4,0,4.1
CUST-10178,7,69.2,3,1.4
CUST-10179,9,59.4,2,1.5
CUST-10180,3,10.4,0,4.3
CUST-10181,4,8.6,0,3.9
CUST-10182,2,16.6,0,4.1
CUST-10183,5,2.5,0,4.6
CUST-10184,8,4.5,0,3.9
CUST-10185,4,18.2,0,4.8
CUST-10186,2,68.2,1,2.7
CUST-10187,3,5.2,0,3.9
CUST-10188,4,20.0,0,3.8
CUST-10189,5,13.3,0,3.8
CUST-10190,3,68.3,0,1.7
CUST-10191,6,69.7,4,3.0
CUST-10192,7,7.8,0,4.6
CUST-10193,8,12.7,0,4.2
CUST-10194,4,18.8,0,4.7
CUST-10195,1,101.8,0,2.3
CUST-10196,9,15.4,0,4.9
CUST-10197,6,18.7,0,3.9
CUST-10198,3,6.1,0,4.5
CUST-10199,3,20.5,0,4.0
CUST-10200,4,57.0,2,3.0
CUST-10201,3,22.6,0,4.5
CUST-10202,5,12.1,0,4.8
CUST-10203,2,3.8,0,4.4
CUST-10204,7,8.4,0,4.2
CUST-10205,5,2.4,0,4.8
CUST-10206,3,59.8,1,2.3
CUST-10207,8,22.6,0,4.8
CUST-10208,3,63.4,2,1.2
CUST-10209,6,4.8,0,4.3
CUST-10210,4,67.9,2,1.9
CUST-10211,6,21.7,0,4.1
CUST-10212,5,15.3,0,4.8
CUST-10213,3,10.3,0,4.9
CUST-10214,3,7.0,0,4.1
CUST-10215,2,20.6,0,4.1
CUST-10216,3,3.9,0,5.0
CUST-10217,3,16.0,0,4.2
CUST-10218,4,13.4,0,4.3
CUST-10219,2,14.4,0,4.2
CUST-10220,7,23.4,0,4.4
CUST-10221,4,79.1,3,1.7
CUST-10222,4,14.1,0,4.1
CUST-10223,2,22.5,0,4.7
CUST-10224,4,8.3,0,4.2
CUST-10225,6,4.6,0,4.3
CUST-10226,2,9.6,0,3.9
CUST-10227,0,4.0,0,4.9
CUST-10228,9,74.9,3,2.8
CUST-10229,0,4.0,0,4.7
CUST-10230,2,24.0,0,4.8
CUST-10231,7,5.5,0,4.7
CUST-10232,1,13.2,0,4.0
CUST-10233,3,82.8,1,1.4
CUST-10234,4,2.7,0,4.8
CUST-10235,3,103.1,1,2.3
CUST-10236,4,81.3,1,1.7
CUST-10237,7,14.3,0,3.9
CUST-10238,4,13.1,0,4.8
CUST-10239,4,116.0,3,2.9
CUST-10240,4,77.5,3,1.5
CUST-10241,7,14.8,0,3.9
CUST-10242,7,86.5,2,2.0
CUST-10243,4,4.5,0,4.4
CUST-10244,2,12.6,0,4.5
CUST-10245,6,12.7,0,4.1
CUST-10246,6,5.1,0,4.1
CUST-10247,2,11.3,0,4.5
CUST-10248,2,14.1,0,5.0
CUST-10249,7,93.7,4,1.8
CUST-10250,1,3.6,0,4.5
CUST-10251,2,48.4,0,3.0
CUST-10252,3,6.0,0,4.1
CUST-10253,4,6.6,0,3.9
CUST-10254,1,20.7,0,4.1
CUST-10255,4,13.5,0,4.7
CUST-10256,8,21.0,0,4.6
CUST-10257,2,109.0,0,2.6
CUST-10258,3,5.4,0,4.6
CUST-10259,5,7.8,0,4.2
CUST-10260,4,16.4,0,4.0
CUST-10261,3,109.6,2,2.3
CUST-10262,8,64.0,3,2.8
CUST-10263,3,2.8,0,4.8
CUST-10264,4,23.3,0,4.5
CUST-10265,6,20.0,0,4.5
CUST-10266,1,4.2,0,4.6
CUST-10267,5,16.2,0,4.3
CUST-10268,2,61.7,0,1.8
CUST-10269,6,19.3,0,4.1
CUST-10270,3,22.3,0,4.1
CUST-10271,2,11.9,0,3.9
CUST-10272,2,13.1,0,5.0
CUST-10273,4,13.5,0,4.0
CUST-10274,5,65.2,3,2.3
CUST-10275,3,23.5,0,4.7
CUST-10276,5,18.9,0,4.4
CUST-10277,7,11.2,0,4.2
CUST-10278,4,9.5,0,4.4
CUST-10279,4,75.7,2,1.8
CUST-10280,10,93.8,3,2.5
CUST-10281,5,82.9,1,1.7
CUST-10282,6,11.3,0,4.8
CUST-10283,2,2.2,0,4.9
CUST-10284,4,2.8,0,4.8
CUST-10285,5,19.3,0,4.1
CUST-10286,3,80.8,1,2.3
CUST-10287,5,10.4,0,4.6
CUST-10288,5,4.9,0,4.8
CUST-10289,6,4.2,0,4.7
CUST-10290,5,15.2,0,4.1
CUST-10291,3,8.7,0,3.9
CUST-10292,4,55.4,2,2.5
CUST-10293,3,20.5,0,4.9
CUST-10294,2,22.8,0,3.9
CUST-10295,2,114.9,0,2.9
CUST-10296,5,8.7,0,4.1
CUST-10297,4,11.5,0,4.5
CUST-10298,2,16.2,0,4.5
CUST-10299,1,6.0,0,4.0
CUST-10300,5,6.1,0,4.0
CUST-10301,4,11.9,0,4.0
CUST-10302,3,106.1,1,1.8
CUST-10303,5,84.5,2,2.1
CUST-10304,5,6.4,0,3.8
CUST-10305,4,9.2,0,4.1
CUST-10306,8,10.9,0,4.7
CUST-10307,12,14.1,0,3.9
CUST-10308,4,7.4,0,4.8
CUST-10309,4,116.4,2,1.4
CUST-10310,3,62.6,0,2.4
CUST-10311,3,22.5,0,4.4
CUST-10312,6,14.8,0,5.0
CUST-10313,6,16.5,0,4.1
CUST-10314,7,12.5,0,4.9
CUST-10315,5,6.8,0,3.9
CUST-10316,4,53.1,1,2.5
CUST-10317,3,68.0,0,1.4
CUST-10318,2,57.9,2,1.6
CUST-10319,4,14.4,0,4.3
CUST-10320,6,19.9,0,4.1
CUST-10321,3,5.6,0,4.8
CUST-10322,4,20.3,0,4.0
CUST-10323,1,95.4,0,1.3
CUST-10324,4,9.9,0,4.6
CUST-10325,6,14.6,0,4.5
CUST-10326,6,21.2,0,5.0
CUST-10327,3,14.6,0,4.8
CUST-10328,1,2.3,0,4.7
CUST-10329,5,113.6,2,1.9
CUST-10330,4,17.8,0,4.2
CUST-10331,2,21.3,0,4.2
CUST-10332,2,3.5,0,4.4
CUST-10333,3,6.1,0,3.9
CUST-10334,3,12.7,0,4.7
CUST-10335,4,11.8,0,4.8
CUST-10336,6,9.2,0,4.7
CUST-10337,3,14.6,0,4.9
CUST-10338,4,76.9,2,1.5
CUST-10339,4,8.7,0,4.0
CUST-10340,7,14.9,0,4.9
CUST-10341,5,85.5,1,2.8
CUST-10342,4,13.2,0,4.0
CUST-10343,2,18.7,0,4.9
CUST-10344,5,19.3,0,3.9
CUST-10345,3,19.9,0,4.5
CUST-10346,5,50.0,1,1.7
CUST-10347,3,93.8,0,3.1
CUST-10348,2,99.1,0,1.5
CUST-10349,5,14.9,0,4.5
CUST-10350,6,13.0,0,3.9
CUST-10351,6,16.9,0,3.9
CUST-10352,4,21.3,0,4.4
CUST-10353,7,9.2,0,4.4
CUST-10354,5,9.0,0,4.4
CUST-10355,3,8.8,0,4.1
CUST-10356,8,8.0,0,4.0
CUST-10357,3,7.6,0,4.1
CUST-10358,4,96.4,2,1.9
CUST-10359,4,10.5,0,5.0
CUST-10360,8,118.9,2,1.3
CUST-10361,4,18.9,0,3.9
CUST-10362,2,22.1,0,4.5
CUST-10363,4,59.6,2,1.9
CUST-10364,2,13.4,0,4.9
CUST-10365,2,4.5,0,4.6
CUST-10366,4,5.6,0,4.4
CUST-10367,2,2.5,0,4.0
CUST-10368,4,15.7,0,4.0
CUST-10369,5,13.7,0,4.9
CUST-10370,3,13.9,0,4.8
CUST-10371,2,18.1,0,4.7
CUST-10372,0,4.0,0,4.7
CUST-10373,1,17.5,0,4.5
CUST-10374,3,62.5,1,2.2
CUST-10375,4,8.6,0,4.5
CUST-10376,3,11.0,0,4.0
CUST-10377,7,17.7,0,4.3
CUST-10378,3,10.3,0,4.2
CUST-10379,6,17.9,0,3.9
CUST-10380,5,22.3,0,4.2
CUST-10381,4,48.1,1,2.3
CUST-10382,3,20.9,0,4.6
CUST-10383,10,13.4,0,4.1
CUST-10384,3,4.3,0,3.8
CUST-10385,3,18.7,0,4.8
CUST-10386,7,19.3,0,4.7
CUST-10387,3,19.8,0,4.1
CUST-10388,4,16.7,0,4.8
CUST-10389,5,8.0,0,5.0
CUST-10390,1,7.0,0,4.7
CUST-10391,3,10.8,0,4.0
CUST-10392,3,119.1,3,2.3
CUST-10393,2,18.2,0,4.4
CUST-10394,4,10.5,0,4.2
CUST-10395,5,11.4,0,4.9
CUST-10396,4,13.5,0,4.2
CUST-10397,4,5.9,0,4.5
CUST-10398,3,14.9,0,3.8
CUST-10399,6,7.5,0,4.1
CUST-10400,7,102.7,4,1.8
CUST-10401,3,10.6,0,4.8
CUST-10402,4,20.4,0,3.9
CUST-10403,4,18.4,0,4.2
CUST-10404,5,7.1,0,4.6
CUST-10405,5,18.1,0,4.3
CUST-10406,9,20.8,0,4.2
CUST-10407,5,80.1,3,1.8
CUST-10408,2,15.4,0,4.1
CUST-10409,6,18.8,0,4.0
CUST-10410,1,14.1,0,4.1
CUST-10411,5,70.4,2,2.2
CUST-10412,5,109.7,2,1.4
CUST-10413,3,12.9,0,4.2
CUST-10414,4,5.7,0,4.7
CUST-10415,3,16.2,0,4.4
CUST-10416,1,11.7,0,4.2
CUST-10417,5,10.1,0,4.1
CUST-10418,3,18.0,0,4.6
CUST-10419,4,100.3,2,2.7
CUST-10420,6,51.8,3,2.6
CUST-10421,3,107.5,3,2.0
CUST-10422,1,48.6,0,2.6
CUST-10423,7,16.6,0,4.0
CUST-10424,5,9.2,0,4.9
CUST-10425,5,92.4,4,2.2
CUST-10426,2,8.6,0,4.6
CUST-10427,5,9.2,0,4.3
CUST-10428,3,89.7,1,1.4
CUST-10429,2,7.4,0,4.0
CUST-10430,3,5.2,0,4.2
CUST-10431,1,88.9,1,2.3
CUST-10432,3,10.0,0,4.7
CUST-10433,2,72.8,2,2.6
CUST-10434,6,6.1,0,4.1
CUST-10435,4,8.0,0,4.4
CUST-10436,7,106.4,1,2.6
CUST-10437,5,2.8,0,4.7
CUST-10438,2,70.5,1,1.7
CUST-10439,4,19.8,0,4.6
CUST-10440,7,5.0,0,4.4
CUST-10441,2,68.4,0,1.2
CUST-10442,1,82.4,0,2.8
CUST-10443,7,2.2,0,4.1
CUST-10444,6,15.0,0,4.1
CUST-10445,2,16.9,0,5.0
CUST-10446,6,23.7,0,4.8
CUST-10447,12,18.3,0,3.8
CUST-10448,6,13.4,0,4.2
CUST-10449,6,22.5,0,4.3
CUST-10450,3,22.6,0,4.8
CUST-10451,7,8.9,0,4.5
CUST-10452,6,3.1,0,4.0
CUST-10453,3,11.8,0,4.2
CUST-10454,2,16.3,0,4.1
CUST-10455,2,5.4,0,4.1
CUST-10456,4,13.7,0,5.0
CUST-10457,3,20.6,0,4.3
CUST-10458,1,15.4,0,4.3
CUST-10459,5,14.2,0,5.0
CUST-10460,4,55.0,1,2.2
CUST-10461,4,21.2,0,4.8
CUST-10462,2,13.5,0,4.8
CUST-10463,3,8.6,0,4.0
CUST-10464,3,11.3,0,3.8
CUST-10465,1,2.5,0,5.0
CUST-10466,5,71.2,2,1.9
CUST-10467,2,21.7,0,4.0
CUST-10468,4,23.9,0,3.9
CUST-10469,4,9.4,0,4.7
CUST-10470,5,19.7,0,4.8
CUST-10471,8,100.7,7,1.3
CUST-10472,3,85.8,1,2.9
CUST-10473,2,16.4,0,4.1
CUST-10474,3,8.4,0,4.0
CUST-10475,7,85.7,3,2.0
CUST-10476,3,13.0,0,4.8
CUST-10477,3,23.7,0,4.6
CUST-10478,7,20.7,0,4.8
CUST-10479,4,56.7,0,2.4
CUST-10480,5,17.6,0,4.0
CUST-10481,2,6.8,0,4.3
CUST-10482,6,4.8,0,4.0
CUST-10483,4,15.3,0,4.4
CUST-10484,6,5.4,0,4.2
CUST-10485,2,9.0,0,4.4
CUST-10486,5,10.8,0,3.9
CUST-10487,3,67.1,2,2.4
CUST-10488,2,3.4,0,4.2
CUST-10489,1,14.7,0,4.9
CUST-10490,3,12.4,0,4.1
CUST-10491,5,18.7,0,3.9
CUST-10492,7,17.5,0,3.9
CUST-10493,5,3.9,0,4.2
CUST-10494,2,15.9,0,4.9
CUST-10495,2,7.2,0,4.6
CUST-10496,4,50.2,2,1.6
CUST-10497,4,64.9,0,2.2
CUST-10498,3,7.2,0,4.0
CUST-10499,6,54.3,2,2.7
CUST-10500,2,4.6,0,4.7
CUST-10501,3,21.3,0,3.9
CUST-10502,2,7.0,0,4.0
CUST-10503,6,103.5,2,2.0
CUST-10504,3,8.7,0,4.8
CUST-10505,3,73.2,2,2.9
CUST-10506,3,17.3,0,5.0
CUST-10507,6,72.8,3,2.9
CUST-10508,1,16.3,0,3.8
CUST-10509,6,14.7,0,3.9
CUST-10510,2,111.1,0,2.6
CUST-10511,6,13.4,0,4.4
CUST-10512,5,117.1,2,2.8
CUST-10513,3,22.3,0,4.2
CUST-10514,8,71.4,1,1.4
CUST-10515,4,8.1,0,4.7
CUST-10516,7,97.3,5,1.7
CUST-10517,5,23.8,0,4.7
CUST-10518,4,14.1,0,3.9
CUST-10519,3,5.6,0,4.1
CUST-10520,4,19.7,0,4.0
CUST-10521,3,5.6,0,4.3
CUST-10522,5,8.9,0,4.1
CUST-10523,4,91.4,3,3.1
CUST-10524,3,114.5,2,3.1
CUST-10525,5,10.8,0,4.9
CUST-10526,5,19.1,0,4.8
CUST-10527,5,12.7,0,4.3
CUST-10528,5,22.5,0,4.2
CUST-10529,4,17.2,0,3.9
CUST-10530,7,8.9,0,4.7
CUST-10531,4,4.9,0,4.6
CUST-10532,3,12.9,0,4.9
CUST-10533,2,67.3,0,3.1
CUST-10534,3,101.0,1,3.1
CUST-10535,8,90.5,5,1.2
CUST-10536,7,77.4,5,3.0
CUST-10537,5,21.5,0,4.7
CUST-10538,7,10.6,0,4.8
CUST-10539,2,62.6,1,2.9
CUST-10540,3,7.3,0,3.9
CUST-10541,4,18.4,0,4.1
CUST-10542,7,102.3,5,1.9
CUST-10543,6,12.2,0,3.9
CUST-10544,2,23.2,0,4.5
CUST-10545,10,111.7,3,1.3
CUST-10546,6,10.6,0,4.3
CUST-10547,6,8.3,0,3.9
CUST-10548,5,110.9,3,1.8
CUST-10549,2,113.0,1,2.9
CUST-10550,4,3.1,0,4.2
CUST-10551,2,7.6,0,4.1
CUST-10552,2,15.1,0,4.9
CUST-10553,8,4.0,0,4.7
CUST-10554,2,6.2,0,4.3
CUST-10555,5,85.7,3,2.7
CUST-10556,0,4.0,0,4.4
CUST-10557,4,16.8,0,4.1
CUST-10558,3,9.7,0,4.7
CUST-10559,9,105.4,6,2.7
CUST-10560,2,16.7,0,4.7
CUST-10561,1,8.9,0,4.6
CUST-10562,1,5.3,0,4.7
CUST-10563,2,109.2,1,2.2
CUST-10564,3,21.9,0,4.7
CUST-10565,5,13.8,0,4.4
CUST-10566,5,20.0,0,5.0
CUST-10567,6,9.9,0,4.1
CUST-10568,6,23.1,0,4.1
CUST-10569,6,20.4,0,4.6
CUST-10570,6,2.3,0,4.9
CUST-10571,4,3.5,0,4.1
CUST-10572,2,13.3,0,5.0
CUST-10573,5,61.3,3,2.8
CUST-10574,4,18.2,0,3.9
CUST-10575,2,15.8,0,4.3
CUST-10576,5,18.0,0,4.3
CUST-10577,4,3.4,0,3.9
CUST-10578,4,10.0,0,4.8
CUST-10579,4,15.4,0,4.8
CUST-10580,6,11.5,0,4.4
CUST-10581,2,4.6,0,4.2
CUST-10582,8,5.1,0,4.5
CUST-10583,1,17.7,0,4.1
CUST-10584,2,2.5,0,4.1
CUST-10585,4,7.1,0,4.5
CUST-10586,5,16.4,0,4.2
CUST-10587,9,7.7,0,4.1
CUST-10588,2,7.8,0,4.2
CUST-10589,6,10.8,0,4.8
CUST-10590,3,77.0,2,1.4
CUST-10591,6,23.8,0,4.3
CUST-10592,1,57.0,1,2.5
CUST-10593,4,6.1,0,4.6
CUST-10594,7,23.0,0,4.7
CUST-10595,2,16.7,0,4.5
CUST-10596,2,59.3,2,1.2
CUST-10597,4,16.1,0,3.9
CUST-10598,3,106.5,1,2.3
CUST-10599,3,95.3,1,1.3
CUST-10600,4,5.8,0,4.8
CUST-10601,3,15.2,0,4.1
CUST-10602,5,23.1,0,4.8
CUST-10603,4,18.0,0,4.7
CUST-10604,6,19.6,0,4.0
CUST-10605,4,49.8,0,1.5
CUST-10606,5,18.8,0,4.4
CUST-10607,4,92.8,3,1.9
CUST-10608,8,20.9,0,3.8
CUST-10609,3,9.3,0,4.1
CUST-10610,5,13.1,0,3.9
CUST-10611,3,11.7,0,4.3
CUST-10612,2,11.9,0,4.3
CUST-10613,5,16.5,0,4.1
CUST-10614,2,20.3,0,4.4
CUST-10615,5,82.8,2,2.0
CUST-10616,4,66.6,3,2.6
CUST-10617,2,7.0,0,3.9
CUST-10618,3,12.6,0,4.7
CUST-10619,3,10.7,0,4.3
CUST-10620,2,8.8,0,4.6
CUST-10621,5,7.5,0,4.4
CUST-10622,3,10.8,0,4.6
CUST-10623,1,13.1,0,4.4
CUST-10624,2,17.9,0,4.9
CUST-10625,7,5.2,0,4.6
CUST-10626,4,20.8,0,4.0
CUST-10627,4,18.4,0,3.9
CUST-10628,5,112.7,4,3.1
CUST-10629,3,58.1,3,2.1
CUST-10630,1,68.9,1,2.7
CUST-10631,2,4.3,0,4.4
CUST-10632,5,12.9,0,4.8
CUST-10633,5,88.3,4,1.3
CUST-10634,4,65.8,3,1.5
CUST-10635,4,11.8,0,4.0
CUST-10636,8,4.2,0,4.1
CUST-10637,2,11.9,0,4.2
CUST-10638,6,18.6,0,4.6
CUST-10639,5,3.6,0,4.0
CUST-10640,4,103.8,2,2.7
CUST-10641,5,101.6,0,3.2
CUST-10642,4,86.6,0,2.8
CUST-10643,3,114.7,1,1.7
CUST-10644,6,102.0,1,2.1
CUST-10645,3,8.1,0,3.8
CUST-10646,5,7.1,0,4.4
CUST-10647,5,6.7,0,4.8
CUST-10648,5,5.5,0,3.9
CUST-10649,4,3.8,0,4.6
CUST-10650,3,77.7,1,2.0
CUST-10651,3,12.2,0,4.7
CUST-10652,2,21.1,0,4.1
CUST-10653,4,20.0,0,4.4
CUST-10654,4,20.9,0,4.1
CUST-10655,1,20.3,0,3.9
CUST-10656,9,15.0,0,4.2
CUST-10657,5,71.0,2,1.4
CUST-10658,5,115.0,2,2.9
CUST-10659,4,22.7,0,4.6
CUST-10660,2,3.3,0,4.0
CUST-10661,5,18.6,0,3.8
CUST-10662,4,5.2,0,3.9
CUST-10663,5,82.9,2,1.7
CUST-10664,4,10.2,0,4.2
CUST-10665,2,114.1,0,1.5
CUST-10666,2,109.6,2,1.7
CUST-10667,3,11.4,0,3.9
CUST-10668,6,13.6,0,4.7
CUST-10669,3,9.0,0,5.0
CUST-10670,3,50.7,0,2.4
CUST-10671,6,23.7,0,4.2
CUST-10672,3,9.8,0,4.1
CUST-10673,6,19.3,0,5.0
CUST-10674,9,112.0,4,1.3
CUST-10675,7,15.9,0,4.1
CUST-10676,3,21.0,0,4.5
CUST-10677,4,8.3,0,4.8
CUST-10678,5,16.6,0,4.2
CUST-10679,2,7.2,0,4.8
CUST-10680,8,22.4,0,4.8
CUST-10681,4,18.0,0,4.7
CUST-10682,1,22.6,0,4.3
CUST-10683,4,16.3,0,4.1
CUST-10684,3,17.4,0,4.8
CUST-10685,1,58.2,0,1.6
CUST-10686,2,52.6,2,2.2
CUST-10687,1,2.0,0,4.7
CUST-10688,7,96.6,3,2.9
CUST-10689,5,79.4,2,2.6
CUST-10690,2,89.6,0,2.5
CUST-10691,7,56.3,3,1.2
CUST-10692,3,19.5,0,4.9
CUST-10693,5,3.0,0,4.0
CUST-10694,2,6.3,0,4.3
CUST-10695,6,65.3,2,2.3
CUST-10696,1,5.9,0,4.2
CUST-10697,1,5.7,0,4.7
CUST-10698,6,18.9,0,4.0
CUST-10699,2,11.3,0,4.5
CUST-10700,4,19.7,0,4.1
CUST-10701,3,18.8,0,4.8
CUST-10702,4,11.9,0,4.9
CUST-10703,4,14.5,0,4.5
CUST-10704,5,9.3,0,4.2
CUST-10705,6,5.5,0,4.3
CUST-10706,4,11.7,0,4.2
CUST-10707,5,21.7,0,4.8
CUST-10708,7,23.5,0,5.0
CUST-10709,2,5.7,0,4.5
CUST-10710,6,56.5,1,2.0
CUST-10711,5,73.2,1,1.3
CUST-10712,1,12.9,0,5.0
CUST-10713,5,15.0,0,4.4
CUST-10714,7,23.5,0,4.3
CUST-10715,6,4.7,0,4.2
CUST-10716,5,55.0,2,1.4
CUST-10717,5,15.4,0,3.9
CUST-10718,4,14.1,0,4.4
CUST-10719,1,17.3,0,3.8
CUST-10720,3,14.3,0,4.2
CUST-10721,1,17.5,0,4.9
CUST-10722,2,111.7,1,3.1
CUST-10723,6,79.6,4,3.1
CUST-10724,6,19.0,0,4.6
CUST-10725,5,13.9,0,3.9
CUST-10726,6,16.9,0,4.2
CUST-10727,2,97.4,0,2.3
CUST-10728,3,5.1,0,4.7
CUST-10729,2,6.3,0,4.3
CUST-10730,3,6.3,0,4.5
CUST-10731,5,23.7,0,4.7
CUST-10732,3,4.0,0,3.8
CUST-10733,5,15.7,0,4.9
CUST-10734,4,11.2,0,4.1
CUST-10735,8,70.3,1,2.1
CUST-10736,2,20.3,0,4.3
CUST-10737,5,4.1,0,4.6
CUST-10738,6,7.8,0,4.4
CUST-10739,2,9.1,0,4.4
CUST-10740,5,58.4,2,1.7
CUST-10741,2,7.7,0,4.1
CUST-10742,6,9.9,0,4.7
CUST-10743,3,9.1,0,4.4
CUST-10744,5,106.8,1,2.2
CUST-10745,7,10.4,0,4.2
CUST-10746,4,5.3,0,3.9
CUST-10747,8,6.7,0,4.9
CUST-10748,6,9.7,0,4.0
CUST-10749,4,18.3,0,4.0
CUST-10750,2,9.0,0,4.8
CUST-10751,4,22.8,0,4.2
CUST-10752,5,14.5,0,4.0
CUST-10753,4,22.6,0,4.1
CUST-10754,6,18.7,0,4.4
CUST-10755,5,3.2,0,4.9
CUST-10756,5,23.5,0,3.9
CUST-10757,4,13.1,0,4.9
CUST-10758,2,3.7,0,4.4
CUST-10759,2,12.6,0,4.3
CUST-10760,6,12.0,0,4.4
CUST-10761,3,3.0,0,4.8
CUST-10762,2,13.6,0,4.0
CUST-10763,3,2.4,0,4.5
CUST-10764,5,23.3,0,5.0
CUST-10765,4,68.8,2,2.0
CUST-10766,2,11.8,0,4.1
CUST-10767,4,14.7,0,4.5
CUST-10768,3,22.4,0,4.6
CUST-10769,5,17.3,0,4.5
CUST-10770,3,92.2,1,2.7
CUST-10771,3,8.2,0,4.9
CUST-10772,3,4.8,0,3.9
CUST-10773,2,6.4,0,4.9
CUST-10774,3,20.6,0,4.5
CUST-10775,2,114.0,1,2.8
CUST-10776,1,12.6,0,5.0
CUST-10777,2,8.8,0,4.8
CUST-10778,4,86.6,1,2.3
CUST-10779,3,73.9,1,1.3
CUST-10780,6,13.6,0,4.2
CUST-10781,2,5.5,0,4.2
CUST-10782,9,78.1,4,1.6
CUST-10783,8,3.1,0,4.1
CUST-10784,5,16.1,0,4.5
CUST-10785,4,2.5,0,4.9
CUST-10786,3,113.0,1,2.2
CUST-10787,4,22.5,0,4.1
CUST-10788,6,21.6,0,4.7
CUST-10789,5,14.9,0,4.4
CUST-10790,4,7.6,0,4.7
CUST-10791,3,3.4,0,4.7
CUST-10792,6,2.0,0,5.0
CUST-10793,5,21.9,0,4.6
CUST-10794,3,61.1,1,2.3
CUST-10795,5,22.3,0,4.4
CUST-10796,8,15.3,0,4.5
CUST-10797,3,11.2,0,4.2
CUST-10798,5,14.4,0,3.8
CUST-10799,6,18.1,0,4.2
CUST-10800,4,20.6,0,4.8
CUST-10801,3,12.6,0,4.0
CUST-10802,3,21.8,0,5.0
CUST-10803,2,9.7,0,4.1
CUST-10804,2,18.5,0,4.2
CUST-10805,2,16.2,0,4.1
CUST-10806,7,22.7,0,4.0
CUST-10807,2,11.8,0,4.7
CUST-10808,1,8.7,0,3.9
CUST-10809,10,15.5,0,4.3
CUST-10810,4,7.8,0,4.4
CUST-10811,2,16.8,0,4.0
CUST-10812,3,50.4,0,3.0
CUST-10813,7,2.6,0,4.0
CUST-10814,7,8.8,0,4.2
CUST-10815,2,15.9,0,4.5
CUST-10816,2,14.0,0,3.8
CUST-10817,10,12.7,0,4.4
CUST-10818,2,16.8,0,4.9
CUST-10819,5,105.9,2,3.0
CUST-10820,3,14.4,0,4.7
CUST-10821,3,13.9,0,4.5
CUST-10822,1,87.8,0,2.2
CUST-10823,5,5.2,0,4.4
CUST-10824,6,96.6,2,1.5
CUST-10825,4,17.3,0,4.8
CUST-10826,5,13.6,0,3.8
CUST-10827,5,5.1,0,4.5
CUST-10828,2,10.6,0,4.9
CUST-10829,5,18.3,0,4.5
CUST-10830,2,13.2,0,4.5
CUST-10831,8,7.8,0,4.5
CUST-10832,2,23.8,0,4.2
CUST-10833,8,69.2,2,2.6
CUST-10834,2,20.7,0,4.7
CUST-10835,3,22.0,0,4.0
CUST-10836,2,20.6,0,4.3
CUST-10837,5,21.9,0,4.5
CUST-10838,4,16.9,0,4.1
CUST-10839,2,6.5,0,5.0
CUST-10840,3,18.4,0,4.6
CUST-10841,3,23.7,0,4.7
CUST-10842,2,14.2,0,4.0
CUST-10843,5,8.2,0,4.8
CUST-10844,5,83.4,0,1.5
CUST-10845,2,4.8,0,4.1
CUST-10846,3,9.0,0,4.1
CUST-10847,1,4.1,0,3.9
CUST-10848,4,3.5,0,4.3
CUST-10849,2,16.7,0,4.1
CUST-10850,8,10.0,0,4.8
CUST-10851,2,16.0,0,4.9
CUST-10852,5,13.0,0,4.3
CUST-10853,4,12.1,0,4.2
CUST-10854,3,21.3,0,4.2
CUST-10855,4,22.1,0,4.7
CUST-10856,3,4.5,0,4.6
CUST-10857,4,18.2,0,4.1
CUST-10858,4,50.6,1,1.9
CUST-10859,4,75.2,3,2.9
CUST-10860,6,20.2,0,4.9
CUST-10861,1,5.1,0,4.7
CUST-10862,2,11.5,0,4.5
CUST-10863,7,13.5,0,4.0
CUST-10864,3,5.5,0,4.2
CUST-10865,4,67.8,2,2.1
CUST-10866,3,16.7,0,4.7
CUST-10867,6,17.0,0,4.7
CUST-10868,6,5.8,0,4.9
CUST-10869,3,8.4,0,4.9
CUST-10870,4,7.7,0,4.5
CUST-10871,4,58.6,0,2.4
CUST-10872,0,4.0,0,4.6
CUST-10873,3,10.0,0,4.7
CUST-10874,0,4.0,0,4.8
CUST-10875,6,3.8,0,4.3
CUST-10876,6,18.9,0,3.9
CUST-10877,3,101.8,1,2.6
CUST-10878,7,10.1,0,4.6
CUST-10879,5,15.9,0,4.8
CUST-10880,2,8.9,0,4.6
CUST-10881,2,76.4,1,2.1
CUST-10882,2,94.2,2,2.4
CUST-10883,9,23.1,0,4.3
CUST-10884,1,11.8,0,4.8
CUST-10885,3,48.3,1,3.2
CUST-10886,6,8.9,0,4.9
CUST-10887,5,95.4,3,3.0
CUST-10888,4,5.5,0,4.1
CUST-10889,4,23.9,0,4.8
CUST-10890,3,16.9,0,4.6
CUST-10891,2,118.7,1,3.1
CUST-10892,2,4.3,0,4.7
CUST-10893,6,4.6,0,5.0
CUST-10894,3,14.2,0,4.9
CUST-10895,5,100.5,2,2.2
CUST-10896,2,2.4,0,4.3
CUST-10897,6,20.5,0,3.9
CUST-10898,3,3.6,0,3.9
CUST-10899,3,5.1,0,4.5
CUST-10900,6,18.7,0,5.0
CUST-10901,5,9.4,0,4.4
CUST-10902,6,6.9,0,4.3
CUST-10903,5,52.9,3,2.5
CUST-10904,8,21.6,0,3.9
CUST-10905,2,14.4,0,4.7
CUST-10906,5,85.0,2,3.0
CUST-10907,6,21.7,0,4.6
CUST-10908,3,3.2,0,4.2
CUST-10909,1,18.0,0,4.8
CUST-10910,4,3.2,0,4.8
CUST-10911,4,14.1,0,4.3
CUST-10912,4,12.8,0,4.7
CUST-10913,5,20.0,0,4.7
CUST-10914,4,10.4,0,4.8
CUST-10915,5,12.2,0,4.1
CUST-10916,4,6.7,0,4.3
CUST-10917,5,69.2,1,3.1
CUST-10918,3,9.5,0,4.6
CUST-10919,4,19.3,0,4.3
CUST-10920,4,10.9,0,4.8
CUST-10921,1,7.3,0,3.9
CUST-10922,5,3.3,0,4.9
CUST-10923,2,9.0,0,4.8
CUST-10924,5,18.5,0,5.0
CUST-10925,3,6.2,0,4.1
CUST-10926,3,2.4,0,4.1
CUST-10927,6,5.4,0,3.9
CUST-10928,3,13.4,0,4.7
CUST-10929,2,22.1,0,4.5
CUST-10930,4,19.6,0,4.6
CUST-10931,6,14.2,0,4.4
CUST-10932,2,18.7,0,4.9
CUST-10933,7,10.8,0,4.8
CUST-10934,0,4.0,0,4.8
CUST-10935,4,13.7,0,4.9
CUST-10936,6,21.4,0,4.5
CUST-10937,3,17.0,0,4.3
CUST-10938,6,22.6,0,4.8
CUST-10939,4,104.3,1,2.8
CUST-10940,6,20.6,0,4.4
CUST-10941,6,3.6,0,3.9
CUST-10942,3,99.4,1,1.8
CUST-10943,1,83.4,1,2.8
CUST-10944,3,4.2,0,4.1
CUST-10945,3,21.7,0,4.3
CUST-10946,2,6.2,0,4.8
CUST-10947,4,23.2,0,4.1
CUST-10948,1,12.6,0,4.6
CUST-10949,4,4.4,0,4.6
CUST-10950,12,16.7,0,4.3
CUST-10951,9,2.2,0,4.5
CUST-10952,5,21.4,0,4.8
CUST-10953,3,6.8,0,4.3
CUST-10954,8,12.2,0,4.5
CUST-10955,6,109.3,1,1.3
CUST-10956,3,18.5,0,4.7
CUST-10957,2,84.0,0,1.6
CUST-10958,7,17.3,0,4.6
CUST-10959,0,4.0,0,4.9
CUST-10960,2,23.4,0,4.7
CUST-10961,4,6.3,0,3.9
CUST-10962,7,2.1,0,4.6
CUST-10963,4,17.7,0,3.9
CUST-10964,7,12.7,0,4.0
CUST-10965,3,18.0,0,4.6
CUST-10966,7,10.2,0,4.6
CUST-10967,3,94.6,2,1.7
CUST-10968,2,14.3,0,4.6
CUST-10969,4,3.6,0,3.8
CUST-10970,3,8.5,0,4.0
CUST-10971,3,12.3,0,4.0
CUST-10972,0,4.0,0,4.4
CUST-10973,4,10.5,0,4.0
CUST-10974,3,13.8,0,4.6
CUST-10975,5,13.6,0,4.2
CUST-10976,6,90.9,3,2.9
CUST-10977,2,104.9,0,2.1
CUST-10978,4,97.3,2,1.6
CUST-10979,4,16.0,0,4.8
CUST-10980,4,23.7,0,4.0
CUST-10981,3,5.7,0,4.9
CUST-10982,1,66.3,1,3.0
CUST-10983,2,101.9,1,1.9
CUST-10984,1,6.8,0,3.8
CUST-10985,5,4.4,0,3.8
CUST-10986,6,3.4,0,4.3
CUST-10987,5,12.2,0,4.7
CUST-10988,4,65.6,2,3.1
CUST-10989,4,9.8,0,4.5
CUST-10990,1,13.2,0,4.0
CUST-10991,7,16.6,0,4.7
CUST-10992,3,62.4,2,3.1
CUST-10993,7,3.7,0,4.0
CUST-10994,1,68.0,0,1.6
CUST-10995,7,18.5,0,3.9
CUST-10996,5,5.7,0,4.4
CUST-10997,3,3.1,0,3.8
CUST-10998,5,14.1,0,4.6
CUST-10999,3,11.9,0,4.6
CUST-11000,5,2.9,0,4.5
CUST-11001,6,86.7,0,2.9
CUST-11002,3,14.6,0,4.4
CUST-11003,4,68.7,2,3.0
CUST-11004,3,19.8,0,4.5
CUST-11005,4,14.8,0,4.3
CUST-11006,3,13.6,0,3.9
CUST-11007,8,74.7,6,2.6
CUST-11008,3,16.9,0,4.7
CUST-11009,2,16.4,0,4.7
CUST-11010,3,14.7,0,4.6
CUST-11011,4,21.2,0,4.5
CUST-11012,3,51.5,0,2.9
CUST-11013,6,6.3,0,4.5
CUST-11014,5,8.0,0,4.6
CUST-11015,3,9.5,0,4.9
CUST-11016,6,11.3,0,4.0
CUST-11017,3,20.1,0,4.5
CUST-11018,1,100.0,0,2.7
CUST-11019,5,70.9,2,3.1
CUST-11020,6,15.4,0,4.5
CUST-11021,3,21.7,0,4.4
CUST-11022,2,4.7,0,4.7
CUST-11023,3,8.8,0,4.5
CUST-11024,2,16.0,0,4.8
CUST-11025,3,79.6,2,1.9
CUST-11026,4,14.2,0,4.3
CUST-11027,5,53.1,0,2.9
CUST-11028,4,94.0,2,2.6
CUST-11029,7,20.4,0,4.1
CUST-11030,2,95.7,1,2.5
CUST-11031,4,16.1,0,4.1
CUST-11032,6,106.5,3,1.6
CUST-11033,3,74.7,2,3.1
CUST-11034,2,7.0,0,4.3
CUST-11035,3,11.0,0,4.3
CUST-11036,5,117.5,2,1.6
CUST-11037,3,14.4,0,4.3
CUST-11038,6,48.7,1,2.2
CUST-11039,4,4.3,0,3.9
CUST-11040,3,76.3,2,1.4
CUST-11041,3,54.6,1,2.5
CUST-11042,3,22.8,0,4.2
CUST-11043,4,54.1,2,3.1
CUST-11044,3,6.7,0,3.9
CUST-11045,2,57.1,0,2.3
CUST-11046,3,119.7,1,3.2
CUST-11047,5,18.8,0,3.9
CUST-11048,3,62.9,0,1.8
CUST-11049,3,11.8,0,4.2
CUST-11050,6,82.1,1,2.4
CUST-11051,10,64.3,3,1.8
CUST-11052,5,2.0,0,4.9
CUST-11053,2,6.1,0,4.8
CUST-11054,3,6.3,0,4.5
CUST-11055,7,4.4,0,4.0
CUST-11056,3,15.8,0,4.9
CUST-11057,9,16.0,0,4.4
CUST-11058,3,109.3,0,2.3
CUST-11059,3,5.3,0,3.9
CUST-11060,4,14.8,0,4.6
CUST-11061,8,76.1,5,1.3
CUST-11062,3,19.9,0,4.5
CUST-11063,6,20.8,0,4.5
CUST-11064,7,19.7,0,4.1
CUST-11065,4,3.9,0,4.9
CUST-11066,7,14.0,0,4.2
CUST-11067,3,80.6,1,1.9
CUST-11068,4,8.0,0,4.9
CUST-11069,1,5.2,0,4.6
CUST-11070,5,22.5,0,4.3
CUST-11071,6,3.7,0,4.1
CUST-11072,1,3.0,0,4.4
CUST-11073,6,65.2,2,2.0
CUST-11074,2,70.9,0,1.3
CUST-11075,4,2.5,0,3.8
CUST-11076,4,112.0,2,1.7
CUST-11077,3,12.9,0,4.7
CUST-11078,2,20.5,0,3.9
CUST-11079,7,13.8,0,3.9
CUST-11080,6,13.9,0,4.2
CUST-11081,5,9.7,0,4.1
CUST-11082,5,7.7,0,4.7
CUST-11083,6,22.1,0,4.9
CUST-11084,3,8.6,0,4.0
CUST-11085,5,56.4,4,2.0
CUST-11086,3,8.7,0,4.1
CUST-11087,4,15.2,0,4.0
CUST-11088,4,7.5,0,4.3
CUST-11089,1,14.9,0,4.2
CUST-11090,2,8.0,0,4.9
CUST-11091,4,87.6,1,2.7
CUST-11092,4,5.9,0,4.9
CUST-11093,4,117.4,1,2.9
CUST-11094,3,17.0,0,4.8
CUST-11095,6,12.2,0,4.2
CUST-11096,2,18.9,0,4.4
CUST-11097,4,95.5,2,2.1
CUST-11098,5,4.1,0,4.6
CUST-11099,4,11.7,0,4.9
CUST-11100,4,7.2,0,4.0
CUST-11101,1,60.0,1,2.5
CUST-11102,5,5.6,0,4.2
CUST-11103,6,113.6,3,2.4
CUST-11104,2,3.8,0,4.0
CUST-11105,6,81.4,0,2.4
CUST-11106,3,92.3,1,2.9
CUST-11107,7,11.4,0,3.8
CUST-11108,0,4.0,0,4.8
CUST-11109,6,6.8,0,4.6
CUST-11110,8,21.9,0,4.8
CUST-11111,6,19.3,0,4.4
CUST-11112,5,5.7,0,4.4
CUST-11113,8,21.2,0,4.5
CUST-11114,7,109.2,4,3.1
CUST-11115,2,23.5,0,4.0
CUST-11116,2,22.1,0,4.8
CUST-11117,4,18.6,0,4.4
CUST-11118,4,9.6,0,4.6
CUST-11119,7,9.4,0,4.1
CUST-11120,4,4.0,0,4.6
CUST-11121,9,9.0,0,4.1
CUST-11122,3,17.6,0,4.8
CUST-11123,2,23.7,0,4.3
CUST-11124,3,73.8,1,2.9
CUST-11125,7,8.6,0,4.6
CUST-11126,1,86.3,0,2.4
CUST-11127,5,75.5,3,2.5
CUST-11128,1,17.0,0,4.5
CUST-11129,2,10.5,0,4.0
CUST-11130,5,4.3,0,4.9
CUST-11131,5,14.4,0,4.3
CUST-11132,4,10.9,0,5.0
CUST-11133,2,20.1,0,4.6
CUST-11134,6,10.4,0,5.0
CUST-11135,3,14.7,0,4.7
CUST-11136,4,9.4,0,4.2
CUST-11137,5,16.5,0,4.2
CUST-11138,3,50.3,3,2.3
CUST-11139,3,15.8,0,4.7
CUST-11140,6,8.0,0,4.0
CUST-11141,2,10.0,0,4.7
CUST-11142,3,88.7,1,3.0
CUST-11143,0,4.0,0,4.5
CUST-11144,6,7.5,0,4.7
CUST-11145,3,12.3,0,3.9
CUST-11146,4,13.0,0,4.7
CUST-11147,3,59.5,3,3.1
CUST-11148,1,10.2,0,4.9
CUST-11149,5,15.7,0,4.3
CUST-11150,8,18.1,0,4.8
CUST-11151,4,67.8,2,2.4
CUST-11152,1,22.8,0,4.4
CUST-11153,4,72.0,0,2.1
CUST-11154,3,21.3,0,4.4
CUST-11155,4,104.5,1,1.8
CUST-11156,3,13.5,0,4.4
CUST-11157,2,11.5,0,3.9
CUST-11158,2,17.6,0,4.5
CUST-11159,2,9.5,0,4.7
CUST-11160,4,18.6,0,4.8
CUST-11161,3,20.9,0,4.8
CUST-11162,3,58.5,2,2.9
CUST-11163,5,77.2,3,1.8
CUST-11164,4,88.0,2,1.2
CUST-11165,5,12.8,0,4.0
CUST-11166,4,11.3,0,4.8
CUST-11167,4,17.9,0,4.0
CUST-11168,10,12.7,0,4.6
CUST-11169,5,13.6,0,4.0
CUST-11170,9,4.4,0,4.0
CUST-11171,4,7.3,0,4.7
CUST-11172,4,6.5,0,4.0
CUST-11173,5,66.2,2,1.8
CUST-11174,2,16.4,0,4.3
CUST-11175,7,11.9,0,4.2
CUST-11176,5,7.8,0,4.3
CUST-11177,3,4.9,0,4.9
CUST-11178,6,15.9,0,4.2
CUST-11179,1,92.6,0,2.2
CUST-11180,2,16.6,0,4.8
CUST-11181,4,3.7,0,4.7
CUST-11182,4,117.1,0,2.3
CUST-11183,8,4.8,0,4.7
CUST-11184,5,50.3,2,1.5
CUST-11185,2,89.7,1,1.3
CUST-11186,4,7.7,0,4.8
CUST-11187,5,13.9,0,4.7
CUST-11188,6,80.7,2,3.1
CUST-11189,3,21.3,0,4.7
CUST-11190,3,94.0,3,1.5
CUST-11191,4,19.7,0,4.9
CUST-11192,3,6.4,0,4.0
CUST-11193,3,8.5,0,4.6
CUST-11194,2,5.0,0,4.7
CUST-11195,7,12.0,0,3.8
CUST-11196,4,79.7,1,2.7
CUST-11197,2,15.8,0,4.1
CUST-11198,6,75.0,3,2.7
CUST-11199,2,93.6,1,2.9
CUST-11200,5,12.5,0,4.5
CUST-11201,2,6.2,0,4.0
CUST-11202,3,7.1,0,4.0
CUST-11203,3,12.4,0,4.0
CUST-11204,7,4.0,0,4.8
CUST-11205,3,9.3,0,4.0
CUST-11206,3,103.0,3,1.5
CUST-11207,3,53.1,0,2.3
CUST-11208,2,16.7,0,4.7
CUST-11209,3,21.7,0,4.5
CUST-11210,3,4.0,0,4.8
CUST-11211,7,9.6,0,4.7
CUST-11212,1,17.3,0,4.1
CUST-11213,3,99.9,2,2.9
CUST-11214,7,4.4,0,4.6
CUST-11215,3,103.1,1,3.0
CUST-11216,4,17.5,0,4.0
CUST-11217,6,15.4,0,3.9
CUST-11218,7,5.3,0,4.5
CUST-11219,2,9.9,0,4.4
CUST-11220,5,2.4,0,4.8
CUST-11221,4,9.8,0,4.3
CUST-11222,3,51.3,1,1.8
CUST-11223,3,6.3,0,4.7
CUST-11224,7,68.3,5,2.7
CUST-11225,4,16.1,0,4.9
CUST-11226,8,5.5,0,4.7
CUST-11227,4,2.3,0,4.9
CUST-11228,6,17.3,0,4.3
CUST-11229,5,11.4,0,4.8
CUST-11230,0,4.0,0,4.7
CUST-11231,6,20.3,0,4.7
CUST-11232,3,95.8,2,2.5
CUST-11233,6,100.1,3,1.5
CUST-11234,1,97.2,0,1.2
CUST-11235,5,15.1,0,4.3
CUST-11236,2,6.4,0,4.9
CUST-11237,6,13.9,0,5.0
CUST-11238,4,55.4,2,1.6
CUST-11239,0,4.0,0,4.4
CUST-11240,5,21.4,0,4.6
CUST-11241,2,19.5,0,4.9
CUST-11242,2,7.3,0,3.8
CUST-11243,1,5.2,0,4.9
CUST-11244,5,23.2,0,4.5
CUST-11245,2,14.3,0,4.7
CUST-11246,4,7.4,0,4.2
CUST-11247,4,16.2,0,4.5
CUST-11248,3,19.1,0,3.9
CUST-11249,9,16.2,0,4.8
CUST-11250,8,19.9,0,4.9
CUST-11251,4,117.5,2,1.4
CUST-11252,4,106.1,3,2.4
CUST-11253,3,9.7,0,4.4
CUST-11254,3,8.7,0,4.5
CUST-11255,6,19.5,0,4.1
CUST-11256,6,107.2,1,2.9
CUST-11257,6,17.6,0,4.6
CUST-11258,6,2.2,0,4.8
CUST-11259,2,2.6,0,4.4
CUST-11260,3,62.1,2,2.1
CUST-11261,3,11.6,0,4.4
CUST-11262,4,90.2,0,1.8
CUST-11263,2,8.6,0,4.8
CUST-11264,4,14.9,0,4.6
CUST-11265,4,17.8,0,3.8
CUST-11266,7,15.5,0,4.2
CUST-11267,5,10.7,0,3.9
CUST-11268,4,2.4,0,4.5
CUST-11269,3,9.9,0,4.6
CUST-11270,4,23.7,0,4.6
CUST-11271,4,23.1,0,3.8
CUST-11272,2,3.3,0,4.6
CUST-11273,2,5.9,0,4.2
CUST-11274,6,14.9,0,4.1
CUST-11275,10,2.8,0,5.0
CUST-11276,7,87.0,3,2.5
CUST-11277,1,50.0,0,3.1
CUST-11278,6,103.2,4,2.8
CUST-11279,1,15.0,0,4.2
CUST-11280,6,23.0,0,4.5
CUST-11281,6,8.9,0,3.9
CUST-11282,2,19.0,0,3.9
CUST-11283,6,54.3,2,2.3
CUST-11284,7,106.9,5,1.4
CUST-11285,3,16.2,0,4.3
CUST-11286,3,3.1,0,4.1
CUST-11287,7,6.9,0,4.5
CUST-11288,2,85.3,0,3.2
CUST-11289,0,4.0,0,4.6
CUST-11290,5,3.2,0,4.7
CUST-11291,3,8.2,0,4.8
CUST-11292,6,6.5,0,3.9
CUST-11293,3,15.4,0,4.5
CUST-11294,5,13.0,0,4.4
CUST-11295,2,13.4,0,4.3
CUST-11296,2,16.7,0,4.9
CUST-11297,6,67.5,2,2.4
CUST-11298,3,119.2,3,1.6
CUST-11299,5,3.3,0,4.3
CUST-11300,6,20.0,0,4.1
CUST-11301,4,18.0,0,3.9
CUST-11302,5,19.9,0,4.9
CUST-11303,5,5.7,0,3.9
CUST-11304,4,23.8,0,4.6
CUST-11305,7,14.0,0,5.0
CUST-11306,3,16.3,0,4.3
CUST-11307,5,80.2,1,2.6
CUST-11308,2,23.3,0,4.2
CUST-11309,3,17.3,0,3.8
CUST-11310,1,5.3,0,4.5
CUST-11311,2,3.2,0,3.9
CUST-11312,1,3.2,0,4.6
CUST-11313,4,5.4,0,4.5
CUST-11314,5,15.1,0,4.5
CUST-11315,5,2.0,0,4.2
CUST-11316,6,9.5,0,4.1
CUST-11317,4,17.6,0,4.8
CUST-11318,1,4.8,0,4.2
CUST-11319,4,5.4,0,4.6
CUST-11320,3,13.3,0,4.4
CUST-11321,2,5.8,0,3.9
CUST-11322,6,7.8,0,3.8
CUST-11323,4,6.3,0,4.7
CUST-11324,2,4.3,0,4.0
CUST-11325,7,7.3,0,3.8
CUST-11326,4,15.7,0,4.0
CUST-11327,3,66.2,1,2.6
CUST-11328,5,90.6,3,2.3
CUST-11329,6,18.5,0,4.8
CUST-11330,7,22.2,0,4.2
CUST-11331,0,4.0,0,4.3
CUST-11332,2,52.2,2,2.9
CUST-11333,4,91.8,0,2.5
CUST-11334,7,62.5,0,2.3
CUST-11335,7,21.2,0,4.9
CUST-11336,3,66.1,1,2.7
CUST-11337,4,6.9,0,4.4
CUST-11338,7,12.6,0,4.4
CUST-11339,7,13.3,0,4.1
CUST-11340,2,100.4,0,1.7
CUST-11341,2,12.7,0,4.6
CUST-11342,3,14.3,0,4.1
CUST-11343,4,102.8,1,2.8
CUST-11344,2,3.3,0,4.9
CUST-11345,3,51.1,0,1.4
CUST-11346,5,4.8,0,4.5
CUST-11347,8,22.6,0,3.9
CUST-11348,4,11.7,0,4.4
CUST-11349,7,112.3,2,2.9
CUST-11350,6,19.1,0,4.5
CUST-11351,3,20.2,0,4.0
CUST-11352,7,14.7,0,4.3
CUST-11353,6,58.0,1,1.7
CUST-11354,6,22.6,0,4.6
CUST-11355,3,21.8,0,4.0
CUST-11356,2,3.4,0,4.7
CUST-11357,3,10.5,0,3.9
CUST-11358,2,9.0,0,3.8
CUST-11359,7,12.8,0,4.5
CUST-11360,11,3.8,0,4.2
CUST-11361,1,5.3,0,3.9
CUST-11362,2,18.0,0,4.0
CUST-11363,2,15.5,0,4.4
CUST-11364,3,3.5,0,4.3
CUST-11365,5,12.6,0,4.6
CUST-11366,5,23.5,0,4.6
CUST-11367,6,8.8,0,4.8
CUST-11368,2,18.4,0,4.4
CUST-11369,3,20.2,0,4.7
CUST-11370,5,12.3,0,4.3
CUST-11371,2,16.8,0,5.0
CUST-11372,5,21.6,0,4.7
CUST-11373,3,104.0,2,1.9
CUST-11374,3,5.2,0,4.9
CUST-11375,3,12.5,0,4.8
CUST-11376,5,9.3,0,4.4
CUST-11377,6,21.2,0,4.6
CUST-11378,7,73.5,4,2.6
CUST-11379,3,23.4,0,4.0
CUST-11380,5,17.4,0,4.1
CUST-11381,1,8.3,0,4.3
CUST-11382,7,14.4,0,4.3
CUST-11383,2,23.1,0,4.5
CUST-11384,0,4.0,0,4.8
CUST-11385,3,13.7,0,3.9
CUST-11386,1,66.4,1,1.9
CUST-11387,4,13.8,0,4.0
CUST-11388,3,13.9,0,4.1
CUST-11389,2,113.2,1,1.2
CUST-11390,4,11.2,0,4.1
CUST-11391,4,23.3,0,4.4
CUST-11392,1,79.3,1,2.0
CUST-11393,2,48.6,2,3.2
CUST-11394,1,22.1,0,3.9
CUST-11395,5,76.4,1,2.2
CUST-11396,6,17.3,0,4.5
CUST-11397,5,11.6,0,4.4
CUST-11398,6,71.5,2,2.9
CUST-11399,5,6.6,0,4.8
CUST-11400,7,23.5,0,4.3
CUST-11401,3,12.4,0,4.2
CUST-11402,4,14.7,0,4.3
CUST-11403,4,89.4,3,2.0
CUST-11404,4,14.3,0,4.9
CUST-11405,4,4.5,0,4.6
CUST-11406,2,12.5,0,4.0
CUST-11407,6,94.3,2,2.7
CUST-11408,4,8.5,0,3.8
CUST-11409,5,10.6,0,4.4
CUST-11410,1,100.1,1,2.8
CUST-11411,2,71.0,0,1.9
CUST-11412,6,17.3,0,4.4
CUST-11413,2,9.8,0,4.2
CUST-11414,3,13.4,0,4.5
CUST-11415,3,23.5,0,4.0
CUST-11416,4,8.2,0,4.9
CUST-11417,3,116.4,0,1.7
CUST-11418,3,13.3,0,4.2
CUST-11419,5,10.9,0,4.4
CUST-11420,3,61.3,2,2.6
CUST-11421,5,12.2,0,4.0
CUST-11422,2,22.4,0,4.4
CUST-11423,5,16.5,0,4.4
CUST-11424,3,92.4,2,1.7
CUST-11425,4,23.5,0,4.9
CUST-11426,2,6.4,0,4.7
CUST-11427,1,92.3,0,1.6
CUST-11428,3,12.3,0,3.8
CUST-11429,2,64.2,1,3.1
CUST-11430,4,69.2,1,1.8
CUST-11431,4,6.6,0,4.8
CUST-11432,3,15.2,0,4.0
CUST-11433,6,67.5,2,2.0
CUST-11434,3,7.6,0,4.0
CUST-11435,5,21.8,0,4.2
CUST-11436,5,59.5,3,2.0
CUST-11437,7,2.2,0,3.9
CUST-11438,4,87.1,1,2.9
CUST-11439,7,10.8,0,4.6
CUST-11440,4,4.3,0,4.2
CUST-11441,8,4.5,0,4.9
CUST-11442,4,7.4,0,4.6
CUST-11443,5,7.6,0,4.8
CUST-11444,5,21.5,0,4.5
CUST-11445,3,14.1,0,3.9
CUST-11446,5,14.3,0,4.0
CUST-11447,3,10.2,0,3.9
CUST-11448,2,110.7,0,1.7
CUST-11449,1,5.5,0,4.7
CUST-11450,10,9.0,0,4.2
CUST-11451,1,8.8,0,3.9
CUST-11452,5,14.2,0,4.5
CUST-11453,6,11.7,0,3.8
CUST-11454,4,9.6,0,3.8
CUST-11455,3,23.1,0,4.4
CUST-11456,1,111.3,0,2.6
CUST-11457,3,22.1,0,4.7
CUST-11458,1,3.9,0,4.0
CUST-11459,5,93.4,1,3.0
CUST-11460,4,22.3,0,4.2
CUST-11461,3,21.9,0,4.7
CUST-11462,4,15.6,0,4.0
CUST-11463,4,18.0,0,4.4
CUST-11464,4,9.2,0,4.4
CUST-11465,7,74.4,2,2.4
CUST-11466,5,22.5,0,4.6
CUST-11467,4,13.5,0,4.9
CUST-11468,3,13.9,0,4.7
CUST-11469,3,73.0,1,3.2
CUST-11470,4,94.6,1,2.7
CUST-11471,3,110.8,0,2.1
CUST-11472,3,23.0,0,5.0
CUST-11473,2,19.7,0,4.0
CUST-11474,3,5.3,0,5.0
CUST-11475,7,6.2,0,4.5
CUST-11476,6,13.9,0,4.6
CUST-11477,2,23.1,0,3.9
CUST-11478,2,71.7,2,1.5
CUST-11479,3,22.8,0,4.4
CUST-11480,7,9.8,0,4.8
CUST-11481,5,22.8,0,4.0
CUST-11482,4,19.1,0,4.1
CUST-11483,2,97.5,2,3.0
CUST-11484,4,22.8,0,4.8
CUST-11485,5,12.3,0,4.1
CUST-11486,1,21.3,0,4.0
CUST-11487,7,3.4,0,4.8
CUST-11488,2,17.0,0,4.1
CUST-11489,5,2.5,0,4.4
CUST-11490,5,6.0,0,3.9
CUST-11491,9,23.9,0,4.2
CUST-11492,1,18.5,0,4.9
CUST-11493,4,21.5,0,4.6
CUST-11494,1,3.9,0,4.8
CUST-11495,4,15.6,0,4.3
CUST-11496,2,60.0,1,2.5
CUST-11497,3,15.2,0,4.7
CUST-11498,4,5.4,0,3.9
CUST-11499,1,12.2,0,3.9
CUST-11500,3,12.1,0,4.8
CUST-11501,7,63.7,2,1.6
CUST-11502,5,7.1,0,4.9
CUST-11503,5,7.1,0,4.8
CUST-11504,2,23.0,0,4.6
CUST-11505,2,19.8,0,4.5
CUST-11506,2,5.4,0,4.5
CUST-11507,5,18.7,0,4.5
CUST-11508,9,107.2,3,1.3
CUST-11509,3,23.0,0,4.4
CUST-11510,0,4.0,0,4.6
CUST-11511,6,3.7,0,4.5
CUST-11512,3,14.8,0,4.0
CUST-11513,4,3.4,0,4.5
CUST-11514,3,6.0,0,4.1
CUST-11515,4,7.9,0,4.0
CUST-11516,5,119.1,1,1.9
CUST-11517,3,21.3,0,3.9
CUST-11518,5,21.5,0,4.7
CUST-11519,2,21.0,0,4.6
CUST-11520,6,7.4,0,4.7
CUST-11521,2,7.9,0,4.3
CUST-11522,4,69.3,2,2.9
CUST-11523,5,14.5,0,4.5
CUST-11524,2,17.0,0,4.9
CUST-11525,2,76.1,0,3.0
CUST-11526,4,68.3,1,2.5
CUST-11527,5,11.8,0,4.5
CUST-11528,3,12.8,0,4.3
CUST-11529,7,2.5,0,4.4
CUST-11530,4,12.1,0,3.9
CUST-11531,4,5.2,0,3.9
CUST-11532,3,12.4,0,4.4
CUST-11533,2,22.3,0,4.1
CUST-11534,5,6.1,0,4.2
CUST-11535,7,3.1,0,4.6
CUST-11536,6,18.8,0,4.7
CUST-11537,3,15.0,0,3.9
CUST-11538,5,3.3,0,4.4
CUST-11539,4,9.4,0,4.8
CUST-11540,3,116.0,1,2.5
CUST-11541,3,70.9,1,3.0
CUST-11542,5,18.7,0,4.5
CUST-11543,2,6.3,0,4.3
CUST-11544,7,23.9,0,4.5
CUST-11545,3,10.0,0,4.2
CUST-11546,4,12.8,0,4.1
CUST-11547,4,15.3,0,3.9
CUST-11548,1,23.6,0,4.1
CUST-11549,6,9.7,0,4.8
CUST-11550,6,2.5,0,3.9
CUST-11551,7,10.5,0,3.8
CUST-11552,6,15.2,0,4.9
CUST-11553,3,119.2,2,2.1
CUST-11554,2,13.6,0,4.3
CUST-11555,5,15.5,0,4.8
CUST-11556,5,17.3,0,4.8
CUST-11557,6,23.8,0,4.6
CUST-11558,1,107.1,1,1.6
CUST-11559,0,4.0,0,4.4
CUST-11560,4,5.0,0,4.0
CUST-11561,3,3.5,0,4.0
CUST-11562,5,5.5,0,4.0
CUST-11563,2,12.6,0,4.6
CUST-11564,5,52.4,2,1.6
CUST-11565,2,22.9,0,4.5
CUST-11566,3,12.4,0,4.6
CUST-11567,4,23.2,0,4.8
CUST-11568,6,4.8,0,4.7
CUST-11569,2,4.6,0,4.9
CUST-11570,8,15.1,0,4.6
CUST-11571,2,11.3,0,4.2
CUST-11572,5,22.1,0,4.9
CUST-11573,2,86.3,1,1.9
CUST-11574,3,61.2,2,2.3
CUST-11575,1,79.8,1,2.5
CUST-11576,6,13.5,0,3.9
CUST-11577,4,112.4,0,3.1
CUST-11578,2,13.7,0,3.8
CUST-11579,8,14.3,0,4.9
CUST-11580,1,16.2,0,4.6
CUST-11581,3,23.4,0,4.1
CUST-11582,1,12.9,0,4.9
CUST-11583,3,119.1,2,2.7
CUST-11584,3,23.9,0,4.6
CUST-11585,4,10.2,0,4.9
CUST-11586,4,22.4,0,4.9
CUST-11587,4,9.6,0,4.5
CUST-11588,4,21.8,0,3.8
CUST-11589,0,4.0,0,4.7
CUST-11590,3,10.5,0,4.9
CUST-11591,6,91.1,1,1.8
CUST-11592,3,13.7,0,4.1
CUST-11593,1,16.8,0,4.3
CUST-11594,5,18.6,0,3.8
CUST-11595,4,6.7,0,4.9
CUST-11596,8,18.8,0,4.5
CUST-11597,3,13.0,0,4.2
CUST-11598,3,9.3,0,4.4
CUST-11599,5,19.5,0,4.8
CUST-11600,5,83.1,3,1.7
CUST-11601,4,22.2,0,4.3
CUST-11602,2,8.1,0,4.7
CUST-11603,7,8.3,0,4.7
CUST-11604,3,48.7,3,1.6
CUST-11605,6,116.3,2,1.6
CUST-11606,2,108.9,0,1.9
CUST-11607,10,66.5,2,2.9
CUST-11608,1,22.4,0,4.0
CUST-11609,4,10.2,0,4.0
CUST-11610,4,13.5,0,4.1
CUST-11611,7,13.5,0,4.7
CUST-11612,2,19.5,0,4.0
CUST-11613,2,3.2,0,4.8
CUST-11614,9,9.0,0,4.7
CUST-11615,1,19.8,0,4.0
CUST-11616,7,22.3,0,4.6
CUST-11617,2,106.1,0,1.7
CUST-11618,5,21.5,0,4.5
CUST-11619,2,12.3,0,4.9
CUST-11620,7,5.5,0,4.5
CUST-11621,5,63.1,2,2.2
CUST-11622,1,6.5,0,4.5
CUST-11623,4,111.9,1,1.9
CUST-11624,6,13.9,0,4.1
CUST-11625,7,18.7,0,4.5
CUST-11626,5,4.5,0,4.2
CUST-11627,1,19.0,0,4.0
CUST-11628,3,22.3,0,4.1
CUST-11629,3,21.5,0,4.7
CUST-11630,6,118.5,1,1.9
CUST-11631,3,61.6,0,1.9
CUST-11632,4,17.1,0,4.6
CUST-11633,2,6.2,0,4.4
CUST-11634,0,4.0,0,4.3
CUST-11635,1,3.1,0,4.5
CUST-11636,4,21.6,0,4.3
CUST-11637,5,5.7,0,5.0
CUST-11638,3,21.0,0,4.3
CUST-11639,6,3.4,0,4.6
CUST-11640,7,22.2,0,3.9
CUST-11641,6,17.5,0,4.7
CUST-11642,3,22.4,0,3.8
CUST-11643,3,21.9,0,4.3
CUST-11644,6,16.9,0,4.9
CUST-11645,3,3.3,0,3.9
CUST-11646,3,20.3,0,4.7
CUST-11647,7,117.8,4,2.6
CUST-11648,4,79.6,2,3.0
CUST-11649,4,13.6,0,4.2
CUST-11650,2,10.6,0,4.9
CUST-11651,3,90.4,2,1.4
CUST-11652,5,8.6,0,4.7
CUST-11653,4,6.9,0,4.8
CUST-11654,1,8.3,0,4.2
CUST-11655,2,19.7,0,4.3
CUST-11656,5,20.7,0,4.0
CUST-11657,4,20.9,0,3.8
CUST-11658,3,86.3,1,2.7
CUST-11659,2,8.6,0,4.8
CUST-11660,2,21.8,0,4.2
CUST-11661,6,14.6,0,4.9
CUST-11662,6,20.5,0,4.9
CUST-11663,3,2.9,0,4.1
CUST-11664,6,81.0,2,2.0
CUST-11665,5,105.1,2,3.2
CUST-11666,8,8.0,0,4.4
CUST-11667,7,10.1,0,4.7
CUST-11668,5,16.3,0,4.5
CUST-11669,1,116.8,0,1.8
CUST-11670,3,5.3,0,4.2
CUST-11671,6,85.3,2,3.0
CUST-11672,3,16.3,0,4.7
CUST-11673,1,21.4,0,4.4
CUST-11674,4,13.3,0,4.1
CUST-11675,4,18.9,0,4.9
CUST-11676,2,20.3,0,5.0
CUST-11677,5,15.6,0,4.5
CUST-11678,3,4.8,0,4.1
CUST-11679,2,21.3,0,4.4
CUST-11680,6,80.8,5,1.9
CUST-11681,3,8.2,0,3.9
CUST-11682,5,12.0,0,4.7
CUST-11683,4,2.5,0,4.2
CUST-11684,2,83.9,0,2.3
CUST-11685,4,8.2,0,5.0
CUST-11686,3,115.3,1,1.4
CUST-11687,3,12.1,0,4.6
CUST-11688,6,5.6,0,4.0
CUST-11689,2,10.8,0,4.0
CUST-11690,3,6.6,0,4.8
CUST-11691,2,19.5,0,4.7
CUST-11692,6,7.2,0,3.8
CUST-11693,4,9.6,0,4.4
CUST-11694,5,2.3,0,4.0
CUST-11695,3,14.8,0,3.8
CUST-11696,4,13.3,0,4.4
CUST-11697,5,12.3,0,4.9
CUST-11698,6,17.3,0,4.9
CUST-11699,2,12.1,0,4.6
CUST-11700,4,57.2,0,1.7
CUST-11701,9,9.3,0,5.0
CUST-11702,6,51.8,5,2.7
CUST-11703,7,7.1,0,3.9
CUST-11704,3,17.9,0,4.1
CUST-11705,3,23.5,0,5.0
CUST-11706,6,7.2,0,4.4
CUST-11707,9,17.2,0,4.9
CUST-11708,5,79.9,1,2.8
CUST-11709,7,16.4,0,4.2
CUST-11710,1,12.3,0,5.0
CUST-11711,5,20.2,0,4.4
CUST-11712,4,18.1,0,4.5
CUST-11713,6,19.9,0,5.0
CUST-11714,5,22.0,0,3.9
CUST-11715,4,112.0,2,3.0
CUST-11716,3,3.4,0,4.2
CUST-11717,2,22.6,0,4.4
CUST-11718,9,60.7,3,2.4
CUST-11719,5,62.2,3,2.3
CUST-11720,9,15.7,0,3.9
CUST-11721,9,19.7,0,4.2
CUST-11722,5,18.5,0,4.3
CUST-11723,4,19.2,0,4.4
CUST-11724,3,3.4,0,5.0
CUST-11725,4,22.4,0,4.8
CUST-11726,4,20.6,0,3.8
CUST-11727,4,94.9,2,2.7
CUST-11728,1,21.3,0,4.0
CUST-11729,4,8.0,0,4.4
CUST-11730,3,5.1,0,4.2
CUST-11731,6,17.0,0,4.9
CUST-11732,8,2.6,0,4.4
CUST-11733,1,11.8,0,4.1
CUST-11734,6,7.8,0,4.7
CUST-11735,2,3.5,0,4.1
CUST-11736,3,6.1,0,4.3
CUST-11737,3,18.0,0,4.4
CUST-11738,7,14.7,0,4.1
CUST-11739,4,7.2,0,4.2
CUST-11740,5,4.7,0,4.1
CUST-11741,4,4.4,0,4.0
CUST-11742,7,19.9,0,4.1
CUST-11743,9,6.5,0,4.9
CUST-11744,3,110.6,1,2.3
CUST-11745,3,22.9,0,4.5
CUST-11746,4,20.3,0,4.8
CUST-11747,2,13.4,0,4.4
CUST-11748,7,7.2,0,4.6
CUST-11749,3,20.9,0,3.9
CUST-11750,6,20.4,0,4.8
CUST-11751,5,17.1,0,4.1
CUST-11752,4,57.3,1,1.9
CUST-11753,2,4.9,0,4.2
CUST-11754,8,13.3,0,4.6
CUST-11755,3,5.7,0,4.7
CUST-11756,3,107.4,1,2.0
CUST-11757,4,11.8,0,4.0
CUST-11758,10,69.2,6,1.6
CUST-11759,2,14.2,0,4.5
CUST-11760,2,84.4,0,2.9
CUST-11761,2,109.8,1,2.3
CUST-11762,3,4.7,0,4.7
CUST-11763,4,98.3,3,1.3
CUST-11764,5,2.3,0,5.0
CUST-11765,4,5.3,0,4.3
CUST-11766,5,19.8,0,4.2
CUST-11767,2,21.0,0,4.8
CUST-11768,4,11.0,0,3.9
CUST-11769,2,11.9,0,4.5
CUST-11770,2,57.1,1,1.2
CUST-11771,10,104.6,6,2.2
CUST-11772,5,66.8,3,1.5
CUST-11773,6,19.6,0,4.6
CUST-11774,4,18.4,0,4.5
CUST-11775,4,15.1,0,4.5
CUST-11776,7,16.5,0,4.9
CUST-11777,4,88.4,1,1.8
CUST-11778,2,3.7,0,4.9
CUST-11779,5,6.4,0,4.0
CUST-11780,9,4.3,0,3.9
CUST-11781,8,5.2,0,4.2
CUST-11782,4,23.5,0,4.7
CUST-11783,5,5.5,0,5.0
CUST-11784,2,18.1,0,4.6
CUST-11785,3,9.7,0,4.5
CUST-11786,5,85.1,3,2.8
CUST-11787,5,89.9,2,1.8
CUST-11788,2,20.2,0,4.4
CUST-11789,3,118.0,0,3.1
CUST-11790,5,19.9,0,5.0
CUST-11791,2,9.6,0,4.0
CUST-11792,5,5.1,0,4.6
CUST-11793,4,50.4,2,2.6
CUST-11794,2,6.3,0,4.6
CUST-11795,3,16.2,0,4.1
CUST-11796,7,14.9,0,3.9
CUST-11797,5,18.9,0,4.2
CUST-11798,2,5.9,0,4.9
CUST-11799,3,15.2,0,4.1
CUST-11800,3,64.7,1,1.6
CUST-11801,2,19.6,0,4.3
CUST-11802,4,9.4,0,5.0
CUST-11803,8,16.6,0,4.7
CUST-11804,2,10.7,0,4.5
CUST-11805,1,20.2,0,4.1
CUST-11806,4,20.0,0,4.4
CUST-11807,4,2.7,0,4.4
CUST-11808,1,21.9,0,4.4
CUST-11809,1,3.1,0,4.9
CUST-11810,1,23.2,0,4.4
CUST-11811,5,11.7,0,4.8
CUST-11812,4,9.2,0,4.4
CUST-11813,4,5.3,0,4.1
CUST-11814,4,50.5,1,2.8
CUST-11815,2,7.0,0,4.4
CUST-11816,8,6.5,0,4.5
CUST-11817,4,12.2,0,3.9
CUST-11818,2,78.9,0,2.7
CUST-11819,3,20.8,0,5.0
CUST-11820,2,23.1,0,4.3
CUST-11821,4,92.3,2,2.9
CUST-11822,4,6.3,0,4.6
CUST-11823,5,20.7,0,4.4
CUST-11824,5,14.6,0,4.4
CUST-11825,4,71.9,1,2.5
CUST-11826,5,11.1,0,4.6
CUST-11827,6,24.0,0,4.1
CUST-11828,1,96.2,0,1.6
CUST-11829,2,2.1,0,4.5
CUST-11830,1,81.1,1,1.7
CUST-11831,2,16.0,0,4.8
CUST-11832,5,16.5,0,4.7
CUST-11833,6,17.8,0,3.8
CUST-11834,3,6.7,0,4.9
CUST-11835,5,5.3,0,4.4
CUST-11836,7,21.9,0,4.6
CUST-11837,1,87.2,0,1.5
CUST-11838,3,16.9,0,4.6
CUST-11839,2,23.0,0,4.2
CUST-11840,8,6.8,0,4.2
CUST-11841,2,15.6,0,5.0
CUST-11842,6,116.5,3,2.6
CUST-11843,5,3.5,0,4.2
CUST-11844,3,22.6,0,4.9
CUST-11845,5,15.7,0,4.2
CUST-11846,4,6.9,0,4.8
CUST-11847,3,19.8,0,4.2
CUST-11848,4,63.2,1,1.3
CUST-11849,3,20.7,0,4.6
CUST-11850,3,84.9,1,1.5
CUST-11851,5,14.4,0,4.5
CUST-11852,2,9.3,0,4.9
CUST-11853,4,17.0,0,4.8
CUST-11854,3,3.4,0,4.0
CUST-11855,1,20.0,0,4.9
CUST-11856,4,11.2,0,3.8
CUST-11857,6,6.9,0,4.2
CUST-11858,3,7.7,0,4.7
CUST-11859,2,98.7,0,2.9
CUST-11860,3,9.5,0,4.8
CUST-11861,5,101.3,2,1.6
CUST-11862,3,4.7,0,4.7
CUST-11863,7,19.6,0,5.0
CUST-11864,3,5.5,0,4.1
CUST-11865,4,8.5,0,4.5
CUST-11866,6,9.5,0,4.2
CUST-11867,5,13.1,0,3.8
CUST-11868,7,4.0,0,4.8
CUST-11869,3,18.5,0,4.7
CUST-11870,3,69.5,2,1.2
CUST-11871,5,91.5,2,1.5
CUST-11872,2,84.6,1,1.6
CUST-11873,3,11.6,0,4.9
CUST-11874,4,13.0,0,4.0
CUST-11875,7,102.1,2,1.3
CUST-11876,5,11.4,0,4.4
CUST-11877,8,14.6,0,5.0
CUST-11878,2,10.0,0,4.7
CUST-11879,5,12.9,0,4.0
CUST-11880,4,111.3,0,3.1
CUST-11881,5,8.0,0,4.9
CUST-11882,8,23.9,0,4.1
CUST-11883,5,14.9,0,4.5
CUST-11884,3,9.6,0,3.8
CUST-11885,3,77.8,1,2.8
CUST-11886,3,3.8,0,4.8
CUST-11887,1,111.6,1,2.8
CUST-11888,3,102.3,2,2.7
CUST-11889,4,17.9,0,4.0
CUST-11890,4,62.7,3,2.4
CUST-11891,0,4.0,0,4.4
CUST-11892,3,11.1,0,4.0
CUST-11893,7,106.3,2,2.5
CUST-11894,5,5.7,0,3.9
CUST-11895,7,15.3,0,4.1
CUST-11896,2,3.9,0,5.0
CUST-11897,0,4.0,0,4.8
CUST-11898,6,7.9,0,3.9
CUST-11899,4,58.0,3,1.8
CUST-11900,3,5.2,0,5.0
CUST-11901,3,16.4,0,4.3
CUST-11902,8,76.2,3,2.9
CUST-11903,4,56.8,2,2.8
CUST-11904,6,15.4,0,3.9
CUST-11905,4,20.2,0,4.2
CUST-11906,5,12.6,0,4.6
CUST-11907,6,10.1,0,4.8
CUST-11908,6,23.8,0,4.8
CUST-11909,4,9.6,0,4.0
CUST-11910,4,94.7,1,2.0
CUST-11911,2,6.3,0,3.8
CUST-11912,1,11.5,0,4.5
CUST-11913,3,8.6,0,4.6
CUST-11914,4,56.2,2,1.2
CUST-11915,2,59.7,1,1.9
CUST-11916,5,58.2,1,1.4
CUST-11917,6,21.2,0,4.2
CUST-11918,3,13.0,0,4.9
CUST-11919,3,12.2,0,4.7
CUST-11920,7,18.5,0,5.0
CUST-11921,7,15.2,0,4.4
CUST-11922,1,15.3,0,3.9
CUST-11923,6,19.7,0,5.0
CUST-11924,4,59.2,1,2.5
CUST-11925,2,103.2,1,2.2
CUST-11926,5,9.1,0,4.7
CUST-11927,3,16.6,0,4.2
CUST-11928,4,72.8,2,3.2
CUST-11929,2,14.6,0,4.3
CUST-11930,3,19.5,0,4.6
CUST-11931,4,57.8,2,1.2
CUST-11932,1,15.3,0,4.2
CUST-11933,3,75.0,0,2.1
CUST-11934,4,3.0,0,3.9
CUST-11935,3,20.9,0,4.6
CUST-11936,5,11.4,0,4.5
CUST-11937,3,107.5,0,2.0
CUST-11938,4,10.7,0,4.1
CUST-11939,1,4.3,0,4.4
CUST-11940,2,99.5,1,3.0
CUST-11941,5,54.9,1,3.1
CUST-11942,3,15.9,0,4.7
CUST-11943,7,57.1,2,2.3
CUST-11944,5,11.5,0,4.2
CUST-11945,5,17.0,0,4.9
CUST-11946,6,6.3,0,4.4
CUST-11947,3,17.2,0,4.4
CUST-11948,3,4.3,0,4.8
CUST-11949,5,60.0,1,3.1
CUST-11950,2,5.4,0,3.9
CUST-11951,3,13.1,0,3.8
CUST-11952,1,16.1,0,4.4
CUST-11953,1,2.2,0,4.5
CUST-11954,9,16.9,0,4.9
CUST-11955,2,8.6,0,4.3
CUST-11956,4,15.3,0,4.6
CUST-11957,3,84.0,2,1.7
CUST-11958,6,18.8,0,4.2
CUST-11959,3,49.0,1,1.6
CUST-11960,3,14.1,0,4.1
CUST-11961,5,11.6,0,4.3
CUST-11962,8,115.8,4,2.3
CUST-11963,6,4.7,0,4.9
CUST-11964,4,101.5,2,2.1
CUST-11965,9,9.2,0,4.9
CUST-11966,4,10.5,0,4.0
CUST-11967,2,9.4,0,4.8
CUST-11968,3,2.4,0,4.5
CUST-11969,2,12.0,0,4.8
CUST-11970,1,18.1,0,3.9
CUST-11971,5,4.3,0,4.8
CUST-11972,5,14.4,0,3.9
CUST-11973,6,20.3,0,4.6
CUST-11974,4,7.4,0,4.7
CUST-11975,4,15.3,0,4.1
CUST-11976,2,5.7,0,5.0
CUST-11977,3,17.1,0,4.8
CUST-11978,4,15.0,0,4.9
CUST-11979,5,21.3,0,3.9
CUST-11980,3,3.2,0,4.8
CUST-11981,6,119.8,0,1.5
CUST-11982,2,8.4,0,4.6
CUST-11983,3,14.9,0,4.4
CUST-11984,2,5.9,0,4.9
CUST-11985,5,110.6,1,1.9
CUST-11986,8,89.8,5,2.2
CUST-11987,3,48.8,1,1.4
CUST-11988,5,2.2,0,4.9
CUST-11989,4,7.1,0,4.0
CUST-11990,4,15.7,0,3.8
CUST-11991,6,12.3,0,3.9
CUST-11992,1,17.1,0,4.1
CUST-11993,1,48.6,1,2.5
CUST-11994,4,5.1,0,4.6
CUST-11995,1,12.4,0,4.1
CUST-11996,7,7.4,0,4.9
CUST-11997,6,19.1,0,4.7
CUST-11998,3,93.9,2,2.5
CUST-11999,9,9.4,0,4.6
CUST-12000,7,19.9,0,4.9
CUST-12001,3,22.7,0,4.5
CUST-12002,3,20.7,0,4.8
CUST-12003,5,65.4,4,2.4
CUST-12004,5,60.0,2,2.7
CUST-12005,4,82.4,1,1.7
CUST-12006,5,61.2,2,1.4
CUST-12007,4,7.8,0,4.5
CUST-12008,4,22.3,0,4.5
CUST-12009,6,87.6,4,2.4
CUST-12010,6,11.9,0,4.9
CUST-12011,5,9.2,0,4.3
CUST-12012,4,94.4,1,2.3
CUST-12013,6,93.3,2,2.8
CUST-12014,4,11.4,0,3.9
CUST-12015,4,103.5,2,1.2
CUST-12016,5,3.9,0,4.3
CUST-12017,4,15.9,0,4.2
CUST-12018,1,14.4,0,4.9
CUST-12019,5,23.1,0,4.3
CUST-12020,8,7.7,0,4.8
CUST-12021,8,15.0,0,4.7
CUST-12022,3,11.4,0,4.4
CUST-12023,3,4.5,0,4.7
CUST-12024,3,11.2,0,4.4
CUST-12025,1,77.2,0,3.0
CUST-12026,1,10.4,0,4.5
CUST-12027,4,118.4,2,1.7
CUST-12028,6,5.5,0,5.0
CUST-12029,4,105.5,1,2.1
CUST-12030,5,9.1,0,4.9
CUST-12031,3,5.9,0,4.5
CUST-12032,6,22.4,0,4.6
CUST-12033,2,7.8,0,4.2
CUST-12034,4,21.2,0,4.3
CUST-12035,4,13.6,0,4.6
CUST-12036,0,4.0,0,4.3
CUST-12037,1,6.5,0,4.4
CUST-12038,3,2.1,0,4.8
CUST-12039,2,19.6,0,4.6
CUST-12040,5,14.5,0,5.0
CUST-12041,5,4.7,0,3.9
CUST-12042,0,4.0,0,4.8
CUST-12043,6,11.5,0,4.6
CUST-12044,3,107.4,2,2.6
CUST-12045,5,21.9,0,4.1
CUST-12046,5,5.9,0,4.5
CUST-12047,4,4.8,0,4.2
CUST-12048,6,11.7,0,4.0
CUST-12049,4,2.6,0,4.8
CUST-12050,8,16.2,0,4.4
CUST-12051,3,19.8,0,4.0
CUST-12052,4,16.9,0,4.1
CUST-12053,2,13.1,0,4.7
CUST-12054,4,16.2,0,4.4
CUST-12055,6,19.2,0,5.0
CUST-12056,4,105.2,3,3.1
CUST-12057,3,108.9,2,2.2
CUST-12058,5,107.4,2,1.5
CUST-12059,2,2.1,0,4.6
CUST-12060,4,6.5,0,3.8
CUST-12061,0,4.0,0,4.3
CUST-12062,1,17.8,0,4.4
CUST-12063,2,81.9,2,2.2
CUST-12064,1,9.8,0,4.3
CUST-12065,5,108.4,2,2.3
CUST-12066,5,23.0,0,4.8
CUST-12067,5,6.8,0,4.3
CUST-12068,9,19.8,0,4.3
CUST-12069,3,8.1,0,4.2
CUST-12070,5,61.2,3,1.8
CUST-12071,5,15.0,0,4.8
CUST-12072,3,9.4,0,4.2
CUST-12073,6,23.7,0,4.9
CUST-12074,4,7.6,0,4.0
CUST-12075,3,14.1,0,4.6
CUST-12076,3,20.0,0,4.5
CUST-12077,3,15.6,0,3.8
CUST-12078,9,72.8,4,3.0
CUST-12079,4,12.8,0,4.3
CUST-12080,5,11.5,0,4.6
CUST-12081,3,61.6,1,3.2
CUST-12082,5,9.2,0,4.7
CUST-12083,5,12.5,0,4.7
CUST-12084,5,95.0,1,2.5
CUST-12085,4,10.3,0,4.4
CUST-12086,2,56.3,0,1.6
CUST-12087,2,3.6,0,4.4
CUST-12088,4,9.4,0,4.0
CUST-12089,5,21.1,0,4.9
CUST-12090,7,11.3,0,3.8
CUST-12091,5,6.0,0,4.8
CUST-12092,1,6.3,0,4.3
CUST-12093,4,12.4,0,4.8
CUST-12094,6,4.6,0,4.5
CUST-12095,6,14.8,0,3.9
CUST-12096,5,118.8,2,1.3
CUST-12097,6,18.7,0,4.3
CUST-12098,5,17.5,0,4.0
CUST-12099,4,2.9,0,3.8
CUST-12100,4,2.3,0,3.9
CUST-12101,4,13.2,0,4.3
CUST-12102,6,23.6,0,4.7
CUST-12103,3,14.9,0,3.8
CUST-12104,2,107.7,1,2.1
CUST-12105,4,69.7,0,2.9
CUST-12106,5,5.2,0,3.8
CUST-12107,4,3.6,0,4.2
CUST-12108,3,18.7,0,4.3
CUST-12109,6,8.6,0,4.2
CUST-12110,7,118.9,2,1.8
CUST-12111,4,23.8,0,4.5
CUST-12112,8,3.9,0,4.7
CUST-12113,3,17.4,0,4.4
CUST-12114,8,13.0,0,5.0
CUST-12115,0,4.0,0,4.5
CUST-12116,7,3.4,0,4.8
CUST-12117,4,16.2,0,4.5
CUST-12118,7,15.5,0,4.3
CUST-12119,3,12.8,0,4.6
CUST-12120,5,8.9,0,4.9
CUST-12121,4,20.4,0,3.8
CUST-12122,3,4.8,0,4.0
CUST-12123,3,75.5,2,1.8
CUST-12124,5,4.8,0,4.4
CUST-12125,3,80.9,0,3.2
CUST-12126,1,14.4,0,3.9
CUST-12127,7,9.1,0,4.7
CUST-12128,3,23.6,0,4.4
CUST-12129,2,11.4,0,4.5
CUST-12130,0,4.0,0,4.7
CUST-12131,5,20.9,0,4.7
CUST-12132,4,91.0,1,2.2
CUST-12133,3,95.1,1,1.4
CUST-12134,4,11.6,0,4.5
CUST-12135,6,15.9,0,4.3
CUST-12136,7,20.0,0,4.8
CUST-12137,4,20.9,0,4.1
CUST-12138,3,9.6,0,4.6
CUST-12139,4,6.7,0,4.2
CUST-12140,7,112.8,3,3.1
CUST-12141,6,18.7,0,4.1
CUST-12142,6,114.8,3,2.8
CUST-12143,5,16.0,0,4.2
CUST-12144,5,21.0,0,4.2
CUST-12145,0,4.0,0,4.9
CUST-12146,5,14.7,0,4.7
CUST-12147,5,18.1,0,4.3
CUST-12148,3,11.9,0,4.7
CUST-12149,1,16.4,0,4.5
CUST-12150,4,20.7,0,4.2
CUST-12151,2,104.0,0,2.6
CUST-12152,2,22.9,0,4.9
CUST-12153,2,63.2,1,2.7
CUST-12154,2,16.1,0,4.6
CUST-12155,5,22.6,0,4.5
CUST-12156,6,12.7,0,4.1
CUST-12157,2,75.5,0,2.1
CUST-12158,4,9.8,0,4.4
CUST-12159,2,8.0,0,3.8
CUST-12160,2,8.6,0,4.6
CUST-12161,3,10.7,0,4.6
CUST-12162,3,109.0,2,3.1
CUST-12163,4,73.3,2,2.3
CUST-12164,2,98.5,0,2.1
CUST-12165,2,64.1,1,3.0
CUST-12166,2,9.1,0,4.0
CUST-12167,4,20.2,0,3.8
CUST-12168,8,11.1,0,4.0
CUST-12169,3,18.5,0,4.6
CUST-12170,2,10.4,0,4.7
CUST-12171,1,6.3,0,4.3
CUST-12172,4,14.3,0,4.7
CUST-12173,4,19.4,0,4.4
CUST-12174,1,49.0,0,2.7
CUST-12175,6,7.4,0,4.1
CUST-12176,5,23.8,0,3.9
CUST-12177,6,3.5,0,4.9
CUST-12178,5,9.4,0,4.8
CUST-12179,6,21.1,0,4.7
CUST-12180,4,107.5,1,3.0
CUST-12181,2,22.4,0,4.4
CUST-12182,2,17.2,0,4.7
CUST-12183,5,115.6,2,1.2
CUST-12184,11,89.7,5,2.7
CUST-12185,6,107.7,3,2.9
CUST-12186,6,12.9,0,4.9
CUST-12187,6,17.3,0,4.7
CUST-12188,1,4.5,0,4.0
CUST-12189,5,9.6,0,4.0
CUST-12190,3,3.3,0,4.9
CUST-12191,2,82.5,0,2.9
CUST-12192,5,3.5,0,4.2
CUST-12193,7,66.4,3,2.3
CUST-12194,2,109.2,1,1.7
CUST-12195,2,21.4,0,4.4
CUST-12196,3,5.1,0,4.0
CUST-12197,1,20.0,0,4.4
CUST-12198,4,113.3,2,2.2
CUST-12199,3,48.4,2,2.4
CUST-12200,4,19.1,0,4.4
CUST-12201,7,19.5,0,4.3
CUST-12202,5,17.7,0,4.3
CUST-12203,2,53.4,1,1.3
CUST-12204,3,6.8,0,4.9
CUST-12205,5,14.7,0,4.7
CUST-12206,3,2.3,0,3.8
CUST-12207,2,23.7,0,4.9
CUST-12208,4,14.8,0,4.0
CUST-12209,3,18.9,0,3.9
CUST-12210,4,11.5,0,4.3
CUST-12211,4,98.3,2,2.6
CUST-12212,3,75.5,2,1.9
CUST-12213,3,50.6,2,2.8
CUST-12214,7,16.3,0,4.7
CUST-12215,6,15.6,0,4.2
CUST-12216,6,22.1,0,4.7
CUST-12217,5,5.9,0,3.8
CUST-12218,3,7.4,0,4.9
CUST-12219,0,4.0,0,4.3
CUST-12220,2,112.8,1,2.0
CUST-12221,6,20.0,0,4.7
CUST-12222,3,15.6,0,4.7
CUST-12223,3,15.3,0,4.1
CUST-12224,2,9.1,0,4.1
CUST-12225,4,88.9,2,3.1
CUST-12226,2,14.7,0,4.1
CUST-12227,4,12.6,0,4.2
CUST-12228,3,20.6,0,4.8
CUST-12229,3,2.0,0,4.2
CUST-12230,0,4.0,0,4.2
CUST-12231,2,7.6,0,4.4
CUST-12232,3,22.7,0,4.1
CUST-12233,0,4.0,0,5.0
CUST-12234,5,13.2,0,4.1
CUST-12235,4,50.9,2,3.1
CUST-12236,2,15.4,0,4.6
CUST-12237,5,17.7,0,4.2
CUST-12238,7,5.6,0,5.0
CUST-12239,2,2.6,0,4.1
CUST-12240,7,23.7,0,4.7
CUST-12241,3,7.0,0,4.2
CUST-12242,4,14.0,0,4.1
CUST-12243,1,13.7,0,4.6
CUST-12244,7,66.8,3,2.3
CUST-12245,4,17.7,0,5.0
CUST-12246,3,9.8,0,4.9
CUST-12247,4,13.9,0,4.7
CUST-12248,6,85.1,2,1.7
CUST-12249,6,57.5,4,3.0
CUST-12250,3,14.1,0,4.8
CUST-12251,4,4.1,0,4.9
CUST-12252,5,6.4,0,4.9
CUST-12253,4,5.9,0,4.8
CUST-12254,6,57.2,4,1.9
CUST-12255,4,112.8,0,3.0
CUST-12256,1,21.0,0,4.1
CUST-12257,6,4.6,0,4.5
CUST-12258,3,9.5,0,4.0
CUST-12259,3,102.6,0,2.1
CUST-12260,5,82.3,3,2.5
CUST-12261,7,21.2,0,4.2
CUST-12262,3,23.9,0,4.2
CUST-12263,3,21.3,0,4.3
CUST-12264,4,53.0,2,1.4
CUST-12265,3,14.2,0,3.8
CUST-12266,7,57.1,3,3.1
CUST-12267,2,2.0,0,4.5
CUST-12268,3,5.2,0,4.9
CUST-12269,4,23.3,0,4.0
CUST-12270,3,12.8,0,3.8
CUST-12271,5,16.5,0,4.5
CUST-12272,2,56.8,0,1.9
CUST-12273,2,3.6,0,3.8
CUST-12274,4,10.9,0,4.0
CUST-12275,4,22.2,0,4.9
CUST-12276,4,6.4,0,3.9
CUST-12277,3,63.6,1,1.2
CUST-12278,5,14.9,0,4.9
CUST-12279,6,56.0,3,2.4
CUST-12280,3,3.4,0,4.5
CUST-12281,4,9.1,0,4.5
CUST-12282,2,72.2,1,3.2
CUST-12283,7,19.1,0,4.4
CUST-12284,5,9.2,0,3.9
CUST-12285,3,21.9,0,4.8
CUST-12286,5,55.6,3,2.3
CUST-12287,6,17.6,0,4.2
CUST-12288,4,71.3,3,2.7
CUST-12289,2,12.7,0,4.7
CUST-12290,3,3.3,0,4.0
CUST-12291,0,4.0,0,4.7
CUST-12292,5,119.0,2,1.4
CUST-12293,9,110.0,3,2.9
CUST-12294,4,22.9,0,4.4
CUST-12295,8,8.8,0,4.6
CUST-12296,5,7.7,0,4.0
CUST-12297,4,19.7,0,4.6
CUST-12298,1,8.0,0,4.6
CUST-12299,0,4.0,0,4.3
CUST-12300,3,23.9,0,4.3
CUST-12301,1,11.3,0,4.8
CUST-12302,3,13.0,0,4.3
CUST-12303,7,17.4,0,4.6
CUST-12304,4,18.9,0,4.3
CUST-12305,6,77.6,3,1.9
CUST-12306,2,11.9,0,4.0
CUST-12307,6,18.4,0,4.5
CUST-12308,3,53.9,2,3.0
CUST-12309,1,23.0,0,4.9
CUST-12310,8,18.2,0,4.4
CUST-12311,5,19.1,0,4.5
CUST-12312,1,15.4,0,4.3
CUST-12313,6,20.9,0,3.9
CUST-12314,3,12.8,0,4.2
CUST-12315,4,6.2,0,4.3
CUST-12316,9,114.5,5,1.9
CUST-12317,7,14.3,0,3.8
CUST-12318,8,16.0,0,4.0
CUST-12319,6,17.9,0,4.5
CUST-12320,1,91.7,1,1.6
CUST-12321,6,20.9,0,4.0
CUST-12322,1,12.6,0,4.6
CUST-12323,2,15.7,0,4.4
CUST-12324,3,13.8,0,4.2
CUST-12325,6,5.8,0,3.8
CUST-12326,4,13.3,0,5.0
CUST-12327,3,19.8,0,4.8
CUST-12328,0,4.0,0,4.4
CUST-12329,2,15.8,0,4.5
CUST-12330,5,16.6,0,4.2
CUST-12331,6,19.8,0,4.1
CUST-12332,5,9.2,0,4.1
CUST-12333,8,22.1,0,4.1
CUST-12334,3,22.9,0,3.8
CUST-12335,2,23.4,0,4.9
CUST-12336,6,9.6,0,3.9
CUST-12337,6,6.5,0,3.8
CUST-12338,3,73.7,2,3.0
CUST-12339,5,6.0,0,5.0
CUST-12340,3,16.3,0,4.2
CUST-12341,4,11.2,0,4.6
CUST-12342,3,51.4,2,2.8
CUST-12343,3,6.7,0,4.4
CUST-12344,5,8.1,0,4.2
CUST-12345,2,15.5,0,4.0
CUST-12346,1,16.7,0,4.9
CUST-12347,3,3.2,0,4.5
CUST-12348,3,9.5,0,4.2
CUST-12349,3,19.4,0,4.6
CUST-12350,5,22.2,0,4.2
CUST-12351,5,24.0,0,4.7
CUST-12352,2,11.2,0,4.2
CUST-12353,1,5.8,0,4.3
CUST-12354,6,22.4,0,4.5
CUST-12355,4,52.5,0,2.3
CUST-12356,7,23.7,0,5.0
CUST-12357,6,19.7,0,4.8
CUST-12358,9,15.9,0,4.0
CUST-12359,7,19.3,0,4.1
CUST-12360,3,115.0,1,3.1
CUST-12361,3,10.5,0,4.8
CUST-12362,5,13.6,0,3.9
CUST-12363,3,18.9,0,4.1
CUST-12364,6,15.9,0,4.4
CUST-12365,4,9.6,0,4.0
CUST-12366,4,3.7,0,3.9
CUST-12367,5,66.7,3,1.3
CUST-12368,4,23.4,0,4.4
CUST-12369,1,13.7,0,3.9
CUST-12370,6,2.9,0,5.0
CUST-12371,0,4.0,0,4.9
CUST-12372,5,3.1,0,4.4
CUST-12373,7,19.8,0,4.8
CUST-12374,3,9.4,0,4.7
CUST-12375,7,6.7,0,4.0
CUST-12376,4,18.6,0,4.6
CUST-12377,4,9.3,0,5.0
CUST-12378,1,17.1,0,4.4
CUST-12379,4,20.7,0,4.1
CUST-12380,7,52.6,3,2.8
CUST-12381,2,60.7,1,1.4
CUST-12382,4,14.6,0,4.9
CUST-12383,8,2.6,0,4.4
CUST-12384,2,74.9,0,2.0
CUST-12385,7,19.4,0,4.6
CUST-12386,5,116.2,3,3.1
CUST-12387,3,4.1,0,4.3
CUST-12388,3,6.1,0,4.2
CUST-12389,8,53.1,4,2.2
CUST-12390,6,4.2,0,4.8
CUST-12391,2,22.4,0,3.9
CUST-12392,2,4.9,0,4.0
CUST-12393,4,20.2,0,4.7
CUST-12394,4,16.6,0,3.9
CUST-12395,5,4.9,0,5.0
CUST-12396,4,21.2,0,4.7
CUST-12397,6,49.0,4,1.5
CUST-12398,2,13.9,0,4.0
CUST-12399,1,15.3,0,4.7
CUST-12400,4,20.9,0,4.6
CUST-12401,5,110.6,2,2.6
CUST-12402,4,19.8,0,4.5
CUST-12403,9,93.2,2,2.4
CUST-12404,6,75.1,2,2.8
CUST-12405,0,4.0,0,4.9
CUST-12406,8,48.8,2,1.6
CUST-12407,3,19.1,0,4.9
CUST-12408,2,8.5,0,4.5
CUST-12409,4,50.8,1,1.9
CUST-12410,4,19.4,0,4.3
CUST-12411,2,99.1,2,1.9
CUST-12412,4,16.4,0,4.8
CUST-12413,7,19.7,0,4.7
CUST-12414,3,78.8,1,2.4
CUST-12415,6,16.8,0,4.7
CUST-12416,3,99.4,2,1.3
CUST-12417,4,9.1,0,4.7
CUST-12418,2,18.6,0,4.2
CUST-12419,5,8.7,0,4.0
CUST-12420,4,62.2,2,1.5
CUST-12421,4,10.3,0,4.6
CUST-12422,4,4.2,0,3.9
CUST-12423,2,95.3,1,1.4
CUST-12424,6,97.3,1,1.3
CUST-12425,7,10.0,0,3.9
CUST-12426,3,48.5,0,2.7
CUST-12427,2,14.1,0,4.4
CUST-12428,6,22.1,0,4.1
CUST-12429,6,14.5,0,4.2
CUST-12430,6,10.2,0,4.8
CUST-12431,2,7.8,0,4.5
CUST-12432,3,3.5,0,5.0
CUST-12433,7,22.3,0,4.5
CUST-12434,5,2.2,0,3.9
CUST-12435,5,7.7,0,4.1
CUST-12436,2,22.1,0,4.8
CUST-12437,7,9.6,0,4.2
CUST-12438,2,7.4,0,4.0
CUST-12439,0,4.0,0,4.8
CUST-12440,3,3.3,0,5.0
CUST-12441,1,15.5,0,4.2
CUST-12442,5,3.4,0,4.8
CUST-12443,4,10.0,0,4.0
CUST-12444,6,104.8,1,3.1
CUST-12445,4,69.4,1,2.5
CUST-12446,1,112.3,0,1.7
CUST-12447,1,5.6,0,4.8
CUST-12448,1,93.6,0,1.9
CUST-12449,0,4.0,0,4.5
CUST-12450,7,23.8,0,4.2
CUST-12451,5,6.7,0,4.3
CUST-12452,4,12.5,0,4.9
CUST-12453,4,82.9,3,3.0
CUST-12454,5,7.6,0,3.8
CUST-12455,5,70.3,2,1.3
CUST-12456,3,17.6,0,4.9
CUST-12457,3,3.8,0,4.0
CUST-12458,2,22.3,0,4.1
CUST-12459,8,4.3,0,4.6
CUST-12460,2,17.9,0,4.1
CUST-12461,7,23.7,0,4.3
CUST-12462,7,115.4,3,2.0
CUST-12463,2,16.5,0,4.5
CUST-12464,5,14.0,0,4.1
CUST-12465,4,99.9,1,2.5
CUST-12466,2,12.3,0,4.8
CUST-12467,8,74.4,3,1.9
CUST-12468,4,106.5,2,2.6
CUST-12469,6,17.9,0,4.0
CUST-12470,6,2.3,0,4.4
CUST-12471,7,7.3,0,4.1
CUST-12472,4,18.2,0,5.0
CUST-12473,3,10.0,0,4.7
CUST-12474,6,23.3,0,4.1
CUST-12475,4,2.4,0,4.3
CUST-12476,1,12.5,0,3.8
CUST-12477,1,81.3,1,1.4
CUST-12478,3,64.0,2,3.1
CUST-12479,2,22.7,0,3.8
CUST-12480,2,7.6,0,4.9
CUST-12481,2,12.8,0,3.9
CUST-12482,7,6.4,0,4.6
CUST-12483,0,4.0,0,4.2
CUST-12484,7,92.9,1,1.8
CUST-12485,5,17.1,0,4.2
CUST-12486,6,8.2,0,4.6
CUST-12487,1,16.7,0,4.0
CUST-12488,3,21.4,0,4.8
CUST-12489,2,102.8,1,2.9
CUST-12490,4,110.5,1,2.2
CUST-12491,1,4.9,0,4.2
CUST-12492,2,8.0,0,4.3
CUST-12493,4,17.2,0,3.9
CUST-12494,5,3.0,0,4.8
CUST-12495,3,63.8,0,1.3
CUST-12496,4,7.2,0,4.5
CUST-12497,3,20.2,0,4.2
CUST-12498,7,19.0,0,3.8
CUST-12499,3,71.2,1,2.4
CUST-12500,9,19.3,0,3.9
CUST-12501,0,4.0,0,4.5
CUST-12502,3,9.6,0,4.8
CUST-12503,5,21.8,0,4.1
CUST-12504,4,21.2,0,4.8
CUST-12505,3,23.2,0,4.7
CUST-12506,3,7.7,0,5.0
CUST-12507,4,20.1,0,4.0
CUST-12508,7,7.3,0,4.2
CUST-12509,5,11.3,0,4.4
CUST-12510,1,3.4,0,4.7
CUST-12511,5,70.0,0,1.3
CUST-12512,2,9.7,0,4.8
CUST-12513,5,10.5,0,4.5
CUST-12514,4,11.0,0,4.4
CUST-12515,3,5.4,0,4.8
CUST-12516,6,12.2,0,4.8
CUST-12517,5,94.2,2,1.5
CUST-12518,5,54.5,3,2.2
CUST-12519,3,104.7,1,1.5
CUST-12520,1,50.4,0,1.7
CUST-12521,5,99.7,1,1.9
CUST-12522,5,16.4,0,4.2
CUST-12523,6,4.5,0,4.9
CUST-12524,2,19.9,0,3.9
CUST-12525,2,16.6,0,4.6
CUST-12526,4,18.5,0,4.7
CUST-12527,4,8.5,0,4.8
CUST-12528,1,16.3,0,4.0
CUST-12529,1,14.7,0,4.5
CUST-12530,1,12.8,0,4.7
CUST-12531,3,2.7,0,4.2
CUST-12532,2,114.8,0,1.6
CUST-12533,3,6.9,0,4.4
CUST-12534,4,20.5,0,4.3
CUST-12535,3,19.9,0,4.9
CUST-12536,2,21.1,0,4.1
CUST-12537,7,16.5,0,4.2
CUST-12538,5,72.2,2,1.6
CUST-12539,4,14.2,0,4.8
CUST-12540,3,82.5,1,2.7
CUST-12541,6,13.9,0,4.1
CUST-12542,2,22.1,0,4.6
CUST-12543,5,2.4,0,4.2
CUST-12544,3,9.2,0,4.5
CUST-12545,2,19.3,0,4.9
CUST-12546,2,5.8,0,4.5
CUST-12547,5,21.2,0,4.0
CUST-12548,4,15.3,0,4.6
CUST-12549,2,13.5,0,3.9
CUST-12550,6,14.5,0,4.9
CUST-12551,2,20.4,0,4.0
CUST-12552,5,78.6,2,1.6
CUST-12553,4,15.6,0,3.9
CUST-12554,3,9.9,0,4.8
CUST-12555,3,10.5,0,4.8
CUST-12556,6,8.0,0,4.7
CUST-12557,5,3.4,0,4.8
CUST-12558,2,21.1,0,5.0
CUST-12559,5,88.7,2,2.7
CUST-12560,5,4.2,0,4.6
CUST-12561,3,22.9,0,3.9
CUST-12562,4,3.5,0,3.9
CUST-12563,5,2.6,0,4.7
CUST-12564,4,5.1,0,3.8
CUST-12565,3,19.2,0,4.6
CUST-12566,3,78.3,1,2.9
CUST-12567,3,22.1,0,4.2
CUST-12568,5,77.7,2,2.7
CUST-12569,5,19.4,0,5.0
CUST-12570,2,75.7,1,3.0
CUST-12571,3,6.7,0,4.7
CUST-12572,1,12.9,0,4.6
CUST-12573,4,6.3,0,4.2
CUST-12574,6,4.6,0,4.6
CUST-12575,3,13.8,0,3.9
CUST-12576,7,4.1,0,4.0
CUST-12577,1,22.7,0,4.5
CUST-12578,4,11.5,0,4.7
CUST-12579,4,109.7,0,1.8
CUST-12580,3,80.7,1,2.4
CUST-12581,7,18.6,0,4.5
CUST-12582,0,4.0,0,5.0
CUST-12583,3,20.3,0,4.6
CUST-12584,5,109.9,1,2.9
CUST-12585,4,6.2,0,4.7
CUST-12586,5,20.6,0,4.7
CUST-12587,2,96.4,1,1.6
CUST-12588,1,19.5,0,4.5
CUST-12589,5,79.0,0,2.8
CUST-12590,3,6.4,0,4.1
CUST-12591,5,102.4,3,3.0
CUST-12592,5,12.1,0,4.6
CUST-12593,4,117.8,3,1.3
CUST-12594,6,15.4,0,4.1
CUST-12595,5,5.1,0,4.5
CUST-12596,5,8.2,0,4.7
CUST-12597,4,19.3,0,4.3
CUST-12598,3,4.4,0,4.6
CUST-12599,4,4.7,0,4.9
CUST-12600,3,84.3,2,1.6
CUST-12601,8,8.1,0,4.4
CUST-12602,2,8.7,0,3.9
CUST-12603,3,22.8,0,4.4
CUST-12604,2,87.0,0,1.5
CUST-12605,2,7.2,0,4.7
CUST-12606,2,23.8,0,3.9
CUST-12607,5,79.5,1,2.9
CUST-12608,5,12.2,0,5.0
CUST-12609,3,76.1,2,1.5
CUST-12610,3,86.6,1,2.2
CUST-12611,3,22.8,0,4.9
CUST-12612,4,105.3,0,2.0
CUST-12613,5,11.4,0,4.8
CUST-12614,0,4.0,0,4.7
CUST-12615,4,11.4,0,4.4
CUST-12616,4,19.2,0,4.9
CUST-12617,3,15.8,0,4.0
CUST-12618,3,108.2,1,2.5
CUST-12619,2,62.1,0,1.6
CUST-12620,5,21.5,0,4.7
CUST-12621,8,9.3,0,4.5
CUST-12622,3,55.4,0,1.7
CUST-12623,3,7.6,0,4.7
CUST-12624,9,8.3,0,4.6
CUST-12625,3,106.7,1,1.6
CUST-12626,2,23.6,0,4.8
CUST-12627,3,18.4,0,3.8
CUST-12628,7,60.5,4,3.2
CUST-12629,8,13.3,0,3.9
CUST-12630,5,90.6,0,2.0
CUST-12631,1,16.5,0,4.8
CUST-12632,1,50.4,1,1.5
CUST-12633,3,16.3,0,4.6
CUST-12634,5,17.6,0,3.9
CUST-12635,5,5.8,0,4.0
CUST-12636,3,6.7,0,3.9
CUST-12637,2,74.3,1,3.1
CUST-12638,4,5.4,0,4.0
CUST-12639,4,15.6,0,4.0
CUST-12640,3,2.7,0,4.5
CUST-12641,6,53.5,4,2.6
CUST-12642,6,86.5,0,2.1
CUST-12643,2,12.5,0,4.9
CUST-12644,5,23.4,0,4.2
CUST-12645,3,18.6,0,4.7
CUST-12646,1,21.5,0,4.5
CUST-12647,4,23.9,0,4.0
CUST-12648,4,93.7,2,2.7
CUST-12649,6,2.4,0,4.0
CUST-12650,1,68.4,0,1.4
CUST-12651,4,12.6,0,4.5
CUST-12652,5,4.6,0,4.4
CUST-12653,5,14.8,0,4.3
CUST-12654,5,12.8,0,4.5
CUST-12655,5,18.3,0,4.4
CUST-12656,4,3.5,0,4.7
CUST-12657,3,13.0,0,4.5
CUST-12658,5,19.1,0,4.5
CUST-12659,5,17.9,0,4.4
CUST-12660,5,7.8,0,4.9
CUST-12661,4,20.9,0,4.9
CUST-12662,5,15.2,0,4.4
CUST-12663,2,97.4,0,3.1
CUST-12664,2,13.7,0,4.1
CUST-12665,4,4.3,0,4.8
CUST-12666,3,2.4,0,4.4
CUST-12667,3,96.7,2,2.5
CUST-12668,1,3.9,0,4.5
CUST-12669,4,7.0,0,4.0
CUST-12670,2,10.5,0,4.8
CUST-12671,2,17.6,0,4.2
CUST-12672,4,8.5,0,4.5
CUST-12673,5,4.3,0,5.0
CUST-12674,6,103.3,3,2.8
CUST-12675,5,14.6,0,4.0
CUST-12676,0,4.0,0,4.7
CUST-12677,9,5.2,0,4.9
CUST-12678,0,4.0,0,4.4
CUST-12679,2,2.4,0,4.9
CUST-12680,6,15.2,0,4.3
CUST-12681,4,7.3,0,4.8
CUST-12682,4,15.3,0,4.1
CUST-12683,5,19.8,0,4.9
CUST-12684,0,4.0,0,5.0
CUST-12685,5,56.2,2,1.5
CUST-12686,4,55.5,0,1.8
CUST-12687,0,4.0,0,4.2
CUST-12688,3,2.9,0,4.1
CUST-12689,3,118.9,0,3.0
CUST-12690,4,112.7,2,2.6
CUST-12691,3,8.4,0,4.6
CUST-12692,2,16.7,0,4.6
CUST-12693,6,21.6,0,4.6
CUST-12694,2,13.1,0,4.3
CUST-12695,3,3.4,0,4.2
CUST-12696,2,5.1,0,4.0
CUST-12697,3,84.3,0,2.9
CUST-12698,3,14.2,0,4.8
CUST-12699,3,22.0,0,4.7
CUST-12700,6,15.0,0,4.0
CUST-12701,2,16.7,0,4.5
CUST-12702,3,7.7,0,4.6
CUST-12703,3,66.1,1,2.1
CUST-12704,6,23.4,0,4.6
CUST-12705,9,7.9,0,4.2
CUST-12706,10,5.6,0,4.7
CUST-12707,2,19.8,0,4.6
CUST-12708,7,14.9,0,4.2
CUST-12709,1,12.4,0,4.9
CUST-12710,1,77.4,0,3.0
CUST-12711,4,12.1,0,4.6
CUST-12712,5,12.6,0,3.9
CUST-12713,4,2.6,0,4.9
CUST-12714,4,113.2,2,1.6
CUST-12715,2,56.3,0,1.5
CUST-12716,2,4.5,0,4.9
CUST-12717,4,14.9,0,4.8
CUST-12718,6,4.6,0,4.6
CUST-12719,2,11.7,0,5.0
CUST-12720,3,4.8,0,4.4
CUST-12721,2,16.3,0,3.9
CUST-12722,5,113.0,2,3.1
CUST-12723,2,5.4,0,4.1
CUST-12724,3,22.3,0,4.2
CUST-12725,2,64.6,0,1.7
CUST-12726,2,6.2,0,4.7
CUST-12727,4,19.3,0,4.5
CUST-12728,2,19.3,0,4.0
CUST-12729,3,9.7,0,4.8
CUST-12730,2,90.9,0,1.9
CUST-12731,5,114.6,0,3.0
CUST-12732,2,2.4,0,4.4
CUST-12733,6,6.9,0,4.5
CUST-12734,2,22.3,0,3.8
CUST-12735,4,15.0,0,4.8
CUST-12736,6,117.0,1,2.9
CUST-12737,3,10.1,0,4.3
CUST-12738,3,13.0,0,4.8
CUST-12739,3,54.3,1,2.6
CUST-12740,1,4.1,0,4.3
CUST-12741,6,16.4,0,4.3
CUST-12742,4,72.1,0,3.1
CUST-12743,4,11.4,0,4.9
CUST-12744,9,11.1,0,4.8
CUST-12745,4,23.9,0,4.0
CUST-12746,3,3.8,0,5.0
CUST-12747,4,4.1,0,4.8
CUST-12748,4,20.2,0,4.6
CUST-12749,3,61.2,1,2.5
CUST-12750,3,21.9,0,4.7
CUST-12751,5,13.3,0,4.0
CUST-12752,6,112.1,1,2.0
CUST-12753,5,14.7,0,5.0
CUST-12754,1,76.2,0,1.5
CUST-12755,7,21.1,0,4.7
CUST-12756,7,69.2,1,2.0
CUST-12757,1,5.0,0,4.3
CUST-12758,4,17.9,0,4.4
CUST-12759,6,109.8,2,2.6
CUST-12760,7,7.8,0,4.6
CUST-12761,5,12.9,0,3.9
CUST-12762,3,17.5,0,4.3
CUST-12763,7,5.2,0,4.9
CUST-12764,8,16.5,0,4.9
CUST-12765,3,5.9,0,4.3
CUST-12766,2,21.0,0,4.5
CUST-12767,2,9.8,0,3.9
CUST-12768,4,3.3,0,4.4
CUST-12769,3,7.3,0,4.3
CUST-12770,2,112.0,1,2.2
CUST-12771,3,8.6,0,4.6
CUST-12772,5,23.3,0,4.2
CUST-12773,6,13.2,0,4.3
CUST-12774,2,100.1,1,2.5
CUST-12775,4,2.0,0,4.5
CUST-12776,3,2.8,0,4.9
CUST-12777,2,6.0,0,4.0
CUST-12778,2,118.1,0,2.7
CUST-12779,2,15.0,0,4.2
CUST-12780,4,18.3,0,4.2
CUST-12781,1,7.2,0,4.6
CUST-12782,2,2.5,0,4.3
CUST-12783,4,19.7,0,4.7
CUST-12784,7,116.7,5,1.5
CUST-12785,3,87.2,0,2.9
CUST-12786,5,20.7,0,4.6
CUST-12787,2,9.0,0,4.2
CUST-12788,4,15.4,0,4.9
CUST-12789,6,16.1,0,4.6
CUST-12790,1,20.2,0,4.4
CUST-12791,3,12.6,0,4.2
CUST-12792,3,19.6,0,3.8
CUST-12793,5,85.7,4,2.5
CUST-12794,4,13.2,0,4.3
CUST-12795,7,20.6,0,4.0
CUST-12796,4,61.2,2,1.8
CUST-12797,7,77.5,3,2.5
CUST-12798,5,8.8,0,5.0
CUST-12799,3,95.3,1,2.1
CUST-12800,4,11.8,0,4.9
CUST-12801,2,3.8,0,4.3
CUST-12802,5,6.5,0,4.0
CUST-12803,1,14.9,0,4.8
CUST-12804,5,113.5,3,3.2
CUST-12805,3,4.4,0,4.3
CUST-12806,0,4.0,0,4.5
CUST-12807,3,3.0,0,4.2
CUST-12808,3,12.0,0,4.3
CUST-12809,4,116.3,1,2.3
CUST-12810,3,7.6,0,4.2
CUST-12811,6,91.5,4,2.9
CUST-12812,5,12.0,0,4.0
CUST-12813,5,64.5,4,1.4
CUST-12814,3,13.9,0,3.9
CUST-12815,7,8.7,0,4.1
CUST-12816,4,111.3,2,1.6
CUST-12817,8,20.0,0,3.9
CUST-12818,2,9.8,0,4.2
CUST-12819,6,12.4,0,4.4
CUST-12820,4,14.1,0,4.2
CUST-12821,5,9.6,0,4.8
CUST-12822,8,8.0,0,4.6
CUST-12823,4,90.9,2,2.9
CUST-12824,3,91.8,2,2.3
CUST-12825,6,57.5,5,1.6
CUST-12826,5,12.8,0,3.9
CUST-12827,7,112.4,4,3.0
CUST-12828,3,16.4,0,4.2
CUST-12829,5,2.3,0,4.9
CUST-12830,5,18.0,0,4.1
CUST-12831,3,78.9,1,1.5
CUST-12832,5,3.5,0,4.7
CUST-12833,3,17.7,0,4.9
CUST-12834,4,23.0,0,4.8
CUST-12835,5,18.2,0,4.3
CUST-12836,0,4.0,0,4.5
CUST-12837,2,12.0,0,3.8
CUST-12838,3,14.5,0,4.6
CUST-12839,8,13.0,0,4.3
CUST-12840,2,59.1,1,1.2
CUST-12841,2,119.7,2,1.6
CUST-12842,2,9.1,0,4.2
CUST-12843,7,22.0,0,4.1
CUST-12844,3,64.1,2,3.1
CUST-12845,6,63.0,4,2.6
CUST-12846,4,14.4,0,4.9
CUST-12847,3,17.6,0,4.5
CUST-12848,5,21.6,0,4.7
CUST-12849,1,12.3,0,4.0
CUST-12850,2,115.9,1,1.5
CUST-12851,3,13.1,0,4.1
CUST-12852,3,9.5,0,4.3
CUST-12853,2,106.3,1,3.0
CUST-12854,6,66.9,1,2.9
CUST-12855,3,4.3,0,4.7
CUST-12856,5,10.5,0,4.6
CUST-12857,3,23.4,0,4.1
CUST-12858,2,116.6,1,2.5
CUST-12859,6,3.2,0,5.0
CUST-12860,2,22.3,0,3.9
CUST-12861,3,117.8,1,1.8
CUST-12862,4,76.9,0,1.3
CUST-12863,6,16.1,0,3.9
CUST-12864,9,11.2,0,4.5
CUST-12865,2,18.1,0,3.9
CUST-12866,3,10.7,0,4.1
CUST-12867,7,6.2,0,4.1
CUST-12868,1,81.1,1,2.0
CUST-12869,4,9.3,0,4.8
CUST-12870,2,23.5,0,4.6
CUST-12871,5,3.8,0,4.7
CUST-12872,1,87.2,0,2.4
CUST-12873,0,4.0,0,4.6
CUST-12874,4,16.5,0,3.9
CUST-12875,4,23.3,0,4.3
CUST-12876,2,87.1,2,2.0
CUST-12877,2,116.3,0,3.0
CUST-12878,4,3.1,0,4.4
CUST-12879,2,20.1,0,4.8
CUST-12880,2,103.1,0,1.7
CUST-12881,3,7.6,0,4.9
CUST-12882,4,21.4,0,4.1
CUST-12883,4,11.4,0,4.2
CUST-12884,4,8.6,0,4.6
CUST-12885,1,9.1,0,4.5
CUST-12886,5,16.1,0,4.4
CUST-12887,2,4.7,0,4.3
CUST-12888,3,87.4,1,1.6
CUST-12889,2,68.4,1,2.4
CUST-12890,7,2.4,0,5.0
CUST-12891,3,17.1,0,4.7
CUST-12892,4,79.9,0,2.1
CUST-12893,2,21.3,0,4.9
CUST-12894,7,23.8,0,4.3
CUST-12895,1,16.3,0,4.9
CUST-12896,3,51.8,2,2.9
CUST-12897,3,11.2,0,5.0
CUST-12898,2,80.1,2,2.8
CUST-12899,1,11.0,0,4.0
CUST-12900,3,14.4,0,4.7
CUST-12901,2,17.0,0,4.0
CUST-12902,5,102.6,1,2.8
CUST-12903,2,4.7,0,4.3
CUST-12904,2,79.4,0,1.9
CUST-12905,1,104.1,1,3.2
CUST-12906,5,107.2,1,1.2
CUST-12907,6,5.3,0,4.3
CUST-12908,6,11.2,0,4.3
CUST-12909,2,73.5,0,2.9
CUST-12910,5,3.6,0,4.5
CUST-12911,5,108.0,2,2.4
CUST-12912,3,15.5,0,4.1
CUST-12913,6,12.9,0,4.0
CUST-12914,4,12.9,0,3.9
CUST-12915,4,105.0,2,2.0
CUST-12916,4,11.4,0,4.3
CUST-12917,1,103.2,1,2.4
CUST-12918,2,111.5,1,1.3
CUST-12919,0,4.0,0,5.0
CUST-12920,3,13.9,0,4.6
CUST-12921,3,5.6,0,4.4
CUST-12922,1,22.9,0,3.8
CUST-12923,3,11.4,0,4.5
CUST-12924,4,17.1,0,3.8
CUST-12925,2,5.4,0,4.1
CUST-12926,1,18.4,0,4.7
CUST-12927,6,11.9,0,4.6
CUST-12928,3,8.0,0,4.9
CUST-12929,8,21.0,0,4.4
CUST-12930,7,12.6,0,4.9
CUST-12931,3,16.3,0,4.1
CUST-12932,3,19.6,0,4.9
CUST-12933,8,82.2,3,2.8
CUST-12934,7,14.4,0,4.1
CUST-12935,3,94.1,2,2.1
CUST-12936,3,16.4,0,4.5
CUST-12937,5,8.7,0,4.3
CUST-12938,6,48.0,1,1.7
CUST-12939,3,2.1,0,4.1
CUST-12940,2,12.6,0,4.7
CUST-12941,7,9.5,0,5.0
CUST-12942,6,22.8,0,4.1
CUST-12943,3,22.5,0,4.7
CUST-12944,1,57.3,1,2.2
CUST-12945,3,22.6,0,4.5
CUST-12946,4,5.6,0,4.3
CUST-12947,3,21.9,0,3.8
CUST-12948,4,11.9,0,3.8
CUST-12949,4,67.4,2,1.9
CUST-12950,2,15.7,0,4.3
CUST-12951,9,87.9,3,1.5
CUST-12952,5,3.7,0,4.4
CUST-12953,1,7.5,0,4.2
CUST-12954,4,23.7,0,4.0
CUST-12955,3,19.0,0,4.6
CUST-12956,6,19.4,0,3.9
CUST-12957,1,87.9,0,1.8
CUST-12958,3,17.7,0,4.0
CUST-12959,5,20.5,0,4.7
CUST-12960,4,20.6,0,4.6
CUST-12961,6,4.6,0,3.9
CUST-12962,10,119.2,3,2.5
CUST-12963,5,18.8,0,4.1
CUST-12964,5,16.0,0,4.0
CUST-12965,8,14.2,0,4.0
CUST-12966,7,21.9,0,4.0
CUST-12967,2,119.8,1,2.0
CUST-12968,2,13.7,0,4.4
CUST-12969,4,15.5,0,4.9
CUST-12970,7,8.9,0,4.2
CUST-12971,3,15.1,0,4.4
CUST-12972,1,2.8,0,4.7
CUST-12973,4,59.7,2,2.7
CUST-12974,6,73.4,3,1.2
CUST-12975,3,83.5,1,2.1
CUST-12976,6,14.4,0,3.9
CUST-12977,3,119.2,1,1.8
CUST-12978,3,16.7,0,4.5
CUST-12979,5,96.4,1,2.5
CUST-12980,5,102.1,0,1.6
CUST-12981,7,9.3,0,3.9
CUST-12982,3,16.2,0,3.9
CUST-12983,3,15.0,0,4.1
CUST-12984,1,8.0,0,3.8
CUST-12985,4,80.7,3,3.2
CUST-12986,6,8.0,0,4.8
CUST-12987,3,21.2,0,4.8
CUST-12988,5,7.0,0,4.3
CUST-12989,3,16.4,0,4.3
CUST-12990,5,9.8,0,3.8
CUST-12991,2,17.1,0,4.5
CUST-12992,3,13.9,0,4.3
CUST-12993,9,21.0,0,4.9
CUST-12994,4,10.4,0,4.3
CUST-12995,5,107.3,2,3.1
CUST-12996,2,3.8,0,4.3
CUST-12997,1,64.2,1,2.7
CUST-12998,3,59.7,0,2.5
CUST-12999,3,21.7,0,4.1
CUST-13000,14,22.4,0,4.1
CUST-13001,1,5.5,0,4.8
CUST-13002,3,3.7,0,4.4
CUST-13003,2,75.0,0,2.0
CUST-13004,3,3.5,0,4.9
CUST-13005,0,4.0,0,4.7
CUST-13006,2,2.8,0,4.8
CUST-13007,3,9.7,0,4.0
CUST-13008,5,5.9,0,4.4
CUST-13009,6,62.9,4,2.0
CUST-13010,4,7.2,0,4.0
CUST-13011,5,85.9,2,1.8
CUST-13012,3,14.4,0,4.5
CUST-13013,2,19.1,0,4.4
CUST-13014,6,61.5,0,1.4
CUST-13015,4,4.9,0,4.9
CUST-13016,4,16.8,0,4.2
CUST-13017,3,6.7,0,4.2
CUST-13018,3,2.9,0,4.7
CUST-13019,2,12.1,0,4.3
CUST-13020,4,7.5,0,4.6
CUST-13021,3,76.7,2,1.9
CUST-13022,3,6.7,0,4.9
CUST-13023,7,7.7,0,4.3
CUST-13024,4,23.4,0,4.3
CUST-13025,4,72.9,1,1.9
CUST-13026,2,18.2,0,4.1
CUST-13027,3,13.2,0,3.8
CUST-13028,3,112.1,0,2.8
CUST-13029,4,4.4,0,4.7
CUST-13030,3,79.6,1,3.1
CUST-13031,4,20.5,0,3.9
CUST-13032,6,81.6,2,1.4
CUST-13033,4,11.4,0,4.8
CUST-13034,8,50.4,2,1.9
CUST-13035,4,9.2,0,4.4
CUST-13036,5,8.6,0,4.7
CUST-13037,7,15.0,0,4.8
CUST-13038,5,5.8,0,4.1
CUST-13039,3,23.7,0,4.1
CUST-13040,3,83.1,1,1.5
CUST-13041,2,113.5,0,2.1
CUST-13042,3,15.0,0,5.0
CUST-13043,2,109.9,2,1.3
CUST-13044,3,62.3,1,2.7
CUST-13045,6,21.8,0,4.9
CUST-13046,3,21.7,0,4.7
CUST-13047,2,15.1,0,4.4
CUST-13048,4,10.4,0,4.9
CUST-13049,5,6.9,0,4.8
CUST-13050,4,15.1,0,4.3
CUST-13051,3,10.9,0,3.9
CUST-13052,7,82.3,1,2.7
CUST-13053,1,13.6,0,4.7
CUST-13054,1,12.6,0,5.0
CUST-13055,4,5.2,0,4.3
CUST-13056,0,4.0,0,4.3
CUST-13057,5,9.1,0,5.0
CUST-13058,0,4.0,0,4.6
CUST-13059,7,117.0,2,2.9
CUST-13060,2,70.4,1,1.4
CUST-13061,11,2.1,0,4.9
CUST-13062,2,18.2,0,3.9
CUST-13063,3,4.9,0,4.1
CUST-13064,11,8.0,0,4.0
CUST-13065,7,93.2,5,1.8
CUST-13066,5,48.0,1,2.8
CUST-13067,1,18.1,0,4.6
CUST-13068,4,4.6,0,4.5
CUST-13069,5,8.8,0,4.5
CUST-13070,0,4.0,0,4.8
CUST-13071,3,22.9,0,4.8
CUST-13072,2,54.0,0,2.8
CUST-13073,6,14.0,0,4.6
CUST-13074,3,22.3,0,4.4
CUST-13075,2,12.1,0,4.9
CUST-13076,5,52.6,4,1.8
CUST-13077,4,9.2,0,4.9
CUST-13078,3,53.0,2,2.7
CUST-13079,3,8.0,0,4.2
CUST-13080,2,117.0,1,3.1
CUST-13081,4,75.2,3,2.8
CUST-13082,4,62.1,2,2.0
CUST-13083,3,112.7,2,2.1
CUST-13084,3,3.5,0,4.9
CUST-13085,4,14.3,0,4.7
CUST-13086,5,5.6,0,4.2
CUST-13087,2,11.4,0,3.9
CUST-13088,2,16.8,0,3.9
CUST-13089,3,57.3,1,2.9
CUST-13090,5,74.2,0,2.8
CUST-13091,1,3.6,0,5.0
CUST-13092,8,11.7,0,4.2
CUST-13093,2,64.9,0,2.8
CUST-13094,5,7.3,0,4.1
CUST-13095,1,18.4,0,4.4
CUST-13096,10,17.3,0,4.9
CUST-13097,4,22.5,0,4.9
CUST-13098,8,16.3,0,4.7
CUST-13099,7,67.1,3,3.1
CUST-13100,3,111.4,1,2.2
CUST-13101,3,98.7,2,2.4
CUST-13102,4,14.2,0,4.1
CUST-13103,7,98.4,4,2.0
CUST-13104,2,12.5,0,4.2
CUST-13105,9,14.0,0,4.2
CUST-13106,5,17.3,0,4.6
CUST-13107,3,21.0,0,4.7
CUST-13108,5,10.9,0,4.3
CUST-13109,4,50.2,4,1.4
CUST-13110,3,9.2,0,4.9
CUST-13111,9,119.4,6,3.1
CUST-13112,5,17.8,0,3.8
CUST-13113,6,3.4,0,4.7
CUST-13114,7,4.7,0,4.9
CUST-13115,3,15.6,0,4.1
CUST-13116,4,20.5,0,4.1
CUST-13117,0,4.0,0,4.3
CUST-13118,3,58.5,1,2.6
CUST-13119,5,22.1,0,4.5
CUST-13120,3,109.9,0,2.4
CUST-13121,3,18.3,0,3.9
CUST-13122,5,23.0,0,4.7
CUST-13123,5,96.4,2,1.2
CUST-13124,4,13.7,0,4.8
CUST-13125,2,19.0,0,4.1
CUST-13126,4,13.8,0,4.4
CUST-13127,4,18.7,0,4.6
CUST-13128,3,6.9,0,5.0
CUST-13129,2,22.1,0,4.9
CUST-13130,2,10.7,0,4.5
CUST-13131,5,11.5,0,4.2
CUST-13132,1,18.7,0,4.1
CUST-13133,2,13.4,0,4.4
CUST-13134,3,2.7,0,4.0
CUST-13135,2,23.5,0,4.8
CUST-13136,5,18.5,0,4.7
CUST-13137,4,119.1,1,1.9
CUST-13138,1,8.0,0,4.5
CUST-13139,3,23.8,0,4.0
CUST-13140,1,22.1,0,4.5
CUST-13141,2,19.4,0,4.5
CUST-13142,3,23.3,0,4.7
CUST-13143,5,17.9,0,4.6
CUST-13144,4,10.0,0,4.3
CUST-13145,4,95.0,3,2.2
CUST-13146,8,11.1,0,4.0
CUST-13147,3,77.2,3,1.6
CUST-13148,5,11.8,0,4.2
CUST-13149,3,3.1,0,4.4
CUST-13150,3,7.9,0,3.9
CUST-13151,5,95.8,1,1.5
CUST-13152,5,22.9,0,4.1
CUST-13153,6,13.7,0,4.9
CUST-13154,2,23.2,0,4.1
CUST-13155,4,15.5,0,4.3
CUST-13156,4,15.8,0,4.9
CUST-13157,2,23.7,0,4.3
CUST-13158,1,10.4,0,3.9
CUST-13159,6,23.5,0,4.9
CUST-13160,0,4.0,0,4.2
CUST-13161,5,3.3,0,4.2
CUST-13162,4,102.3,1,2.5
CUST-13163,5,21.7,0,4.0
CUST-13164,3,17.0,0,5.0
CUST-13165,4,14.3,0,4.1
CUST-13166,1,3.6,0,4.7
CUST-13167,0,4.0,0,4.9
CUST-13168,1,9.5,0,4.7
CUST-13169,5,15.9,0,4.3
CUST-13170,8,18.3,0,4.7
CUST-13171,6,21.0,0,4.1
CUST-13172,7,17.5,0,4.3
CUST-13173,3,9.8,0,4.6
CUST-13174,4,9.1,0,4.1
CUST-13175,2,65.6,2,2.4
CUST-13176,5,8.2,0,4.7
CUST-13177,5,3.4,0,4.7
CUST-13178,2,14.5,0,3.8
CUST-13179,7,9.4,0,3.9
CUST-13180,3,12.7,0,4.7
CUST-13181,7,69.1,1,2.6
CUST-13182,6,22.6,0,5.0
CUST-13183,2,2.6,0,4.6
CUST-13184,4,21.2,0,4.0
CUST-13185,4,17.7,0,4.6
CUST-13186,2,7.5,0,3.9
CUST-13187,3,19.6,0,4.9
CUST-13188,5,12.8,0,4.1
CUST-13189,7,98.1,2,1.2
CUST-13190,2,2.4,0,3.9
CUST-13191,4,104.6,1,3.0
CUST-13192,1,17.5,0,4.8
CUST-13193,5,16.8,0,4.1
CUST-13194,5,84.2,1,1.5
CUST-13195,5,15.8,0,4.2
CUST-13196,4,19.0,0,4.3
CUST-13197,1,116.8,1,1.9
CUST-13198,5,2.7,0,4.0
CUST-13199,0,4.0,0,4.5
CUST-13200,4,4.8,0,4.5
CUST-13201,2,21.1,0,3.9
CUST-13202,4,87.3,2,2.7
CUST-13203,6,7.6,0,4.8
CUST-13204,4,19.2,0,4.3
CUST-13205,6,7.9,0,4.5
CUST-13206,4,17.4,0,3.8
CUST-13207,6,9.1,0,4.2
CUST-13208,3,87.2,0,1.8
CUST-13209,2,7.7,0,4.1
CUST-13210,5,119.5,2,3.0
CUST-13211,4,2.8,0,4.1
CUST-13212,2,2.0,0,4.4
CUST-13213,6,10.3,0,4.5
CUST-13214,9,21.0,0,4.5
CUST-13215,6,13.3,0,4.4
CUST-13216,6,3.1,0,4.1
CUST-13217,4,116.4,3,2.0
CUST-13218,6,116.5,1,1.6
CUST-13219,1,18.8,0,4.1
CUST-13220,6,9.1,0,4.5
CUST-13221,3,20.7,0,5.0
CUST-13222,2,9.7,0,4.3
CUST-13223,2,22.0,0,4.2
CUST-13224,3,19.6,0,4.7
CUST-13225,4,101.0,0,1.4
CUST-13226,7,4.8,0,5.0
CUST-13227,4,19.8,0,4.0
CUST-13228,4,72.2,2,1.4
CUST-13229,7,17.2,0,4.0
CUST-13230,2,13.7,0,4.5
CUST-13231,2,88.6,1,1.6
CUST-13232,5,103.4,2,1.5
CUST-13233,8,19.1,0,4.0
CUST-13234,7,9.3,0,4.2
CUST-13235,4,103.3,2,2.7
CUST-13236,6,7.3,0,4.9
CUST-13237,3,21.1,0,4.7
CUST-13238,11,6.4,0,4.6
CUST-13239,5,4.9,0,4.1
CUST-13240,8,8.1,0,4.1
CUST-13241,4,18.6,0,4.8
CUST-13242,4,10.8,0,4.6
CUST-13243,1,70.8,1,2.7
CUST-13244,6,79.5,3,1.2
CUST-13245,3,5.6,0,3.9
CUST-13246,3,22.5,0,4.8
CUST-13247,9,61.4,5,1.3
CUST-13248,5,11.2,0,4.7
CUST-13249,2,7.1,0,4.9
CUST-13250,3,4.4,0,4.9
CUST-13251,5,105.2,2,1.4
CUST-13252,0,4.0,0,4.4
CUST-13253,6,6.9,0,4.6
CUST-13254,3,19.1,0,4.5
CUST-13255,4,19.4,0,4.7
CUST-13256,3,13.9,0,4.5
CUST-13257,3,21.5,0,4.6
CUST-13258,2,102.9,1,1.2
CUST-13259,5,16.1,0,4.6
CUST-13260,1,20.5,0,5.0
CUST-13261,8,18.0,0,4.0
CUST-13262,6,16.4,0,4.7
CUST-13263,0,4.0,0,4.4
CUST-13264,6,17.2,0,4.3
CUST-13265,3,8.6,0,3.9
CUST-13266,3,3.5,0,4.0
CUST-13267,4,79.1,2,2.2
CUST-13268,4,12.3,0,3.9
CUST-13269,8,20.3,0,4.3
CUST-13270,4,112.7,1,1.9
CUST-13271,4,13.1,0,3.8
CUST-13272,5,8.6,0,5.0
CUST-13273,3,15.3,0,4.8
CUST-13274,5,64.5,1,1.2
CUST-13275,3,6.8,0,4.9
CUST-13276,4,4.6,0,4.1
CUST-13277,3,3.9,0,4.1
CUST-13278,4,17.1,0,4.1
CUST-13279,5,11.5,0,4.0
CUST-13280,7,5.3,0,4.3
CUST-13281,5,9.7,0,4.2
CUST-13282,4,18.6,0,4.7
CUST-13283,8,15.7,0,5.0
CUST-13284,3,18.8,0,4.7
CUST-13285,4,17.0,0,3.9
CUST-13286,6,14.1,0,4.8
CUST-13287,4,3.3,0,4.1
CUST-13288,7,118.4,3,2.7
CUST-13289,4,15.2,0,4.5
CUST-13290,10,3.7,0,4.6
CUST-13291,8,3.1,0,3.9
CUST-13292,4,23.7,0,4.8
CUST-13293,5,19.5,0,4.7
CUST-13294,3,16.8,0,5.0
CUST-13295,4,22.8,0,4.1
CUST-13296,3,51.0,3,1.5
CUST-13297,3,99.1,2,1.4
CUST-13298,4,3.2,0,4.3
CUST-13299,5,15.1,0,4.1
CUST-13300,1,13.5,0,4.6
CUST-13301,6,9.3,0,4.2
CUST-13302,4,12.8,0,4.8
CUST-13303,4,2.7,0,4.9
CUST-13304,4,11.8,0,4.5
CUST-13305,3,87.6,1,2.5
CUST-13306,4,22.5,0,4.8
CUST-13307,2,14.5,0,4.6
CUST-13308,4,3.6,0,4.2
CUST-13309,6,6.0,0,4.5
CUST-13310,8,23.6,0,4.7
CUST-13311,2,8.0,0,4.3
CUST-13312,3,5.8,0,4.5
CUST-13313,3,6.0,0,4.7
CUST-13314,4,11.7,0,4.1
CUST-13315,3,11.4,0,3.9
CUST-13316,5,23.8,0,3.9
CUST-13317,4,14.4,0,3.9
CUST-13318,8,3.5,0,3.8
CUST-13319,3,119.9,1,1.2
CUST-13320,1,23.8,0,3.9
CUST-13321,3,7.0,0,3.9
CUST-13322,0,4.0,0,4.8
CUST-13323,2,102.3,0,2.3
CUST-13324,4,11.8,0,4.6
CUST-13325,5,78.4,2,2.8
CUST-13326,3,21.3,0,3.9
CUST-13327,5,8.1,0,4.8
CUST-13328,6,3.6,0,4.5
CUST-13329,7,23.5,0,3.9
CUST-13330,4,16.9,0,3.9
CUST-13331,5,9.8,0,4.9
CUST-13332,2,5.2,0,4.5
CUST-13333,9,8.0,0,4.7
CUST-13334,4,72.6,0,2.4
CUST-13335,2,54.0,0,2.1
CUST-13336,7,50.8,2,1.6
CUST-13337,6,21.0,0,3.8
CUST-13338,8,5.3,0,4.5
CUST-13339,6,7.8,0,4.4
CUST-13340,4,110.9,3,1.5
CUST-13341,3,16.9,0,4.4
CUST-13342,3,12.4,0,4.0
CUST-13343,2,69.9,1,2.4
CUST-13344,3,19.7,0,4.7
CUST-13345,4,3.4,0,4.9
CUST-13346,7,10.3,0,4.7
CUST-13347,4,5.2,0,4.3
CUST-13348,5,10.7,0,4.5
CUST-13349,1,15.9,0,4.0
CUST-13350,4,5.2,0,3.9
CUST-13351,2,12.1,0,4.4
CUST-13352,6,17.8,0,4.9
CUST-13353,4,9.6,0,4.6
CUST-13354,4,23.5,0,4.3
CUST-13355,7,23.0,0,4.7
CUST-13356,5,49.8,1,1.5
CUST-13357,5,22.0,0,4.6
CUST-13358,5,21.3,0,4.0
CUST-13359,0,4.0,0,4.5
CUST-13360,4,21.6,0,4.0
CUST-13361,2,15.2,0,4.6
CUST-13362,5,8.2,0,4.9
CUST-13363,5,107.0,1,2.2
CUST-13364,6,6.5,0,3.9
CUST-13365,5,94.2,2,3.0
CUST-13366,3,65.7,1,1.7
CUST-13367,3,12.0,0,4.4
CUST-13368,2,10.2,0,4.0
CUST-13369,2,6.3,0,4.5
CUST-13370,0,4.0,0,4.6
CUST-13371,4,9.3,0,4.9
CUST-13372,3,15.5,0,4.0
CUST-13373,4,16.1,0,4.0
CUST-13374,1,5.5,0,4.0
CUST-13375,5,6.9,0,4.0
CUST-13376,8,2.3,0,4.4
CUST-13377,2,66.5,0,1.8
CUST-13378,5,5.9,0,4.8
CUST-13379,2,84.5,2,2.5
CUST-13380,2,22.9,0,4.2
CUST-13381,7,6.9,0,5.0
CUST-13382,5,73.0,1,3.0
CUST-13383,2,19.8,0,3.9
CUST-13384,11,18.5,0,4.3
CUST-13385,4,8.1,0,4.6
CUST-13386,3,117.1,1,1.6
CUST-13387,5,15.4,0,4.6
CUST-13388,2,5.0,0,4.5
CUST-13389,3,20.6,0,4.5
CUST-13390,2,7.7,0,4.1
CUST-13391,2,17.4,0,4.8
CUST-13392,0,4.0,0,4.3
CUST-13393,4,59.7,2,2.1
CUST-13394,4,64.4,0,2.5
CUST-13395,4,23.9,0,4.0
CUST-13396,3,92.3,2,3.0
CUST-13397,4,16.0,0,4.6
CUST-13398,4,10.4,0,5.0
CUST-13399,5,68.7,2,1.6
CUST-13400,2,16.3,0,4.3
CUST-13401,2,3.6,0,4.9
CUST-13402,2,101.6,2,1.6
CUST-13403,4,8.6,0,4.0
CUST-13404,3,18.0,0,4.0
CUST-13405,3,83.2,2,2.1
CUST-13406,1,10.9,0,4.1
CUST-13407,4,11.4,0,4.5
CUST-13408,3,88.5,2,2.5
CUST-13409,1,4.7,0,4.3
CUST-13410,4,18.3,0,4.3
CUST-13411,3,7.6,0,4.6
CUST-13412,2,23.0,0,4.7
CUST-13413,6,6.6,0,4.3
CUST-13414,0,4.0,0,4.6
CUST-13415,3,17.5,0,4.6
CUST-13416,1,12.5,0,4.8
CUST-13417,2,8.6,0,4.0
CUST-13418,7,9.3,0,4.2
CUST-13419,4,7.6,0,4.0
CUST-13420,4,21.9,0,4.1
CUST-13421,7,48.0,3,2.4
CUST-13422,2,23.1,0,4.7
CUST-13423,2,19.6,0,4.6
CUST-13424,7,5.4,0,4.4
CUST-13425,6,55.1,4,2.6
CUST-13426,4,20.0,0,4.3
CUST-13427,7,116.1,4,1.5
CUST-13428,2,16.2,0,3.9
CUST-13429,4,17.8,0,4.9
CUST-13430,3,90.4,2,3.2
CUST-13431,3,7.1,0,3.9
CUST-13432,5,4.1,0,4.1
CUST-13433,4,108.3,1,2.4
CUST-13434,2,5.5,0,4.9
CUST-13435,2,16.8,0,4.7
CUST-13436,4,21.4,0,4.7
CUST-13437,6,74.5,3,1.9
CUST-13438,5,15.7,0,3.9
CUST-13439,6,14.4,0,3.8
CUST-13440,7,18.5,0,4.7
CUST-13441,3,56.1,1,2.0
CUST-13442,4,22.0,0,4.2
CUST-13443,6,6.0,0,4.6
CUST-13444,3,22.0,0,4.6
CUST-13445,9,16.4,0,4.9
CUST-13446,5,22.4,0,4.4
CUST-13447,3,78.2,1,2.6
CUST-13448,7,7.2,0,4.1
CUST-13449,2,17.0,0,4.9
CUST-13450,1,21.7,0,4.2
CUST-13451,7,2.5,0,4.1
CUST-13452,3,5.8,0,4.3
CUST-13453,4,20.8,0,4.9
CUST-13454,2,2.4,0,3.9
CUST-13455,3,84.6,2,2.5
CUST-13456,2,20.3,0,4.1
CUST-13457,2,66.9,1,2.1
CUST-13458,1,12.4,0,4.2
CUST-13459,3,55.6,1,2.2
CUST-13460,6,79.3,1,1.5
CUST-13461,2,92.9,1,1.5
CUST-13462,7,95.8,2,2.6
CUST-13463,5,68.8,1,1.5
CUST-13464,4,15.1,0,4.7
CUST-13465,1,2.7,0,4.9
CUST-13466,3,55.9,3,1.6
CUST-13467,6,12.5,0,4.8
CUST-13468,4,20.9,0,4.9
CUST-13469,2,101.4,1,1.4
CUST-13470,4,17.6,0,4.6
CUST-13471,4,82.4,1,1.4
CUST-13472,3,15.5,0,4.8
CUST-13473,4,20.8,0,4.8
CUST-13474,4,78.5,0,2.8
CUST-13475,4,4.3,0,4.7
CUST-13476,4,20.6,0,4.0
CUST-13477,3,7.1,0,4.2
CUST-13478,6,5.1,0,3.9
CUST-13479,5,60.7,2,3.1
CUST-13480,4,69.5,0,1.3
CUST-13481,2,23.3,0,4.4
CUST-13482,7,4.5,0,4.7
CUST-13483,4,106.2,2,1.4
CUST-13484,2,21.1,0,4.7
CUST-13485,6,86.8,2,1.2
CUST-13486,0,4.0,0,4.8
CUST-13487,4,4.6,0,4.7
CUST-13488,5,23.0,0,3.9
CUST-13489,5,10.9,0,4.2
CUST-13490,1,50.4,0,2.3
CUST-13491,5,57.6,1,2.2
CUST-13492,5,48.6,2,1.3
CUST-13493,5,10.6,0,4.2
CUST-13494,6,17.7,0,4.6
CUST-13495,5,21.2,0,4.6
CUST-13496,6,2.2,0,4.5
CUST-13497,4,79.2,1,1.6
CUST-13498,5,14.7,0,4.3
CUST-13499,4,99.0,1,2.1
CUST-13500,5,16.3,0,4.1
CUST-13501,3,15.9,0,4.0
CUST-13502,4,82.8,2,1.5
CUST-13503,3,3.8,0,5.0
CUST-13504,1,13.9,0,3.9
CUST-13505,3,4.1,0,4.5
CUST-13506,3,8.0,0,4.5
CUST-13507,4,49.3,1,3.2
CUST-13508,1,21.5,0,4.9
CUST-13509,7,72.4,3,2.9
CUST-13510,1,6.1,0,4.3
CUST-13511,1,10.8,0,4.6
CUST-13512,3,7.8,0,4.6
CUST-13513,3,20.2,0,4.9
CUST-13514,2,21.6,0,4.9
CUST-13515,5,20.5,0,3.9
CUST-13516,5,12.1,0,4.4
CUST-13517,5,13.7,0,4.7
CUST-13518,1,108.9,1,2.6
CUST-13519,4,16.5,0,4.8
CUST-13520,4,98.7,2,1.5
CUST-13521,6,18.8,0,4.8
CUST-13522,2,48.3,1,3.2
CUST-13523,8,5.0,0,4.9
CUST-13524,6,15.2,0,4.0
CUST-13525,4,13.0,0,4.2
CUST-13526,7,2.9,0,3.9
CUST-13527,5,105.9,2,2.5
CUST-13528,4,21.9,0,3.9
CUST-13529,5,5.5,0,4.0
CUST-13530,2,90.5,1,2.4
CUST-13531,2,8.8,0,4.1
CUST-13532,6,2.8,0,4.4
CUST-13533,2,22.4,0,4.9
CUST-13534,3,107.1,1,2.1
CUST-13535,2,9.6,0,4.4
CUST-13536,3,59.4,1,2.2
CUST-13537,2,22.2,0,4.1
CUST-13538,7,70.8,3,3.1
CUST-13539,7,3.1,0,4.1
CUST-13540,6,4.8,0,4.2
CUST-13541,3,13.9,0,4.6
CUST-13542,6,17.3,0,4.4
CUST-13543,5,11.4,0,4.5
CUST-13544,5,19.8,0,4.6
CUST-13545,1,10.5,0,4.1
CUST-13546,5,2.1,0,4.3
CUST-13547,4,11.8,0,4.6
CUST-13548,2,23.8,0,4.9
CUST-13549,1,15.6,0,4.7
CUST-13550,4,19.6,0,4.7
CUST-13551,2,81.3,1,2.2
CUST-13552,2,5.9,0,3.9
CUST-13553,1,50.7,1,1.6
CUST-13554,5,12.1,0,4.1
CUST-13555,2,16.6,0,3.8
CUST-13556,1,7.5,0,4.6
CUST-13557,2,22.8,0,4.2
CUST-13558,3,7.0,0,4.6
CUST-13559,4,13.9,0,4.4
CUST-13560,5,106.0,2,1.9
CUST-13561,2,6.0,0,4.3
CUST-13562,4,68.1,2,1.6
CUST-13563,3,7.9,0,3.9
CUST-13564,2,22.9,0,4.8
CUST-13565,3,4.4,0,4.8
CUST-13566,4,86.5,1,2.0
CUST-13567,3,4.9,0,4.4
CUST-13568,1,116.0,1,3.1
CUST-13569,3,10.6,0,4.2
CUST-13570,3,103.5,0,2.5
CUST-13571,1,80.8,1,1.4
CUST-13572,6,19.5,0,4.2
CUST-13573,4,2.6,0,3.8
CUST-13574,4,87.6,2,1.9
CUST-13575,5,8.8,0,4.5
CUST-13576,1,22.2,0,4.7
CUST-13577,3,13.6,0,4.6
CUST-13578,2,12.2,0,4.9
CUST-13579,1,5.4,0,4.6
CUST-13580,2,96.5,1,2.9
CUST-13581,8,16.5,0,4.0
CUST-13582,3,16.1,0,4.5
CUST-13583,5,112.4,2,2.7
CUST-13584,2,15.9,0,4.6
CUST-13585,2,18.4,0,4.8
CUST-13586,5,107.2,1,2.9
CUST-13587,3,87.2,2,1.7
CUST-13588,2,12.7,0,4.4
CUST-13589,3,7.9,0,3.8
CUST-13590,2,9.6,0,3.9
CUST-13591,7,9.7,0,4.5
CUST-13592,2,104.2,1,2.2
CUST-13593,3,17.4,0,4.5
CUST-13594,3,11.4,0,4.7
CUST-13595,2,8.9,0,4.6
CUST-13596,4,102.6,1,1.7
CUST-13597,5,84.0,2,2.2
CUST-13598,3,9.1,0,4.0
CUST-13599,5,10.7,0,4.9
CUST-13600,4,15.8,0,4.8
CUST-13601,1,11.7,0,4.2
CUST-13602,4,22.2,0,4.5
CUST-13603,6,8.1,0,4.0
CUST-13604,5,52.1,5,3.0
CUST-13605,3,6.9,0,3.9
CUST-13606,3,117.7,1,2.0
CUST-13607,8,5.2,0,4.5
CUST-13608,2,19.6,0,4.6
CUST-13609,3,7.3,0,4.7
CUST-13610,2,21.5,0,4.6
CUST-13611,6,9.1,0,4.0
CUST-13612,3,2.1,0,3.8
CUST-13613,2,98.4,0,2.2
CUST-13614,6,103.8,3,2.5
CUST-13615,3,84.1,2,3.2
CUST-13616,7,3.8,0,4.4
CUST-13617,2,23.3,0,4.4
CUST-13618,6,117.5,2,2.0
CUST-13619,5,18.7,0,3.9
CUST-13620,3,65.0,2,2.3
CUST-13621,4,10.3,0,4.3
CUST-13622,5,15.8,0,3.9
CUST-13623,6,17.1,0,4.2
CUST-13624,3,15.6,0,4.5
CUST-13625,4,20.0,0,3.9
CUST-13626,3,68.1,2,2.2
CUST-13627,5,4.4,0,4.2
CUST-13628,3,4.3,0,4.7
CUST-13629,4,18.7,0,4.4
CUST-13630,1,17.3,0,4.9
CUST-13631,0,4.0,0,4.4
CUST-13632,4,7.0,0,3.9
CUST-13633,2,8.0,0,3.8
CUST-13634,8,13.1,0,4.8
CUST-13635,3,16.5,0,4.7
CUST-13636,1,64.1,1,2.5
CUST-13637,4,4.1,0,4.7
CUST-13638,4,6.8,0,4.3
CUST-13639,1,85.6,1,2.8
CUST-13640,3,3.8,0,4.9
CUST-13641,3,13.3,0,4.3
CUST-13642,3,22.9,0,4.3
CUST-13643,4,11.1,0,4.3
CUST-13644,1,10.8,0,3.9
CUST-13645,1,62.8,0,1.4
CUST-13646,1,2.7,0,4.7
CUST-13647,5,23.9,0,3.9
CUST-13648,2,100.9,0,1.2
CUST-13649,5,5.8,0,4.0
CUST-13650,2,12.1,0,4.5
CUST-13651,6,2.9,0,4.8
CUST-13652,4,17.9,0,4.2
CUST-13653,3,2.8,0,4.5
CUST-13654,5,19.2,0,4.8
CUST-13655,9,7.9,0,4.5
CUST-13656,7,10.6,0,5.0
CUST-13657,2,21.8,0,3.8
CUST-13658,3,19.8,0,5.0
CUST-13659,6,15.9,0,4.5
CUST-13660,4,9.3,0,4.0
CUST-13661,7,62.8,3,2.9
CUST-13662,3,7.2,0,4.4
CUST-13663,2,4.8,0,4.9
CUST-13664,1,15.1,0,4.0
CUST-13665,2,16.2,0,4.8
CUST-13666,4,3.9,0,4.2
CUST-13667,8,4.1,0,4.7
CUST-13668,4,12.3,0,4.1
CUST-13669,4,7.7,0,4.6
CUST-13670,3,22.0,0,4.8
CUST-13671,6,58.1,3,2.6
CUST-13672,6,13.4,0,4.2
CUST-13673,1,9.8,0,4.4
CUST-13674,2,6.7,0,5.0
CUST-13675,5,7.2,0,5.0
CUST-13676,1,12.8,0,4.1
CUST-13677,5,17.7,0,4.3
CUST-13678,4,11.6,0,4.7
CUST-13679,7,12.5,0,4.9
CUST-13680,3,7.9,0,4.7
CUST-13681,7,20.7,0,4.2
CUST-13682,2,52.1,1,2.0
CUST-13683,5,12.0,0,4.8
CUST-13684,3,12.4,0,4.7
CUST-13685,4,15.9,0,4.9
CUST-13686,2,23.9,0,4.4
CUST-13687,2,23.2,0,5.0
CUST-13688,2,23.0,0,4.9
CUST-13689,3,21.2,0,4.0
CUST-13690,1,17.6,0,4.0
CUST-13691,0,4.0,0,4.8
CUST-13692,3,2.5,0,4.7
CUST-13693,4,17.8,0,4.1
CUST-13694,5,3.2,0,4.6
CUST-13695,4,97.3,1,2.3
CUST-13696,7,119.3,3,1.2
CUST-13697,3,8.8,0,4.7
CUST-13698,4,73.3,0,2.9
CUST-13699,4,16.1,0,4.4
CUST-13700,4,74.2,1,2.5
CUST-13701,4,3.9,0,4.4
CUST-13702,7,2.6,0,4.8
CUST-13703,6,14.8,0,4.5
CUST-13704,6,9.8,0,5.0
CUST-13705,3,10.3,0,4.7
CUST-13706,5,7.6,0,4.3
CUST-13707,3,51.7,2,2.0
CUST-13708,3,12.0,0,5.0
CUST-13709,4,97.0,2,1.8
CUST-13710,8,3.9,0,4.5
CUST-13711,4,8.5,0,4.5
CUST-13712,3,21.4,0,4.9
CUST-13713,1,22.4,0,4.2
CUST-13714,3,6.6,0,4.8
CUST-13715,2,108.6,1,2.1
CUST-13716,4,11.9,0,4.0
CUST-13717,3,20.4,0,3.9
CUST-13718,4,2.2,0,3.9
CUST-13719,4,18.2,0,4.8
CUST-13720,3,13.6,0,4.3
CUST-13721,1,13.7,0,4.7
CUST-13722,4,6.3,0,4.4
CUST-13723,3,22.8,0,3.9
CUST-13724,4,8.2,0,4.3
CUST-13725,3,18.7,0,4.8
CUST-13726,4,106.4,2,2.5
CUST-13727,1,4.4,0,4.5
CUST-13728,4,13.7,0,4.3
CUST-13729,3,13.6,0,4.1
CUST-13730,5,14.2,0,3.9
CUST-13731,6,18.9,0,4.3
CUST-13732,3,7.4,0,4.9
CUST-13733,5,2.5,0,4.6
CUST-13734,2,14.4,0,4.1
CUST-13735,4,11.3,0,4.1
CUST-13736,1,21.1,0,3.9
CUST-13737,5,4.9,0,4.2
CUST-13738,1,3.2,0,4.3
CUST-13739,5,3.1,0,4.1
CUST-13740,8,9.1,0,5.0
CUST-13741,3,90.4,1,1.7
CUST-13742,5,15.9,0,4.1
CUST-13743,4,51.3,2,2.3
CUST-13744,1,55.5,0,2.2
CUST-13745,6,5.3,0,4.3
CUST-13746,6,9.6,0,4.4
CUST-13747,1,11.0,0,4.9
CUST-13748,7,2.2,0,4.6
CUST-13749,2,81.7,1,1.8
CUST-13750,4,16.5,0,4.7
CUST-13751,4,17.7,0,4.9
CUST-13752,6,18.7,0,4.7
CUST-13753,2,10.7,0,4.6
CUST-13754,3,59.1,2,2.7
CUST-13755,5,86.2,3,1.4
CUST-13756,4,6.9,0,4.1
CUST-13757,2,104.8,2,1.7
CUST-13758,2,23.2,0,4.1
CUST-13759,6,18.1,0,4.6
CUST-13760,4,12.2,0,4.8
CUST-13761,5,15.5,0,4.3
CUST-13762,1,18.2,0,4.8
CUST-13763,2,15.1,0,4.4
CUST-13764,4,16.1,0,3.9
CUST-13765,6,14.3,0,4.7
CUST-13766,7,99.7,3,1.3
CUST-13767,5,73.7,3,3.2
CUST-13768,5,95.1,3,2.1
CUST-13769,3,21.4,0,4.6
CUST-13770,3,7.6,0,4.5
CUST-13771,4,11.3,0,4.0
CUST-13772,6,66.9,1,2.9
CUST-13773,2,52.1,1,1.8
CUST-13774,3,88.4,3,3.0
CUST-13775,6,20.1,0,4.5
CUST-13776,5,21.1,0,4.9
CUST-13777,4,68.9,1,1.7
CUST-13778,7,3.1,0,4.9
CUST-13779,7,2.6,0,4.8
CUST-13780,5,13.4,0,4.1
CUST-13781,5,19.7,0,4.9
CUST-13782,7,14.7,0,4.5
CUST-13783,8,101.6,6,1.6
CUST-13784,2,20.6,0,5.0
CUST-13785,3,12.1,0,4.3
CUST-13786,6,20.6,0,3.9
CUST-13787,5,12.2,0,4.8
CUST-13788,1,3.2,0,4.1
CUST-13789,5,13.7,0,4.0
CUST-13790,1,20.4,0,4.0
CUST-13791,4,13.1,0,4.1
CUST-13792,3,4.8,0,4.1
CUST-13793,4,23.6,0,4.5
CUST-13794,10,6.9,0,4.2
CUST-13795,1,20.8,0,4.1
CUST-13796,7,10.4,0,4.5
CUST-13797,6,6.2,0,4.7
CUST-13798,4,11.7,0,4.7
CUST-13799,2,8.7,0,4.1
CUST-13800,6,17.9,0,4.8
CUST-13801,3,10.2,0,4.8
CUST-13802,6,62.3,2,1.7
CUST-13803,3,23.9,0,4.3
CUST-13804,4,96.9,2,2.4
CUST-13805,8,16.7,0,3.9
CUST-13806,3,16.9,0,5.0
CUST-13807,5,115.3,2,2.4
CUST-13808,7,24.0,0,4.6
CUST-13809,5,9.3,0,4.4
CUST-13810,5,72.5,3,2.3
CUST-13811,3,55.6,2,3.1
CUST-13812,1,3.5,0,4.1
CUST-13813,4,14.7,0,4.6
CUST-13814,5,20.5,0,4.7
CUST-13815,4,14.8,0,4.3
CUST-13816,6,70.7,1,2.6
CUST-13817,4,6.5,0,4.7
CUST-13818,3,13.9,0,3.9
CUST-13819,4,5.2,0,3.8
CUST-13820,5,15.6,0,4.5
CUST-13821,3,2.6,0,3.8
CUST-13822,7,16.1,0,4.0
CUST-13823,4,19.8,0,4.5
CUST-13824,7,61.5,3,2.6
CUST-13825,2,18.4,0,4.0
CUST-13826,7,11.3,0,4.3
CUST-13827,3,58.8,2,1.4
CUST-13828,5,65.0,3,1.4
CUST-13829,6,14.9,0,4.5
CUST-13830,0,4.0,0,4.4
CUST-13831,11,20.7,0,4.9
CUST-13832,7,10.0,0,4.5
CUST-13833,7,51.3,4,2.5
CUST-13834,4,6.7,0,4.2
CUST-13835,2,6.5,0,4.2
CUST-13836,5,17.5,0,5.0
CUST-13837,6,7.3,0,4.5
CUST-13838,4,105.4,0,3.1
CUST-13839,7,18.0,0,4.7
CUST-13840,6,15.5,0,4.1
CUST-13841,7,9.7,0,4.8
CUST-13842,7,8.1,0,4.5
CUST-13843,2,8.3,0,4.4
CUST-13844,5,3.7,0,4.8
CUST-13845,6,3.8,0,3.8
CUST-13846,2,54.5,0,2.3
CUST-13847,4,5.0,0,4.8
CUST-13848,1,61.8,0,2.1
CUST-13849,4,9.0,0,4.6
CUST-13850,3,15.3,0,4.9
CUST-13851,6,56.6,4,2.3
CUST-13852,6,17.7,0,4.6
CUST-13853,1,19.3,0,4.1
CUST-13854,2,21.6,0,4.2
CUST-13855,6,16.4,0,4.6
CUST-13856,10,22.9,0,4.1
CUST-13857,7,5.4,0,3.9
CUST-13858,8,74.7,1,2.5
CUST-13859,4,6.5,0,4.1
CUST-13860,6,17.6,0,4.1
CUST-13861,0,4.0,0,4.6
CUST-13862,7,18.4,0,4.4
CUST-13863,4,11.1,0,4.2
CUST-13864,3,92.4,2,1.3
CUST-13865,3,6.7,0,3.9
CUST-13866,6,23.3,0,3.9
CUST-13867,2,20.8,0,4.6
CUST-13868,4,7.2,0,4.1
CUST-13869,7,12.2,0,4.0
CUST-13870,1,10.3,0,4.9
CUST-13871,6,16.0,0,4.7
CUST-13872,0,4.0,0,4.3
CUST-13873,5,5.0,0,4.6
CUST-13874,1,110.8,0,2.4
CUST-13875,3,93.3,0,1.3
CUST-13876,2,23.6,0,3.8
CUST-13877,5,16.8,0,4.8
CUST-13878,0,4.0,0,4.2
CUST-13879,3,13.2,0,4.2
CUST-13880,4,21.0,0,4.0
CUST-13881,4,5.8,0,4.1
CUST-13882,3,12.0,0,3.9
CUST-13883,5,6.8,0,4.4
CUST-13884,1,5.6,0,4.2
CUST-13885,0,4.0,0,4.9
CUST-13886,1,7.0,0,4.6
CUST-13887,1,4.1,0,4.3
CUST-13888,6,92.3,0,2.6
CUST-13889,2,85.5,1,2.4
CUST-13890,6,19.3,0,4.3
CUST-13891,5,87.0,2,1.7
CUST-13892,2,111.5,1,2.4
CUST-13893,3,17.4,0,4.4
CUST-13894,3,17.4,0,4.0
CUST-13895,0,4.0,0,4.4
CUST-13896,3,6.6,0,4.0
CUST-13897,2,10.1,0,3.9
CUST-13898,6,8.6,0,4.9
CUST-13899,5,20.7,0,4.9
CUST-13900,3,20.8,0,4.1
CUST-13901,3,9.7,0,3.9
CUST-13902,5,55.8,1,2.2
CUST-13903,2,90.4,0,3.0
CUST-13904,2,4.5,0,4.8
CUST-13905,1,23.4,0,4.2
CUST-13906,8,23.8,0,4.4
CUST-13907,3,107.8,2,2.0
CUST-13908,5,17.7,0,4.2
CUST-13909,1,112.4,0,1.5
CUST-13910,7,12.4,0,4.8
CUST-13911,4,12.1,0,4.2
CUST-13912,3,6.4,0,4.3
CUST-13913,5,22.7,0,4.3
CUST-13914,5,7.4,0,4.8
CUST-13915,4,4.8,0,4.2
CUST-13916,4,18.7,0,4.5
CUST-13917,1,9.2,0,3.8
CUST-13918,5,22.3,0,5.0
CUST-13919,5,12.0,0,4.0
CUST-13920,6,21.4,0,4.6
CUST-13921,11,79.5,7,1.3
CUST-13922,5,107.6,3,1.7
CUST-13923,6,50.9,4,2.6
CUST-13924,2,6.6,0,3.9
CUST-13925,7,21.9,0,4.5
CUST-13926,4,16.1,0,4.3
CUST-13927,4,62.9,2,2.1
CUST-13928,3,3.1,0,5.0
CUST-13929,4,10.5,0,4.7
CUST-13930,3,15.3,0,5.0
CUST-13931,1,14.7,0,4.3
CUST-13932,3,7.4,0,3.8
CUST-13933,8,13.9,0,4.7
CUST-13934,4,63.0,3,2.4
CUST-13935,2,12.1,0,4.0
CUST-13936,4,12.1,0,4.7
CUST-13937,7,14.6,0,4.5
CUST-13938,5,82.0,0,1.7
CUST-13939,7,7.1,0,4.0
CUST-13940,1,19.2,0,4.8
CUST-13941,3,3.9,0,4.4
CUST-13942,2,82.7,0,1.4
CUST-13943,1,55.5,0,1.7
CUST-13944,1,51.1,1,2.3
CUST-13945,3,11.3,0,4.1
CUST-13946,5,102.4,1,1.9
CUST-13947,1,16.2,0,4.2
CUST-13948,1,15.3,0,3.9
CUST-13949,6,20.7,0,4.5
CUST-13950,4,20.4,0,4.6
CUST-13951,5,15.8,0,4.6
CUST-13952,6,12.8,0,4.8
CUST-13953,3,21.9,0,4.4
CUST-13954,0,4.0,0,4.7
CUST-13955,2,4.0,0,4.4
CUST-13956,7,23.4,0,3.9
CUST-13957,4,11.7,0,4.9
CUST-13958,8,73.8,0,2.8
CUST-13959,4,13.0,0,4.1
CUST-13960,4,21.2,0,4.8
CUST-13961,2,5.7,0,4.1
CUST-13962,2,6.4,0,4.6
CUST-13963,2,4.1,0,4.5
CUST-13964,5,11.4,0,4.0
CUST-13965,0,4.0,0,4.4
CUST-13966,4,12.4,0,3.9
CUST-13967,5,9.9,0,4.9
CUST-13968,3,8.7,0,4.3
CUST-13969,4,14.4,0,4.9
CUST-13970,4,8.4,0,4.0
CUST-13971,4,69.5,3,1.8
CUST-13972,2,11.4,0,4.2
CUST-13973,3,7.7,0,4.9
CUST-13974,2,108.4,1,2.8
CUST-13975,2,13.3,0,4.6
CUST-13976,5,8.3,0,4.1
CUST-13977,4,15.7,0,4.1
CUST-13978,5,11.3,0,4.6
CUST-13979,4,8.9,0,4.3
CUST-13980,1,17.4,0,4.0
CUST-13981,4,109.1,1,2.2
CUST-13982,1,19.6,0,4.5
CUST-13983,3,83.6,1,2.3
CUST-13984,7,5.8,0,4.5
CUST-13985,4,79.6,1,2.1
CUST-13986,6,58.2,5,2.0
CUST-13987,5,21.7,0,4.3
CUST-13988,2,22.2,0,5.0
CUST-13989,5,21.3,0,3.8
CUST-13990,3,23.3,0,3.8
CUST-13991,2,117.3,1,2.9
CUST-13992,2,22.3,0,4.3
CUST-13993,8,18.6,0,4.8
CUST-13994,6,4.0,0,4.7
CUST-13995,3,3.1,0,4.2
CUST-13996,4,4.5,0,4.1
CUST-13997,3,13.3,0,4.4
CUST-13998,4,18.9,0,4.2
CUST-13999,4,10.9,0,4.6
CUST-14000,7,94.7,1,2.5
CUST-14001,4,14.0,0,4.6
CUST-14002,4,20.2,0,3.8
CUST-14003,4,10.1,0,3.9
CUST-14004,3,9.5,0,4.5
CUST-14005,3,3.4,0,4.3
CUST-14006,1,2.3,0,4.2
CUST-14007,1,16.3,0,4.1
CUST-14008,9,8.6,0,4.0
CUST-14009,4,18.4,0,4.9
CUST-14010,7,19.2,0,4.7
CUST-14011,3,21.4,0,4.3
CUST-14012,3,8.3,0,4.0
CUST-14013,6,4.1,0,4.3
CUST-14014,6,20.6,0,3.8
CUST-14015,3,74.6,2,2.6
CUST-14016,6,114.6,2,2.7
CUST-14017,4,110.6,3,2.7
CUST-14018,5,22.1,0,4.2
CUST-14019,4,116.9,2,2.7
CUST-14020,3,78.7,2,1.4
CUST-14021,6,19.9,0,4.6
CUST-14022,3,19.1,0,4.9
CUST-14023,4,54.1,1,2.8
CUST-14024,2,81.7,2,1.3
CUST-14025,2,23.0,0,3.9
CUST-14026,1,17.2,0,3.8
CUST-14027,4,4.8,0,4.5
CUST-14028,1,18.5,0,4.2
CUST-14029,4,118.2,2,2.9
CUST-14030,4,65.8,1,2.4
CUST-14031,2,7.6,0,4.4
CUST-14032,4,73.5,1,1.7
CUST-14033,2,67.8,0,1.9
CUST-14034,5,19.2,0,4.5
CUST-14035,3,54.6,2,1.6
CUST-14036,3,16.6,0,4.3
CUST-14037,4,94.6,0,2.5
CUST-14038,1,12.2,0,4.2
CUST-14039,3,102.9,0,2.0
CUST-14040,5,14.6,0,4.0
CUST-14041,7,118.3,2,2.6
CUST-14042,4,15.1,0,5.0
CUST-14043,6,10.4,0,4.5
CUST-14044,0,4.0,0,4.9
CUST-14045,2,11.5,0,3.9
CUST-14046,0,4.0,0,4.8
CUST-14047,4,61.7,1,2.1
CUST-14048,4,23.9,0,4.2
CUST-14049,5,7.5,0,4.7
CUST-14050,2,19.8,0,3.9
CUST-14051,5,60.5,1,2.4
CUST-14052,7,15.4,0,4.9
CUST-14053,4,21.4,0,4.0
CUST-14054,4,18.7,0,4.6
CUST-14055,3,118.2,1,2.4
CUST-14056,4,9.7,0,4.1
CUST-14057,4,8.1,0,4.2
CUST-14058,1,20.6,0,4.2
CUST-14059,7,14.6,0,4.9
CUST-14060,5,89.5,2,2.4
CUST-14061,3,16.1,0,4.6
CUST-14062,9,19.3,0,4.5
CUST-14063,6,9.6,0,4.1
CUST-14064,4,11.2,0,4.9
CUST-14065,2,5.6,0,4.7
CUST-14066,1,6.8,0,4.7
CUST-14067,3,63.5,0,2.6
CUST-14068,3,22.7,0,4.1
CUST-14069,3,108.3,0,2.2
CUST-14070,6,55.2,1,2.9
CUST-14071,4,11.9,0,4.9
CUST-14072,2,7.0,0,4.0
CUST-14073,3,4.9,0,4.3
CUST-14074,2,75.0,0,2.7
CUST-14075,2,118.8,1,2.9
CUST-14076,9,17.8,0,4.9
CUST-14077,4,14.2,0,4.3
CUST-14078,4,52.0,2,1.8
CUST-14079,4,7.8,0,4.6
CUST-14080,2,10.4,0,3.9
CUST-14081,3,48.5,2,2.5
CUST-14082,2,21.1,0,4.4
CUST-14083,6,57.8,4,1.5
CUST-14084,4,19.0,0,4.6
CUST-14085,4,11.9,0,4.2
CUST-14086,4,14.1,0,4.8
CUST-14087,5,21.9,0,4.4
CUST-14088,2,15.8,0,4.3
CUST-14089,3,4.4,0,4.3
CUST-14090,5,17.6,0,4.5
CUST-14091,7,74.1,3,1.3
CUST-14092,9,20.6,0,4.2
CUST-14093,4,52.4,2,2.3
CUST-14094,5,13.2,0,4.6
CUST-14095,6,9.3,0,4.2
CUST-14096,4,11.0,0,3.9
CUST-14097,4,22.3,0,4.6
CUST-14098,3,21.9,0,4.8
CUST-14099,4,23.9,0,4.0
CUST-14100,3,7.3,0,4.7
CUST-14101,5,77.3,1,2.3
CUST-14102,8,98.3,3,1.5
CUST-14103,4,21.0,0,3.9
CUST-14104,2,102.4,1,2.4
CUST-14105,6,15.6,0,5.0
CUST-14106,7,5.6,0,4.5
CUST-14107,5,21.5,0,4.4
CUST-14108,7,18.3,0,4.2
CUST-14109,6,51.0,2,1.2
CUST-14110,4,10.4,0,4.2
CUST-14111,3,7.7,0,3.9
CUST-14112,5,16.1,0,4.2
CUST-14113,2,96.0,2,1.5
CUST-14114,5,93.1,1,1.7
CUST-14115,0,4.0,0,4.3
CUST-14116,3,4.8,0,4.4
CUST-14117,3,23.2,0,4.0
CUST-14118,3,13.2,0,4.2
CUST-14119,5,20.3,0,4.3
CUST-14120,3,113.1,1,2.8
CUST-14121,1,21.5,0,4.7
CUST-14122,2,4.0,0,4.0
CUST-14123,0,4.0,0,4.5
CUST-14124,4,10.1,0,4.1
CUST-14125,6,13.9,0,4.4
CUST-14126,2,8.8,0,4.8
CUST-14127,4,7.8,0,3.9
CUST-14128,2,17.0,0,4.2
CUST-14129,1,10.8,0,4.2
CUST-14130,4,9.5,0,4.5
CUST-14131,2,22.8,0,4.7
CUST-14132,2,14.1,0,3.8
CUST-14133,4,10.5,0,3.8
CUST-14134,6,18.5,0,4.5
CUST-14135,7,6.6,0,4.0
CUST-14136,4,8.7,0,4.8
CUST-14137,7,21.3,0,4.1
CUST-14138,2,15.7,0,5.0
CUST-14139,6,5.7,0,4.1
CUST-14140,1,7.7,0,4.7
CUST-14141,7,23.5,0,4.4
CUST-14142,3,20.7,0,4.6
CUST-14143,7,2.4,0,4.6
CUST-14144,1,6.3,0,4.4
CUST-14145,2,103.2,0,2.3
CUST-14146,3,79.2,2,1.3
CUST-14147,1,23.3,0,4.5
CUST-14148,6,8.9,0,4.4
CUST-14149,9,10.9,0,4.1
CUST-14150,6,4.7,0,4.5
CUST-14151,6,13.5,0,4.4
CUST-14152,2,107.3,1,2.7
CUST-14153,5,23.2,0,4.1
CUST-14154,4,92.0,3,2.1
CUST-14155,5,96.7,3,2.7
CUST-14156,4,108.2,1,2.5
CUST-14157,4,18.6,0,3.8
CUST-14158,3,23.8,0,4.9
CUST-14159,1,117.4,0,2.4
CUST-14160,3,61.8,1,1.3
CUST-14161,1,105.7,1,3.0
CUST-14162,4,81.6,0,1.6
CUST-14163,5,20.9,0,4.5
CUST-14164,6,19.5,0,4.1
CUST-14165,4,9.3,0,4.0
CUST-14166,2,23.0,0,4.8
CUST-14167,1,15.9,0,4.2
CUST-14168,4,9.1,0,3.9
CUST-14169,4,3.9,0,4.1
CUST-14170,9,20.3,0,4.3
CUST-14171,6,16.0,0,4.2
CUST-14172,4,15.7,0,4.0
CUST-14173,4,99.6,1,1.8
CUST-14174,3,11.8,0,4.0
CUST-14175,6,13.0,0,4.8
CUST-14176,6,15.5,0,4.1
CUST-14177,1,108.1,1,1.6
CUST-14178,4,18.6,0,4.8
CUST-14179,1,20.7,0,3.9
CUST-14180,5,77.1,2,2.3
CUST-14181,7,111.2,4,2.0
CUST-14182,5,54.6,4,3.0
CUST-14183,6,77.0,2,1.9
CUST-14184,4,101.4,0,3.1
CUST-14185,5,65.5,3,1.4
CUST-14186,4,15.3,0,4.8
CUST-14187,4,6.1,0,4.9
CUST-14188,4,6.9,0,4.9
CUST-14189,5,20.0,0,4.3
CUST-14190,4,9.9,0,4.7
CUST-14191,6,20.4,0,4.6
CUST-14192,4,5.8,0,4.6
CUST-14193,1,87.0,1,2.4
CUST-14194,3,63.1,0,2.7
CUST-14195,5,11.1,0,4.8
CUST-14196,1,10.5,0,4.3
CUST-14197,4,22.4,0,4.7
CUST-14198,3,19.1,0,4.5
CUST-14199,6,17.8,0,4.7
CUST-14200,5,10.6,0,4.2
CUST-14201,5,18.5,0,4.9
CUST-14202,8,110.1,3,1.4
CUST-14203,10,23.7,0,4.5
CUST-14204,3,20.4,0,4.8
CUST-14205,0,4.0,0,4.5
CUST-14206,4,21.8,0,4.2
CUST-14207,4,3.1,0,4.0
CUST-14208,3,51.9,2,1.5
CUST-14209,3,102.9,0,2.1
CUST-14210,3,14.0,0,4.7
CUST-14211,3,5.7,0,4.1
CUST-14212,5,21.1,0,4.6
CUST-14213,6,8.8,0,4.2
CUST-14214,7,8.6,0,3.9
CUST-14215,10,23.9,0,4.4
CUST-14216,1,14.1,0,4.1
CUST-14217,2,14.5,0,4.7
CUST-14218,3,21.7,0,4.5
CUST-14219,3,3.7,0,4.8
CUST-14220,4,14.6,0,4.5
CUST-14221,5,3.8,0,4.5
CUST-14222,5,14.5,0,4.4
CUST-14223,2,18.7,0,4.0
CUST-14224,5,3.3,0,4.5
CUST-14225,5,14.5,0,3.9
CUST-14226,4,86.7,0,3.2
CUST-14227,4,69.4,2,1.3
CUST-14228,7,60.4,4,2.0
CUST-14229,5,4.7,0,4.2
CUST-14230,2,13.5,0,4.9
CUST-14231,5,12.9,0,4.0
CUST-14232,1,73.4,0,1.5
CUST-14233,5,3.1,0,4.9
CUST-14234,3,6.5,0,4.5
CUST-14235,5,15.2,0,4.2
CUST-14236,3,87.5,1,2.8
CUST-14237,1,20.1,0,4.1
CUST-14238,1,111.8,0,1.8
CUST-14239,4,54.9,1,2.6
CUST-14240,2,7.7,0,4.3
CUST-14241,2,5.7,0,4.5
CUST-14242,2,113.9,1,2.0
CUST-14243,4,23.1,0,4.3
CUST-14244,8,4.4,0,4.0
CUST-14245,1,15.3,0,3.9
CUST-14246,3,10.7,0,4.2
CUST-14247,4,3.2,0,4.3
CUST-14248,8,19.5,0,3.9
CUST-14249,3,2.5,0,4.5
CUST-14250,4,5.3,0,4.7
CUST-14251,4,10.3,0,4.1
CUST-14252,6,55.2,3,2.2
CUST-14253,8,11.4,0,4.3
CUST-14254,6,14.7,0,4.0
CUST-14255,2,48.1,1,2.4
CUST-14256,2,60.0,0,1.3
CUST-14257,4,86.5,3,1.3
CUST-14258,5,22.7,0,4.3
CUST-14259,5,90.0,1,2.0
CUST-14260,4,61.3,2,1.6
CUST-14261,6,17.0,0,4.6
CUST-14262,0,4.0,0,4.3
CUST-14263,3,20.2,0,4.4
CUST-14264,4,10.5,0,4.7
CUST-14265,4,23.1,0,4.0
CUST-14266,2,6.3,0,4.8
CUST-14267,4,5.4,0,4.6
CUST-14268,2,81.6,1,1.4
CUST-14269,4,8.8,0,4.2
CUST-14270,5,9.0,0,4.8
CUST-14271,5,16.9,0,4.3
CUST-14272,2,19.6,0,4.4
CUST-14273,1,23.8,0,4.6
CUST-14274,2,16.2,0,4.2
CUST-14275,3,19.5,0,4.7
CUST-14276,2,10.3,0,4.0
CUST-14277,6,9.5,0,4.4
CUST-14278,2,18.9,0,5.0
CUST-14279,8,73.6,4,1.8
CUST-14280,5,22.5,0,4.3
CUST-14281,8,83.5,3,2.5
CUST-14282,4,21.1,0,4.1
CUST-14283,4,13.8,0,4.0
CUST-14284,4,10.5,0,4.0
CUST-14285,6,23.4,0,3.9
CUST-14286,4,10.1,0,4.7
CUST-14287,3,3.0,0,3.9
CUST-14288,1,78.5,0,2.9
CUST-14289,5,23.8,0,4.2
CUST-14290,1,21.2,0,4.0
CUST-14291,3,12.7,0,5.0
CUST-14292,1,3.9,0,4.4
CUST-14293,7,71.2,4,2.5
CUST-14294,3,119.3,1,1.4
CUST-14295,5,22.2,0,4.0
CUST-14296,4,5.2,0,4.9
CUST-14297,2,11.1,0,4.8
CUST-14298,2,12.3,0,4.7
CUST-14299,1,19.4,0,4.0
CUST-14300,5,111.5,3,2.4
CUST-14301,4,23.4,0,4.9
CUST-14302,7,16.4,0,3.9
CUST-14303,3,12.9,0,4.4
CUST-14304,8,13.8,0,4.1
CUST-14305,2,111.8,0,2.8
CUST-14306,2,7.7,0,4.2
CUST-14307,3,22.5,0,4.7
CUST-14308,10,12.7,0,4.7
CUST-14309,4,16.4,0,5.0
CUST-14310,3,53.2,1,2.2
CUST-14311,3,69.0,2,2.6
CUST-14312,5,13.7,0,4.3
CUST-14313,3,107.3,1,1.8
CUST-14314,3,115.2,2,2.9
CUST-14315,4,17.1,0,3.9
CUST-14316,6,56.2,3,2.3
CUST-14317,3,17.3,0,4.6
CUST-14318,3,11.9,0,4.0
CUST-14319,4,68.1,1,2.1
CUST-14320,5,4.1,0,4.6
CUST-14321,1,94.6,0,2.1
CUST-14322,5,11.6,0,4.8
CUST-14323,3,101.0,2,2.1
CUST-14324,9,21.5,0,4.7
CUST-14325,6,16.7,0,4.5
CUST-14326,4,2.3,0,4.9
CUST-14327,4,7.0,0,3.9
CUST-14328,7,13.2,0,4.4
CUST-14329,7,16.3,0,5.0
CUST-14330,3,4.8,0,4.6
CUST-14331,3,18.3,0,4.4
CUST-14332,6,16.0,0,4.0
CUST-14333,2,15.0,0,3.8
CUST-14334,3,9.6,0,4.1
CUST-14335,3,93.1,0,2.0
CUST-14336,4,18.5,0,4.2
CUST-14337,4,16.5,0,4.0
CUST-14338,6,10.0,0,4.0
CUST-14339,3,19.8,0,4.4
CUST-14340,8,18.0,0,4.8
CUST-14341,2,14.9,0,4.1
CUST-14342,4,15.7,0,5.0
CUST-14343,6,7.9,0,4.8
CUST-14344,4,21.8,0,3.9
CUST-14345,4,94.7,1,2.3
CUST-14346,3,83.4,2,2.3
CUST-14347,10,22.6,0,4.2
CUST-14348,5,23.0,0,4.4
CUST-14349,3,71.6,1,1.4
CUST-14350,2,7.3,0,3.8
CUST-14351,10,9.4,0,3.8
CUST-14352,5,76.4,3,2.0
CUST-14353,1,17.6,0,4.9
CUST-14354,2,22.8,0,4.7
CUST-14355,5,22.6,0,4.0
CUST-14356,8,20.0,0,3.9
CUST-14357,6,2.4,0,4.6
CUST-14358,3,11.9,0,4.4
CUST-14359,2,6.3,0,3.8
CUST-14360,5,14.9,0,3.8
CUST-14361,7,6.6,0,3.8
CUST-14362,5,67.0,2,2.4
CUST-14363,2,66.5,1,1.4
CUST-14364,3,5.3,0,3.8
CUST-14365,4,8.1,0,4.8
CUST-14366,7,23.3,0,4.7
CUST-14367,4,23.8,0,4.3
CUST-14368,3,20.2,0,3.8
CUST-14369,6,71.9,3,1.3
CUST-14370,2,52.8,2,1.8
CUST-14371,4,79.1,2,2.2
CUST-14372,5,8.5,0,4.8
CUST-14373,4,13.9,0,4.0
CUST-14374,2,9.8,0,4.2
CUST-14375,4,23.7,0,4.7
CUST-14376,2,19.3,0,4.4
CUST-14377,3,21.1,0,3.9
CUST-14378,6,11.2,0,4.8
CUST-14379,0,4.0,0,4.4
CUST-14380,6,13.5,0,3.8
CUST-14381,5,18.4,0,5.0
CUST-14382,1,6.7,0,4.0
CUST-14383,3,12.9,0,4.9
CUST-14384,4,73.7,1,2.6
CUST-14385,5,106.8,1,1.5
CUST-14386,4,12.7,0,4.6
CUST-14387,2,17.7,0,4.4
CUST-14388,2,11.3,0,4.9
CUST-14389,4,4.2,0,5.0
CUST-14390,4,86.0,1,2.1
CUST-14391,6,59.1,1,2.7
CUST-14392,3,92.2,0,1.9
CUST-14393,8,117.3,5,2.4
CUST-14394,3,15.7,0,4.1
CUST-14395,1,23.3,0,3.9
CUST-14396,8,74.1,4,1.5
CUST-14397,9,8.2,0,4.1
CUST-14398,3,12.3,0,3.9
CUST-14399,4,118.0,1,1.5
CUST-14400,6,18.6,0,3.8
CUST-14401,7,71.0,3,2.8
CUST-14402,4,22.2,0,4.4
CUST-14403,7,2.7,0,4.0
CUST-14404,7,6.9,0,4.1
CUST-14405,5,119.8,4,1.3
CUST-14406,5,8.0,0,3.9
CUST-14407,5,20.0,0,4.6
CUST-14408,3,112.5,0,1.4
CUST-14409,5,7.2,0,4.3
CUST-14410,5,63.8,0,2.1
CUST-14411,7,3.8,0,4.1
CUST-14412,4,3.1,0,5.0
CUST-14413,2,3.7,0,4.6
CUST-14414,3,15.5,0,4.8
CUST-14415,9,22.2,0,4.6
CUST-14416,4,18.0,0,3.8
CUST-14417,2,14.4,0,4.1
CUST-14418,3,11.7,0,4.7
CUST-14419,3,8.6,0,4.6
CUST-14420,1,4.2,0,4.3
CUST-14421,2,52.7,0,2.3
CUST-14422,5,5.7,0,4.9
CUST-14423,5,3.2,0,4.7
CUST-14424,3,9.0,0,4.6
CUST-14425,2,23.1,0,5.0
CUST-14426,3,20.6,0,4.2
CUST-14427,5,10.3,0,4.9
CUST-14428,2,5.5,0,4.6
CUST-14429,7,20.4,0,4.9
CUST-14430,3,13.5,0,4.1
CUST-14431,2,11.6,0,4.0
CUST-14432,1,3.6,0,3.9
CUST-14433,6,3.7,0,4.6
CUST-14434,6,15.3,0,4.4
CUST-14435,6,7.5,0,4.3
CUST-14436,6,50.2,2,2.1
CUST-14437,4,21.3,0,4.5
CUST-14438,0,4.0,0,4.6
CUST-14439,4,22.3,0,4.8
CUST-14440,4,15.3,0,4.8
CUST-14441,6,4.2,0,3.8
CUST-14442,4,81.2,2,2.5
CUST-14443,4,3.3,0,4.5
CUST-14444,7,21.0,0,4.7
CUST-14445,5,22.4,0,5.0
CUST-14446,5,85.6,2,1.9
CUST-14447,5,3.5,0,4.9
CUST-14448,5,12.4,0,4.2
CUST-14449,5,78.7,4,1.2
CUST-14450,5,88.1,2,1.5
CUST-14451,3,16.3,0,4.6
CUST-14452,3,18.2,0,4.1
CUST-14453,5,10.3,0,4.5
CUST-14454,7,13.9,0,4.4
CUST-14455,0,4.0,0,5.0
CUST-14456,6,117.1,3,1.9
CUST-14457,4,21.6,0,4.8
CUST-14458,3,6.3,0,4.4
CUST-14459,6,12.2,0,4.5
CUST-14460,3,4.0,0,4.7
CUST-14461,5,4.0,0,4.3
CUST-14462,4,114.6,0,2.6
CUST-14463,3,12.1,0,4.7
CUST-14464,2,19.4,0,5.0
CUST-14465,1,4.8,0,4.6
CUST-14466,5,20.1,0,4.9
CUST-14467,4,3.2,0,4.6
CUST-14468,1,11.3,0,4.0
CUST-14469,3,13.3,0,4.8
CUST-14470,4,9.4,0,4.5
CUST-14471,6,20.3,0,4.5
CUST-14472,3,65.3,1,2.8
CUST-14473,3,12.6,0,5.0
CUST-14474,4,21.4,0,3.9
CUST-14475,7,2.7,0,4.3
CUST-14476,6,2.9,0,3.9
CUST-14477,6,20.6,0,3.8
CUST-14478,5,69.8,1,2.9
CUST-14479,0,4.0,0,4.9
CUST-14480,6,115.1,4,2.3
CUST-14481,7,72.7,3,2.9
CUST-14482,3,22.4,0,4.1
CUST-14483,6,69.1,3,2.6
CUST-14484,5,65.9,2,2.5
CUST-14485,5,20.2,0,4.4
CUST-14486,4,13.2,0,4.1
CUST-14487,10,13.5,0,4.7
CUST-14488,3,106.4,2,1.3
CUST-14489,6,71.2,2,3.0
CUST-14490,5,12.3,0,4.1
CUST-14491,5,14.8,0,4.5
CUST-14492,5,14.8,0,4.8
CUST-14493,5,2.2,0,3.9
CUST-14494,5,21.1,0,3.9
CUST-14495,0,4.0,0,4.4
CUST-14496,2,12.0,0,4.5
CUST-14497,5,12.4,0,4.8
CUST-14498,8,7.2,0,4.6
CUST-14499,1,18.2,0,3.9
CUST-14500,3,2.4,0,4.9
CUST-14501,4,116.4,4,1.3
CUST-14502,2,14.4,0,4.5
CUST-14503,2,85.0,0,3.1
CUST-14504,4,8.4,0,4.6
CUST-14505,6,53.8,1,2.3
CUST-14506,2,5.6,0,4.5
CUST-14507,8,6.3,0,3.9
CUST-14508,3,9.1,0,4.9
CUST-14509,3,103.6,1,2.6
CUST-14510,4,8.2,0,4.2
CUST-14511,4,89.2,1,1.2
CUST-14512,2,6.5,0,4.9
CUST-14513,3,10.0,0,4.4
CUST-14514,3,10.1,0,4.1
CUST-14515,1,92.2,0,3.1
CUST-14516,1,5.8,0,4.5
CUST-14517,5,9.9,0,4.9
CUST-14518,4,5.8,0,3.9
CUST-14519,5,8.1,0,4.5
CUST-14520,3,2.2,0,4.9
CUST-14521,3,22.8,0,4.7
CUST-14522,3,7.4,0,4.9
CUST-14523,2,17.3,0,4.3
CUST-14524,5,18.7,0,4.8
CUST-14525,1,53.4,0,1.7
CUST-14526,1,3.5,0,4.6
CUST-14527,5,16.4,0,4.9
CUST-14528,3,22.1,0,4.5
CUST-14529,2,18.3,0,4.0
CUST-14530,6,63.1,2,3.1
CUST-14531,0,4.0,0,5.0
CUST-14532,6,6.9,0,4.1
CUST-14533,1,21.0,0,4.6
CUST-14534,2,75.7,0,1.3
CUST-14535,3,69.9,1,2.3
CUST-14536,3,3.3,0,4.7
CUST-14537,7,19.6,0,3.8
CUST-14538,3,88.3,1,2.5
CUST-14539,4,10.9,0,4.8
CUST-14540,8,94.6,3,1.5
CUST-14541,4,13.2,0,4.6
CUST-14542,5,81.0,1,2.3
CUST-14543,5,108.7,3,1.3
CUST-14544,3,4.1,0,4.3
CUST-14545,4,13.6,0,3.9
CUST-14546,5,22.8,0,4.7
CUST-14547,2,2.6,0,4.0
CUST-14548,6,49.5,3,1.7
CUST-14549,3,80.2,1,1.7
CUST-14550,2,54.3,2,2.8
CUST-14551,3,4.2,0,4.0
CUST-14552,4,20.1,0,4.4
CUST-14553,3,22.7,0,4.7
CUST-14554,4,19.8,0,4.5
CUST-14555,5,119.3,2,2.0
CUST-14556,2,9.1,0,3.8
CUST-14557,2,13.7,0,4.8
CUST-14558,4,10.6,0,4.6
CUST-14559,7,71.3,4,2.5
CUST-14560,7,58.9,2,2.8
CUST-14561,6,8.0,0,3.9
CUST-14562,1,9.8,0,4.4
CUST-14563,3,6.4,0,4.8
CUST-14564,5,4.9,0,4.2
CUST-14565,2,12.4,0,4.7
CUST-14566,3,119.9,1,1.3
CUST-14567,3,11.4,0,4.2
CUST-14568,2,8.1,0,4.5
CUST-14569,5,77.0,0,3.0
CUST-14570,2,5.1,0,4.6
CUST-14571,7,14.3,0,4.3
CUST-14572,4,18.2,0,3.9
CUST-14573,2,15.4,0,4.1
CUST-14574,5,5.9,0,4.7
CUST-14575,2,70.4,1,1.7
CUST-14576,2,113.7,1,2.1
CUST-14577,3,14.2,0,4.5
CUST-14578,3,20.9,0,4.8
CUST-14579,5,15.7,0,4.1
CUST-14580,2,18.5,0,4.8
CUST-14581,5,5.1,0,4.4
CUST-14582,6,4.8,0,4.9
CUST-14583,5,112.2,1,2.8
CUST-14584,1,62.2,1,1.6
CUST-14585,6,17.5,0,4.4
CUST-14586,2,11.6,0,5.0
CUST-14587,3,12.6,0,4.6
CUST-14588,5,100.2,1,1.9
CUST-14589,5,23.4,0,4.2
CUST-14590,1,10.8,0,4.1
CUST-14591,5,116.8,1,1.4
CUST-14592,3,67.0,1,2.9
CUST-14593,2,4.8,0,5.0
CUST-14594,3,9.1,0,4.2
CUST-14595,2,63.0,1,1.3
CUST-14596,3,9.8,0,4.2
CUST-14597,3,6.6,0,4.9
CUST-14598,6,2.5,0,4.5
CUST-14599,1,10.3,0,3.9
CUST-14600,3,15.6,0,4.4
CUST-14601,3,23.7,0,4.2
CUST-14602,8,3.1,0,4.1
CUST-14603,3,17.9,0,4.2
CUST-14604,4,15.5,0,4.9
CUST-14605,4,10.8,0,4.3
CUST-14606,6,107.6,3,2.2
CUST-14607,2,7.6,0,4.1
CUST-14608,1,119.2,0,1.7
CUST-14609,5,3.1,0,3.9
CUST-14610,3,73.5,1,2.2
CUST-14611,2,15.1,0,4.8
CUST-14612,4,109.0,4,1.4
CUST-14613,3,8.1,0,4.8
CUST-14614,2,70.0,1,2.7
CUST-14615,3,16.4,0,4.1
CUST-14616,4,2.9,0,3.9
CUST-14617,5,16.1,0,4.7
CUST-14618,10,7.3,0,4.4
CUST-14619,3,17.4,0,4.7
CUST-14620,7,12.5,0,5.0
CUST-14621,4,9.9,0,4.0
CUST-14622,1,11.6,0,4.9
CUST-14623,3,54.7,3,2.5
CUST-14624,5,9.2,0,4.9
CUST-14625,1,116.8,1,2.5
CUST-14626,8,23.0,0,4.2
CUST-14627,4,21.0,0,4.9
CUST-14628,1,105.8,1,3.2
CUST-14629,2,18.1,0,4.8
CUST-14630,1,111.2,1,1.7
CUST-14631,4,22.1,0,4.6
CUST-14632,6,19.7,0,5.0
CUST-14633,2,16.9,0,3.9
CUST-14634,3,11.5,0,4.1
CUST-14635,5,16.6,0,4.4
CUST-14636,7,22.2,0,4.4
CUST-14637,0,4.0,0,4.8
CUST-14638,5,2.5,0,3.9
CUST-14639,3,66.5,2,2.2
CUST-14640,4,105.8,3,3.1
CUST-14641,2,11.7,0,4.2
CUST-14642,5,10.7,0,3.8
CUST-14643,2,12.4,0,4.6
CUST-14644,5,48.7,4,2.2
CUST-14645,6,22.1,0,5.0
CUST-14646,3,20.1,0,4.2
CUST-14647,5,70.7,1,3.2
CUST-14648,4,3.1,0,5.0
CUST-14649,3,96.7,1,1.5
CUST-14650,4,4.1,0,4.8
CUST-14651,5,63.9,0,3.0
CUST-14652,1,9.1,0,4.2
CUST-14653,2,3.9,0,3.9
CUST-14654,3,108.2,0,2.1
CUST-14655,4,19.1,0,4.4
CUST-14656,4,20.4,0,4.8
CUST-14657,5,15.3,0,4.6
CUST-14658,3,14.4,0,4.9
CUST-14659,1,14.4,0,3.8
CUST-14660,4,48.2,1,2.1
CUST-14661,2,107.4,0,2.6
CUST-14662,4,3.5,0,4.4
CUST-14663,4,15.0,0,4.4
CUST-14664,5,51.2,2,2.1
CUST-14665,3,12.0,0,4.7
CUST-14666,6,8.0,0,4.6
CUST-14667,7,5.7,0,4.6
CUST-14668,3,12.0,0,4.2
CUST-14669,6,9.5,0,4.5
CUST-14670,7,19.6,0,4.3
CUST-14671,2,18.4,0,4.9
CUST-14672,3,20.3,0,4.4
CUST-14673,7,5.2,0,4.4
CUST-14674,3,18.3,0,4.4
CUST-14675,3,12.1,0,4.3
CUST-14676,8,21.6,0,4.3
CUST-14677,2,75.8,1,2.2
CUST-14678,5,5.4,0,4.1
CUST-14679,4,7.3,0,4.7
CUST-14680,4,10.5,0,4.8
CUST-14681,4,23.2,0,4.2
CUST-14682,6,18.1,0,4.7
CUST-14683,5,11.9,0,3.8
CUST-14684,2,18.1,0,4.6
CUST-14685,3,12.7,0,4.1
CUST-14686,2,9.9,0,4.5
CUST-14687,5,9.5,0,4.9
CUST-14688,5,11.7,0,4.7
CUST-14689,6,16.3,0,4.2
CUST-14690,4,5.4,0,4.8
CUST-14691,6,99.4,3,1.5
CUST-14692,6,12.3,0,3.9
CUST-14693,4,81.1,0,1.5
CUST-14694,6,18.8,0,4.6
CUST-14695,3,7.0,0,4.6
CUST-14696,5,3.9,0,4.9
CUST-14697,1,13.7,0,3.8
CUST-14698,8,5.1,0,4.6
CUST-14699,4,21.3,0,4.6
CUST-14700,3,76.4,1,2.5
CUST-14701,6,100.7,4,1.3
CUST-14702,2,10.1,0,4.8
CUST-14703,1,56.6,0,1.8
CUST-14704,5,12.9,0,4.6
CUST-14705,2,21.5,0,4.8
CUST-14706,2,106.6,1,2.2
CUST-14707,3,15.0,0,4.6
CUST-14708,4,92.8,1,2.9
CUST-14709,6,20.1,0,4.1
CUST-14710,3,13.0,0,4.3
CUST-14711,1,21.7,0,4.0
CUST-14712,2,5.0,0,4.4
CUST-14713,7,16.7,0,4.0
CUST-14714,4,64.5,0,2.9
CUST-14715,4,9.0,0,4.1
CUST-14716,4,4.9,0,4.9
CUST-14717,4,16.1,0,4.7
CUST-14718,5,16.2,0,4.6
CUST-14719,5,3.4,0,3.9
CUST-14720,5,6.6,0,4.8
CUST-14721,6,3.6,0,3.9
CUST-14722,1,22.0,0,4.3
CUST-14723,3,91.7,1,1.9
CUST-14724,6,102.8,1,2.6
CUST-14725,3,15.2,0,4.6
CUST-14726,3,18.2,0,4.0
CUST-14727,7,15.4,0,4.6
CUST-14728,4,19.0,0,4.4
CUST-14729,1,7.0,0,3.8
CUST-14730,2,7.3,0,4.7
CUST-14731,1,55.7,1,2.5
CUST-14732,5,14.6,0,4.9
CUST-14733,0,4.0,0,4.9
CUST-14734,3,7.2,0,4.6
CUST-14735,3,84.5,0,2.4
CUST-14736,6,9.8,0,4.2
CUST-14737,4,13.4,0,3.9
CUST-14738,3,3.6,0,4.1
CUST-14739,4,92.6,3,3.1
CUST-14740,4,23.9,0,4.6
CUST-14741,4,66.3,3,1.6
CUST-14742,6,23.0,0,4.7
CUST-14743,5,66.3,1,2.4
CUST-14744,2,89.3,2,2.9
CUST-14745,7,10.4,0,3.8
CUST-14746,3,2.6,0,4.1
CUST-14747,4,10.9,0,4.8
CUST-14748,10,22.5,0,3.9
CUST-14749,3,6.9,0,3.9
CUST-14750,7,96.3,2,1.8
CUST-14751,6,13.4,0,4.8
CUST-14752,2,14.0,0,4.5
CUST-14753,6,49.8,4,1.8
CUST-14754,2,117.2,0,3.1
CUST-14755,3,23.0,0,4.6
CUST-14756,4,68.3,2,1.2
CUST-14757,1,18.9,0,3.8
CUST-14758,3,73.6,2,1.4
CUST-14759,5,23.6,0,4.8
CUST-14760,4,16.2,0,4.1
CUST-14761,4,59.9,0,2.8
CUST-14762,5,73.0,1,2.1
CUST-14763,6,14.4,0,4.7
CUST-14764,1,5.3,0,4.0
CUST-14765,7,11.4,0,4.6
CUST-14766,2,110.3,0,2.7
CUST-14767,4,22.5,0,4.2
CUST-14768,1,9.9,0,4.9
CUST-14769,2,64.1,1,1.3
CUST-14770,5,96.6,4,1.3
CUST-14771,2,7.8,0,3.8
CUST-14772,7,18.6,0,3.8
CUST-14773,6,5.4,0,4.0
CUST-14774,4,67.2,3,1.4
CUST-14775,4,22.4,0,4.4
CUST-14776,4,5.9,0,4.3
CUST-14777,5,13.5,0,4.3
CUST-14778,5,13.2,0,4.8
CUST-14779,6,7.6,0,4.7
CUST-14780,9,99.4,5,1.7
CUST-14781,2,17.4,0,4.5
CUST-14782,2,8.1,0,5.0
CUST-14783,6,13.3,0,4.5
CUST-14784,4,16.7,0,4.8
CUST-14785,7,6.9,0,5.0
CUST-14786,3,54.2,1,1.4
CUST-14787,4,92.0,3,1.4
CUST-14788,1,9.9,0,4.6
CUST-14789,4,75.5,1,2.2
CUST-14790,3,6.6,0,4.1
CUST-14791,4,15.3,0,4.8
CUST-14792,4,3.6,0,4.0
CUST-14793,5,64.9,3,2.5
CUST-14794,3,107.1,1,2.5
CUST-14795,2,13.7,0,3.8
CUST-14796,2,22.0,0,5.0
CUST-14797,3,12.6,0,4.3
CUST-14798,2,23.6,0,4.8
CUST-14799,3,48.2,1,2.7
CUST-14800,3,9.7,0,3.9
CUST-14801,1,112.6,1,2.1
CUST-14802,3,19.6,0,4.2
CUST-14803,4,103.2,3,2.1
CUST-14804,7,59.4,3,2.9
CUST-14805,1,22.8,0,4.1
CUST-14806,3,109.3,1,2.6
CUST-14807,3,19.0,0,4.6
CUST-14808,3,7.4,0,3.8
CUST-14809,7,11.0,0,4.4
CUST-14810,3,18.9,0,4.1
CUST-14811,6,106.7,3,1.7
CUST-14812,4,5.7,0,4.6
CUST-14813,3,86.3,1,2.0
CUST-14814,3,12.7,0,4.2
CUST-14815,4,13.5,0,3.9
CUST-14816,4,118.9,2,3.0
CUST-14817,3,49.6,1,1.2
CUST-14818,6,18.9,0,4.4
CUST-14819,5,19.1,0,4.7
CUST-14820,9,16.5,0,4.8
CUST-14821,4,97.0,1,1.5
CUST-14822,1,9.8,0,3.8
CUST-14823,5,49.1,1,3.2
CUST-14824,4,5.8,0,3.9
CUST-14825,1,2.3,0,4.8
CUST-14826,7,16.7,0,4.6
CUST-14827,5,14.7,0,4.4
CUST-14828,3,20.8,0,4.3
CUST-14829,7,74.0,2,1.5
CUST-14830,6,19.3,0,4.5
CUST-14831,6,12.2,0,4.0
CUST-14832,3,115.1,1,2.8
CUST-14833,2,13.7,0,4.1
CUST-14834,2,6.7,0,3.9
CUST-14835,1,94.9,0,2.7
CUST-14836,4,11.5,0,4.9
CUST-14837,6,11.5,0,4.1
CUST-14838,4,13.8,0,4.8
CUST-14839,5,106.8,1,2.0
CUST-14840,1,22.8,0,4.0
CUST-14841,4,3.5,0,4.1
CUST-14842,4,3.9,0,4.1
CUST-14843,5,94.3,3,1.9
CUST-14844,6,50.0,2,1.9
CUST-14845,2,9.7,0,4.5
CUST-14846,4,6.1,0,4.4
CUST-14847,2,22.8,0,4.8
CUST-14848,2,117.2,2,1.8
CUST-14849,3,17.1,0,4.1
CUST-14850,5,18.3,0,4.3
CUST-14851,2,20.9,0,4.7
CUST-14852,5,110.7,2,1.4
CUST-14853,3,6.8,0,4.0
CUST-14854,5,24.0,0,4.8
CUST-14855,6,10.5,0,4.6
CUST-14856,5,7.9,0,3.9
CUST-14857,1,10.0,0,4.8
CUST-14858,3,7.2,0,4.7
CUST-14859,2,10.4,0,4.7
CUST-14860,6,117.3,3,1.4
CUST-14861,4,4.7,0,4.2
CUST-14862,1,19.1,0,4.4
CUST-14863,4,86.7,2,1.5
CUST-14864,1,4.5,0,4.7
CUST-14865,4,17.4,0,3.9
CUST-14866,5,104.0,1,1.4
CUST-14867,4,8.3,0,4.3
CUST-14868,3,6.8,0,4.8
CUST-14869,2,19.9,0,4.1
CUST-14870,4,22.4,0,5.0
CUST-14871,7,85.1,4,2.6
CUST-14872,7,98.5,4,2.0
CUST-14873,3,95.9,1,2.9
CUST-14874,4,17.5,0,4.4
CUST-14875,6,8.7,0,4.0
CUST-14876,3,17.2,0,4.3
CUST-14877,4,3.4,0,4.2
CUST-14878,2,73.0,1,2.3
CUST-14879,3,61.7,0,2.4
CUST-14880,2,13.2,0,4.7
CUST-14881,6,21.8,0,4.3
CUST-14882,4,13.3,0,4.8
CUST-14883,3,6.6,0,4.0
CUST-14884,6,11.0,0,4.0
CUST-14885,2,15.8,0,4.7
CUST-14886,1,71.1,1,2.4
CUST-14887,5,20.0,0,3.8
CUST-14888,3,7.6,0,4.1
CUST-14889,5,49.2,4,1.3
CUST-14890,5,14.6,0,4.3
CUST-14891,4,22.5,0,4.2
CUST-14892,2,6.7,0,3.9
CUST-14893,5,23.2,0,4.6
CUST-14894,8,17.6,0,4.0
CUST-14895,2,79.4,1,1.8
CUST-14896,2,4.0,0,4.3
CUST-14897,8,8.3,0,4.7
CUST-14898,4,15.4,0,3.9
CUST-14899,5,11.5,0,4.2
CUST-14900,1,21.4,0,4.3
CUST-14901,4,6.8,0,5.0
CUST-14902,3,10.4,0,4.7
CUST-14903,5,6.0,0,3.9
CUST-14904,1,15.8,0,4.8
CUST-14905,5,23.7,0,4.7
CUST-14906,4,3.5,0,4.5
CUST-14907,3,11.6,0,4.2
CUST-14908,2,5.2,0,4.5
CUST-14909,4,115.5,1,1.6
CUST-14910,9,119.6,5,3.0
CUST-14911,1,2.6,0,4.8
CUST-14912,7,22.2,0,4.8
CUST-14913,5,11.0,0,4.7
CUST-14914,2,6.7,0,4.7
CUST-14915,3,62.0,0,1.9
CUST-14916,7,59.9,2,1.6
CUST-14917,3,16.5,0,4.7
CUST-14918,5,19.6,0,4.7
CUST-14919,7,20.2,0,4.6
CUST-14920,5,23.1,0,4.3
CUST-14921,2,4.1,0,4.7
CUST-14922,5,6.0,0,4.5
CUST-14923,6,15.9,0,4.8
CUST-14924,2,22.5,0,4.9
CUST-14925,5,2.5,0,4.0
CUST-14926,4,9.0,0,4.3
CUST-14927,3,113.4,1,2.9
CUST-14928,6,98.6,0,2.1
CUST-14929,4,79.9,3,1.6
CUST-14930,4,3.0,0,4.6
CUST-14931,3,78.9,1,2.9
CUST-14932,4,20.5,0,3.9
CUST-14933,3,16.0,0,4.6
CUST-14934,4,2.2,0,3.8
CUST-14935,2,10.4,0,4.7
CUST-14936,3,7.4,0,4.2
CUST-14937,3,58.5,2,2.7
CUST-14938,4,18.0,0,4.4
CUST-14939,3,12.4,0,4.5
CUST-14940,4,9.4,0,4.3
CUST-14941,4,9.0,0,4.2
CUST-14942,6,4.3,0,4.7
CUST-14943,4,7.1,0,4.4
CUST-14944,2,116.1,0,2.3
CUST-14945,5,6.9,0,4.8
CUST-14946,2,60.0,1,2.1
CUST-14947,2,20.0,0,4.9
CUST-14948,4,8.2,0,4.5
CUST-14949,5,4.1,0,4.6
CUST-14950,3,20.3,0,4.5
CUST-14951,3,4.8,0,4.1
CUST-14952,4,23.6,0,4.0
CUST-14953,4,19.5,0,4.2
CUST-14954,2,13.5,0,4.2
CUST-14955,4,23.9,0,4.8
CUST-14956,5,19.6,0,4.1
CUST-14957,1,4.4,0,3.9
CUST-14958,6,18.6,0,5.0
CUST-14959,8,106.2,3,1.7
CUST-14960,7,21.5,0,5.0
CUST-14961,8,17.0,0,4.1
CUST-14962,3,11.5,0,4.9
CUST-14963,5,21.4,0,4.2
CUST-14964,4,19.9,0,4.7
CUST-14965,5,21.3,0,4.0
CUST-14966,7,7.6,0,4.7
CUST-14967,7,52.3,3,1.2
CUST-14968,5,6.3,0,4.9
CUST-14969,5,3.3,0,4.8
CUST-14970,4,16.6,0,4.8
CUST-14971,3,9.0,0,4.3
CUST-14972,3,6.1,0,4.5
CUST-14973,4,11.2,0,4.4
CUST-14974,6,16.9,0,4.9
CUST-14975,3,74.1,0,2.4
CUST-14976,4,20.2,0,4.0
CUST-14977,2,68.0,2,2.9
CUST-14978,3,3.7,0,4.6
CUST-14979,2,11.1,0,4.5
CUST-14980,2,16.4,0,3.9
CUST-14981,6,73.4,1,1.5
CUST-14982,3,22.1,0,4.5
CUST-14983,5,17.5,0,4.1
CUST-14984,4,22.6,0,4.4
CUST-14985,5,92.3,5,2.6
CUST-14986,5,3.6,0,4.3
CUST-14987,4,16.2,0,4.8
CUST-14988,11,78.9,6,1.3
CUST-14989,7,23.1,0,4.3
CUST-14990,4,4.0,0,4.8
CUST-14991,5,96.5,2,1.3
CUST-14992,2,23.5,0,3.9
CUST-14993,4,5.5,0,5.0
CUST-14994,1,6.8,0,4.7
CUST-14995,7,3.5,0,4.5
CUST-14996,5,8.2,0,4.6
CUST-14997,2,13.3,0,4.9
CUST-14998,4,107.3,3,1.8
CUST-14999,2,118.7,1,1.7
